keyword,missao,slug,categoria_coleta,no_recorte,url_keyword
CubeSats with keyword: Additive manufacturing,GRBAlpha_13.jpg,GRBAlpha_13.jpg,,,https://www.nanosats.eu/keyword/additive-manufacturing.html
CubeSats with keyword: Additive manufacturing,OpenOrbiter.jpg,OpenOrbiter.jpg,,,https://www.nanosats.eu/keyword/additive-manufacturing.html
CubeSats with keyword: Additive manufacturing,Orbital-Factory-2_5.png,Orbital-Factory-2_5.png,,,https://www.nanosats.eu/keyword/additive-manufacturing.html
CubeSats with keyword: Additive manufacturing,Quub-Intuidex_2.jfif,Quub-Intuidex_2.jfif,,,https://www.nanosats.eu/keyword/additive-manufacturing.html
CubeSats with keyword: Additive manufacturing,Challenger,challenger-pocketqube,A - sensoriamento remoto,sim,https://www.nanosats.eu/keyword/additive-manufacturing.html
CubeSats with keyword: Additive manufacturing,GRBAlpha,grbalpha,—,não,https://www.nanosats.eu/keyword/additive-manufacturing.html
CubeSats with keyword: Additive manufacturing,OpenOrbiter-1,openorbiter-1,—,não,https://www.nanosats.eu/keyword/additive-manufacturing.html
CubeSats with keyword: Additive manufacturing,Orbital Factory 2,orbital-factory-ii,A(fraco) - câmera sem alvo declarado,não,https://www.nanosats.eu/keyword/additive-manufacturing.html
CubeSats with keyword: ADS-B,Ahmat_1_7564081887.jpeg,Ahmat_1_7564081887.jpeg,,,https://www.nanosats.eu/keyword/ads-b.html
CubeSats with keyword: ADS-B,Alba-Orbital-1_5p.jpg,Alba-Orbital-1_5p.jpg,,,https://www.nanosats.eu/keyword/ads-b.html
CubeSats with keyword: ADS-B,BEIHANGKONGSHI-1.png,BEIHANGKONGSHI-1.png,,,https://www.nanosats.eu/keyword/ads-b.html
CubeSats with keyword: ADS-B,D-Star-One_5.jpg,D-Star-One_5.jpg,,,https://www.nanosats.eu/keyword/ads-b.html
CubeSats with keyword: ADS-B,Ella1-Lemur-2.png,Ella1-Lemur-2.png,,,https://www.nanosats.eu/keyword/ads-b.html
CubeSats with keyword: ADS-B,Forest-2_Lemur-2_22.png,Forest-2_Lemur-2_22.png,,,https://www.nanosats.eu/keyword/ads-b.html
CubeSats with keyword: ADS-B,GOMX-1.jpg,GOMX-1.jpg,,,https://www.nanosats.eu/keyword/ads-b.html
CubeSats with keyword: ADS-B,Geoscan-3U.jfif,Geoscan-3U.jfif,,,https://www.nanosats.eu/keyword/ads-b.html
CubeSats with keyword: ADS-B,GomX-3_pillars.png,GomX-3_pillars.png,,,https://www.nanosats.eu/keyword/ads-b.html
CubeSats with keyword: ADS-B,GomX-4B_CubeSat.jpg,GomX-4B_CubeSat.jpg,,,https://www.nanosats.eu/keyword/ads-b.html
CubeSats with keyword: ADS-B,INFANTE-TEKEVER-879x485.jpg,INFANTE-TEKEVER-879x485.jpg,,,https://www.nanosats.eu/keyword/ads-b.html
CubeSats with keyword: ADS-B,Jacobs_Mango_One_Satellite_on_Orbit.jpg,Jacobs_Mango_One_Satellite_on_Orbit.jpg,,,https://www.nanosats.eu/keyword/ads-b.html
CubeSats with keyword: ADS-B,Lemur-2-Djirang-NICSAT2.jfif,Lemur-2-Djirang-NICSAT2.jfif,,,https://www.nanosats.eu/keyword/ads-b.html
CubeSats with keyword: ADS-B,Lemur-2_12.jpg,Lemur-2_12.jpg,,,https://www.nanosats.eu/keyword/ads-b.html
CubeSats with keyword: ADS-B,Lemur-2_FM170.jpeg,Lemur-2_FM170.jpeg,,,https://www.nanosats.eu/keyword/ads-b.html
CubeSats with keyword: ADS-B,MTUSI-1.jpg,MTUSI-1.jpg,,,https://www.nanosats.eu/keyword/ads-b.html
CubeSats with keyword: ADS-B,NUTSAT_3.png,NUTSAT_3.png,,,https://www.nanosats.eu/keyword/ads-b.html
CubeSats with keyword: ADS-B,Nokhcho_4.jpg,Nokhcho_4.jpg,,,https://www.nanosats.eu/keyword/ads-b.html
CubeSats with keyword: ADS-B,RAAF-M1.jpg,RAAF-M1.jpg,,,https://www.nanosats.eu/keyword/ads-b.html
CubeSats with keyword: ADS-B,RAAF-M2-Pathfinder.jpg,RAAF-M2-Pathfinder.jpg,,,https://www.nanosats.eu/keyword/ads-b.html
CubeSats with keyword: ADS-B,RAAF-M2_6.jpg,RAAF-M2_6.jpg,,,https://www.nanosats.eu/keyword/ads-b.html
CubeSats with keyword: ADS-B,STU-2A.bmp,STU-2A.bmp,,,https://www.nanosats.eu/keyword/ads-b.html
CubeSats with keyword: ADS-B,STU-2B.bmp,STU-2B.bmp,,,https://www.nanosats.eu/keyword/ads-b.html
CubeSats with keyword: ADS-B,STU-2C.bmp,STU-2C.bmp,,,https://www.nanosats.eu/keyword/ads-b.html
CubeSats with keyword: ADS-B,Spire-HyMS.jfif,Spire-HyMS.jfif,,,https://www.nanosats.eu/keyword/ads-b.html
CubeSats with keyword: ADS-B,Spire-OroraTech-Forest-1.jpg,Spire-OroraTech-Forest-1.jpg,,,https://www.nanosats.eu/keyword/ads-b.html
CubeSats with keyword: ADS-B,Starling-splash2-full.png,Starling-splash2-full.png,,,https://www.nanosats.eu/keyword/ads-b.html
CubeSats with keyword: ADS-B,Startical-IOD_3.jpeg,Startical-IOD_3.jpeg,,,https://www.nanosats.eu/keyword/ads-b.html
CubeSats with keyword: ADS-B,DANU 10,aistechsat,B - coleta de plataformas (DCS/IoT); C - sinais cooperativos (AIS/ADS-B/RF),sim,https://www.nanosats.eu/keyword/ads-b.html
CubeSats with keyword: ADS-B,Guardian 1,aistechsat-6u,A - sensoriamento remoto; B - coleta de plataformas (DCS/IoT); C - sinais cooperativos (AIS/ADS-B/RF),sim,https://www.nanosats.eu/keyword/ads-b.html
CubeSats with keyword: ADS-B,aistechsat2_1.jpg,aistechsat2_1.jpg,,,https://www.nanosats.eu/keyword/ads-b.html
CubeSats with keyword: ADS-B,Akhmat-1,akhmat-1,C - sinais cooperativos (AIS/ADS-B/RF),sim,https://www.nanosats.eu/keyword/ads-b.html
CubeSats with keyword: ADS-B,Beihangkongshi 1,beihangkongshi-1,C - sinais cooperativos (AIS/ADS-B/RF),sim,https://www.nanosats.eu/keyword/ads-b.html
CubeSats with keyword: ADS-B,CanX-7,canx-7,C - sinais cooperativos (AIS/ADS-B/RF),sim,https://www.nanosats.eu/keyword/ads-b.html
CubeSats with keyword: ADS-B,canx-7.jpg,canx-7.jpg,,,https://www.nanosats.eu/keyword/ads-b.html
CubeSats with keyword: ADS-B,D-Star One LightSat,d-star-one,C - sinais cooperativos (AIS/ADS-B/RF),sim,https://www.nanosats.eu/keyword/ads-b.html
CubeSats with keyword: ADS-B,deloitte-satellite-orbit.jpg,deloitte-satellite-orbit.jpg,,,https://www.nanosats.eu/keyword/ads-b.html
CubeSats with keyword: ADS-B,Geoscan 2,geoscan-2,C - sinais cooperativos (AIS/ADS-B/RF),sim,https://www.nanosats.eu/keyword/ads-b.html
CubeSats with keyword: ADS-B,GOMX-1,gomx-1,A - sensoriamento remoto; C - sinais cooperativos (AIS/ADS-B/RF),sim,https://www.nanosats.eu/keyword/ads-b.html
CubeSats with keyword: ADS-B,GOMX-3,gomx-3,C - sinais cooperativos (AIS/ADS-B/RF),sim,https://www.nanosats.eu/keyword/ads-b.html
CubeSats with keyword: ADS-B,GOMX-4B,gomx-4b,A - sensoriamento remoto; C - sinais cooperativos (AIS/ADS-B/RF),sim,https://www.nanosats.eu/keyword/ads-b.html
CubeSats with keyword: ADS-B,Infante,infante,A - sensoriamento remoto; C - sinais cooperativos (AIS/ADS-B/RF),sim,https://www.nanosats.eu/keyword/ads-b.html
CubeSats with keyword: ADS-B,ISTSat-1,istsat-1,C - sinais cooperativos (AIS/ADS-B/RF),sim,https://www.nanosats.eu/keyword/ads-b.html
CubeSats with keyword: ADS-B,istsat1_fullsize.jpg,istsat1_fullsize.jpg,,,https://www.nanosats.eu/keyword/ads-b.html
CubeSats with keyword: ADS-B,Lemur-2,lemur-2,A - sensoriamento remoto; C - sinais cooperativos (AIS/ADS-B/RF),sim,https://www.nanosats.eu/keyword/ads-b.html
CubeSats with keyword: ADS-B,Lemur-2 Deloitte-8,lemur-2-deloitte,C - sinais cooperativos (AIS/ADS-B/RF),sim,https://www.nanosats.eu/keyword/ads-b.html
CubeSats with keyword: ADS-B,Lemur-2 124 Djara,lemur-2-djara,A - sensoriamento remoto; C - sinais cooperativos (AIS/ADS-B/RF),sim,https://www.nanosats.eu/keyword/ads-b.html
CubeSats with keyword: ADS-B,Lemur-2 150 Djirang,lemur-2-djirang,A(fraco) - câmera sem alvo declarado; C - sinais cooperativos (AIS/ADS-B/RF),sim,https://www.nanosats.eu/keyword/ads-b.html
CubeSats with keyword: ADS-B,Lemur-2 175 Ella1,lemur-2-ella1,A - sensoriamento remoto; C - sinais cooperativos (AIS/ADS-B/RF),sim,https://www.nanosats.eu/keyword/ads-b.html
CubeSats with keyword: ADS-B,Lemur-2 167 Embrionovis,lemur-2-forest-2,A - sensoriamento remoto; C - sinais cooperativos (AIS/ADS-B/RF),sim,https://www.nanosats.eu/keyword/ads-b.html
CubeSats with keyword: ADS-B,Lemur-2 236 HyMS Demonstrator,lemur-2-hyms,A - sensoriamento remoto; C - sinais cooperativos (AIS/ADS-B/RF),sim,https://www.nanosats.eu/keyword/ads-b.html
CubeSats with keyword: ADS-B,Lemur-2 180 Mango Two 2B,lemur-2-mango2,C - sinais cooperativos (AIS/ADS-B/RF),sim,https://www.nanosats.eu/keyword/ads-b.html
CubeSats with keyword: ADS-B,Lemur-2 148 Rohovithsa,lemur-2-rohovitsa,A - sensoriamento remoto; C - sinais cooperativos (AIS/ADS-B/RF),sim,https://www.nanosats.eu/keyword/ads-b.html
CubeSats with keyword: ADS-B,Lemur-2 Sentinel,lemur-2-sentinel,A - sensoriamento remoto; C - sinais cooperativos (AIS/ADS-B/RF),sim,https://www.nanosats.eu/keyword/ads-b.html
CubeSats with keyword: ADS-B,Lemur-2 132 Mango1,lemur-mango,C - sinais cooperativos (AIS/ADS-B/RF),sim,https://www.nanosats.eu/keyword/ads-b.html
CubeSats with keyword: ADS-B,LilacSat-2,lilacsat-2,A - sensoriamento remoto; C - sinais cooperativos (AIS/ADS-B/RF),sim,https://www.nanosats.eu/keyword/ads-b.html
CubeSats with keyword: ADS-B,lilacsat_001.jpg,lilacsat_001.jpg,,,https://www.nanosats.eu/keyword/ads-b.html
CubeSats with keyword: ADS-B,MTUSI-1,mtusi-1,C - sinais cooperativos (AIS/ADS-B/RF),sim,https://www.nanosats.eu/keyword/ads-b.html
CubeSats with keyword: ADS-B,Nokhcho,nokhcho,C - sinais cooperativos (AIS/ADS-B/RF),sim,https://www.nanosats.eu/keyword/ads-b.html
CubeSats with keyword: ADS-B,NutSat 3,nutsat,C - sinais cooperativos (AIS/ADS-B/RF),sim,https://www.nanosats.eu/keyword/ads-b.html
CubeSats with keyword: ADS-B,RAAF M1,raaf-m1,C - sinais cooperativos (AIS/ADS-B/RF),sim,https://www.nanosats.eu/keyword/ads-b.html
CubeSats with keyword: ADS-B,RAAF M2 B,raaf-m2,A(fraco) - câmera sem alvo declarado; C - sinais cooperativos (AIS/ADS-B/RF),sim,https://www.nanosats.eu/keyword/ads-b.html
CubeSats with keyword: ADS-B,RAAF M2 Pathfinder,raaf-m2-pathfinder,C - sinais cooperativos (AIS/ADS-B/RF),sim,https://www.nanosats.eu/keyword/ads-b.html
CubeSats with keyword: ADS-B,spire-satellite-optical-inter-satellite-link-front.jpg,spire-satellite-optical-inter-satellite-link-front.jpg,,,https://www.nanosats.eu/keyword/ads-b.html
CubeSats with keyword: ADS-B,Starling 8,starling-aerial-maritime,C - sinais cooperativos (AIS/ADS-B/RF),sim,https://www.nanosats.eu/keyword/ads-b.html
CubeSats with keyword: ADS-B,Startical 3,startical,C - sinais cooperativos (AIS/ADS-B/RF),sim,https://www.nanosats.eu/keyword/ads-b.html
CubeSats with keyword: ADS-B,TW-1A,tw-1a,A - sensoriamento remoto; C - sinais cooperativos (AIS/ADS-B/RF),sim,https://www.nanosats.eu/keyword/ads-b.html
CubeSats with keyword: ADS-B,TW-1C,tw-1bc,A - sensoriamento remoto; C - sinais cooperativos (AIS/ADS-B/RF),sim,https://www.nanosats.eu/keyword/ads-b.html
CubeSats with keyword: ADS-B,Unicorn-1,unicorn-1,C - sinais cooperativos (AIS/ADS-B/RF),sim,https://www.nanosats.eu/keyword/ads-b.html
CubeSats with keyword: AIS,3Cat-4_CubeSat_in_the_its_thermal_vacuum_test_chamber.jpg,3Cat-4_CubeSat_in_the_its_thermal_vacuum_test_chamber.jpg,,,https://www.nanosats.eu/keyword/ais.html
CubeSats with keyword: AIS,3Cat-4,3cat4,A - sensoriamento remoto; C - sinais cooperativos (AIS/ADS-B/RF),sim,https://www.nanosats.eu/keyword/ais.html
CubeSats with keyword: AIS,A-SEANSAT-PG1.jpg,A-SEANSAT-PG1.jpg,,,https://www.nanosats.eu/keyword/ais.html
CubeSats with keyword: AIS,AAUSAT-4_2.jpg,AAUSAT-4_2.jpg,,,https://www.nanosats.eu/keyword/ais.html
CubeSats with keyword: AIS,AAUSAT3-FM.jpg,AAUSAT3-FM.jpg,,,https://www.nanosats.eu/keyword/ais.html
CubeSats with keyword: AIS,AAUSAT5_IMG_3520.jpg,AAUSAT5_IMG_3520.jpg,,,https://www.nanosats.eu/keyword/ais.html
CubeSats with keyword: AIS,AISSat-1.jpg,AISSat-1.jpg,,,https://www.nanosats.eu/keyword/ais.html
CubeSats with keyword: AIS,AISSat-4-Dark-2.png,AISSat-4-Dark-2.png,,,https://www.nanosats.eu/keyword/ais.html
CubeSats with keyword: AIS,ArcticSat-1_3.jpg,ArcticSat-1_3.jpg,,,https://www.nanosats.eu/keyword/ais.html
CubeSats with keyword: AIS,CanX-6.png,CanX-6.png,,,https://www.nanosats.eu/keyword/ais.html
CubeSats with keyword: AIS,EAGLET-1_4.png,EAGLET-1_4.png,,,https://www.nanosats.eu/keyword/ais.html
CubeSats with keyword: AIS,ETRISat.png,ETRISat.png,,,https://www.nanosats.eu/keyword/ais.html
CubeSats with keyword: AIS,EV9_2.png,EV9_2.png,,,https://www.nanosats.eu/keyword/ais.html
CubeSats with keyword: AIS,Ella1-Lemur-2.png,Ella1-Lemur-2.png,,,https://www.nanosats.eu/keyword/ais.html
CubeSats with keyword: AIS,FOREST-1_2.jpg,FOREST-1_2.jpg,,,https://www.nanosats.eu/keyword/ais.html
CubeSats with keyword: AIS,Forest-2_Lemur-2_32.png,Forest-2_Lemur-2_32.png,,,https://www.nanosats.eu/keyword/ais.html
CubeSats with keyword: AIS,GOMX-4B_2.png,GOMX-4B_2.png,,,https://www.nanosats.eu/keyword/ais.html
CubeSats with keyword: AIS,GUMUSH.jpg,GUMUSH.jpg,,,https://www.nanosats.eu/keyword/ais.html
CubeSats with keyword: AIS,HSE-2.jpg,HSE-2.jpg,,,https://www.nanosats.eu/keyword/ais.html
CubeSats with keyword: AIS,IHI-SAT_2.png,IHI-SAT_2.png,,,https://www.nanosats.eu/keyword/ais.html
CubeSats with keyword: AIS,INFANTE-TEKEVER-879x485.jpg,INFANTE-TEKEVER-879x485.jpg,,,https://www.nanosats.eu/keyword/ais.html
CubeSats with keyword: AIS,IOD-3_Amber_3.jpg,IOD-3_Amber_3.jpg,,,https://www.nanosats.eu/keyword/ais.html
CubeSats with keyword: AIS,InnoSat-3.jpg,InnoSat-3.jpg,,,https://www.nanosats.eu/keyword/ais.html
CubeSats with keyword: AIS,Jacobs_Mango_One_Satellite_on_Orbit.jpg,Jacobs_Mango_One_Satellite_on_Orbit.jpg,,,https://www.nanosats.eu/keyword/ais.html
CubeSats with keyword: AIS,KILICSAT_3.jpg,KILICSAT_3.jpg,,,https://www.nanosats.eu/keyword/ais.html
CubeSats with keyword: AIS,Kartensat.31.jpg,Kartensat.31.jpg,,,https://www.nanosats.eu/keyword/ais.html
CubeSats with keyword: AIS,Kelpie-1.jpeg,Kelpie-1.jpeg,,,https://www.nanosats.eu/keyword/ais.html
CubeSats with keyword: AIS,Khors-1-2.jpg,Khors-1-2.jpg,,,https://www.nanosats.eu/keyword/ais.html
CubeSats with keyword: AIS,Khors-3-4.jpg,Khors-3-4.jpg,,,https://www.nanosats.eu/keyword/ais.html
CubeSats with keyword: AIS,Khors-5.jpg,Khors-5.jpg,,,https://www.nanosats.eu/keyword/ais.html
CubeSats with keyword: AIS,Lemur-2-Djirang-NICSAT2.jfif,Lemur-2-Djirang-NICSAT2.jfif,,,https://www.nanosats.eu/keyword/ais.html
CubeSats with keyword: AIS,Lemur-2_12.jpg,Lemur-2_12.jpg,,,https://www.nanosats.eu/keyword/ais.html
CubeSats with keyword: AIS,Lemur-2_14.jpg,Lemur-2_14.jpg,,,https://www.nanosats.eu/keyword/ais.html
CubeSats with keyword: AIS,Lusiada_LusoSpace.jfif,Lusiada_LusoSpace.jfif,,,https://www.nanosats.eu/keyword/ais.html
CubeSats with keyword: AIS,MDASat1-CPUT-1.jpg,MDASat1-CPUT-1.jpg,,,https://www.nanosats.eu/keyword/ais.html
CubeSats with keyword: AIS,MICE-1_CubeSat.jpg,MICE-1_CubeSat.jpg,,,https://www.nanosats.eu/keyword/ais.html
CubeSats with keyword: AIS,MIET.jpg,MIET.jpg,,,https://www.nanosats.eu/keyword/ais.html
CubeSats with keyword: AIS,MV-and-Venta.jpg,MV-and-Venta.jpg,,,https://www.nanosats.eu/keyword/ais.html
CubeSats with keyword: AIS,NanoDragon_6.jpg,NanoDragon_6.jpg,,,https://www.nanosats.eu/keyword/ais.html
CubeSats with keyword: AIS,NanoRacks-Lambda-sat1.jpg,NanoRacks-Lambda-sat1.jpg,,,https://www.nanosats.eu/keyword/ais.html
CubeSats with keyword: AIS,Ncube2.jpg,Ncube2.jpg,,,https://www.nanosats.eu/keyword/ais.html
CubeSats with keyword: AIS,OTTER_DLR_6.jpeg,OTTER_DLR_6.jpeg,,,https://www.nanosats.eu/keyword/ais.html
CubeSats with keyword: AIS,PIRI-SAT.png,PIRI-SAT.png,,,https://www.nanosats.eu/keyword/ais.html
CubeSats with keyword: AIS,Parus.jpg,Parus.jpg,,,https://www.nanosats.eu/keyword/ais.html
CubeSats with keyword: AIS,Perseus-M_3.jpg,Perseus-M_3.jpg,,,https://www.nanosats.eu/keyword/ais.html
CubeSats with keyword: AIS,PoSAT-2_3.jpeg,PoSAT-2_3.jpeg,,,https://www.nanosats.eu/keyword/ais.html
CubeSats with keyword: AIS,Polytech-Universe-5_2.jpeg,Polytech-Universe-5_2.jpeg,,,https://www.nanosats.eu/keyword/ais.html
CubeSats with keyword: AIS,RAAF-M2.jpg,RAAF-M2.jpg,,,https://www.nanosats.eu/keyword/ais.html
CubeSats with keyword: AIS,RAAF-M2_7.jpg,RAAF-M2_7.jpg,,,https://www.nanosats.eu/keyword/ais.html
CubeSats with keyword: AIS,SITRO-AIS_3.jpeg,SITRO-AIS_3.jpeg,,,https://www.nanosats.eu/keyword/ais.html
CubeSats with keyword: AIS,Sedna_3.jpeg,Sedna_3.jpeg,,,https://www.nanosats.eu/keyword/ais.html
CubeSats with keyword: AIS,Spire-HyMS.jfif,Spire-HyMS.jfif,,,https://www.nanosats.eu/keyword/ais.html
CubeSats with keyword: AIS,Starling-Constellation-inspace1-01-2_kopi.jpg,Starling-Constellation-inspace1-01-2_kopi.jpg,,,https://www.nanosats.eu/keyword/ais.html
CubeSats with keyword: AIS,Sternula-SpaceInventor_1.jpg,Sternula-SpaceInventor_1.jpg,,,https://www.nanosats.eu/keyword/ais.html
CubeSats with keyword: AIS,TW-1A.jpg,TW-1A.jpg,,,https://www.nanosats.eu/keyword/ais.html
CubeSats with keyword: AIS,Ymir-1.jpeg,Ymir-1.jpeg,,,https://www.nanosats.eu/keyword/ais.html
CubeSats with keyword: AIS,YuSat.png,YuSat.png,,,https://www.nanosats.eu/keyword/ais.html
CubeSats with keyword: AIS,ZACUBE-2.jpg,ZACUBE-2.jpg,,,https://www.nanosats.eu/keyword/ais.html
CubeSats with keyword: AIS,A-SEANSAT-PG1,a-seansat-pg1,A - sensoriamento remoto; C - sinais cooperativos (AIS/ADS-B/RF),sim,https://www.nanosats.eu/keyword/ais.html
CubeSats with keyword: AIS,AAUSAT3,aausat3,C - sinais cooperativos (AIS/ADS-B/RF),sim,https://www.nanosats.eu/keyword/ais.html
CubeSats with keyword: AIS,AAUSAT4,aausat4,C - sinais cooperativos (AIS/ADS-B/RF),sim,https://www.nanosats.eu/keyword/ais.html
CubeSats with keyword: AIS,AAUSAT5,aausat5,C - sinais cooperativos (AIS/ADS-B/RF),sim,https://www.nanosats.eu/keyword/ais.html
CubeSats with keyword: AIS,AISSat-1,aissat-1,C - sinais cooperativos (AIS/ADS-B/RF),sim,https://www.nanosats.eu/keyword/ais.html
CubeSats with keyword: AIS,AISSat-2,aissat-2,C - sinais cooperativos (AIS/ADS-B/RF),sim,https://www.nanosats.eu/keyword/ais.html
CubeSats with keyword: AIS,AISSat-3,aissat-3,C - sinais cooperativos (AIS/ADS-B/RF),sim,https://www.nanosats.eu/keyword/ais.html
CubeSats with keyword: AIS,AISSat-4,aissat-4,C - sinais cooperativos (AIS/ADS-B/RF),sim,https://www.nanosats.eu/keyword/ais.html
CubeSats with keyword: AIS,ArcticSat-1,arcticsat-1,A(fraco) - câmera sem alvo declarado; C - sinais cooperativos (AIS/ADS-B/RF),sim,https://www.nanosats.eu/keyword/ais.html
CubeSats with keyword: AIS,CanX-6,canx-6,C - sinais cooperativos (AIS/ADS-B/RF),sim,https://www.nanosats.eu/keyword/ais.html
CubeSats with keyword: AIS,CUBESX-HSE-2,cubesx-hse-2,C - sinais cooperativos (AIS/ADS-B/RF),sim,https://www.nanosats.eu/keyword/ais.html
CubeSats with keyword: AIS,deloitte-satellite.jpg,deloitte-satellite.jpg,,,https://www.nanosats.eu/keyword/ais.html
CubeSats with keyword: AIS,EAGLET-1,eaglet-1,A - sensoriamento remoto; C - sinais cooperativos (AIS/ADS-B/RF),sim,https://www.nanosats.eu/keyword/ais.html
CubeSats with keyword: AIS,EAGLET-NG,eaglet-ng,A - sensoriamento remoto; C - sinais cooperativos (AIS/ADS-B/RF),sim,https://www.nanosats.eu/keyword/ais.html
CubeSats with keyword: AIS,ETRISat,etrisat,B - coleta de plataformas (DCS/IoT); C - sinais cooperativos (AIS/ADS-B/RF),sim,https://www.nanosats.eu/keyword/ais.html
CubeSats with keyword: AIS,exactView-9,exactview-9,B - coleta de plataformas (DCS/IoT); C - sinais cooperativos (AIS/ADS-B/RF),sim,https://www.nanosats.eu/keyword/ais.html
CubeSats with keyword: AIS,GOMX-4B,gomx-4b,A - sensoriamento remoto; C - sinais cooperativos (AIS/ADS-B/RF),sim,https://www.nanosats.eu/keyword/ais.html
CubeSats with keyword: AIS,IHI-Sat,ihi-sat,C - sinais cooperativos (AIS/ADS-B/RF),sim,https://www.nanosats.eu/keyword/ais.html
CubeSats with keyword: AIS,Infante,infante,A - sensoriamento remoto; C - sinais cooperativos (AIS/ADS-B/RF),sim,https://www.nanosats.eu/keyword/ais.html
CubeSats with keyword: AIS,InnoSat-3,innosat-3,C - sinais cooperativos (AIS/ADS-B/RF),sim,https://www.nanosats.eu/keyword/ais.html
CubeSats with keyword: AIS,Amber-1,iod-3,A - sensoriamento remoto; C - sinais cooperativos (AIS/ADS-B/RF),sim,https://www.nanosats.eu/keyword/ais.html
CubeSats with keyword: AIS,Kelpie 2,kelpie,C - sinais cooperativos (AIS/ADS-B/RF),sim,https://www.nanosats.eu/keyword/ais.html
CubeSats with keyword: AIS,KEOSat,keosat,A - sensoriamento remoto; C - sinais cooperativos (AIS/ADS-B/RF),sim,https://www.nanosats.eu/keyword/ais.html
CubeSats with keyword: AIS,Khors 2,khors-1-2,C - sinais cooperativos (AIS/ADS-B/RF),sim,https://www.nanosats.eu/keyword/ais.html
CubeSats with keyword: AIS,Khors 4,khors-3-4,A - sensoriamento remoto; C - sinais cooperativos (AIS/ADS-B/RF),sim,https://www.nanosats.eu/keyword/ais.html
CubeSats with keyword: AIS,Khors 5,khors-5,A - sensoriamento remoto; C - sinais cooperativos (AIS/ADS-B/RF),sim,https://www.nanosats.eu/keyword/ais.html
CubeSats with keyword: AIS,KILICSAT,kilicsat,C - sinais cooperativos (AIS/ADS-B/RF),sim,https://www.nanosats.eu/keyword/ais.html
CubeSats with keyword: AIS,Lambdasat,lambdasat,C - sinais cooperativos (AIS/ADS-B/RF),sim,https://www.nanosats.eu/keyword/ais.html
CubeSats with keyword: AIS,Lemur-2,lemur-2,A - sensoriamento remoto; C - sinais cooperativos (AIS/ADS-B/RF),sim,https://www.nanosats.eu/keyword/ais.html
CubeSats with keyword: AIS,Lemur-2 Deloitte-8,lemur-2-deloitte,C - sinais cooperativos (AIS/ADS-B/RF),sim,https://www.nanosats.eu/keyword/ais.html
CubeSats with keyword: AIS,Lemur-2 124 Djara,lemur-2-djara,A - sensoriamento remoto; C - sinais cooperativos (AIS/ADS-B/RF),sim,https://www.nanosats.eu/keyword/ais.html
CubeSats with keyword: AIS,Lemur-2 150 Djirang,lemur-2-djirang,A(fraco) - câmera sem alvo declarado; C - sinais cooperativos (AIS/ADS-B/RF),sim,https://www.nanosats.eu/keyword/ais.html
CubeSats with keyword: AIS,Lemur-2 175 Ella1,lemur-2-ella1,A - sensoriamento remoto; C - sinais cooperativos (AIS/ADS-B/RF),sim,https://www.nanosats.eu/keyword/ais.html
CubeSats with keyword: AIS,Lemur-2 167 Embrionovis,lemur-2-forest-2,A - sensoriamento remoto; C - sinais cooperativos (AIS/ADS-B/RF),sim,https://www.nanosats.eu/keyword/ais.html
CubeSats with keyword: AIS,Lemur-2 236 HyMS Demonstrator,lemur-2-hyms,A - sensoriamento remoto; C - sinais cooperativos (AIS/ADS-B/RF),sim,https://www.nanosats.eu/keyword/ais.html
CubeSats with keyword: AIS,Lemur-2 180 Mango Two 2B,lemur-2-mango2,C - sinais cooperativos (AIS/ADS-B/RF),sim,https://www.nanosats.eu/keyword/ais.html
CubeSats with keyword: AIS,Lemur-2 148 Rohovithsa,lemur-2-rohovitsa,A - sensoriamento remoto; C - sinais cooperativos (AIS/ADS-B/RF),sim,https://www.nanosats.eu/keyword/ais.html
CubeSats with keyword: AIS,Lemur-2 Sentinel,lemur-2-sentinel,A - sensoriamento remoto; C - sinais cooperativos (AIS/ADS-B/RF),sim,https://www.nanosats.eu/keyword/ais.html
CubeSats with keyword: AIS,Lemur-2 132 Mango1,lemur-mango,C - sinais cooperativos (AIS/ADS-B/RF),sim,https://www.nanosats.eu/keyword/ais.html
CubeSats with keyword: AIS,LilacSat-2,lilacsat-2,A - sensoriamento remoto; C - sinais cooperativos (AIS/ADS-B/RF),sim,https://www.nanosats.eu/keyword/ais.html
CubeSats with keyword: AIS,lilacsat-2.png,lilacsat-2.png,,,https://www.nanosats.eu/keyword/ais.html
CubeSats with keyword: AIS,PoSAT-2,lusospace-3u,C - sinais cooperativos (AIS/ADS-B/RF),sim,https://www.nanosats.eu/keyword/ais.html
CubeSats with keyword: AIS,Lusiada 11,lusospace-8u,C - sinais cooperativos (AIS/ADS-B/RF),sim,https://www.nanosats.eu/keyword/ais.html
CubeSats with keyword: AIS,MARIOT-1,mariot-1,B - coleta de plataformas (DCS/IoT); C - sinais cooperativos (AIS/ADS-B/RF),sim,https://www.nanosats.eu/keyword/ais.html
CubeSats with keyword: AIS,Max Valier,max-valier,C - sinais cooperativos (AIS/ADS-B/RF),sim,https://www.nanosats.eu/keyword/ais.html
CubeSats with keyword: AIS,MDASat-1c,mdasat-1,A - sensoriamento remoto; C - sinais cooperativos (AIS/ADS-B/RF),sim,https://www.nanosats.eu/keyword/ais.html
CubeSats with keyword: AIS,MICE-1,mice-1,B - coleta de plataformas (DCS/IoT); C - sinais cooperativos (AIS/ADS-B/RF),sim,https://www.nanosats.eu/keyword/ais.html
CubeSats with keyword: AIS,OTTER,msae-otters,C - sinais cooperativos (AIS/ADS-B/RF),sim,https://www.nanosats.eu/keyword/ais.html
CubeSats with keyword: AIS,n-ART One,n-art-one,C - sinais cooperativos (AIS/ADS-B/RF),sim,https://www.nanosats.eu/keyword/ais.html
CubeSats with keyword: AIS,nCube-1_HAUSAT-1_SEEDS_IMG_0322.jpeg,nCube-1_HAUSAT-1_SEEDS_IMG_0322.jpeg,,,https://www.nanosats.eu/keyword/ais.html
CubeSats with keyword: AIS,NanoDragon,nanodragon,A(fraco) - câmera sem alvo declarado; C - sinais cooperativos (AIS/ADS-B/RF),sim,https://www.nanosats.eu/keyword/ais.html
CubeSats with keyword: AIS,nCube-1,ncube-1,C - sinais cooperativos (AIS/ADS-B/RF),sim,https://www.nanosats.eu/keyword/ais.html
CubeSats with keyword: AIS,nCube-2,ncube-2,C - sinais cooperativos (AIS/ADS-B/RF),sim,https://www.nanosats.eu/keyword/ais.html
CubeSats with keyword: AIS,OCEAN-SCAN 6,ocean-scan-srtmarine,C - sinais cooperativos (AIS/ADS-B/RF),sim,https://www.nanosats.eu/keyword/ais.html
CubeSats with keyword: AIS,Parus-T1A,parus-t1a,C - sinais cooperativos (AIS/ADS-B/RF),sim,https://www.nanosats.eu/keyword/ais.html
CubeSats with keyword: AIS,Perseus-M 2,perseus-m,C - sinais cooperativos (AIS/ADS-B/RF),sim,https://www.nanosats.eu/keyword/ais.html
CubeSats with keyword: AIS,PIRI-SAT,piri-sat,C - sinais cooperativos (AIS/ADS-B/RF),sim,https://www.nanosats.eu/keyword/ais.html
CubeSats with keyword: AIS,Polytech Universe-5,polytech-universe-5,A(fraco) - câmera sem alvo declarado; B - coleta de plataformas (DCS/IoT); C - sinais cooperativos (AIS/ADS-B/RF),sim,https://www.nanosats.eu/keyword/ais.html
CubeSats with keyword: AIS,RAAF M1,raaf-m1,C - sinais cooperativos (AIS/ADS-B/RF),sim,https://www.nanosats.eu/keyword/ais.html
CubeSats with keyword: AIS,RAAF M2 B,raaf-m2,A(fraco) - câmera sem alvo declarado; C - sinais cooperativos (AIS/ADS-B/RF),sim,https://www.nanosats.eu/keyword/ais.html
CubeSats with keyword: AIS,RAAF M2 Pathfinder,raaf-m2-pathfinder,C - sinais cooperativos (AIS/ADS-B/RF),sim,https://www.nanosats.eu/keyword/ais.html
CubeSats with keyword: AIS,Sedna 2,sedna,C - sinais cooperativos (AIS/ADS-B/RF),sim,https://www.nanosats.eu/keyword/ais.html
CubeSats with keyword: AIS,SITRO-AIS 81,sitro-ais,A - sensoriamento remoto; B - coleta de plataformas (DCS/IoT); C - sinais cooperativos (AIS/ADS-B/RF),sim,https://www.nanosats.eu/keyword/ais.html
CubeSats with keyword: AIS,SITRO-TD-4,sitro-td,B - coleta de plataformas (DCS/IoT); C - sinais cooperativos (AIS/ADS-B/RF),sim,https://www.nanosats.eu/keyword/ais.html
CubeSats with keyword: AIS,spire-satellite-optical-inter-satellite-link-rear.jpg,spire-satellite-optical-inter-satellite-link-rear.jpg,,,https://www.nanosats.eu/keyword/ais.html
CubeSats with keyword: AIS,Starling 8,starling-aerial-maritime,C - sinais cooperativos (AIS/ADS-B/RF),sim,https://www.nanosats.eu/keyword/ais.html
CubeSats with keyword: AIS,STUDSAT-2A,studsat-2a,C - sinais cooperativos (AIS/ADS-B/RF),sim,https://www.nanosats.eu/keyword/ais.html
CubeSats with keyword: AIS,SXC3-214 MIET-AIS,sxc3-214-miet-ais,C - sinais cooperativos (AIS/ADS-B/RF),sim,https://www.nanosats.eu/keyword/ais.html
CubeSats with keyword: AIS,Triton-2,triton,C - sinais cooperativos (AIS/ADS-B/RF),sim,https://www.nanosats.eu/keyword/ais.html
CubeSats with keyword: AIS,triton-1_cubesat_pic1.jpg,triton-1_cubesat_pic1.jpg,,,https://www.nanosats.eu/keyword/ais.html
CubeSats with keyword: AIS,TT 1,tt-1,A - sensoriamento remoto; C - sinais cooperativos (AIS/ADS-B/RF),sim,https://www.nanosats.eu/keyword/ais.html
CubeSats with keyword: AIS,tt-1__1 (1).jpg,tt-1__1 (1).jpg,,,https://www.nanosats.eu/keyword/ais.html
CubeSats with keyword: AIS,TW-1A,tw-1a,A - sensoriamento remoto; C - sinais cooperativos (AIS/ADS-B/RF),sim,https://www.nanosats.eu/keyword/ais.html
CubeSats with keyword: AIS,TW-1C,tw-1bc,A - sensoriamento remoto; C - sinais cooperativos (AIS/ADS-B/RF),sim,https://www.nanosats.eu/keyword/ais.html
CubeSats with keyword: AIS,Venta-1,venta-1,A(fraco) - câmera sem alvo declarado; C - sinais cooperativos (AIS/ADS-B/RF),sim,https://www.nanosats.eu/keyword/ais.html
CubeSats with keyword: AIS,venta-1__3.jpg,venta-1__3.jpg,,,https://www.nanosats.eu/keyword/ais.html
CubeSats with keyword: AIS,Ymir-2,ymir,C - sinais cooperativos (AIS/ADS-B/RF),sim,https://www.nanosats.eu/keyword/ais.html
CubeSats with keyword: AIS,YUSAT-1,yusat-1,B - coleta de plataformas (DCS/IoT); C - sinais cooperativos (AIS/ADS-B/RF),sim,https://www.nanosats.eu/keyword/ais.html
CubeSats with keyword: AIS,ZACUBE-2,zacube-2,A - sensoriamento remoto; C - sinais cooperativos (AIS/ADS-B/RF),sim,https://www.nanosats.eu/keyword/ais.html
CubeSats with keyword: Android,Alexander(satellite).jpg,Alexander(satellite).jpg,,,https://www.nanosats.eu/keyword/android.html
CubeSats with keyword: Android,Bell(satellite).jpg,Bell(satellite).jpg,,,https://www.nanosats.eu/keyword/android.html
CubeSats with keyword: Android,PhoneSat 1.0 and 2.5_acd13-0175-035.jpg,PhoneSat 1.0 and 2.5_acd13-0175-035.jpg,,,https://www.nanosats.eu/keyword/android.html
CubeSats with keyword: Android,PhoneSat-2.5-acd13-0175-016_1_0.jpg,PhoneSat-2.5-acd13-0175-016_1_0.jpg,,,https://www.nanosats.eu/keyword/android.html
CubeSats with keyword: Android,STRaND-1_3.jpeg,STRaND-1_3.jpeg,,,https://www.nanosats.eu/keyword/android.html
CubeSats with keyword: Android,nudt-phonesat__1.jpg,nudt-phonesat__1.jpg,,,https://www.nanosats.eu/keyword/android.html
CubeSats with keyword: Android,PhoneSat 1.0b,phonesat-1,—,não,https://www.nanosats.eu/keyword/android.html
CubeSats with keyword: Android,PhoneSat 2.0a,phonesat-2-0a,—,não,https://www.nanosats.eu/keyword/android.html
CubeSats with keyword: Android,PhoneSat 2.4a,phonesat-2-4a,—,não,https://www.nanosats.eu/keyword/android.html
CubeSats with keyword: Android,PhoneSat-2.5,phonesat-2-5,A(fraco) - câmera sem alvo declarado,não,https://www.nanosats.eu/keyword/android.html
CubeSats with keyword: Android,phonesat_2.4-_image_0_0.jpg,phonesat_2.4-_image_0_0.jpg,,,https://www.nanosats.eu/keyword/android.html
CubeSats with keyword: Android,Smart,smart-nudt-phonesat,—,não,https://www.nanosats.eu/keyword/android.html
CubeSats with keyword: Android,STRaND-1,strand-1,—,não,https://www.nanosats.eu/keyword/android.html
CubeSats with keyword: Asteroid prospecting,APEX.jpg,APEX.jpg,,,https://www.nanosats.eu/keyword/asteroid-prospecting.html
CubeSats with keyword: Asteroid prospecting,Juventas_17.jpeg,Juventas_17.jpeg,,,https://www.nanosats.eu/keyword/asteroid-prospecting.html
CubeSats with keyword: Asteroid prospecting,APEX,apex,A(fraco) - câmera sem alvo declarado,não,https://www.nanosats.eu/keyword/asteroid-prospecting.html
CubeSats with keyword: Asteroid prospecting,Juventas,juventas,—,não,https://www.nanosats.eu/keyword/asteroid-prospecting.html
CubeSats with keyword: Beyond Earth orbit,APEX.jpg,APEX.jpg,,,https://www.nanosats.eu/keyword/beyond-earth-orbit.html
CubeSats with keyword: Beyond Earth orbit,"ArgoMoon_Artemis_I_-_OSA_Secondary_Payload_ARGO,_BioS_(KSC-20210714-PH-GEB02_0019).jpg","ArgoMoon_Artemis_I_-_OSA_Secondary_Payload_ARGO,_BioS_(KSC-20210714-PH-GEB02_0019).jpg",,,https://www.nanosats.eu/keyword/beyond-earth-orbit.html
CubeSats with keyword: Beyond Earth orbit,BIRDY.png,BIRDY.png,,,https://www.nanosats.eu/keyword/beyond-earth-orbit.html
CubeSats with keyword: Beyond Earth orbit,Binar-Prospector-12U.jpeg,Binar-Prospector-12U.jpeg,,,https://www.nanosats.eu/keyword/beyond-earth-orbit.html
CubeSats with keyword: Beyond Earth orbit,BioSentinel_3.jpg,BioSentinel_3.jpg,,,https://www.nanosats.eu/keyword/beyond-earth-orbit.html
CubeSats with keyword: Beyond Earth orbit,CAPSTONE_acd22-0007-039_large.jpg,CAPSTONE_acd22-0007-039_large.jpg,,,https://www.nanosats.eu/keyword/beyond-earth-orbit.html
CubeSats with keyword: Beyond Earth orbit,CU-E3_2.png,CU-E3_2.png,,,https://www.nanosats.eu/keyword/beyond-earth-orbit.html
CubeSats with keyword: Beyond Earth orbit,CisLunar Explorers_3.bmp,CisLunar Explorers_3.bmp,,,https://www.nanosats.eu/keyword/beyond-earth-orbit.html
CubeSats with keyword: Beyond Earth orbit,CuSP_2.jpg,CuSP_2.jpg,,,https://www.nanosats.eu/keyword/beyond-earth-orbit.html
CubeSats with keyword: Beyond Earth orbit,Cuballute.png,Cuballute.png,,,https://www.nanosats.eu/keyword/beyond-earth-orbit.html
CubeSats with keyword: Beyond Earth orbit,DRACO.png,DRACO.png,,,https://www.nanosats.eu/keyword/beyond-earth-orbit.html
CubeSats with keyword: Beyond Earth orbit,EQUULEUS_7.jpg,EQUULEUS_7.jpg,,,https://www.nanosats.eu/keyword/beyond-earth-orbit.html
CubeSats with keyword: Beyond Earth orbit,Garatea.png,Garatea.png,,,https://www.nanosats.eu/keyword/beyond-earth-orbit.html
CubeSats with keyword: Beyond Earth orbit,ICUBE-Q_2.jpeg,ICUBE-Q_2.jpeg,,,https://www.nanosats.eu/keyword/beyond-earth-orbit.html
CubeSats with keyword: Beyond Earth orbit,Juventas_2.jpg,Juventas_2.jpg,,,https://www.nanosats.eu/keyword/beyond-earth-orbit.html
CubeSats with keyword: Beyond Earth orbit,KSC-20210713-PH-CSH01_0078large.jpg,KSC-20210713-PH-CSH01_0078large.jpg,,,https://www.nanosats.eu/keyword/beyond-earth-orbit.html
CubeSats with keyword: Beyond Earth orbit,LUMIO_CAD_image.png,LUMIO_CAD_image.png,,,https://www.nanosats.eu/keyword/beyond-earth-orbit.html
CubeSats with keyword: Beyond Earth orbit,LunIR-Photo-1.jpg,LunIR-Photo-1.jpg,,,https://www.nanosats.eu/keyword/beyond-earth-orbit.html
CubeSats with keyword: Beyond Earth orbit,LunaH-Map_7.jpg,LunaH-Map_7.jpg,,,https://www.nanosats.eu/keyword/beyond-earth-orbit.html
CubeSats with keyword: Beyond Earth orbit,Lunar-Flashlight_5.png,Lunar-Flashlight_5.png,,,https://www.nanosats.eu/keyword/beyond-earth-orbit.html
CubeSats with keyword: Beyond Earth orbit,Lunette.png,Lunette.png,,,https://www.nanosats.eu/keyword/beyond-earth-orbit.html
CubeSats with keyword: Beyond Earth orbit,M_ARGO.jpg,M_ARGO.jpg,,,https://www.nanosats.eu/keyword/beyond-earth-orbit.html
CubeSats with keyword: Beyond Earth orbit,MarCO_10.jpg,MarCO_10.jpg,,,https://www.nanosats.eu/keyword/beyond-earth-orbit.html
CubeSats with keyword: Beyond Earth orbit,Milani_CubeSat_in_Tyvak_cleanroom.jpg,Milani_CubeSat_in_Tyvak_cleanroom.jpg,,,https://www.nanosats.eu/keyword/beyond-earth-orbit.html
CubeSats with keyword: Beyond Earth orbit,Miles_KSC-20210715-PH-AWJ01_0078.jpg,Miles_KSC-20210715-PH-AWJ01_0078.jpg,,,https://www.nanosats.eu/keyword/beyond-earth-orbit.html
CubeSats with keyword: Beyond Earth orbit,OMOTENASHI_5.png,OMOTENASHI_5.png,,,https://www.nanosats.eu/keyword/beyond-earth-orbit.html
CubeSats with keyword: Beyond Earth orbit,SULIS_1.png,SULIS_1.png,,,https://www.nanosats.eu/keyword/beyond-earth-orbit.html
CubeSats with keyword: Beyond Earth orbit,Satis_2.png,Satis_2.png,,,https://www.nanosats.eu/keyword/beyond-earth-orbit.html
CubeSats with keyword: Beyond Earth orbit,VMMO.jpg,VMMO.jpg,,,https://www.nanosats.eu/keyword/beyond-earth-orbit.html
CubeSats with keyword: Beyond Earth orbit,ALCEK,alcek,—,não,https://www.nanosats.eu/keyword/beyond-earth-orbit.html
CubeSats with keyword: Beyond Earth orbit,APEX,apex,A(fraco) - câmera sem alvo declarado,não,https://www.nanosats.eu/keyword/beyond-earth-orbit.html
CubeSats with keyword: Beyond Earth orbit,ArgoMoon,argomoon,A - sensoriamento remoto,sim,https://www.nanosats.eu/keyword/beyond-earth-orbit.html
CubeSats with keyword: Beyond Earth orbit,Binar Prospector B,binar-prospector,—,não,https://www.nanosats.eu/keyword/beyond-earth-orbit.html
CubeSats with keyword: Beyond Earth orbit,BioSentinel,biosentinel,—,não,https://www.nanosats.eu/keyword/beyond-earth-orbit.html
CubeSats with keyword: Beyond Earth orbit,BIRDY,birdy,—,não,https://www.nanosats.eu/keyword/beyond-earth-orbit.html
CubeSats with keyword: Beyond Earth orbit,CAPSTONE,capstone,—,não,https://www.nanosats.eu/keyword/beyond-earth-orbit.html
CubeSats with keyword: Beyond Earth orbit,Cislunar Explorers,cislunar-explorer,—,não,https://www.nanosats.eu/keyword/beyond-earth-orbit.html
CubeSats with keyword: Beyond Earth orbit,CLE C,cle,—,não,https://www.nanosats.eu/keyword/beyond-earth-orbit.html
CubeSats with keyword: Beyond Earth orbit,CU-E3,cu-e3,—,não,https://www.nanosats.eu/keyword/beyond-earth-orbit.html
CubeSats with keyword: Beyond Earth orbit,Cuballute,cuballute,—,não,https://www.nanosats.eu/keyword/beyond-earth-orbit.html
CubeSats with keyword: Beyond Earth orbit,CuSP,cusp,—,não,https://www.nanosats.eu/keyword/beyond-earth-orbit.html
CubeSats with keyword: Beyond Earth orbit,DOGE-1,doge-1,A(fraco) - câmera sem alvo declarado,não,https://www.nanosats.eu/keyword/beyond-earth-orbit.html
CubeSats with keyword: Beyond Earth orbit,doge-1__1.jpg,doge-1__1.jpg,,,https://www.nanosats.eu/keyword/beyond-earth-orbit.html
CubeSats with keyword: Beyond Earth orbit,DRACO B,draco,—,não,https://www.nanosats.eu/keyword/beyond-earth-orbit.html
CubeSats with keyword: Beyond Earth orbit,EQUULEUS,equuleus,A(fraco) - câmera sem alvo declarado,não,https://www.nanosats.eu/keyword/beyond-earth-orbit.html
CubeSats with keyword: Beyond Earth orbit,Garatéa-L,garatea-l,A(fraco) - câmera sem alvo declarado,não,https://www.nanosats.eu/keyword/beyond-earth-orbit.html
CubeSats with keyword: Beyond Earth orbit,Hypergiant Lagrange CubeSat,hypergiant-lagrange-cubesat,A(fraco) - câmera sem alvo declarado,não,https://www.nanosats.eu/keyword/beyond-earth-orbit.html
CubeSats with keyword: Beyond Earth orbit,iCUBE-Q,icube-q,A - sensoriamento remoto,sim,https://www.nanosats.eu/keyword/beyond-earth-orbit.html
CubeSats with keyword: Beyond Earth orbit,INSPIRE-B,inspire,A(fraco) - câmera sem alvo declarado,não,https://www.nanosats.eu/keyword/beyond-earth-orbit.html
CubeSats with keyword: Beyond Earth orbit,inspire3.jpg,inspire3.jpg,,,https://www.nanosats.eu/keyword/beyond-earth-orbit.html
CubeSats with keyword: Beyond Earth orbit,Jervis-1,jervis-1,—,não,https://www.nanosats.eu/keyword/beyond-earth-orbit.html
CubeSats with keyword: Beyond Earth orbit,Juventas,juventas,—,não,https://www.nanosats.eu/keyword/beyond-earth-orbit.html
CubeSats with keyword: Beyond Earth orbit,licia_cube_bench_check-7373.jpg,licia_cube_bench_check-7373.jpg,,,https://www.nanosats.eu/keyword/beyond-earth-orbit.html
CubeSats with keyword: Beyond Earth orbit,LICIACube,liciacube,A(fraco) - câmera sem alvo declarado,não,https://www.nanosats.eu/keyword/beyond-earth-orbit.html
CubeSats with keyword: Beyond Earth orbit,LIS-1,lis-1,—,não,https://www.nanosats.eu/keyword/beyond-earth-orbit.html
CubeSats with keyword: Beyond Earth orbit,LUMIO,lumio,—,não,https://www.nanosats.eu/keyword/beyond-earth-orbit.html
CubeSats with keyword: Beyond Earth orbit,LunaH-Map,lunah-map,A - sensoriamento remoto,sim,https://www.nanosats.eu/keyword/beyond-earth-orbit.html
CubeSats with keyword: Beyond Earth orbit,Lunar Flashlight,lunar-flashlight,—,não,https://www.nanosats.eu/keyword/beyond-earth-orbit.html
CubeSats with keyword: Beyond Earth orbit,Lunar IceCube,lunar-icecube,—,não,https://www.nanosats.eu/keyword/beyond-earth-orbit.html
CubeSats with keyword: Beyond Earth orbit,Lunar OSCAR II,lunar-oscar-2,A(fraco) - câmera sem alvo declarado,não,https://www.nanosats.eu/keyword/beyond-earth-orbit.html
CubeSats with keyword: Beyond Earth orbit,Lunette,lunette,—,não,https://www.nanosats.eu/keyword/beyond-earth-orbit.html
CubeSats with keyword: Beyond Earth orbit,LunIR,lunir,A - sensoriamento remoto,sim,https://www.nanosats.eu/keyword/beyond-earth-orbit.html
CubeSats with keyword: Beyond Earth orbit,M-ARGO,m-argo,A(fraco) - câmera sem alvo declarado,não,https://www.nanosats.eu/keyword/beyond-earth-orbit.html
CubeSats with keyword: Beyond Earth orbit,MarCO 2,marco,A - sensoriamento remoto,sim,https://www.nanosats.eu/keyword/beyond-earth-orbit.html
CubeSats with keyword: Beyond Earth orbit,Milani,milani,A - sensoriamento remoto,sim,https://www.nanosats.eu/keyword/beyond-earth-orbit.html
CubeSats with keyword: Beyond Earth orbit,Miles,miles,—,não,https://www.nanosats.eu/keyword/beyond-earth-orbit.html
CubeSats with keyword: Beyond Earth orbit,NEA-Scout,nea-scout,A(fraco) - câmera sem alvo declarado,não,https://www.nanosats.eu/keyword/beyond-earth-orbit.html
CubeSats with keyword: Beyond Earth orbit,nea-scout-1-piece-sail-high-res.jpg,nea-scout-1-piece-sail-high-res.jpg,,,https://www.nanosats.eu/keyword/beyond-earth-orbit.html
CubeSats with keyword: Beyond Earth orbit,OMOTENASHI,omotenashi,C - sinais cooperativos (AIS/ADS-B/RF),sim,https://www.nanosats.eu/keyword/beyond-earth-orbit.html
CubeSats with keyword: Beyond Earth orbit,RADMIA,radmia,A(fraco) - câmera sem alvo declarado,não,https://www.nanosats.eu/keyword/beyond-earth-orbit.html
CubeSats with keyword: Beyond Earth orbit,Satis,satis,—,não,https://www.nanosats.eu/keyword/beyond-earth-orbit.html
CubeSats with keyword: Beyond Earth orbit,Seven Sisters 1,seven-sisters-1,—,não,https://www.nanosats.eu/keyword/beyond-earth-orbit.html
CubeSats with keyword: Beyond Earth orbit,SULIS-E2,sulis,A(fraco) - câmera sem alvo declarado,não,https://www.nanosats.eu/keyword/beyond-earth-orbit.html
CubeSats with keyword: Beyond Earth orbit,VMMO,vmmo,A - sensoriamento remoto,sim,https://www.nanosats.eu/keyword/beyond-earth-orbit.html
CubeSats with keyword: Beyond Earth orbit,Zeus-MS 2,zeus-ms,—,não,https://www.nanosats.eu/keyword/beyond-earth-orbit.html
CubeSats with keyword: Beyond LEO orbit,ATENEA_2.jpg,ATENEA_2.jpg,,,https://www.nanosats.eu/keyword/beyond-leo-orbit.html
CubeSats with keyword: Beyond LEO orbit,Alpha-ARCA_2.jpg,Alpha-ARCA_2.jpg,,,https://www.nanosats.eu/keyword/beyond-leo-orbit.html
CubeSats with keyword: Beyond LEO orbit,AstroBio_4.png,AstroBio_4.png,,,https://www.nanosats.eu/keyword/beyond-leo-orbit.html
CubeSats with keyword: Beyond LEO orbit,CELESTA-MTCube-2_1.jpg,CELESTA-MTCube-2_1.jpg,,,https://www.nanosats.eu/keyword/beyond-leo-orbit.html
CubeSats with keyword: Beyond LEO orbit,CELESTA-MTCube-2_2.jpg,CELESTA-MTCube-2_2.jpg,,,https://www.nanosats.eu/keyword/beyond-leo-orbit.html
CubeSats with keyword: Beyond LEO orbit,Greencube 2 satellite 3U.jpg,Greencube 2 satellite 3U.jpg,,,https://www.nanosats.eu/keyword/beyond-leo-orbit.html
CubeSats with keyword: Beyond LEO orbit,LICIACube_2.jpg,LICIACube_2.jpg,,,https://www.nanosats.eu/keyword/beyond-leo-orbit.html
CubeSats with keyword: Beyond LEO orbit,LINUSS_pair_in_space.jpg,LINUSS_pair_in_space.jpg,,,https://www.nanosats.eu/keyword/beyond-leo-orbit.html
CubeSats with keyword: Beyond LEO orbit,Space-Weather-CubeSat_KSC-20250826-PH-FMX02_0138~orig.jfif,Space-Weather-CubeSat_KSC-20250826-PH-FMX02_0138~orig.jfif,,,https://www.nanosats.eu/keyword/beyond-leo-orbit.html
CubeSats with keyword: Beyond LEO orbit,TACHELES.jfif,TACHELES.jfif,,,https://www.nanosats.eu/keyword/beyond-leo-orbit.html
CubeSats with keyword: Beyond LEO orbit,TDO-2_2.JPG,TDO-2_2.JPG,,,https://www.nanosats.eu/keyword/beyond-leo-orbit.html
CubeSats with keyword: Beyond LEO orbit,ALPHA,alpha-arca,—,não,https://www.nanosats.eu/keyword/beyond-leo-orbit.html
CubeSats with keyword: Beyond LEO orbit,AstroBio Cubesat,astrobio-cubesat,—,não,https://www.nanosats.eu/keyword/beyond-leo-orbit.html
CubeSats with keyword: Beyond LEO orbit,ATENEA,atenea,—,não,https://www.nanosats.eu/keyword/beyond-leo-orbit.html
CubeSats with keyword: Beyond LEO orbit,CAPSTONE,capstone,—,não,https://www.nanosats.eu/keyword/beyond-leo-orbit.html
CubeSats with keyword: Beyond LEO orbit,capstone_tli_06.png,capstone_tli_06.png,,,https://www.nanosats.eu/keyword/beyond-leo-orbit.html
CubeSats with keyword: Beyond LEO orbit,CELESTA,celesta,—,não,https://www.nanosats.eu/keyword/beyond-leo-orbit.html
CubeSats with keyword: Beyond LEO orbit,GreenCube,greencube,A(fraco) - câmera sem alvo declarado; B - coleta de plataformas (DCS/IoT),sim,https://www.nanosats.eu/keyword/beyond-leo-orbit.html
CubeSats with keyword: Beyond LEO orbit,K-RadCube,k-radcube,—,não,https://www.nanosats.eu/keyword/beyond-leo-orbit.html
CubeSats with keyword: Beyond LEO orbit,kradcube.jpg,kradcube.jpg,,,https://www.nanosats.eu/keyword/beyond-leo-orbit.html
CubeSats with keyword: Beyond LEO orbit,LICIACube,liciacube,A(fraco) - câmera sem alvo declarado,não,https://www.nanosats.eu/keyword/beyond-leo-orbit.html
CubeSats with keyword: Beyond LEO orbit,LINUSS 2,linuss,A(fraco) - câmera sem alvo declarado,não,https://www.nanosats.eu/keyword/beyond-leo-orbit.html
CubeSats with keyword: Beyond LEO orbit,MTCube 2,mtcube,—,não,https://www.nanosats.eu/keyword/beyond-leo-orbit.html
CubeSats with keyword: Beyond LEO orbit,OrCa1,orca1,—,não,https://www.nanosats.eu/keyword/beyond-leo-orbit.html
CubeSats with keyword: Beyond LEO orbit,Space Weather CubeSat-1,swc-1,—,não,https://www.nanosats.eu/keyword/beyond-leo-orbit.html
CubeSats with keyword: Beyond LEO orbit,TACHELES,tacheles,—,não,https://www.nanosats.eu/keyword/beyond-leo-orbit.html
CubeSats with keyword: Beyond LEO orbit,TDO,tdo,—,não,https://www.nanosats.eu/keyword/beyond-leo-orbit.html
CubeSats with keyword: Beyond LEO orbit,TDO-4,tdo-3-4,—,não,https://www.nanosats.eu/keyword/beyond-leo-orbit.html
CubeSats with keyword: Beyond LEO orbit,TRISAT-R,trisat-r,A - sensoriamento remoto,sim,https://www.nanosats.eu/keyword/beyond-leo-orbit.html
CubeSats with keyword: Beyond LEO orbit,trisatR-image1.jpg,trisatR-image1.jpg,,,https://www.nanosats.eu/keyword/beyond-leo-orbit.html
CubeSats with keyword: Chipsats-Sprites,Alpha_5.jfif,Alpha_5.jfif,,,https://www.nanosats.eu/keyword/chipsats-sprites.html
CubeSats with keyword: Chipsats-Sprites,AmbaSat.jpeg,AmbaSat.jpeg,,,https://www.nanosats.eu/keyword/chipsats-sprites.html
CubeSats with keyword: Chipsats-Sprites,KickSat-2.jpg,KickSat-2.jpg,,,https://www.nanosats.eu/keyword/chipsats-sprites.html
CubeSats with keyword: Chipsats-Sprites,KickSat.jpg,KickSat.jpg,,,https://www.nanosats.eu/keyword/chipsats-sprites.html
CubeSats with keyword: Chipsats-Sprites,Alpha,alpha,B - coleta de plataformas (DCS/IoT),sim,https://www.nanosats.eu/keyword/chipsats-sprites.html
CubeSats with keyword: Chipsats-Sprites,AmbaSat-1 CubeSat,ambsat-cubesat,—,não,https://www.nanosats.eu/keyword/chipsats-sprites.html
CubeSats with keyword: Chipsats-Sprites,KickSat,kicksat,—,não,https://www.nanosats.eu/keyword/chipsats-sprites.html
CubeSats with keyword: Chipsats-Sprites,KickSat-2,kicksat-2,—,não,https://www.nanosats.eu/keyword/chipsats-sprites.html
CubeSats with keyword: Constellation-As-A-Service,NanoAvionics Preconfigured nano-satellite buses M6P.TIF,NanoAvionics Preconfigured nano-satellite buses M6P.TIF,,,https://www.nanosats.eu/keyword/constellation-as-a-service.html
CubeSats with keyword: Constellation-As-A-Service,GIOT 3?,giot,B - coleta de plataformas (DCS/IoT),sim,https://www.nanosats.eu/keyword/constellation-as-a-service.html
CubeSats with keyword: De-orbit device,ADEinSpace.jpg,ADEinSpace.jpg,,,https://www.nanosats.eu/keyword/de-orbit-device.html
CubeSats with keyword: De-orbit device,APSS-I QuakeTEC.jpg,APSS-I QuakeTEC.jpg,,,https://www.nanosats.eu/keyword/de-orbit-device.html
CubeSats with keyword: De-orbit device,ARKSAT-1_5.jpg,ARKSAT-1_5.jpg,,,https://www.nanosats.eu/keyword/de-orbit-device.html
CubeSats with keyword: De-orbit device,ARKSAT-2_3.png,ARKSAT-2_3.png,,,https://www.nanosats.eu/keyword/de-orbit-device.html
CubeSats with keyword: De-orbit device,ASTRAEUS-01_3.jpg,ASTRAEUS-01_3.jpg,,,https://www.nanosats.eu/keyword/de-orbit-device.html
CubeSats with keyword: De-orbit device,Aalto-1.jpg,Aalto-1.jpg,,,https://www.nanosats.eu/keyword/de-orbit-device.html
CubeSats with keyword: De-orbit device,AeroCube 5 - small.jpg,AeroCube 5 - small.jpg,,,https://www.nanosats.eu/keyword/de-orbit-device.html
CubeSats with keyword: De-orbit device,AuroraSat-1_7.jpg,AuroraSat-1_7.jpg,,,https://www.nanosats.eu/keyword/de-orbit-device.html
CubeSats with keyword: De-orbit device,AuroraSat-2.jpg,AuroraSat-2.jpg,,,https://www.nanosats.eu/keyword/de-orbit-device.html
CubeSats with keyword: De-orbit device,BAMA-1_2.png,BAMA-1_2.png,,,https://www.nanosats.eu/keyword/de-orbit-device.html
CubeSats with keyword: De-orbit device,COEPSAT-2.png,COEPSAT-2.png,,,https://www.nanosats.eu/keyword/de-orbit-device.html
CubeSats with keyword: De-orbit device,COSMIC.png,COSMIC.png,,,https://www.nanosats.eu/keyword/de-orbit-device.html
CubeSats with keyword: De-orbit device,CP5.png,CP5.png,,,https://www.nanosats.eu/keyword/de-orbit-device.html
CubeSats with keyword: De-orbit device,CanX-7_4.jpg,CanX-7_4.jpg,,,https://www.nanosats.eu/keyword/de-orbit-device.html
CubeSats with keyword: De-orbit device,D-Sat-FM-and-QM-courtesy-of-D-Orbit.png,D-Sat-FM-and-QM-courtesy-of-D-Orbit.png,,,https://www.nanosats.eu/keyword/de-orbit-device.html
CubeSats with keyword: De-orbit device,D3-CubeSat.jpg,D3-CubeSat.jpg,,,https://www.nanosats.eu/keyword/de-orbit-device.html
CubeSats with keyword: De-orbit device,DTUSat-1.png,DTUSat-1.png,,,https://www.nanosats.eu/keyword/de-orbit-device.html
CubeSats with keyword: De-orbit device,DanteSat_jsc2022e084486_orig.jpg,DanteSat_jsc2022e084486_orig.jpg,,,https://www.nanosats.eu/keyword/de-orbit-device.html
CubeSats with keyword: De-orbit device,DebrisSat-1_2.png,DebrisSat-1_2.png,,,https://www.nanosats.eu/keyword/de-orbit-device.html
CubeSats with keyword: De-orbit device,Descent-A.png,Descent-A.png,,,https://www.nanosats.eu/keyword/de-orbit-device.html
CubeSats with keyword: De-orbit device,Dragracer.png,Dragracer.png,,,https://www.nanosats.eu/keyword/de-orbit-device.html
CubeSats with keyword: De-orbit device,ECE3SAT.jpg,ECE3SAT.jpg,,,https://www.nanosats.eu/keyword/de-orbit-device.html
CubeSats with keyword: De-orbit device,ECOSat-III.jpg,ECOSat-III.jpg,,,https://www.nanosats.eu/keyword/de-orbit-device.html
CubeSats with keyword: De-orbit device,ERNST_fraunhofer-emi-121.jpg,ERNST_fraunhofer-emi-121.jpg,,,https://www.nanosats.eu/keyword/de-orbit-device.html
CubeSats with keyword: De-orbit device,Foresail-1_9.jpg,Foresail-1_9.jpg,,,https://www.nanosats.eu/keyword/de-orbit-device.html
CubeSats with keyword: De-orbit device,Foresail-1p_3.jfif,Foresail-1p_3.jfif,,,https://www.nanosats.eu/keyword/de-orbit-device.html
CubeSats with keyword: De-orbit device,GomX-2_2.jpeg,GomX-2_2.jpeg,,,https://www.nanosats.eu/keyword/de-orbit-device.html
CubeSats with keyword: De-orbit device,HORN.jpg,HORN.jpg,,,https://www.nanosats.eu/keyword/de-orbit-device.html
CubeSats with keyword: De-orbit device,IGOR.jpg,IGOR.jpg,,,https://www.nanosats.eu/keyword/de-orbit-device.html
CubeSats with keyword: De-orbit device,InflateSail.png,InflateSail.png,,,https://www.nanosats.eu/keyword/de-orbit-device.html
CubeSats with keyword: De-orbit device,KARDSAT.png,KARDSAT.png,,,https://www.nanosats.eu/keyword/de-orbit-device.html
CubeSats with keyword: De-orbit device,KSAT3U_2.jpg,KSAT3U_2.jpg,,,https://www.nanosats.eu/keyword/de-orbit-device.html
CubeSats with keyword: De-orbit device,OSCaR.jpg,OSCaR.jpg,,,https://www.nanosats.eu/keyword/de-orbit-device.html
CubeSats with keyword: De-orbit device,PW-Sat-testy-CBK.jpg,PW-Sat-testy-CBK.jpg,,,https://www.nanosats.eu/keyword/de-orbit-device.html
CubeSats with keyword: De-orbit device,PW-Sat2_Integrated_PR-5.jpg,PW-Sat2_Integrated_PR-5.jpg,,,https://www.nanosats.eu/keyword/de-orbit-device.html
CubeSats with keyword: De-orbit device,Parikshit1.jpg,Parikshit1.jpg,,,https://www.nanosats.eu/keyword/de-orbit-device.html
CubeSats with keyword: De-orbit device,PradeepSat.jpg,PradeepSat.jpg,,,https://www.nanosats.eu/keyword/de-orbit-device.html
CubeSats with keyword: De-orbit device,SC1_photo_session.jpg,SC1_photo_session.jpg,,,https://www.nanosats.eu/keyword/de-orbit-device.html
CubeSats with keyword: De-orbit device,SUPERNOVA-BETA.jpg,SUPERNOVA-BETA.jpg,,,https://www.nanosats.eu/keyword/de-orbit-device.html
CubeSats with keyword: De-orbit device,TES-22_3.png,TES-22_3.png,,,https://www.nanosats.eu/keyword/de-orbit-device.html
CubeSats with keyword: De-orbit device,TPA-1-Satellite-Selfie.-Credits-Te-Punaha-Atea-Space-Institute-University-of-Auckland.jpg,TPA-1-Satellite-Selfie.-Credits-Te-Punaha-Atea-Space-Institute-University-of-Auckland.jpg,,,https://www.nanosats.eu/keyword/de-orbit-device.html
CubeSats with keyword: De-orbit device,Taurus-1.jpg,Taurus-1.jpg,,,https://www.nanosats.eu/keyword/de-orbit-device.html
CubeSats with keyword: De-orbit device,TechEdSat-10.jpg,TechEdSat-10.jpg,,,https://www.nanosats.eu/keyword/de-orbit-device.html
CubeSats with keyword: De-orbit device,TechEdSat-11_4.png,TechEdSat-11_4.png,,,https://www.nanosats.eu/keyword/de-orbit-device.html
CubeSats with keyword: De-orbit device,TechEdSat-5_nasasexobrak.jpg,TechEdSat-5_nasasexobrak.jpg,,,https://www.nanosats.eu/keyword/de-orbit-device.html
CubeSats with keyword: De-orbit device,TechEdSat-6.png,TechEdSat-6.png,,,https://www.nanosats.eu/keyword/de-orbit-device.html
CubeSats with keyword: De-orbit device,TechEdSat-7.png,TechEdSat-7.png,,,https://www.nanosats.eu/keyword/de-orbit-device.html
CubeSats with keyword: De-orbit device,TechEdSat-8_2.jpg,TechEdSat-8_2.jpg,,,https://www.nanosats.eu/keyword/de-orbit-device.html
CubeSats with keyword: De-orbit device,TechEdSat1.jpg,TechEdSat1.jpg,,,https://www.nanosats.eu/keyword/de-orbit-device.html
CubeSats with keyword: De-orbit device,TurkSat-3USat_3.png,TurkSat-3USat_3.png,,,https://www.nanosats.eu/keyword/de-orbit-device.html
CubeSats with keyword: De-orbit device,Waseda-SAT0_2.png,Waseda-SAT0_2.png,,,https://www.nanosats.eu/keyword/de-orbit-device.html
CubeSats with keyword: De-orbit device,Wisdom-T15-2.jpg,Wisdom-T15-2.jpg,,,https://www.nanosats.eu/keyword/de-orbit-device.html
CubeSats with keyword: De-orbit device,WormSail.png,WormSail.png,,,https://www.nanosats.eu/keyword/de-orbit-device.html
CubeSats with keyword: De-orbit device,Xiaoxiang-1-03_2.jpg,Xiaoxiang-1-03_2.jpg,,,https://www.nanosats.eu/keyword/de-orbit-device.html
CubeSats with keyword: De-orbit device,Xiaoxiang-1-03_5.jpg,Xiaoxiang-1-03_5.jpg,,,https://www.nanosats.eu/keyword/de-orbit-device.html
CubeSats with keyword: De-orbit device,Yareelo-3-4.jpg,Yareelo-3-4.jpg,,,https://www.nanosats.eu/keyword/de-orbit-device.html
CubeSats with keyword: De-orbit device,Aalto-1,aalto-1,A - sensoriamento remoto,sim,https://www.nanosats.eu/keyword/de-orbit-device.html
CubeSats with keyword: De-orbit device,AeroCube-5C,aerocube-5,—,não,https://www.nanosats.eu/keyword/de-orbit-device.html
CubeSats with keyword: De-orbit device,aerocube-5__1.jpg,aerocube-5__1.jpg,,,https://www.nanosats.eu/keyword/de-orbit-device.html
CubeSats with keyword: De-orbit device,APSS-2 Kessler,apss-2,—,não,https://www.nanosats.eu/keyword/de-orbit-device.html
CubeSats with keyword: De-orbit device,ARKSAT-1,arksat-1,A - sensoriamento remoto; B - coleta de plataformas (DCS/IoT),sim,https://www.nanosats.eu/keyword/de-orbit-device.html
CubeSats with keyword: De-orbit device,ARKSAT-2,arksat-2,—,não,https://www.nanosats.eu/keyword/de-orbit-device.html
CubeSats with keyword: De-orbit device,ASTRAEUS-01,astraeus,A - sensoriamento remoto,sim,https://www.nanosats.eu/keyword/de-orbit-device.html
CubeSats with keyword: De-orbit device,The Flying Object,aurorasat-1,—,não,https://www.nanosats.eu/keyword/de-orbit-device.html
CubeSats with keyword: De-orbit device,AuroraSat-2,aurorasat-2,—,não,https://www.nanosats.eu/keyword/de-orbit-device.html
CubeSats with keyword: De-orbit device,BAMA-2,bama-1,—,não,https://www.nanosats.eu/keyword/de-orbit-device.html
CubeSats with keyword: De-orbit device,BEAK,beak,—,não,https://www.nanosats.eu/keyword/de-orbit-device.html
CubeSats with keyword: De-orbit device,beak.jpg,beak.jpg,,,https://www.nanosats.eu/keyword/de-orbit-device.html
CubeSats with keyword: De-orbit device,CanX-7,canx-7,C - sinais cooperativos (AIS/ADS-B/RF),sim,https://www.nanosats.eu/keyword/de-orbit-device.html
CubeSats with keyword: De-orbit device,COEPSAT-2,coepsat-2,—,não,https://www.nanosats.eu/keyword/de-orbit-device.html
CubeSats with keyword: De-orbit device,compass-2-closeup.jpg,compass-2-closeup.jpg,,,https://www.nanosats.eu/keyword/de-orbit-device.html
CubeSats with keyword: De-orbit device,COSMIC,cosmic,—,não,https://www.nanosats.eu/keyword/de-orbit-device.html
CubeSats with keyword: De-orbit device,CP14,cp14,—,não,https://www.nanosats.eu/keyword/de-orbit-device.html
CubeSats with keyword: De-orbit device,CP5,cp5,—,não,https://www.nanosats.eu/keyword/de-orbit-device.html
CubeSats with keyword: De-orbit device,D-Sat,d-sat,—,não,https://www.nanosats.eu/keyword/de-orbit-device.html
CubeSats with keyword: De-orbit device,D3 CubeSat,d3-cubesat,—,não,https://www.nanosats.eu/keyword/de-orbit-device.html
CubeSats with keyword: De-orbit device,DANTESat,dantesat,—,não,https://www.nanosats.eu/keyword/de-orbit-device.html
CubeSats with keyword: De-orbit device,DebrisSat-1,debrissat-1,A(fraco) - câmera sem alvo declarado,não,https://www.nanosats.eu/keyword/de-orbit-device.html
CubeSats with keyword: De-orbit device,Deorbitsail,deorbitsail,—,não,https://www.nanosats.eu/keyword/de-orbit-device.html
CubeSats with keyword: De-orbit device,deorbitsail_over_earth_small.jpg,deorbitsail_over_earth_small.jpg,,,https://www.nanosats.eu/keyword/de-orbit-device.html
CubeSats with keyword: De-orbit device,Descent-B Daughter,descent,—,não,https://www.nanosats.eu/keyword/de-orbit-device.html
CubeSats with keyword: De-orbit device,Dragracer 2,dragracer,—,não,https://www.nanosats.eu/keyword/de-orbit-device.html
CubeSats with keyword: De-orbit device,DragSail-CubeSat,dragsail-cubesat,—,não,https://www.nanosats.eu/keyword/de-orbit-device.html
CubeSats with keyword: De-orbit device,DTUSat-1,dtusat-1,—,não,https://www.nanosats.eu/keyword/de-orbit-device.html
CubeSats with keyword: De-orbit device,ECE3SAT,ece3sat,—,não,https://www.nanosats.eu/keyword/de-orbit-device.html
CubeSats with keyword: De-orbit device,ECOSAT-III,ecosat-iii,—,não,https://www.nanosats.eu/keyword/de-orbit-device.html
CubeSats with keyword: De-orbit device,ERNST,ernst,A - sensoriamento remoto,sim,https://www.nanosats.eu/keyword/de-orbit-device.html
CubeSats with keyword: De-orbit device,Foresail-1,foresail-1,A - sensoriamento remoto,sim,https://www.nanosats.eu/keyword/de-orbit-device.html
CubeSats with keyword: De-orbit device,Foresail-1p,foresail-1p,A - sensoriamento remoto,sim,https://www.nanosats.eu/keyword/de-orbit-device.html
CubeSats with keyword: De-orbit device,FREEDOM,freedom,—,não,https://www.nanosats.eu/keyword/de-orbit-device.html
CubeSats with keyword: De-orbit device,freedom.jpg,freedom.jpg,,,https://www.nanosats.eu/keyword/de-orbit-device.html
CubeSats with keyword: De-orbit device,GOMX-2,gomx-2,—,não,https://www.nanosats.eu/keyword/de-orbit-device.html
CubeSats with keyword: De-orbit device,GSat,gsat,—,não,https://www.nanosats.eu/keyword/de-orbit-device.html
CubeSats with keyword: De-orbit device,HORN R,horn,—,não,https://www.nanosats.eu/keyword/de-orbit-device.html
CubeSats with keyword: De-orbit device,IGOR,igor,—,não,https://www.nanosats.eu/keyword/de-orbit-device.html
CubeSats with keyword: De-orbit device,InflateSail,inflatesail,—,não,https://www.nanosats.eu/keyword/de-orbit-device.html
CubeSats with keyword: De-orbit device,KARDSAT Target,kardsat,—,não,https://www.nanosats.eu/keyword/de-orbit-device.html
CubeSats with keyword: De-orbit device,KSAT3U,ksat3u,A - sensoriamento remoto,sim,https://www.nanosats.eu/keyword/de-orbit-device.html
CubeSats with keyword: De-orbit device,OSCaR,oscar,A - sensoriamento remoto,sim,https://www.nanosats.eu/keyword/de-orbit-device.html
CubeSats with keyword: De-orbit device,Parikshit,parikshit,A - sensoriamento remoto,sim,https://www.nanosats.eu/keyword/de-orbit-device.html
CubeSats with keyword: De-orbit device,PQ-Gemini++ 4,pq-gemini,—,não,https://www.nanosats.eu/keyword/de-orbit-device.html
CubeSats with keyword: De-orbit device,PradeepSat,pradeepsat,—,não,https://www.nanosats.eu/keyword/de-orbit-device.html
CubeSats with keyword: De-orbit device,PW-Sat,pw-sat,—,não,https://www.nanosats.eu/keyword/de-orbit-device.html
CubeSats with keyword: De-orbit device,PW-Sat2,pw-sat2,—,não,https://www.nanosats.eu/keyword/de-orbit-device.html
CubeSats with keyword: De-orbit device,SC1,sc1,A(fraco) - câmera sem alvo declarado,não,https://www.nanosats.eu/keyword/de-orbit-device.html
CubeSats with keyword: De-orbit device,STUDSAT-2B,studsat-2b,A - sensoriamento remoto,sim,https://www.nanosats.eu/keyword/de-orbit-device.html
CubeSats with keyword: De-orbit device,SUPERNOVA-BETA,supernova-beta,A - sensoriamento remoto,sim,https://www.nanosats.eu/keyword/de-orbit-device.html
CubeSats with keyword: De-orbit device,Taurus-1,taurus-1,—,não,https://www.nanosats.eu/keyword/de-orbit-device.html
CubeSats with keyword: De-orbit device,TechEdSat,techedsat,A(fraco) - câmera sem alvo declarado,não,https://www.nanosats.eu/keyword/de-orbit-device.html
CubeSats with keyword: De-orbit device,TechEdSat-10,techedsat-10,—,não,https://www.nanosats.eu/keyword/de-orbit-device.html
CubeSats with keyword: De-orbit device,TechEdSat-11,techedsat-11,—,não,https://www.nanosats.eu/keyword/de-orbit-device.html
CubeSats with keyword: De-orbit device,TechEdSat-14,techedsat-14,—,não,https://www.nanosats.eu/keyword/de-orbit-device.html
CubeSats with keyword: De-orbit device,TechEdSat-16,techedsat-16,—,não,https://www.nanosats.eu/keyword/de-orbit-device.html
CubeSats with keyword: De-orbit device,TechEdSat-17,techedsat-17,—,não,https://www.nanosats.eu/keyword/de-orbit-device.html
CubeSats with keyword: De-orbit device,TechEdSat-19,techedsat-18,—,não,https://www.nanosats.eu/keyword/de-orbit-device.html
CubeSats with keyword: De-orbit device,TechEdSat-21,techedsat-21,—,não,https://www.nanosats.eu/keyword/de-orbit-device.html
CubeSats with keyword: De-orbit device,TechEdSat-22,techedsat-22,—,não,https://www.nanosats.eu/keyword/de-orbit-device.html
CubeSats with keyword: De-orbit device,TechEdSat-3p,techedsat-3p,—,não,https://www.nanosats.eu/keyword/de-orbit-device.html
CubeSats with keyword: De-orbit device,TechEdSat-4,techedsat-4,—,não,https://www.nanosats.eu/keyword/de-orbit-device.html
CubeSats with keyword: De-orbit device,TechEdSat-5,techedsat-5,—,não,https://www.nanosats.eu/keyword/de-orbit-device.html
CubeSats with keyword: De-orbit device,TechEdSat-6,techedsat-6,—,não,https://www.nanosats.eu/keyword/de-orbit-device.html
CubeSats with keyword: De-orbit device,TechEdSat-7,techedsat-7,—,não,https://www.nanosats.eu/keyword/de-orbit-device.html
CubeSats with keyword: De-orbit device,TechEdSat-8,techedsat-8,—,não,https://www.nanosats.eu/keyword/de-orbit-device.html
CubeSats with keyword: De-orbit device,techedsat3_2.jpg,techedsat3_2.jpg,,,https://www.nanosats.eu/keyword/de-orbit-device.html
CubeSats with keyword: De-orbit device,techedsat_4.0.jpg,techedsat_4.0.jpg,,,https://www.nanosats.eu/keyword/de-orbit-device.html
CubeSats with keyword: De-orbit device,TPA-1,tpa-1,A - sensoriamento remoto,sim,https://www.nanosats.eu/keyword/de-orbit-device.html
CubeSats with keyword: De-orbit device,TURKSAT-3USAT,turksat-3usat,A(fraco) - câmera sem alvo declarado,não,https://www.nanosats.eu/keyword/de-orbit-device.html
CubeSats with keyword: De-orbit device,wasada-sat3.jpg,wasada-sat3.jpg,,,https://www.nanosats.eu/keyword/de-orbit-device.html
CubeSats with keyword: De-orbit device,Waseda-SAT0,waseda-sat-0,—,não,https://www.nanosats.eu/keyword/de-orbit-device.html
CubeSats with keyword: De-orbit device,WASEDA-SAT-ZERO-II,waseda-sat-0-2,—,não,https://www.nanosats.eu/keyword/de-orbit-device.html
CubeSats with keyword: De-orbit device,Waseda-SAT3,waseda-sat-3,A(fraco) - câmera sem alvo declarado,não,https://www.nanosats.eu/keyword/de-orbit-device.html
CubeSats with keyword: De-orbit device,WISDOM-B,wisdom,—,não,https://www.nanosats.eu/keyword/de-orbit-device.html
CubeSats with keyword: De-orbit device,WormSail,wormsail,—,não,https://www.nanosats.eu/keyword/de-orbit-device.html
CubeSats with keyword: De-orbit device,Xiaoxiang-1 03,xiaoxiang-1-03,A - sensoriamento remoto,sim,https://www.nanosats.eu/keyword/de-orbit-device.html
CubeSats with keyword: De-orbit device,Xiaoxiang-1 04,xiaoxiang-1-04,A - sensoriamento remoto,sim,https://www.nanosats.eu/keyword/de-orbit-device.html
CubeSats with keyword: De-orbit device,Yareelo 4,yareelo-3-4,—,não,https://www.nanosats.eu/keyword/de-orbit-device.html
CubeSats with keyword: Deployable antenna,3Cat-8_5.png,3Cat-8_5.png,,,https://www.nanosats.eu/keyword/deployable-antenna.html
CubeSats with keyword: Deployable antenna,3CAT-8,3cat8,—,não,https://www.nanosats.eu/keyword/deployable-antenna.html
CubeSats with keyword: Deployable antenna,CIRES.png,CIRES.png,,,https://www.nanosats.eu/keyword/deployable-antenna.html
CubeSats with keyword: Deployable antenna,Commtrail_3.jpeg,Commtrail_3.jpeg,,,https://www.nanosats.eu/keyword/deployable-antenna.html
CubeSats with keyword: Deployable antenna,ELO.png,ELO.png,,,https://www.nanosats.eu/keyword/deployable-antenna.html
CubeSats with keyword: Deployable antenna,Hiber-1.jpeg,Hiber-1.jpeg,,,https://www.nanosats.eu/keyword/deployable-antenna.html
CubeSats with keyword: Deployable antenna,Hiber-3.jpg,Hiber-3.jpg,,,https://www.nanosats.eu/keyword/deployable-antenna.html
CubeSats with keyword: Deployable antenna,Hiber-3_2.jpg,Hiber-3_2.jpg,,,https://www.nanosats.eu/keyword/deployable-antenna.html
CubeSats with keyword: Deployable antenna,CubeSat Imaging Radar for Earth Science,cires,A - sensoriamento remoto,sim,https://www.nanosats.eu/keyword/deployable-antenna.html
CubeSats with keyword: Deployable antenna,Commtrail,commtrail,B - coleta de plataformas (DCS/IoT); C - sinais cooperativos (AIS/ADS-B/RF),sim,https://www.nanosats.eu/keyword/deployable-antenna.html
CubeSats with keyword: Deployable antenna,ELO Alpha,elo,B - coleta de plataformas (DCS/IoT),sim,https://www.nanosats.eu/keyword/deployable-antenna.html
CubeSats with keyword: Deployable antenna,Hiber 3,hiber,B - coleta de plataformas (DCS/IoT),sim,https://www.nanosats.eu/keyword/deployable-antenna.html
CubeSats with keyword: Deployable boom,ALSAT-Nano_2.png,ALSAT-Nano_2.png,,,https://www.nanosats.eu/keyword/deployable-boom.html
CubeSats with keyword: Deployable boom,CANVAS_5.png,CANVAS_5.png,,,https://www.nanosats.eu/keyword/deployable-boom.html
CubeSats with keyword: Deployable boom,GASPACS_3.jpg,GASPACS_3.jpg,,,https://www.nanosats.eu/keyword/deployable-boom.html
CubeSats with keyword: Deployable boom,NanoMagSat.jpg,NanoMagSat.jpg,,,https://www.nanosats.eu/keyword/deployable-boom.html
CubeSats with keyword: Deployable boom,QMSat_3.jpg,QMSat_3.jpg,,,https://www.nanosats.eu/keyword/deployable-boom.html
CubeSats with keyword: Deployable boom,TPA-1_4.png,TPA-1_4.png,,,https://www.nanosats.eu/keyword/deployable-boom.html
CubeSats with keyword: Deployable boom,ALSAT-Nano,alsat-nano,A - sensoriamento remoto,sim,https://www.nanosats.eu/keyword/deployable-boom.html
CubeSats with keyword: Deployable boom,CANVAS,canvas,—,não,https://www.nanosats.eu/keyword/deployable-boom.html
CubeSats with keyword: Deployable boom,GASPACS,gaspacs,—,não,https://www.nanosats.eu/keyword/deployable-boom.html
CubeSats with keyword: Deployable boom,NanoMagSat C,nanomagsat,A - sensoriamento remoto,sim,https://www.nanosats.eu/keyword/deployable-boom.html
CubeSats with keyword: Deployable boom,QMSat,qmsat,—,não,https://www.nanosats.eu/keyword/deployable-boom.html
CubeSats with keyword: Deployable boom,TPA-1,tpa-1,A - sensoriamento remoto,sim,https://www.nanosats.eu/keyword/deployable-boom.html
CubeSats with keyword: Deployable parabolic antenna,Aeneas_2.jpg,Aeneas_2.jpg,,,https://www.nanosats.eu/keyword/deployable-parabolic-antenna.html
CubeSats with keyword: Deployable parabolic antenna,MAXWELL.bmp,MAXWELL.bmp,,,https://www.nanosats.eu/keyword/deployable-parabolic-antenna.html
CubeSats with keyword: Deployable parabolic antenna,MCNAIR.jpg,MCNAIR.jpg,,,https://www.nanosats.eu/keyword/deployable-parabolic-antenna.html
CubeSats with keyword: Deployable parabolic antenna,NSLComm_2.jpg,NSLComm_2.jpg,,,https://www.nanosats.eu/keyword/deployable-parabolic-antenna.html
CubeSats with keyword: Deployable parabolic antenna,NSLSat-2.png,NSLSat-2.png,,,https://www.nanosats.eu/keyword/deployable-parabolic-antenna.html
CubeSats with keyword: Deployable parabolic antenna,Radix.jpg,Radix.jpg,,,https://www.nanosats.eu/keyword/deployable-parabolic-antenna.html
CubeSats with keyword: Deployable parabolic antenna,RainCube_1_2x3.jpg,RainCube_1_2x3.jpg,,,https://www.nanosats.eu/keyword/deployable-parabolic-antenna.html
CubeSats with keyword: Deployable parabolic antenna,WISCER.png,WISCER.png,,,https://www.nanosats.eu/keyword/deployable-parabolic-antenna.html
CubeSats with keyword: Deployable parabolic antenna,AENEAS,aeneas,B - coleta de plataformas (DCS/IoT),sim,https://www.nanosats.eu/keyword/deployable-parabolic-antenna.html
CubeSats with keyword: Deployable parabolic antenna,aeneas__1.jpg,aeneas__1.jpg,,,https://www.nanosats.eu/keyword/deployable-parabolic-antenna.html
CubeSats with keyword: Deployable parabolic antenna,MAXWELL,maxwell,—,não,https://www.nanosats.eu/keyword/deployable-parabolic-antenna.html
CubeSats with keyword: Deployable parabolic antenna,MCNAIR,mcnair,—,não,https://www.nanosats.eu/keyword/deployable-parabolic-antenna.html
CubeSats with keyword: Deployable parabolic antenna,NSLSat 2,nslcomm-nslsat,—,não,https://www.nanosats.eu/keyword/deployable-parabolic-antenna.html
CubeSats with keyword: Deployable parabolic antenna,PTecSat,ptecsat,B - coleta de plataformas (DCS/IoT),sim,https://www.nanosats.eu/keyword/deployable-parabolic-antenna.html
CubeSats with keyword: Deployable parabolic antenna,Radix,radix,—,não,https://www.nanosats.eu/keyword/deployable-parabolic-antenna.html
CubeSats with keyword: Deployable parabolic antenna,RainCube,raincube,A - sensoriamento remoto,sim,https://www.nanosats.eu/keyword/deployable-parabolic-antenna.html
CubeSats with keyword: Deployable parabolic antenna,WISCER,wiscer,A - sensoriamento remoto,sim,https://www.nanosats.eu/keyword/deployable-parabolic-antenna.html
CubeSats with keyword: Deployable telescope,FalconSat7_2.jpg,FalconSat7_2.jpg,,,https://www.nanosats.eu/keyword/deployable-telescope.html
CubeSats with keyword: Deployable telescope,New-Zealand-12U.png,New-Zealand-12U.png,,,https://www.nanosats.eu/keyword/deployable-telescope.html
CubeSats with keyword: Deployable telescope,PRISM_3.jpg,PRISM_3.jpg,,,https://www.nanosats.eu/keyword/deployable-telescope.html
CubeSats with keyword: Deployable telescope,Waypoint.jpg,Waypoint.jpg,,,https://www.nanosats.eu/keyword/deployable-telescope.html
CubeSats with keyword: Deployable telescope,FalconSAT-7,falconsat-7,—,não,https://www.nanosats.eu/keyword/deployable-telescope.html
CubeSats with keyword: Deployable telescope,PRISM,prism,A(fraco) - câmera sem alvo declarado,não,https://www.nanosats.eu/keyword/deployable-telescope.html
CubeSats with keyword: Deployable telescope,TPA-3,tpa-3,A(fraco) - câmera sem alvo declarado,não,https://www.nanosats.eu/keyword/deployable-telescope.html
CubeSats with keyword: Deployable telescope,Waypoint 1,waypoint-1,A - sensoriamento remoto,sim,https://www.nanosats.eu/keyword/deployable-telescope.html
CubeSats with keyword: Docking,AAReST.png,AAReST.png,,,https://www.nanosats.eu/keyword/docking.html
CubeSats with keyword: Docking,C-Pod_Photo.jpg,C-Pod_Photo.jpg,,,https://www.nanosats.eu/keyword/docking.html
CubeSats with keyword: Docking,KARDSAT.png,KARDSAT.png,,,https://www.nanosats.eu/keyword/docking.html
CubeSats with keyword: Docking,KARDSAT_2.png,KARDSAT_2.png,,,https://www.nanosats.eu/keyword/docking.html
CubeSats with keyword: Docking,PAN.jpg,PAN.jpg,,,https://www.nanosats.eu/keyword/docking.html
CubeSats with keyword: Docking,RACE_double_CubeSat_mission.png,RACE_double_CubeSat_mission.png,,,https://www.nanosats.eu/keyword/docking.html
CubeSats with keyword: Docking,SROC_2.png,SROC_2.png,,,https://www.nanosats.eu/keyword/docking.html
CubeSats with keyword: Docking,Snuglite-III.jpg,Snuglite-III.jpg,,,https://www.nanosats.eu/keyword/docking.html
CubeSats with keyword: Docking,TAMARIW.png,TAMARIW.png,,,https://www.nanosats.eu/keyword/docking.html
CubeSats with keyword: Docking,UND-Roads.png,UND-Roads.png,,,https://www.nanosats.eu/keyword/docking.html
CubeSats with keyword: Docking,AAReST MirrorSat 1,aarest-mirrorsat1,—,não,https://www.nanosats.eu/keyword/docking.html
CubeSats with keyword: Docking,AAReST MirrorSat 2,aarest-mirrorsat2,—,não,https://www.nanosats.eu/keyword/docking.html
CubeSats with keyword: Docking,CPOD B,cpod,—,não,https://www.nanosats.eu/keyword/docking.html
CubeSats with keyword: Docking,KARDSAT Target,kardsat,—,não,https://www.nanosats.eu/keyword/docking.html
CubeSats with keyword: Docking,PACE,pace-capture,—,não,https://www.nanosats.eu/keyword/docking.html
CubeSats with keyword: Docking,PAN B,pan,—,não,https://www.nanosats.eu/keyword/docking.html
CubeSats with keyword: Docking,RACE 2,race-esa,—,não,https://www.nanosats.eu/keyword/docking.html
CubeSats with keyword: Docking,Snuglite-III B,snuglite-3,—,não,https://www.nanosats.eu/keyword/docking.html
CubeSats with keyword: Docking,SROC,sroc,A - sensoriamento remoto,sim,https://www.nanosats.eu/keyword/docking.html
CubeSats with keyword: Docking,STRaND-2B,strand-2,—,não,https://www.nanosats.eu/keyword/docking.html
CubeSats with keyword: Docking,strand_2.jpg,strand_2.jpg,,,https://www.nanosats.eu/keyword/docking.html
CubeSats with keyword: Docking,TAMARIW B “TeilAutonome Montage/Aufbau und Rekonfiguration Im Weltraum”,tamariw,—,não,https://www.nanosats.eu/keyword/docking.html
CubeSats with keyword: Docking,UND Roads 2,und-roads,—,não,https://www.nanosats.eu/keyword/docking.html
CubeSats with keyword: Earthquake ELF prediction,APSS-1_2.jpg,APSS-1_2.jpg,,,https://www.nanosats.eu/keyword/earthquake-elf-prediction.html
CubeSats with keyword: Earthquake ELF prediction,Cu-REO.jpg,Cu-REO.jpg,,,https://www.nanosats.eu/keyword/earthquake-elf-prediction.html
CubeSats with keyword: Earthquake ELF prediction,Prelude.png,Prelude.png,,,https://www.nanosats.eu/keyword/earthquake-elf-prediction.html
CubeSats with keyword: Earthquake ELF prediction,QuakeSat_Picture_04_s.jpg,QuakeSat_Picture_04_s.jpg,,,https://www.nanosats.eu/keyword/earthquake-elf-prediction.html
CubeSats with keyword: Earthquake ELF prediction,TwinSat-1N.png,TwinSat-1N.png,,,https://www.nanosats.eu/keyword/earthquake-elf-prediction.html
CubeSats with keyword: Earthquake ELF prediction,APSS-1 QuakeTEC,apss-1,—,não,https://www.nanosats.eu/keyword/earthquake-elf-prediction.html
CubeSats with keyword: Earthquake ELF prediction,Cu-REO,cu-reo,—,não,https://www.nanosats.eu/keyword/earthquake-elf-prediction.html
CubeSats with keyword: Earthquake ELF prediction,PRELUDE,prelude,—,não,https://www.nanosats.eu/keyword/earthquake-elf-prediction.html
CubeSats with keyword: Earthquake ELF prediction,QuakeSat,quakesat,—,não,https://www.nanosats.eu/keyword/earthquake-elf-prediction.html
CubeSats with keyword: Earthquake ELF prediction,TwinSat-1N,twinsat-1n,—,não,https://www.nanosats.eu/keyword/earthquake-elf-prediction.html
CubeSats with keyword: Fast spin-up,DIME.jpg,DIME.jpg,,,https://www.nanosats.eu/keyword/fast-spin-up.html
CubeSats with keyword: Fast spin-up,ESTCube-1.jpg,ESTCube-1.jpg,,,https://www.nanosats.eu/keyword/fast-spin-up.html
CubeSats with keyword: Fast spin-up,MAGNARO2.jpeg,MAGNARO2.jpeg,,,https://www.nanosats.eu/keyword/fast-spin-up.html
CubeSats with keyword: Fast spin-up,DIME,dime,A - sensoriamento remoto,sim,https://www.nanosats.eu/keyword/fast-spin-up.html
CubeSats with keyword: Fast spin-up,ESTCube-1,estcube-1,A(fraco) - câmera sem alvo declarado,não,https://www.nanosats.eu/keyword/fast-spin-up.html
CubeSats with keyword: Fast spin-up,MAGNARO B Child,magnaro,—,não,https://www.nanosats.eu/keyword/fast-spin-up.html
CubeSats with keyword: Fast spin-up,MAGNARO-II - Tigris,magnaro-2,—,não,https://www.nanosats.eu/keyword/fast-spin-up.html
CubeSats with keyword: First CubeSat of country,1KUNS-PF_1-U_Cubesat.jpg,1KUNS-PF_1-U_Cubesat.jpg,,,https://www.nanosats.eu/keyword/first-cubesat-of-country.html
CubeSats with keyword: First CubeSat of country,1KUNS-PF,1kuns-pf,A - sensoriamento remoto,sim,https://www.nanosats.eu/keyword/first-cubesat-of-country.html
CubeSats with keyword: First CubeSat of country,ANTELSAT_CubeSat.jpg,ANTELSAT_CubeSat.jpg,,,https://www.nanosats.eu/keyword/first-cubesat-of-country.html
CubeSats with keyword: First CubeSat of country,APSS-I QuakeTEC.jpg,APSS-I QuakeTEC.jpg,,,https://www.nanosats.eu/keyword/first-cubesat-of-country.html
CubeSats with keyword: First CubeSat of country,Aalto-2_3.jpeg,Aalto-2_3.jpeg,,,https://www.nanosats.eu/keyword/first-cubesat-of-country.html
CubeSats with keyword: First CubeSat of country,Al-Farabi-1.jpeg,Al-Farabi-1.jpeg,,,https://www.nanosats.eu/keyword/first-cubesat-of-country.html
CubeSats with keyword: First CubeSat of country,Apsara-1.png,Apsara-1.png,,,https://www.nanosats.eu/keyword/first-cubesat-of-country.html
CubeSats with keyword: First CubeSat of country,B.jpg,B.jpg,,,https://www.nanosats.eu/keyword/first-cubesat-of-country.html
CubeSats with keyword: First CubeSat of country,BHUTAN-1.png,BHUTAN-1.png,,,https://www.nanosats.eu/keyword/first-cubesat-of-country.html
CubeSats with keyword: First CubeSat of country,BSUSat_1.png,BSUSat_1.png,,,https://www.nanosats.eu/keyword/first-cubesat-of-country.html
CubeSats with keyword: First CubeSat of country,Brac-Onnesha.jpg,Brac-Onnesha.jpg,,,https://www.nanosats.eu/keyword/first-cubesat-of-country.html
CubeSats with keyword: First CubeSat of country,CUTE-I_FM_0530.jpg,CUTE-I_FM_0530.jpg,,,https://www.nanosats.eu/keyword/first-cubesat-of-country.html
CubeSats with keyword: First CubeSat of country,CanX-1.png,CanX-1.png,,,https://www.nanosats.eu/keyword/first-cubesat-of-country.html
CubeSats with keyword: First CubeSat of country,CanX-1_DTUSat_AAUSat.png,CanX-1_DTUSat_AAUSat.png,,,https://www.nanosats.eu/keyword/first-cubesat-of-country.html
CubeSats with keyword: First CubeSat of country,ChallengeOne_2.jpg,ChallengeOne_2.jpg,,,https://www.nanosats.eu/keyword/first-cubesat-of-country.html
CubeSats with keyword: First CubeSat of country,CroCube_LasarSat.jpeg,CroCube_LasarSat.jpeg,,,https://www.nanosats.eu/keyword/first-cubesat-of-country.html
CubeSats with keyword: First CubeSat of country,CubeBug-1_11.jpg,CubeBug-1_11.jpg,,,https://www.nanosats.eu/keyword/first-cubesat-of-country.html
CubeSats with keyword: First CubeSat of country,DJIBOUTI-1A_3.jpeg,DJIBOUTI-1A_3.jpeg,,,https://www.nanosats.eu/keyword/first-cubesat-of-country.html
CubeSats with keyword: First CubeSat of country,Delfi-C3_2.jpeg,Delfi-C3_2.jpeg,,,https://www.nanosats.eu/keyword/first-cubesat-of-country.html
CubeSats with keyword: First CubeSat of country,Delivery_of_NCube2_one_of_the_payloads_for_SSETI_Express.jpe,Delivery_of_NCube2_one_of_the_payloads_for_SSETI_Express.jpe,,,https://www.nanosats.eu/keyword/first-cubesat-of-country.html
CubeSats with keyword: First CubeSat of country,Duchifat-1-e1434703251249.jpg,Duchifat-1-e1434703251249.jpg,,,https://www.nanosats.eu/keyword/first-cubesat-of-country.html
CubeSats with keyword: First CubeSat of country,EIRSAT-1_5.jfif,EIRSAT-1_5.jfif,,,https://www.nanosats.eu/keyword/first-cubesat-of-country.html
CubeSats with keyword: First CubeSat of country,ET-SMART-RSS_1.jpg,ET-SMART-RSS_1.jpg,,,https://www.nanosats.eu/keyword/first-cubesat-of-country.html
CubeSats with keyword: First CubeSat of country,Estcube-1_2012-12-27.jpg,Estcube-1_2012-12-27.jpg,,,https://www.nanosats.eu/keyword/first-cubesat-of-country.html
CubeSats with keyword: First CubeSat of country,F-1_CubeSat_Flight_Model.jpg,F-1_CubeSat_Flight_Model.jpg,,,https://www.nanosats.eu/keyword/first-cubesat-of-country.html
CubeSats with keyword: First CubeSat of country,GaindeSAT-1A_3.jpeg,GaindeSAT-1A_3.jpeg,,,https://www.nanosats.eu/keyword/first-cubesat-of-country.html
CubeSats with keyword: First CubeSat of country,GhanaSat-1.png,GhanaSat-1.png,,,https://www.nanosats.eu/keyword/first-cubesat-of-country.html
CubeSats with keyword: First CubeSat of country,Goliat.jpg,Goliat.jpg,,,https://www.nanosats.eu/keyword/first-cubesat-of-country.html
CubeSats with keyword: First CubeSat of country,GuaraniSat-1_2.jpg,GuaraniSat-1_2.jpg,,,https://www.nanosats.eu/keyword/first-cubesat-of-country.html
CubeSats with keyword: First CubeSat of country,Hayasat-1.jpg,Hayasat-1.jpg,,,https://www.nanosats.eu/keyword/first-cubesat-of-country.html
CubeSats with keyword: First CubeSat of country,ICube-1.jpg,ICube-1.jpg,,,https://www.nanosats.eu/keyword/first-cubesat-of-country.html
CubeSats with keyword: First CubeSat of country,ITUpSAT-1_2.png,ITUpSAT-1_2.png,,,https://www.nanosats.eu/keyword/first-cubesat-of-country.html
CubeSats with keyword: First CubeSat of country,KSU_CubeSat_3.jpg,KSU_CubeSat_3.jpg,,,https://www.nanosats.eu/keyword/first-cubesat-of-country.html
CubeSats with keyword: First CubeSat of country,KnackSat1.png,KnackSat1.png,,,https://www.nanosats.eu/keyword/first-cubesat-of-country.html
CubeSats with keyword: First CubeSat of country,Libertad-1_2.jpg,Libertad-1_2.jpg,,,https://www.nanosats.eu/keyword/first-cubesat-of-country.html
CubeSats with keyword: First CubeSat of country,LitSat_2.jpg,LitSat_2.jpg,,,https://www.nanosats.eu/keyword/first-cubesat-of-country.html
CubeSats with keyword: First CubeSat of country,Luca_2.jpg,Luca_2.jpg,,,https://www.nanosats.eu/keyword/first-cubesat-of-country.html
CubeSats with keyword: First CubeSat of country,MAYA-1_BIRDS-2.jpg,MAYA-1_BIRDS-2.jpg,,,https://www.nanosats.eu/keyword/first-cubesat-of-country.html
CubeSats with keyword: First CubeSat of country,MIR-SAT1_3.jpg,MIR-SAT1_3.jpg,,,https://www.nanosats.eu/keyword/first-cubesat-of-country.html
CubeSats with keyword: First CubeSat of country,MRZ-SAT_4.png,MRZ-SAT_4.png,,,https://www.nanosats.eu/keyword/first-cubesat-of-country.html
CubeSats with keyword: First CubeSat of country,MaSat-1.jpg,MaSat-1.jpg,,,https://www.nanosats.eu/keyword/first-cubesat-of-country.html
CubeSats with keyword: First CubeSat of country,Mazaalai.jpg,Mazaalai.jpg,,,https://www.nanosats.eu/keyword/first-cubesat-of-country.html
CubeSats with keyword: First CubeSat of country,NARSSCube.jpeg,NARSSCube.jpeg,,,https://www.nanosats.eu/keyword/first-cubesat-of-country.html
CubeSats with keyword: First CubeSat of country,NanoBr-1-Holanda.jpg,NanoBr-1-Holanda.jpg,,,https://www.nanosats.eu/keyword/first-cubesat-of-country.html
CubeSats with keyword: First CubeSat of country,NepaliSat-1-Nepali-satellite.jpg,NepaliSat-1-Nepali-satellite.jpg,,,https://www.nanosats.eu/keyword/first-cubesat-of-country.html
CubeSats with keyword: First CubeSat of country,Nigeria EduSat-1.jpeg,Nigeria EduSat-1.jpeg,,,https://www.nanosats.eu/keyword/first-cubesat-of-country.html
CubeSats with keyword: First CubeSat of country,Nour-01.jpg,Nour-01.jpg,,,https://www.nanosats.eu/keyword/first-cubesat-of-country.html
CubeSats with keyword: First CubeSat of country,PEGASUS_2.jpg,PEGASUS_2.jpg,,,https://www.nanosats.eu/keyword/first-cubesat-of-country.html
CubeSats with keyword: First CubeSat of country,PUCP-SAT-1_1.jpg,PUCP-SAT-1_1.jpg,,,https://www.nanosats.eu/keyword/first-cubesat-of-country.html
CubeSats with keyword: First CubeSat of country,PW-Sat_Pawel_Sanczyk.jpg,PW-Sat_Pawel_Sanczyk.jpg,,,https://www.nanosats.eu/keyword/first-cubesat-of-country.html
CubeSats with keyword: First CubeSat of country,PearlAfricaSat_TAKA_ZimSat.jpg,PearlAfricaSat_TAKA_ZimSat.jpg,,,https://www.nanosats.eu/keyword/first-cubesat-of-country.html
CubeSats with keyword: First CubeSat of country,Perseus-M_4.png,Perseus-M_4.png,,,https://www.nanosats.eu/keyword/first-cubesat-of-country.html
CubeSats with keyword: First CubeSat of country,PolyITAN-1_2.jpg,PolyITAN-1_2.jpg,,,https://www.nanosats.eu/keyword/first-cubesat-of-country.html
CubeSats with keyword: First CubeSat of country,QB50p.png,QB50p.png,,,https://www.nanosats.eu/keyword/first-cubesat-of-country.html
CubeSats with keyword: First CubeSat of country,QMR-KWT.jpg,QMR-KWT.jpg,,,https://www.nanosats.eu/keyword/first-cubesat-of-country.html
CubeSats with keyword: First CubeSat of country,Quakesat.jpg,Quakesat.jpg,,,https://www.nanosats.eu/keyword/first-cubesat-of-country.html
CubeSats with keyword: First CubeSat of country,Quetzal-1_5.jpg,Quetzal-1_5.jpg,,,https://www.nanosats.eu/keyword/first-cubesat-of-country.html
CubeSats with keyword: First CubeSat of country,RAAVANA-1_4.jpg,RAAVANA-1_4.jpg,,,https://www.nanosats.eu/keyword/first-cubesat-of-country.html
CubeSats with keyword: First CubeSat of country,RWASAT-1.jpg,RWASAT-1.jpg,,,https://www.nanosats.eu/keyword/first-cubesat-of-country.html
CubeSats with keyword: First CubeSat of country,Robusta_prior_to_integration.jpg,Robusta_prior_to_integration.jpg,,,https://www.nanosats.eu/keyword/first-cubesat-of-country.html
CubeSats with keyword: First CubeSat of country,RoseyCubesat-1.jpg,RoseyCubesat-1.jpg,,,https://www.nanosats.eu/keyword/first-cubesat-of-country.html
CubeSats with keyword: First CubeSat of country,SS-1_2.jpg,SS-1_2.jpg,,,https://www.nanosats.eu/keyword/first-cubesat-of-country.html
CubeSats with keyword: First CubeSat of country,STORK_11.jpg,STORK_11.jpg,,,https://www.nanosats.eu/keyword/first-cubesat-of-country.html
CubeSats with keyword: First CubeSat of country,STRaND-1_2.jpeg,STRaND-1_2.jpeg,,,https://www.nanosats.eu/keyword/first-cubesat-of-country.html
CubeSats with keyword: First CubeSat of country,SUCHAI.jpg,SUCHAI.jpg,,,https://www.nanosats.eu/keyword/first-cubesat-of-country.html
CubeSats with keyword: First CubeSat of country,StudSat-1_2.png,StudSat-1_2.png,,,https://www.nanosats.eu/keyword/first-cubesat-of-country.html
CubeSats with keyword: First CubeSat of country,SwissCube_tn_P1010406.jpeg,SwissCube_tn_P1010406.jpeg,,,https://www.nanosats.eu/keyword/first-cubesat-of-country.html
CubeSats with keyword: First CubeSat of country,TRISAT_4.jpg,TRISAT_4.jpg,,,https://www.nanosats.eu/keyword/first-cubesat-of-country.html
CubeSats with keyword: First CubeSat of country,TUMnanoSAT_4.jpg,TUMnanoSAT_4.jpg,,,https://www.nanosats.eu/keyword/first-cubesat-of-country.html
CubeSats with keyword: First CubeSat of country,Tiger-2-1.jpg,Tiger-2-1.jpg,,,https://www.nanosats.eu/keyword/first-cubesat-of-country.html
CubeSats with keyword: First CubeSat of country,UNSW-EC0_2.jpg,UNSW-EC0_2.jpg,,,https://www.nanosats.eu/keyword/first-cubesat-of-country.html
CubeSats with keyword: First CubeSat of country,UWE-1_cubesat_that_will_be_one_of_the_payloads_on_the_SSETI_Express.jpe,UWE-1_cubesat_that_will_be_one_of_the_payloads_on_the_SSETI_Express.jpe,,,https://www.nanosats.eu/keyword/first-cubesat-of-country.html
CubeSats with keyword: First CubeSat of country,UiTMSAT-1.jpeg,UiTMSAT-1.jpeg,,,https://www.nanosats.eu/keyword/first-cubesat-of-country.html
CubeSats with keyword: First CubeSat of country,UniCubeSat-GG.jpg,UniCubeSat-GG.jpg,,,https://www.nanosats.eu/keyword/first-cubesat-of-country.html
CubeSats with keyword: First CubeSat of country,VELOX-P2.png,VELOX-P2.png,,,https://www.nanosats.eu/keyword/first-cubesat-of-country.html
CubeSats with keyword: First CubeSat of country,VZLUSAT-1druzice-png-1.png,VZLUSAT-1druzice-png-1.png,,,https://www.nanosats.eu/keyword/first-cubesat-of-country.html
CubeSats with keyword: First CubeSat of country,Xatcobeo_2.jpg,Xatcobeo_2.jpg,,,https://www.nanosats.eu/keyword/first-cubesat-of-country.html
CubeSats with keyword: First CubeSat of country,ZaCube-1_4.jpeg,ZaCube-1_4.jpeg,,,https://www.nanosats.eu/keyword/first-cubesat-of-country.html
CubeSats with keyword: First CubeSat of country,Aalto-2,aalto-2,—,não,https://www.nanosats.eu/keyword/first-cubesat-of-country.html
CubeSats with keyword: First CubeSat of country,Al-Farabi 1,al-farabi-1,A - sensoriamento remoto,sim,https://www.nanosats.eu/keyword/first-cubesat-of-country.html
CubeSats with keyword: First CubeSat of country,Antelsat,antelsat,A(fraco) - câmera sem alvo declarado,não,https://www.nanosats.eu/keyword/first-cubesat-of-country.html
CubeSats with keyword: First CubeSat of country,Apsara-1,apsara-1,A - sensoriamento remoto,sim,https://www.nanosats.eu/keyword/first-cubesat-of-country.html
CubeSats with keyword: First CubeSat of country,APSS-1 QuakeTEC,apss-1,—,não,https://www.nanosats.eu/keyword/first-cubesat-of-country.html
CubeSats with keyword: First CubeSat of country,BHUTAN-1,bhutan-1,A - sensoriamento remoto; B - coleta de plataformas (DCS/IoT),sim,https://www.nanosats.eu/keyword/first-cubesat-of-country.html
CubeSats with keyword: First CubeSat of country,BIRD-B,brac-onnesha,A - sensoriamento remoto,sim,https://www.nanosats.eu/keyword/first-cubesat-of-country.html
CubeSats with keyword: First CubeSat of country,BurkinaSat-1,burkinasat-1,A - sensoriamento remoto,sim,https://www.nanosats.eu/keyword/first-cubesat-of-country.html
CubeSats with keyword: First CubeSat of country,CanX-1,canx-1,—,não,https://www.nanosats.eu/keyword/first-cubesat-of-country.html
CubeSats with keyword: First CubeSat of country,Challenge One,challenge-one,B - coleta de plataformas (DCS/IoT),sim,https://www.nanosats.eu/keyword/first-cubesat-of-country.html
CubeSats with keyword: First CubeSat of country,CroCube,crocube,—,não,https://www.nanosats.eu/keyword/first-cubesat-of-country.html
CubeSats with keyword: First CubeSat of country,CubeBel-1,cubebel-1,A(fraco) - câmera sem alvo declarado,não,https://www.nanosats.eu/keyword/first-cubesat-of-country.html
CubeSats with keyword: First CubeSat of country,CubeBug-1,cubebug-1,A(fraco) - câmera sem alvo declarado,não,https://www.nanosats.eu/keyword/first-cubesat-of-country.html
CubeSats with keyword: First CubeSat of country,cubesat-nee-01-pegasus.jpg,cubesat-nee-01-pegasus.jpg,,,https://www.nanosats.eu/keyword/first-cubesat-of-country.html
CubeSats with keyword: First CubeSat of country,CUTE-I,cute-i,—,não,https://www.nanosats.eu/keyword/first-cubesat-of-country.html
CubeSats with keyword: First CubeSat of country,Delfi-C3,delfi-c3,—,não,https://www.nanosats.eu/keyword/first-cubesat-of-country.html
CubeSats with keyword: First CubeSat of country,Djibouti-1A,djibouti-1a,A - sensoriamento remoto; B - coleta de plataformas (DCS/IoT),sim,https://www.nanosats.eu/keyword/first-cubesat-of-country.html
CubeSats with keyword: First CubeSat of country,DTUSat-1,dtusat-1,—,não,https://www.nanosats.eu/keyword/first-cubesat-of-country.html
CubeSats with keyword: First CubeSat of country,Duchifat-1,duchifat-1,—,não,https://www.nanosats.eu/keyword/first-cubesat-of-country.html
CubeSats with keyword: First CubeSat of country,DUTHSat,duthsat,—,não,https://www.nanosats.eu/keyword/first-cubesat-of-country.html
CubeSats with keyword: First CubeSat of country,duthsat.jpg,duthsat.jpg,,,https://www.nanosats.eu/keyword/first-cubesat-of-country.html
CubeSats with keyword: First CubeSat of country,e-st_r.jpg,e-st_r.jpg,,,https://www.nanosats.eu/keyword/first-cubesat-of-country.html
CubeSats with keyword: First CubeSat of country,e-st@r,e-star,—,não,https://www.nanosats.eu/keyword/first-cubesat-of-country.html
CubeSats with keyword: First CubeSat of country,EIRSAT-1,eirsat-1,—,não,https://www.nanosats.eu/keyword/first-cubesat-of-country.html
CubeSats with keyword: First CubeSat of country,EnduroSat A,endurosat-a,—,não,https://www.nanosats.eu/keyword/first-cubesat-of-country.html
CubeSats with keyword: First CubeSat of country,ESTCube-1,estcube-1,A(fraco) - câmera sem alvo declarado,não,https://www.nanosats.eu/keyword/first-cubesat-of-country.html
CubeSats with keyword: First CubeSat of country,ET-SMART-RSS,et-smart-rss,A - sensoriamento remoto,sim,https://www.nanosats.eu/keyword/first-cubesat-of-country.html
CubeSats with keyword: First CubeSat of country,F-1,f-1,A(fraco) - câmera sem alvo declarado,não,https://www.nanosats.eu/keyword/first-cubesat-of-country.html
CubeSats with keyword: First CubeSat of country,GaindeSat,gaindesat,A - sensoriamento remoto,sim,https://www.nanosats.eu/keyword/first-cubesat-of-country.html
CubeSats with keyword: First CubeSat of country,BIRD-G,ghanasat-1,A - sensoriamento remoto,sim,https://www.nanosats.eu/keyword/first-cubesat-of-country.html
CubeSats with keyword: First CubeSat of country,Goliat,goliat,A(fraco) - câmera sem alvo declarado,não,https://www.nanosats.eu/keyword/first-cubesat-of-country.html
CubeSats with keyword: First CubeSat of country,GuaraniSat-1,guaranisat-1,A(fraco) - câmera sem alvo declarado; B - coleta de plataformas (DCS/IoT),sim,https://www.nanosats.eu/keyword/first-cubesat-of-country.html
CubeSats with keyword: First CubeSat of country,HAUSat-1,hausat-1,—,não,https://www.nanosats.eu/keyword/first-cubesat-of-country.html
CubeSats with keyword: First CubeSat of country,hausat-1__1.jpg,hausat-1__1.jpg,,,https://www.nanosats.eu/keyword/first-cubesat-of-country.html
CubeSats with keyword: First CubeSat of country,Hayasat-1,hayasat-1,—,não,https://www.nanosats.eu/keyword/first-cubesat-of-country.html
CubeSats with keyword: First CubeSat of country,ICUBE-1,icube-1,A(fraco) - câmera sem alvo declarado,não,https://www.nanosats.eu/keyword/first-cubesat-of-country.html
CubeSats with keyword: First CubeSat of country,Irazu,irazu,A - sensoriamento remoto,sim,https://www.nanosats.eu/keyword/first-cubesat-of-country.html
CubeSats with keyword: First CubeSat of country,irazu_img1.jpg,irazu_img1.jpg,,,https://www.nanosats.eu/keyword/first-cubesat-of-country.html
CubeSats with keyword: First CubeSat of country,ITUpSAT-1,itupsat-1,A - sensoriamento remoto,sim,https://www.nanosats.eu/keyword/first-cubesat-of-country.html
CubeSats with keyword: First CubeSat of country,JY1-SAT,jy1-sat,—,não,https://www.nanosats.eu/keyword/first-cubesat-of-country.html
CubeSats with keyword: First CubeSat of country,jy1-sat-cubesat.jpg,jy1-sat-cubesat.jpg,,,https://www.nanosats.eu/keyword/first-cubesat-of-country.html
CubeSats with keyword: First CubeSat of country,KNACKSAT,knacksat,A - sensoriamento remoto,sim,https://www.nanosats.eu/keyword/first-cubesat-of-country.html
CubeSats with keyword: First CubeSat of country,KSU_CubeSat,ksu-cubesat,—,não,https://www.nanosats.eu/keyword/first-cubesat-of-country.html
CubeSats with keyword: First CubeSat of country,KufaSat,kufasat,A - sensoriamento remoto,sim,https://www.nanosats.eu/keyword/first-cubesat-of-country.html
CubeSats with keyword: First CubeSat of country,Libertad-1,libertad-1,A(fraco) - câmera sem alvo declarado,não,https://www.nanosats.eu/keyword/first-cubesat-of-country.html
CubeSats with keyword: First CubeSat of country,LitSat-1,litsat-1,—,não,https://www.nanosats.eu/keyword/first-cubesat-of-country.html
CubeSats with keyword: First CubeSat of country,Luca,luca,A - sensoriamento remoto,sim,https://www.nanosats.eu/keyword/first-cubesat-of-country.html
CubeSats with keyword: First CubeSat of country,MaSat-1,masat-1,A(fraco) - câmera sem alvo declarado,não,https://www.nanosats.eu/keyword/first-cubesat-of-country.html
CubeSats with keyword: First CubeSat of country,MAYA-1,maya-1,B - coleta de plataformas (DCS/IoT),sim,https://www.nanosats.eu/keyword/first-cubesat-of-country.html
CubeSats with keyword: First CubeSat of country,BIRD-M,mazaalai,A - sensoriamento remoto,sim,https://www.nanosats.eu/keyword/first-cubesat-of-country.html
CubeSats with keyword: First CubeSat of country,MIR-SAT1,mir-sat1,A - sensoriamento remoto,sim,https://www.nanosats.eu/keyword/first-cubesat-of-country.html
CubeSats with keyword: First CubeSat of country,MRZ-SAT,mrz-sat,A - sensoriamento remoto,sim,https://www.nanosats.eu/keyword/first-cubesat-of-country.html
CubeSats with keyword: First CubeSat of country,NANOSATC-BR1,nanosatc-br1,—,não,https://www.nanosats.eu/keyword/first-cubesat-of-country.html
CubeSats with keyword: First CubeSat of country,NARSSCube-1,narsscube,A - sensoriamento remoto,sim,https://www.nanosats.eu/keyword/first-cubesat-of-country.html
CubeSats with keyword: First CubeSat of country,Nayif-1,nayif-1,—,não,https://www.nanosats.eu/keyword/first-cubesat-of-country.html
CubeSats with keyword: First CubeSat of country,nayif-1-cubesat-image-credit-wouter-weggelaar-pa3weg.jpg,nayif-1-cubesat-image-credit-wouter-weggelaar-pa3weg.jpg,,,https://www.nanosats.eu/keyword/first-cubesat-of-country.html
CubeSats with keyword: First CubeSat of country,nCube-2,ncube-2,C - sinais cooperativos (AIS/ADS-B/RF),sim,https://www.nanosats.eu/keyword/first-cubesat-of-country.html
CubeSats with keyword: First CubeSat of country,NEE-01 Pegaso,nee-01-pegaso,—,não,https://www.nanosats.eu/keyword/first-cubesat-of-country.html
CubeSats with keyword: First CubeSat of country,NepaliSat-1,nepalisat-1,A(fraco) - câmera sem alvo declarado; B - coleta de plataformas (DCS/IoT),sim,https://www.nanosats.eu/keyword/first-cubesat-of-country.html
CubeSats with keyword: First CubeSat of country,BIRD-N,nigeria-edusat-1,A - sensoriamento remoto,sim,https://www.nanosats.eu/keyword/first-cubesat-of-country.html
CubeSats with keyword: First CubeSat of country,NOUR 01,nour-1,—,não,https://www.nanosats.eu/keyword/first-cubesat-of-country.html
CubeSats with keyword: First CubeSat of country,nudt-phonesat__1.jpg,nudt-phonesat__1.jpg,,,https://www.nanosats.eu/keyword/first-cubesat-of-country.html
CubeSats with keyword: First CubeSat of country,AMAN,oman-cubesat,—,não,https://www.nanosats.eu/keyword/first-cubesat-of-country.html
CubeSats with keyword: First CubeSat of country,PACE,pace,—,não,https://www.nanosats.eu/keyword/first-cubesat-of-country.html
CubeSats with keyword: First CubeSat of country,pace_4.jpg,pace_4.jpg,,,https://www.nanosats.eu/keyword/first-cubesat-of-country.html
CubeSats with keyword: First CubeSat of country,Painani-1,painani-1,A(fraco) - câmera sem alvo declarado,não,https://www.nanosats.eu/keyword/first-cubesat-of-country.html
CubeSats with keyword: First CubeSat of country,painani-1_2.png,painani-1_2.png,,,https://www.nanosats.eu/keyword/first-cubesat-of-country.html
CubeSats with keyword: First CubeSat of country,PanSat-1,pansat-1,—,não,https://www.nanosats.eu/keyword/first-cubesat-of-country.html
CubeSats with keyword: First CubeSat of country,PearlAfricaSat-1,pearlafricasat-1,A - sensoriamento remoto; B - coleta de plataformas (DCS/IoT),sim,https://www.nanosats.eu/keyword/first-cubesat-of-country.html
CubeSats with keyword: First CubeSat of country,Pegasus,pegasus,—,não,https://www.nanosats.eu/keyword/first-cubesat-of-country.html
CubeSats with keyword: First CubeSat of country,Perseus-M 2,perseus-m,C - sinais cooperativos (AIS/ADS-B/RF),sim,https://www.nanosats.eu/keyword/first-cubesat-of-country.html
CubeSats with keyword: First CubeSat of country,PolyITAN-1,polyitan-1,—,não,https://www.nanosats.eu/keyword/first-cubesat-of-country.html
CubeSats with keyword: First CubeSat of country,PUCPSat-1,pucpsat-1,—,não,https://www.nanosats.eu/keyword/first-cubesat-of-country.html
CubeSats with keyword: First CubeSat of country,PW-Sat,pw-sat,—,não,https://www.nanosats.eu/keyword/first-cubesat-of-country.html
CubeSats with keyword: First CubeSat of country,QB50P1,qb50p1,—,não,https://www.nanosats.eu/keyword/first-cubesat-of-country.html
CubeSats with keyword: First CubeSat of country,qbee,qbee,—,não,https://www.nanosats.eu/keyword/first-cubesat-of-country.html
CubeSats with keyword: First CubeSat of country,qbee_satellite_now_in_orbit.jpg,qbee_satellite_now_in_orbit.jpg,,,https://www.nanosats.eu/keyword/first-cubesat-of-country.html
CubeSats with keyword: First CubeSat of country,QMR-KWT,qmr-kwt,—,não,https://www.nanosats.eu/keyword/first-cubesat-of-country.html
CubeSats with keyword: First CubeSat of country,QSAT-1,qsat-1,—,não,https://www.nanosats.eu/keyword/first-cubesat-of-country.html
CubeSats with keyword: First CubeSat of country,QuakeSat,quakesat,—,não,https://www.nanosats.eu/keyword/first-cubesat-of-country.html
CubeSats with keyword: First CubeSat of country,QUBSat-I,qubsat-1,—,não,https://www.nanosats.eu/keyword/first-cubesat-of-country.html
CubeSats with keyword: First CubeSat of country,Quetzal-1,quetzal-1,A - sensoriamento remoto,sim,https://www.nanosats.eu/keyword/first-cubesat-of-country.html
CubeSats with keyword: First CubeSat of country,Raavana-1,raavana-1,A(fraco) - câmera sem alvo declarado; B - coleta de plataformas (DCS/IoT),sim,https://www.nanosats.eu/keyword/first-cubesat-of-country.html
CubeSats with keyword: First CubeSat of country,ROBUSTA-1A,robusta-1a,—,não,https://www.nanosats.eu/keyword/first-cubesat-of-country.html
CubeSats with keyword: First CubeSat of country,RoseyCubesat-1,roseycubesat-1,A(fraco) - câmera sem alvo declarado,não,https://www.nanosats.eu/keyword/first-cubesat-of-country.html
CubeSats with keyword: First CubeSat of country,RWASAT-1,rwasat,A - sensoriamento remoto; B - coleta de plataformas (DCS/IoT),sim,https://www.nanosats.eu/keyword/first-cubesat-of-country.html
CubeSats with keyword: First CubeSat of country,satsearch_product-image_ee1lma_endurosat_1u_platform.jpg,satsearch_product-image_ee1lma_endurosat_1u_platform.jpg,,,https://www.nanosats.eu/keyword/first-cubesat-of-country.html
CubeSats with keyword: First CubeSat of country,skCube_IMG_0151.jpg,skCube_IMG_0151.jpg,,,https://www.nanosats.eu/keyword/first-cubesat-of-country.html
CubeSats with keyword: First CubeSat of country,skCube,skcube,A(fraco) - câmera sem alvo declarado,não,https://www.nanosats.eu/keyword/first-cubesat-of-country.html
CubeSats with keyword: First CubeSat of country,Smart,smart-nudt-phonesat,—,não,https://www.nanosats.eu/keyword/first-cubesat-of-country.html
CubeSats with keyword: First CubeSat of country,SS-1,ss-1,—,não,https://www.nanosats.eu/keyword/first-cubesat-of-country.html
CubeSats with keyword: First CubeSat of country,STRaND-1,strand-1,—,não,https://www.nanosats.eu/keyword/first-cubesat-of-country.html
CubeSats with keyword: First CubeSat of country,StudSat-1,studsat-1,A - sensoriamento remoto,sim,https://www.nanosats.eu/keyword/first-cubesat-of-country.html
CubeSats with keyword: First CubeSat of country,SUCHAI,suchai,A(fraco) - câmera sem alvo declarado,não,https://www.nanosats.eu/keyword/first-cubesat-of-country.html
CubeSats with keyword: First CubeSat of country,SwissCube,swisscube,A(fraco) - câmera sem alvo declarado,não,https://www.nanosats.eu/keyword/first-cubesat-of-country.html
CubeSats with keyword: First CubeSat of country,TanzaniteSat1,tanzanitesat1,A - sensoriamento remoto; B - coleta de plataformas (DCS/IoT),sim,https://www.nanosats.eu/keyword/first-cubesat-of-country.html
CubeSats with keyword: First CubeSat of country,Tiger-2,tiger-2,B - coleta de plataformas (DCS/IoT),sim,https://www.nanosats.eu/keyword/first-cubesat-of-country.html
CubeSats with keyword: First CubeSat of country,TRISAT,trisat,A - sensoriamento remoto,sim,https://www.nanosats.eu/keyword/first-cubesat-of-country.html
CubeSats with keyword: First CubeSat of country,TUMnanoSAT,tumnanosat,A - sensoriamento remoto,sim,https://www.nanosats.eu/keyword/first-cubesat-of-country.html
CubeSats with keyword: First CubeSat of country,UiTMSAT-1,uitmsat-1,A - sensoriamento remoto; B - coleta de plataformas (DCS/IoT),sim,https://www.nanosats.eu/keyword/first-cubesat-of-country.html
CubeSats with keyword: First CubeSat of country,UNICubeSat-GG,unicubesat-gg,—,não,https://www.nanosats.eu/keyword/first-cubesat-of-country.html
CubeSats with keyword: First CubeSat of country,UNSW-EC0,unsw-ec0,A - sensoriamento remoto,sim,https://www.nanosats.eu/keyword/first-cubesat-of-country.html
CubeSats with keyword: First CubeSat of country,UWE-1,uwe-1,—,não,https://www.nanosats.eu/keyword/first-cubesat-of-country.html
CubeSats with keyword: First CubeSat of country,VELOX-P2,velox-p2,—,não,https://www.nanosats.eu/keyword/first-cubesat-of-country.html
CubeSats with keyword: First CubeSat of country,VZLUSAT-1,vzlusat-1,—,não,https://www.nanosats.eu/keyword/first-cubesat-of-country.html
CubeSats with keyword: First CubeSat of country,Xatcobeo,xatcobeo,—,não,https://www.nanosats.eu/keyword/first-cubesat-of-country.html
CubeSats with keyword: First CubeSat of country,ZACUBE-1,zacube-1,A - sensoriamento remoto; B - coleta de plataformas (DCS/IoT),sim,https://www.nanosats.eu/keyword/first-cubesat-of-country.html
CubeSats with keyword: First CubeSat of country,ZimSat-1,zimsat-1,A - sensoriamento remoto; B - coleta de plataformas (DCS/IoT),sim,https://www.nanosats.eu/keyword/first-cubesat-of-country.html
CubeSats with keyword: Formation flying,AeroCube-10_4.jpg,AeroCube-10_4.jpg,,,https://www.nanosats.eu/keyword/formation-flying.html
CubeSats with keyword: Formation flying,BROS_3.jpg,BROS_3.jpg,,,https://www.nanosats.eu/keyword/formation-flying.html
CubeSats with keyword: Formation flying,CIRCE_5.png,CIRCE_5.png,,,https://www.nanosats.eu/keyword/formation-flying.html
CubeSats with keyword: Formation flying,CanX-4-5.jpg,CanX-4-5.jpg,,,https://www.nanosats.eu/keyword/formation-flying.html
CubeSats with keyword: Formation flying,DelFFI.jpg,DelFFI.jpg,,,https://www.nanosats.eu/keyword/formation-flying.html
CubeSats with keyword: Formation flying,E-INSPECTOR.png,E-INSPECTOR.png,,,https://www.nanosats.eu/keyword/formation-flying.html
CubeSats with keyword: Formation flying,IPERDRONE_2.jpeg,IPERDRONE_2.jpeg,,,https://www.nanosats.eu/keyword/formation-flying.html
CubeSats with keyword: Formation flying,KARDSAT.png,KARDSAT.png,,,https://www.nanosats.eu/keyword/formation-flying.html
CubeSats with keyword: Formation flying,KARDSAT_2.png,KARDSAT_2.png,,,https://www.nanosats.eu/keyword/formation-flying.html
CubeSats with keyword: Formation flying,MAGNARO_Parent_3.png,MAGNARO_Parent_3.png,,,https://www.nanosats.eu/keyword/formation-flying.html
CubeSats with keyword: Formation flying,NanoFF_4.jpeg,NanoFF_4.jpeg,,,https://www.nanosats.eu/keyword/formation-flying.html
CubeSats with keyword: Formation flying,NetSat_7.jpg,NetSat_7.jpg,,,https://www.nanosats.eu/keyword/formation-flying.html
CubeSats with keyword: Formation flying,OSC.png,OSC.png,,,https://www.nanosats.eu/keyword/formation-flying.html
CubeSats with keyword: Formation flying,PAN_4.png,PAN_4.png,,,https://www.nanosats.eu/keyword/formation-flying.html
CubeSats with keyword: Formation flying,RACE_double_CubeSat_mission.png,RACE_double_CubeSat_mission.png,,,https://www.nanosats.eu/keyword/formation-flying.html
CubeSats with keyword: Formation flying,RANGE_2.jpg,RANGE_2.jpg,,,https://www.nanosats.eu/keyword/formation-flying.html
CubeSats with keyword: Formation flying,RODIO-1.png,RODIO-1.png,,,https://www.nanosats.eu/keyword/formation-flying.html
CubeSats with keyword: Formation flying,SAMSON_5.jpg,SAMSON_5.jpg,,,https://www.nanosats.eu/keyword/formation-flying.html
CubeSats with keyword: Formation flying,SEIRIOS.png,SEIRIOS.png,,,https://www.nanosats.eu/keyword/formation-flying.html
CubeSats with keyword: Formation flying,SERPENT_Combined2.png,SERPENT_Combined2.png,,,https://www.nanosats.eu/keyword/formation-flying.html
CubeSats with keyword: Formation flying,SERPENT_PDR_Delta.png,SERPENT_PDR_Delta.png,,,https://www.nanosats.eu/keyword/formation-flying.html
CubeSats with keyword: Formation flying,SNIPE_3.jpeg,SNIPE_3.jpeg,,,https://www.nanosats.eu/keyword/formation-flying.html
CubeSats with keyword: Formation flying,SPEYE-copia.jpg,SPEYE-copia.jpg,,,https://www.nanosats.eu/keyword/formation-flying.html
CubeSats with keyword: Formation flying,STU-2A.bmp,STU-2A.bmp,,,https://www.nanosats.eu/keyword/formation-flying.html
CubeSats with keyword: Formation flying,SULIS_1.png,SULIS_1.png,,,https://www.nanosats.eu/keyword/formation-flying.html
CubeSats with keyword: Formation flying,SULIS_3.png,SULIS_3.png,,,https://www.nanosats.eu/keyword/formation-flying.html
CubeSats with keyword: Formation flying,Seeker_3.jpg,Seeker_3.jpg,,,https://www.nanosats.eu/keyword/formation-flying.html
CubeSats with keyword: Formation flying,Starling-105152_col.jpg,Starling-105152_col.jpg,,,https://www.nanosats.eu/keyword/formation-flying.html
CubeSats with keyword: Formation flying,TAMARIW_2.png,TAMARIW_2.png,,,https://www.nanosats.eu/keyword/formation-flying.html
CubeSats with keyword: Formation flying,TOM.png,TOM.png,,,https://www.nanosats.eu/keyword/formation-flying.html
CubeSats with keyword: Formation flying,VISORS_4.png,VISORS_4.png,,,https://www.nanosats.eu/keyword/formation-flying.html
CubeSats with keyword: Formation flying,VSION.jpg,VSION.jpg,,,https://www.nanosats.eu/keyword/formation-flying.html
CubeSats with keyword: Formation flying,VULCAIN-1.png,VULCAIN-1.png,,,https://www.nanosats.eu/keyword/formation-flying.html
CubeSats with keyword: Formation flying,AeroCube-10B,aerocube-10,—,não,https://www.nanosats.eu/keyword/formation-flying.html
CubeSats with keyword: Formation flying,BEESAT-15,beesat-14-15,A - sensoriamento remoto,sim,https://www.nanosats.eu/keyword/formation-flying.html
CubeSats with keyword: Formation flying,BROS B,bros,—,não,https://www.nanosats.eu/keyword/formation-flying.html
CubeSats with keyword: Formation flying,CanX-4,canx-4,—,não,https://www.nanosats.eu/keyword/formation-flying.html
CubeSats with keyword: Formation flying,CanX-5,canx-5,—,não,https://www.nanosats.eu/keyword/formation-flying.html
CubeSats with keyword: Formation flying,CIRCE B,circe,—,não,https://www.nanosats.eu/keyword/formation-flying.html
CubeSats with keyword: Formation flying,CPOD B,cpod,—,não,https://www.nanosats.eu/keyword/formation-flying.html
CubeSats with keyword: Formation flying,cpod_onorbit_v2.png,cpod_onorbit_v2.png,,,https://www.nanosats.eu/keyword/formation-flying.html
CubeSats with keyword: Formation flying,DELFFI-2,delffi,—,não,https://www.nanosats.eu/keyword/formation-flying.html
CubeSats with keyword: Formation flying,delfi-twin_stage5.jpeg,delfi-twin_stage5.jpeg,,,https://www.nanosats.eu/keyword/formation-flying.html
CubeSats with keyword: Formation flying,Delfi-Twins B,delfi-twins,—,não,https://www.nanosats.eu/keyword/formation-flying.html
CubeSats with keyword: Formation flying,e.Inspector,e-inspector,A - sensoriamento remoto,sim,https://www.nanosats.eu/keyword/formation-flying.html
CubeSats with keyword: Formation flying,FACE 2,face,—,não,https://www.nanosats.eu/keyword/formation-flying.html
CubeSats with keyword: Formation flying,IPERDRONE,iperdrone,—,não,https://www.nanosats.eu/keyword/formation-flying.html
CubeSats with keyword: Formation flying,KARDSAT Target,kardsat,—,não,https://www.nanosats.eu/keyword/formation-flying.html
CubeSats with keyword: Formation flying,KASI Sat D,kasi-sat,—,não,https://www.nanosats.eu/keyword/formation-flying.html
CubeSats with keyword: Formation flying,KJSY 1,kjsy-1,—,não,https://www.nanosats.eu/keyword/formation-flying.html
CubeSats with keyword: Formation flying,MAGNARO B Child,magnaro,—,não,https://www.nanosats.eu/keyword/formation-flying.html
CubeSats with keyword: Formation flying,MAGNARO-II - Tigris,magnaro-2,—,não,https://www.nanosats.eu/keyword/formation-flying.html
CubeSats with keyword: Formation flying,NetSat-4,netsat,—,não,https://www.nanosats.eu/keyword/formation-flying.html
CubeSats with keyword: Formation flying,OSC,osc,—,não,https://www.nanosats.eu/keyword/formation-flying.html
CubeSats with keyword: Formation flying,PACE,pace-capture,—,não,https://www.nanosats.eu/keyword/formation-flying.html
CubeSats with keyword: Formation flying,PAN B,pan,—,não,https://www.nanosats.eu/keyword/formation-flying.html
CubeSats with keyword: Formation flying,RACE 2,race-esa,—,não,https://www.nanosats.eu/keyword/formation-flying.html
CubeSats with keyword: Formation flying,RANGE-B,range,—,não,https://www.nanosats.eu/keyword/formation-flying.html
CubeSats with keyword: Formation flying,RODiO D,rodio,A - sensoriamento remoto,sim,https://www.nanosats.eu/keyword/formation-flying.html
CubeSats with keyword: Formation flying,SAMSON C,samson,—,não,https://www.nanosats.eu/keyword/formation-flying.html
CubeSats with keyword: Formation flying,Seeker 1.0,seeker,A(fraco) - câmera sem alvo declarado,não,https://www.nanosats.eu/keyword/formation-flying.html
CubeSats with keyword: Formation flying,SEIRIOS Line 2,seirios,A(fraco) - câmera sem alvo declarado,não,https://www.nanosats.eu/keyword/formation-flying.html
CubeSats with keyword: Formation flying,SERPENT A Chaser,serpent,A(fraco) - câmera sem alvo declarado,não,https://www.nanosats.eu/keyword/formation-flying.html
CubeSats with keyword: Formation flying,SERPENT B Target,serpent-combined,A(fraco) - câmera sem alvo declarado,não,https://www.nanosats.eu/keyword/formation-flying.html
CubeSats with keyword: Formation flying,SpEye Free Flyer,speye-free-flyer,A - sensoriamento remoto,sim,https://www.nanosats.eu/keyword/formation-flying.html
CubeSats with keyword: Formation flying,Starling1 D,starling1,A(fraco) - câmera sem alvo declarado,não,https://www.nanosats.eu/keyword/formation-flying.html
CubeSats with keyword: Formation flying,SULIS-E2,sulis,A(fraco) - câmera sem alvo declarado,não,https://www.nanosats.eu/keyword/formation-flying.html
CubeSats with keyword: Formation flying,TAMARIW B “TeilAutonome Montage/Aufbau und Rekonfiguration Im Weltraum”,tamariw,—,não,https://www.nanosats.eu/keyword/formation-flying.html
CubeSats with keyword: Formation flying,TOM 3,tom,A(fraco) - câmera sem alvo declarado,não,https://www.nanosats.eu/keyword/formation-flying.html
CubeSats with keyword: Formation flying,TW-1A,tw-1a,A - sensoriamento remoto; C - sinais cooperativos (AIS/ADS-B/RF),sim,https://www.nanosats.eu/keyword/formation-flying.html
CubeSats with keyword: Formation flying,Ukko B,ukko,—,não,https://www.nanosats.eu/keyword/formation-flying.html
CubeSats with keyword: Formation flying,VISION B,vision,—,não,https://www.nanosats.eu/keyword/formation-flying.html
CubeSats with keyword: Formation flying,VISORS B,visors,A(fraco) - câmera sem alvo declarado,não,https://www.nanosats.eu/keyword/formation-flying.html
CubeSats with keyword: Formation flying,VULCAIN B,vulcain,A - sensoriamento remoto,sim,https://www.nanosats.eu/keyword/formation-flying.html
CubeSats with keyword: Formation flying,ZJ 1,zj-1,A(fraco) - câmera sem alvo declarado,não,https://www.nanosats.eu/keyword/formation-flying.html
CubeSats with keyword: Free-Flying Inspector,E-INSPECTOR.png,E-INSPECTOR.png,,,https://www.nanosats.eu/keyword/free-flying-inspector.html
CubeSats with keyword: Free-Flying Inspector,IPERDRONE.jpg,IPERDRONE.jpg,,,https://www.nanosats.eu/keyword/free-flying-inspector.html
CubeSats with keyword: Free-Flying Inspector,Seeker_2.png,Seeker_2.png,,,https://www.nanosats.eu/keyword/free-flying-inspector.html
CubeSats with keyword: Free-Flying Inspector,e.Inspector,e-inspector,A - sensoriamento remoto,sim,https://www.nanosats.eu/keyword/free-flying-inspector.html
CubeSats with keyword: Free-Flying Inspector,IPERDRONE,iperdrone,—,não,https://www.nanosats.eu/keyword/free-flying-inspector.html
CubeSats with keyword: Free-Flying Inspector,Seeker 1.0,seeker,A(fraco) - câmera sem alvo declarado,não,https://www.nanosats.eu/keyword/free-flying-inspector.html
CubeSats with keyword: Globalstar or Iridium or Inmarsat,1HOPSAT_3.png,1HOPSAT_3.png,,,https://www.nanosats.eu/keyword/globalstar-or-iridium-or-inmarsat.html
CubeSats with keyword: Globalstar or Iridium or Inmarsat,ACMES_5.png,ACMES_5.png,,,https://www.nanosats.eu/keyword/globalstar-or-iridium-or-inmarsat.html
CubeSats with keyword: Globalstar or Iridium or Inmarsat,ANDESITE-Mule_3.jpg,ANDESITE-Mule_3.jpg,,,https://www.nanosats.eu/keyword/globalstar-or-iridium-or-inmarsat.html
CubeSats with keyword: Globalstar or Iridium or Inmarsat,ARICA-2_3.png,ARICA-2_3.png,,,https://www.nanosats.eu/keyword/globalstar-or-iridium-or-inmarsat.html
CubeSats with keyword: Globalstar or Iridium or Inmarsat,ARICA_3.jpg,ARICA_3.jpg,,,https://www.nanosats.eu/keyword/globalstar-or-iridium-or-inmarsat.html
CubeSats with keyword: Globalstar or Iridium or Inmarsat,AzTechSat-1_4.jpg,AzTechSat-1_4.jpg,,,https://www.nanosats.eu/keyword/globalstar-or-iridium-or-inmarsat.html
CubeSats with keyword: Globalstar or Iridium or Inmarsat,BEAK_3.jpeg,BEAK_3.jpeg,,,https://www.nanosats.eu/keyword/globalstar-or-iridium-or-inmarsat.html
CubeSats with keyword: Globalstar or Iridium or Inmarsat,Bell(satellite).jpg,Bell(satellite).jpg,,,https://www.nanosats.eu/keyword/globalstar-or-iridium-or-inmarsat.html
CubeSats with keyword: Globalstar or Iridium or Inmarsat,BigRedSat-1.jpg,BigRedSat-1.jpg,,,https://www.nanosats.eu/keyword/globalstar-or-iridium-or-inmarsat.html
CubeSats with keyword: Globalstar or Iridium or Inmarsat,Binar-2-4_6.jpg,Binar-2-4_6.jpg,,,https://www.nanosats.eu/keyword/globalstar-or-iridium-or-inmarsat.html
CubeSats with keyword: Globalstar or Iridium or Inmarsat,Binar-2.png,Binar-2.png,,,https://www.nanosats.eu/keyword/globalstar-or-iridium-or-inmarsat.html
CubeSats with keyword: Globalstar or Iridium or Inmarsat,CACTUS-1_2.png,CACTUS-1_2.png,,,https://www.nanosats.eu/keyword/globalstar-or-iridium-or-inmarsat.html
CubeSats with keyword: Globalstar or Iridium or Inmarsat,CHIPS.jpg,CHIPS.jpg,,,https://www.nanosats.eu/keyword/globalstar-or-iridium-or-inmarsat.html
CubeSats with keyword: Globalstar or Iridium or Inmarsat,CaNOP_4.jpg,CaNOP_4.jpg,,,https://www.nanosats.eu/keyword/globalstar-or-iridium-or-inmarsat.html
CubeSats with keyword: Globalstar or Iridium or Inmarsat,CapSat_1_2.png,CapSat_1_2.png,,,https://www.nanosats.eu/keyword/globalstar-or-iridium-or-inmarsat.html
CubeSats with keyword: Globalstar or Iridium or Inmarsat,Crypto3.jpg,Crypto3.jpg,,,https://www.nanosats.eu/keyword/globalstar-or-iridium-or-inmarsat.html
CubeSats with keyword: Globalstar or Iridium or Inmarsat,DUPLEX-product-space-earth-clouds.png,DUPLEX-product-space-earth-clouds.png,,,https://www.nanosats.eu/keyword/globalstar-or-iridium-or-inmarsat.html
CubeSats with keyword: Globalstar or Iridium or Inmarsat,DaVinci.jpg,DaVinci.jpg,,,https://www.nanosats.eu/keyword/globalstar-or-iridium-or-inmarsat.html
CubeSats with keyword: Globalstar or Iridium or Inmarsat,EntrySat_2.jpg,EntrySat_2.jpg,,,https://www.nanosats.eu/keyword/globalstar-or-iridium-or-inmarsat.html
CubeSats with keyword: Globalstar or Iridium or Inmarsat,FEES_2.jpg,FEES_2.jpg,,,https://www.nanosats.eu/keyword/globalstar-or-iridium-or-inmarsat.html
CubeSats with keyword: Globalstar or Iridium or Inmarsat,GEARRS-1.png,GEARRS-1.png,,,https://www.nanosats.eu/keyword/globalstar-or-iridium-or-inmarsat.html
CubeSats with keyword: Globalstar or Iridium or Inmarsat,GEARSS-2.png,GEARSS-2.png,,,https://www.nanosats.eu/keyword/globalstar-or-iridium-or-inmarsat.html
CubeSats with keyword: Globalstar or Iridium or Inmarsat,GEARSS-3.png,GEARSS-3.png,,,https://www.nanosats.eu/keyword/globalstar-or-iridium-or-inmarsat.html
CubeSats with keyword: Globalstar or Iridium or Inmarsat,HALO-Net_2.jpg,HALO-Net_2.jpg,,,https://www.nanosats.eu/keyword/globalstar-or-iridium-or-inmarsat.html
CubeSats with keyword: Globalstar or Iridium or Inmarsat,HSAT.jpg,HSAT.jpg,,,https://www.nanosats.eu/keyword/globalstar-or-iridium-or-inmarsat.html
CubeSats with keyword: Globalstar or Iridium or Inmarsat,IGOR.jpg,IGOR.jpg,,,https://www.nanosats.eu/keyword/globalstar-or-iridium-or-inmarsat.html
CubeSats with keyword: Globalstar or Iridium or Inmarsat,INCA_5.jpeg,INCA_5.jpeg,,,https://www.nanosats.eu/keyword/globalstar-or-iridium-or-inmarsat.html
CubeSats with keyword: Globalstar or Iridium or Inmarsat,Lopen-Rock_ArrayLabs.png,Lopen-Rock_ArrayLabs.png,,,https://www.nanosats.eu/keyword/globalstar-or-iridium-or-inmarsat.html
CubeSats with keyword: Globalstar or Iridium or Inmarsat,MESAT-1_2.jpg,MESAT-1_2.jpg,,,https://www.nanosats.eu/keyword/globalstar-or-iridium-or-inmarsat.html
CubeSats with keyword: Globalstar or Iridium or Inmarsat,MakerSat-1.jpg,MakerSat-1.jpg,,,https://www.nanosats.eu/keyword/globalstar-or-iridium-or-inmarsat.html
CubeSats with keyword: Globalstar or Iridium or Inmarsat,MakerSat_249c11d89d55a8c.jpg,MakerSat_249c11d89d55a8c.jpg,,,https://www.nanosats.eu/keyword/globalstar-or-iridium-or-inmarsat.html
CubeSats with keyword: Globalstar or Iridium or Inmarsat,Mini-Carb.jpg,Mini-Carb.jpg,,,https://www.nanosats.eu/keyword/globalstar-or-iridium-or-inmarsat.html
CubeSats with keyword: Globalstar or Iridium or Inmarsat,NOVI-LIME.jpeg,NOVI-LIME.jpeg,,,https://www.nanosats.eu/keyword/globalstar-or-iridium-or-inmarsat.html
CubeSats with keyword: Globalstar or Iridium or Inmarsat,NSLSAT-1.png,NSLSAT-1.png,,,https://www.nanosats.eu/keyword/globalstar-or-iridium-or-inmarsat.html
CubeSats with keyword: Globalstar or Iridium or Inmarsat,NanoRacks-Lambda-sat3.jpg,NanoRacks-Lambda-sat3.jpg,,,https://www.nanosats.eu/keyword/globalstar-or-iridium-or-inmarsat.html
CubeSats with keyword: Globalstar or Iridium or Inmarsat,OPEN.jpg,OPEN.jpg,,,https://www.nanosats.eu/keyword/globalstar-or-iridium-or-inmarsat.html
CubeSats with keyword: Globalstar or Iridium or Inmarsat,Omni-LER1_2.jpeg,Omni-LER1_2.jpeg,,,https://www.nanosats.eu/keyword/globalstar-or-iridium-or-inmarsat.html
CubeSats with keyword: Globalstar or Iridium or Inmarsat,OrCa2b_2025-02-09.png,OrCa2b_2025-02-09.png,,,https://www.nanosats.eu/keyword/globalstar-or-iridium-or-inmarsat.html
CubeSats with keyword: Globalstar or Iridium or Inmarsat,PTD-1_2.png,PTD-1_2.png,,,https://www.nanosats.eu/keyword/globalstar-or-iridium-or-inmarsat.html
CubeSats with keyword: Globalstar or Iridium or Inmarsat,PY4.png,PY4.png,,,https://www.nanosats.eu/keyword/globalstar-or-iridium-or-inmarsat.html
CubeSats with keyword: Globalstar or Iridium or Inmarsat,QAC-1.png,QAC-1.png,,,https://www.nanosats.eu/keyword/globalstar-or-iridium-or-inmarsat.html
CubeSats with keyword: Globalstar or Iridium or Inmarsat,RAPSat.png,RAPSat.png,,,https://www.nanosats.eu/keyword/globalstar-or-iridium-or-inmarsat.html
CubeSats with keyword: Globalstar or Iridium or Inmarsat,RAVAN-XB3.jpg,RAVAN-XB3.jpg,,,https://www.nanosats.eu/keyword/globalstar-or-iridium-or-inmarsat.html
CubeSats with keyword: Globalstar or Iridium or Inmarsat,RECONSO.jpg,RECONSO.jpg,,,https://www.nanosats.eu/keyword/globalstar-or-iridium-or-inmarsat.html
CubeSats with keyword: Globalstar or Iridium or Inmarsat,RadSat.jpg,RadSat.jpg,,,https://www.nanosats.eu/keyword/globalstar-or-iridium-or-inmarsat.html
CubeSats with keyword: Globalstar or Iridium or Inmarsat,SASSI2_2.jpg,SASSI2_2.jpg,,,https://www.nanosats.eu/keyword/globalstar-or-iridium-or-inmarsat.html
CubeSats with keyword: Globalstar or Iridium or Inmarsat,SOURCE_8.png,SOURCE_8.png,,,https://www.nanosats.eu/keyword/globalstar-or-iridium-or-inmarsat.html
CubeSats with keyword: Globalstar or Iridium or Inmarsat,SWAP-E.png,SWAP-E.png,,,https://www.nanosats.eu/keyword/globalstar-or-iridium-or-inmarsat.html
CubeSats with keyword: Globalstar or Iridium or Inmarsat,SuperNova-Beta_2.png,SuperNova-Beta_2.png,,,https://www.nanosats.eu/keyword/globalstar-or-iridium-or-inmarsat.html
CubeSats with keyword: Globalstar or Iridium or Inmarsat,TES-8.png,TES-8.png,,,https://www.nanosats.eu/keyword/globalstar-or-iridium-or-inmarsat.html
CubeSats with keyword: Globalstar or Iridium or Inmarsat,TJREVERB_8.png,TJREVERB_8.png,,,https://www.nanosats.eu/keyword/globalstar-or-iridium-or-inmarsat.html
CubeSats with keyword: Globalstar or Iridium or Inmarsat,TNS0_Auto.png,TNS0_Auto.png,,,https://www.nanosats.eu/keyword/globalstar-or-iridium-or-inmarsat.html
CubeSats with keyword: Globalstar or Iridium or Inmarsat,TOLOSAT_3.jpg,TOLOSAT_3.jpg,,,https://www.nanosats.eu/keyword/globalstar-or-iridium-or-inmarsat.html
CubeSats with keyword: Globalstar or Iridium or Inmarsat,TROOP-F2_2.jpg,TROOP-F2_2.jpg,,,https://www.nanosats.eu/keyword/globalstar-or-iridium-or-inmarsat.html
CubeSats with keyword: Globalstar or Iridium or Inmarsat,TROOP.png,TROOP.png,,,https://www.nanosats.eu/keyword/globalstar-or-iridium-or-inmarsat.html
CubeSats with keyword: Globalstar or Iridium or Inmarsat,TRYAD_IMG_2145-cropped.jpg,TRYAD_IMG_2145-cropped.jpg,,,https://www.nanosats.eu/keyword/globalstar-or-iridium-or-inmarsat.html
CubeSats with keyword: Globalstar or Iridium or Inmarsat,TSAT_3.jpg,TSAT_3.jpg,,,https://www.nanosats.eu/keyword/globalstar-or-iridium-or-inmarsat.html
CubeSats with keyword: Globalstar or Iridium or Inmarsat,TechEdSat-10_3.jpg,TechEdSat-10_3.jpg,,,https://www.nanosats.eu/keyword/globalstar-or-iridium-or-inmarsat.html
CubeSats with keyword: Globalstar or Iridium or Inmarsat,TechEdSat-5_nasasexobrak.jpg,TechEdSat-5_nasasexobrak.jpg,,,https://www.nanosats.eu/keyword/globalstar-or-iridium-or-inmarsat.html
CubeSats with keyword: Globalstar or Iridium or Inmarsat,TechEdSat6-NASA.jpg,TechEdSat6-NASA.jpg,,,https://www.nanosats.eu/keyword/globalstar-or-iridium-or-inmarsat.html
CubeSats with keyword: Globalstar or Iridium or Inmarsat,ThinSat-Alta-Devices.png,ThinSat-Alta-Devices.png,,,https://www.nanosats.eu/keyword/globalstar-or-iridium-or-inmarsat.html
CubeSats with keyword: Globalstar or Iridium or Inmarsat,TrustPoint-Time-Flies.jpg,TrustPoint-Time-Flies.jpg,,,https://www.nanosats.eu/keyword/globalstar-or-iridium-or-inmarsat.html
CubeSats with keyword: Globalstar or Iridium or Inmarsat,U2U.png,U2U.png,,,https://www.nanosats.eu/keyword/globalstar-or-iridium-or-inmarsat.html
CubeSats with keyword: Globalstar or Iridium or Inmarsat,UNITE_4.bmp,UNITE_4.bmp,,,https://www.nanosats.eu/keyword/globalstar-or-iridium-or-inmarsat.html
CubeSats with keyword: Globalstar or Iridium or Inmarsat,VPM_2.JPG,VPM_2.JPG,,,https://www.nanosats.eu/keyword/globalstar-or-iridium-or-inmarsat.html
CubeSats with keyword: Globalstar or Iridium or Inmarsat,Veery-0E.jpeg,Veery-0E.jpeg,,,https://www.nanosats.eu/keyword/globalstar-or-iridium-or-inmarsat.html
CubeSats with keyword: Globalstar or Iridium or Inmarsat,Veery-Hatchling_2.jpg,Veery-Hatchling_2.jpg,,,https://www.nanosats.eu/keyword/globalstar-or-iridium-or-inmarsat.html
CubeSats with keyword: Globalstar or Iridium or Inmarsat,Velox-II-IDRS.png,Velox-II-IDRS.png,,,https://www.nanosats.eu/keyword/globalstar-or-iridium-or-inmarsat.html
CubeSats with keyword: Globalstar or Iridium or Inmarsat,Venta1_sat.jpg,Venta1_sat.jpg,,,https://www.nanosats.eu/keyword/globalstar-or-iridium-or-inmarsat.html
CubeSats with keyword: Globalstar or Iridium or Inmarsat,WVSAT-1U.png,WVSAT-1U.png,,,https://www.nanosats.eu/keyword/globalstar-or-iridium-or-inmarsat.html
CubeSats with keyword: Globalstar or Iridium or Inmarsat,WVSAT-Double-Frame-ThinSat.png,WVSAT-Double-Frame-ThinSat.png,,,https://www.nanosats.eu/keyword/globalstar-or-iridium-or-inmarsat.html
CubeSats with keyword: Globalstar or Iridium or Inmarsat,WolfSat-1.jpg,WolfSat-1.jpg,,,https://www.nanosats.eu/keyword/globalstar-or-iridium-or-inmarsat.html
CubeSats with keyword: Globalstar or Iridium or Inmarsat,ACMES,acmes,A - sensoriamento remoto,sim,https://www.nanosats.eu/keyword/globalstar-or-iridium-or-inmarsat.html
CubeSats with keyword: Globalstar or Iridium or Inmarsat,ANDESITE Mule,andesite,—,não,https://www.nanosats.eu/keyword/globalstar-or-iridium-or-inmarsat.html
CubeSats with keyword: Globalstar or Iridium or Inmarsat,ARICA,arica,—,não,https://www.nanosats.eu/keyword/globalstar-or-iridium-or-inmarsat.html
CubeSats with keyword: Globalstar or Iridium or Inmarsat,ARICA-2,arica-2,—,não,https://www.nanosats.eu/keyword/globalstar-or-iridium-or-inmarsat.html
CubeSats with keyword: Globalstar or Iridium or Inmarsat,Rock,array-labs,A - sensoriamento remoto,sim,https://www.nanosats.eu/keyword/globalstar-or-iridium-or-inmarsat.html
CubeSats with keyword: Globalstar or Iridium or Inmarsat,Asgardia-1,asgardia-1,—,não,https://www.nanosats.eu/keyword/globalstar-or-iridium-or-inmarsat.html
CubeSats with keyword: Globalstar or Iridium or Inmarsat,AzTechSat-1,aztechsat-1,—,não,https://www.nanosats.eu/keyword/globalstar-or-iridium-or-inmarsat.html
CubeSats with keyword: Globalstar or Iridium or Inmarsat,BEAK,beak,—,não,https://www.nanosats.eu/keyword/globalstar-or-iridium-or-inmarsat.html
CubeSats with keyword: Globalstar or Iridium or Inmarsat,biarri-point.jpg,biarri-point.jpg,,,https://www.nanosats.eu/keyword/globalstar-or-iridium-or-inmarsat.html
CubeSats with keyword: Globalstar or Iridium or Inmarsat,Big Red Sat-1,big-red-sat-1,—,não,https://www.nanosats.eu/keyword/globalstar-or-iridium-or-inmarsat.html
CubeSats with keyword: Globalstar or Iridium or Inmarsat,Binar 4,binar-2-4,—,não,https://www.nanosats.eu/keyword/globalstar-or-iridium-or-inmarsat.html
CubeSats with keyword: Globalstar or Iridium or Inmarsat,Binar 7,binar-5-7,—,não,https://www.nanosats.eu/keyword/globalstar-or-iridium-or-inmarsat.html
CubeSats with keyword: Globalstar or Iridium or Inmarsat,CACTUS-1,cactus-1,—,não,https://www.nanosats.eu/keyword/globalstar-or-iridium-or-inmarsat.html
CubeSats with keyword: Globalstar or Iridium or Inmarsat,CaNOP,canop,A - sensoriamento remoto,sim,https://www.nanosats.eu/keyword/globalstar-or-iridium-or-inmarsat.html
CubeSats with keyword: Globalstar or Iridium or Inmarsat,CapSat-1,capsat-1,—,não,https://www.nanosats.eu/keyword/globalstar-or-iridium-or-inmarsat.html
CubeSats with keyword: Globalstar or Iridium or Inmarsat,caton-1__1.jpg,caton-1__1.jpg,,,https://www.nanosats.eu/keyword/globalstar-or-iridium-or-inmarsat.html
CubeSats with keyword: Globalstar or Iridium or Inmarsat,CHIPS,chips,A - sensoriamento remoto,sim,https://www.nanosats.eu/keyword/globalstar-or-iridium-or-inmarsat.html
CubeSats with keyword: Globalstar or Iridium or Inmarsat,CRYPTO3,crypto3,—,não,https://www.nanosats.eu/keyword/globalstar-or-iridium-or-inmarsat.html
CubeSats with keyword: Globalstar or Iridium or Inmarsat,DaVinci,davinci,A(fraco) - câmera sem alvo declarado,não,https://www.nanosats.eu/keyword/globalstar-or-iridium-or-inmarsat.html
CubeSats with keyword: Globalstar or Iridium or Inmarsat,DUPLEX,duplex,—,não,https://www.nanosats.eu/keyword/globalstar-or-iridium-or-inmarsat.html
CubeSats with keyword: Globalstar or Iridium or Inmarsat,EGG,egg,—,não,https://www.nanosats.eu/keyword/globalstar-or-iridium-or-inmarsat.html
CubeSats with keyword: Globalstar or Iridium or Inmarsat,egg.jpg,egg.jpg,,,https://www.nanosats.eu/keyword/globalstar-or-iridium-or-inmarsat.html
CubeSats with keyword: Globalstar or Iridium or Inmarsat,EntrySat,entrysat,—,não,https://www.nanosats.eu/keyword/globalstar-or-iridium-or-inmarsat.html
CubeSats with keyword: Globalstar or Iridium or Inmarsat,FEES2,fees,A(fraco) - câmera sem alvo declarado; B - coleta de plataformas (DCS/IoT),sim,https://www.nanosats.eu/keyword/globalstar-or-iridium-or-inmarsat.html
CubeSats with keyword: Globalstar or Iridium or Inmarsat,GEARRS-1,gearrs-1,—,não,https://www.nanosats.eu/keyword/globalstar-or-iridium-or-inmarsat.html
CubeSats with keyword: Globalstar or Iridium or Inmarsat,GEARRS 2,gearrs-2,—,não,https://www.nanosats.eu/keyword/globalstar-or-iridium-or-inmarsat.html
CubeSats with keyword: Globalstar or Iridium or Inmarsat,GEARRS 3,gearrs-3,—,não,https://www.nanosats.eu/keyword/globalstar-or-iridium-or-inmarsat.html
CubeSats with keyword: Globalstar or Iridium or Inmarsat,HALO-Net Free Flyer,halo-net-free-flyer,—,não,https://www.nanosats.eu/keyword/globalstar-or-iridium-or-inmarsat.html
CubeSats with keyword: Globalstar or Iridium or Inmarsat,Veery Hatchling,hatchling-veery,A - sensoriamento remoto,sim,https://www.nanosats.eu/keyword/globalstar-or-iridium-or-inmarsat.html
CubeSats with keyword: Globalstar or Iridium or Inmarsat,Hera-9,hera,A - sensoriamento remoto,sim,https://www.nanosats.eu/keyword/globalstar-or-iridium-or-inmarsat.html
CubeSats with keyword: Globalstar or Iridium or Inmarsat,HSAT-1,hsat-1,A - sensoriamento remoto,sim,https://www.nanosats.eu/keyword/globalstar-or-iridium-or-inmarsat.html
CubeSats with keyword: Globalstar or Iridium or Inmarsat,IGOR,igor,—,não,https://www.nanosats.eu/keyword/globalstar-or-iridium-or-inmarsat.html
CubeSats with keyword: Globalstar or Iridium or Inmarsat,INCA,inca,A - sensoriamento remoto,sim,https://www.nanosats.eu/keyword/globalstar-or-iridium-or-inmarsat.html
CubeSats with keyword: Globalstar or Iridium or Inmarsat,Kaidun 1,kaidun-1,C - sinais cooperativos (AIS/ADS-B/RF),sim,https://www.nanosats.eu/keyword/globalstar-or-iridium-or-inmarsat.html
CubeSats with keyword: Globalstar or Iridium or Inmarsat,Kestrel-0A,kestrel-0a,—,não,https://www.nanosats.eu/keyword/globalstar-or-iridium-or-inmarsat.html
CubeSats with keyword: Globalstar or Iridium or Inmarsat,Lambdasat,lambdasat,C - sinais cooperativos (AIS/ADS-B/RF),sim,https://www.nanosats.eu/keyword/globalstar-or-iridium-or-inmarsat.html
CubeSats with keyword: Globalstar or Iridium or Inmarsat,LIME,lime,—,não,https://www.nanosats.eu/keyword/globalstar-or-iridium-or-inmarsat.html
CubeSats with keyword: Globalstar or Iridium or Inmarsat,MakerSat-0,makersat-0,—,não,https://www.nanosats.eu/keyword/globalstar-or-iridium-or-inmarsat.html
CubeSats with keyword: Globalstar or Iridium or Inmarsat,MakerSat1,makersat1,—,não,https://www.nanosats.eu/keyword/globalstar-or-iridium-or-inmarsat.html
CubeSats with keyword: Globalstar or Iridium or Inmarsat,MESAT-1,mesat-1,A - sensoriamento remoto,sim,https://www.nanosats.eu/keyword/globalstar-or-iridium-or-inmarsat.html
CubeSats with keyword: Globalstar or Iridium or Inmarsat,Mini-Carb,mini-carb,A - sensoriamento remoto,sim,https://www.nanosats.eu/keyword/globalstar-or-iridium-or-inmarsat.html
CubeSats with keyword: Globalstar or Iridium or Inmarsat,NEUTRON-1,neutron-1,—,não,https://www.nanosats.eu/keyword/globalstar-or-iridium-or-inmarsat.html
CubeSats with keyword: Globalstar or Iridium or Inmarsat,neutron-1_4.jpg,neutron-1_4.jpg,,,https://www.nanosats.eu/keyword/globalstar-or-iridium-or-inmarsat.html
CubeSats with keyword: Globalstar or Iridium or Inmarsat,NSLSAT-1,nslsat-1,—,não,https://www.nanosats.eu/keyword/globalstar-or-iridium-or-inmarsat.html
CubeSats with keyword: Globalstar or Iridium or Inmarsat,OMNI-LER1,omni-ler1,A - sensoriamento remoto,sim,https://www.nanosats.eu/keyword/globalstar-or-iridium-or-inmarsat.html
CubeSats with keyword: Globalstar or Iridium or Inmarsat,OpenOrbiter-1,openorbiter-1,—,não,https://www.nanosats.eu/keyword/globalstar-or-iridium-or-inmarsat.html
CubeSats with keyword: Globalstar or Iridium or Inmarsat,OrCa2,orca2,A - sensoriamento remoto,sim,https://www.nanosats.eu/keyword/globalstar-or-iridium-or-inmarsat.html
CubeSats with keyword: Globalstar or Iridium or Inmarsat,PhoneSat 1.0b,phonesat-1,—,não,https://www.nanosats.eu/keyword/globalstar-or-iridium-or-inmarsat.html
CubeSats with keyword: Globalstar or Iridium or Inmarsat,PTD-1,ptd-1,—,não,https://www.nanosats.eu/keyword/globalstar-or-iridium-or-inmarsat.html
CubeSats with keyword: Globalstar or Iridium or Inmarsat,PTLS,ptls,—,não,https://www.nanosats.eu/keyword/globalstar-or-iridium-or-inmarsat.html
CubeSats with keyword: Globalstar or Iridium or Inmarsat,PY4 D,py4,—,não,https://www.nanosats.eu/keyword/globalstar-or-iridium-or-inmarsat.html
CubeSats with keyword: Globalstar or Iridium or Inmarsat,QAC-1 D,qac-1,A - sensoriamento remoto,sim,https://www.nanosats.eu/keyword/globalstar-or-iridium-or-inmarsat.html
CubeSats with keyword: Globalstar or Iridium or Inmarsat,QuARCS B,quarcs,—,não,https://www.nanosats.eu/keyword/globalstar-or-iridium-or-inmarsat.html
CubeSats with keyword: Globalstar or Iridium or Inmarsat,RadSat-g,radsat-g,—,não,https://www.nanosats.eu/keyword/globalstar-or-iridium-or-inmarsat.html
CubeSats with keyword: Globalstar or Iridium or Inmarsat,RAPSat D,rapsat,—,não,https://www.nanosats.eu/keyword/globalstar-or-iridium-or-inmarsat.html
CubeSats with keyword: Globalstar or Iridium or Inmarsat,RAVAN XB3,ravan-xb3,—,não,https://www.nanosats.eu/keyword/globalstar-or-iridium-or-inmarsat.html
CubeSats with keyword: Globalstar or Iridium or Inmarsat,RECONSO,reconso,—,não,https://www.nanosats.eu/keyword/globalstar-or-iridium-or-inmarsat.html
CubeSats with keyword: Globalstar or Iridium or Inmarsat,SASSI2,sassi2,—,não,https://www.nanosats.eu/keyword/globalstar-or-iridium-or-inmarsat.html
CubeSats with keyword: Globalstar or Iridium or Inmarsat,satellite-asgardia-1-space-kingdom-of-asgardia.png,satellite-asgardia-1-space-kingdom-of-asgardia.png,,,https://www.nanosats.eu/keyword/globalstar-or-iridium-or-inmarsat.html
CubeSats with keyword: Globalstar or Iridium or Inmarsat,SHARC Biarri-Point,sharc-biarri-point,—,não,https://www.nanosats.eu/keyword/globalstar-or-iridium-or-inmarsat.html
CubeSats with keyword: Globalstar or Iridium or Inmarsat,SOURCE,source,A - sensoriamento remoto,sim,https://www.nanosats.eu/keyword/globalstar-or-iridium-or-inmarsat.html
CubeSats with keyword: Globalstar or Iridium or Inmarsat,SUPERNOVA-BETA,supernova-beta,A - sensoriamento remoto,sim,https://www.nanosats.eu/keyword/globalstar-or-iridium-or-inmarsat.html
CubeSats with keyword: Globalstar or Iridium or Inmarsat,SWAP-E D,swap-e,—,não,https://www.nanosats.eu/keyword/globalstar-or-iridium-or-inmarsat.html
CubeSats with keyword: Globalstar or Iridium or Inmarsat,TechEdSat,techedsat,A(fraco) - câmera sem alvo declarado,não,https://www.nanosats.eu/keyword/globalstar-or-iridium-or-inmarsat.html
CubeSats with keyword: Globalstar or Iridium or Inmarsat,TechEdSat-10,techedsat-10,—,não,https://www.nanosats.eu/keyword/globalstar-or-iridium-or-inmarsat.html
CubeSats with keyword: Globalstar or Iridium or Inmarsat,TechEdSat-2,techedsat-2,—,não,https://www.nanosats.eu/keyword/globalstar-or-iridium-or-inmarsat.html
CubeSats with keyword: Globalstar or Iridium or Inmarsat,TechEdSat-3p,techedsat-3p,—,não,https://www.nanosats.eu/keyword/globalstar-or-iridium-or-inmarsat.html
CubeSats with keyword: Globalstar or Iridium or Inmarsat,TechEdSat-4,techedsat-4,—,não,https://www.nanosats.eu/keyword/globalstar-or-iridium-or-inmarsat.html
CubeSats with keyword: Globalstar or Iridium or Inmarsat,TechEdSat-5,techedsat-5,—,não,https://www.nanosats.eu/keyword/globalstar-or-iridium-or-inmarsat.html
CubeSats with keyword: Globalstar or Iridium or Inmarsat,TechEdSat-6,techedsat-6,—,não,https://www.nanosats.eu/keyword/globalstar-or-iridium-or-inmarsat.html
CubeSats with keyword: Globalstar or Iridium or Inmarsat,TechEdSat-8,techedsat-8,—,não,https://www.nanosats.eu/keyword/globalstar-or-iridium-or-inmarsat.html
CubeSats with keyword: Globalstar or Iridium or Inmarsat,techedsat-arm-deploying_0.jpg,techedsat-arm-deploying_0.jpg,,,https://www.nanosats.eu/keyword/globalstar-or-iridium-or-inmarsat.html
CubeSats with keyword: Globalstar or Iridium or Inmarsat,techedsat01.jpg,techedsat01.jpg,,,https://www.nanosats.eu/keyword/globalstar-or-iridium-or-inmarsat.html
CubeSats with keyword: Globalstar or Iridium or Inmarsat,techedsat_4.1.jpg,techedsat_4.1.jpg,,,https://www.nanosats.eu/keyword/globalstar-or-iridium-or-inmarsat.html
CubeSats with keyword: Globalstar or Iridium or Inmarsat,ThinSat-1L,thinsat,—,não,https://www.nanosats.eu/keyword/globalstar-or-iridium-or-inmarsat.html
CubeSats with keyword: Globalstar or Iridium or Inmarsat,ThinSat-2I,thinsat-2,—,não,https://www.nanosats.eu/keyword/globalstar-or-iridium-or-inmarsat.html
CubeSats with keyword: Globalstar or Iridium or Inmarsat,TJREVERB,tjreverb,—,não,https://www.nanosats.eu/keyword/globalstar-or-iridium-or-inmarsat.html
CubeSats with keyword: Globalstar or Iridium or Inmarsat,TNS-0,tns-0,C - sinais cooperativos (AIS/ADS-B/RF),sim,https://www.nanosats.eu/keyword/globalstar-or-iridium-or-inmarsat.html
CubeSats with keyword: Globalstar or Iridium or Inmarsat,TNS 0-2,tns-0-2,—,não,https://www.nanosats.eu/keyword/globalstar-or-iridium-or-inmarsat.html
CubeSats with keyword: Globalstar or Iridium or Inmarsat,tns-0-2.jpg,tns-0-2.jpg,,,https://www.nanosats.eu/keyword/globalstar-or-iridium-or-inmarsat.html
CubeSats with keyword: Globalstar or Iridium or Inmarsat,TOLOSAT,tolosat,—,não,https://www.nanosats.eu/keyword/globalstar-or-iridium-or-inmarsat.html
CubeSats with keyword: Globalstar or Iridium or Inmarsat,TROOP-F2,troop-f2,—,não,https://www.nanosats.eu/keyword/globalstar-or-iridium-or-inmarsat.html
CubeSats with keyword: Globalstar or Iridium or Inmarsat,TROOP-F3,troop-f3,—,não,https://www.nanosats.eu/keyword/globalstar-or-iridium-or-inmarsat.html
CubeSats with keyword: Globalstar or Iridium or Inmarsat,Time Flies,trustpoint-cubesat,—,não,https://www.nanosats.eu/keyword/globalstar-or-iridium-or-inmarsat.html
CubeSats with keyword: Globalstar or Iridium or Inmarsat,TRYAD 2,tryad,—,não,https://www.nanosats.eu/keyword/globalstar-or-iridium-or-inmarsat.html
CubeSats with keyword: Globalstar or Iridium or Inmarsat,TSAT,tsat,—,não,https://www.nanosats.eu/keyword/globalstar-or-iridium-or-inmarsat.html
CubeSats with keyword: Globalstar or Iridium or Inmarsat,U2U,u2u,—,não,https://www.nanosats.eu/keyword/globalstar-or-iridium-or-inmarsat.html
CubeSats with keyword: Globalstar or Iridium or Inmarsat,UNITE,unite,—,não,https://www.nanosats.eu/keyword/globalstar-or-iridium-or-inmarsat.html
CubeSats with keyword: Globalstar or Iridium or Inmarsat,VEERY-0E “Ectobius”,veery-0e,A - sensoriamento remoto,sim,https://www.nanosats.eu/keyword/globalstar-or-iridium-or-inmarsat.html
CubeSats with keyword: Globalstar or Iridium or Inmarsat,VELOX-II,velox-ii,—,não,https://www.nanosats.eu/keyword/globalstar-or-iridium-or-inmarsat.html
CubeSats with keyword: Globalstar or Iridium or Inmarsat,Venta-1,venta-1,A(fraco) - câmera sem alvo declarado; C - sinais cooperativos (AIS/ADS-B/RF),sim,https://www.nanosats.eu/keyword/globalstar-or-iridium-or-inmarsat.html
CubeSats with keyword: Globalstar or Iridium or Inmarsat,VPM,vpm,—,não,https://www.nanosats.eu/keyword/globalstar-or-iridium-or-inmarsat.html
CubeSats with keyword: Globalstar or Iridium or Inmarsat,WolfSat-1,wolfsat-1,—,não,https://www.nanosats.eu/keyword/globalstar-or-iridium-or-inmarsat.html
CubeSats with keyword: Globalstar or Iridium or Inmarsat,WVSAT A,wvsat-a,—,não,https://www.nanosats.eu/keyword/globalstar-or-iridium-or-inmarsat.html
CubeSats with keyword: Globalstar or Iridium or Inmarsat,WVSAT B,wvsat-b,—,não,https://www.nanosats.eu/keyword/globalstar-or-iridium-or-inmarsat.html
CubeSats with keyword: Globalstar or Iridium or Inmarsat,WVSAT D,wvsat-c-d,—,não,https://www.nanosats.eu/keyword/globalstar-or-iridium-or-inmarsat.html
CubeSats with keyword: GTO or GEO orbit,Ascent_2.png,Ascent_2.png,,,https://www.nanosats.eu/keyword/gto-or-geo-orbit.html
CubeSats with keyword: GTO or GEO orbit,BIRDY.png,BIRDY.png,,,https://www.nanosats.eu/keyword/gto-or-geo-orbit.html
CubeSats with keyword: GTO or GEO orbit,CP14.png,CP14.png,,,https://www.nanosats.eu/keyword/gto-or-geo-orbit.html
CubeSats with keyword: GTO or GEO orbit,ESRA_4.jpeg,ESRA_4.jpeg,,,https://www.nanosats.eu/keyword/gto-or-geo-orbit.html
CubeSats with keyword: GTO or GEO orbit,GS-1_3.jpeg,GS-1_3.jpeg,,,https://www.nanosats.eu/keyword/gto-or-geo-orbit.html
CubeSats with keyword: GTO or GEO orbit,GTOSat_4.png,GTOSat_4.png,,,https://www.nanosats.eu/keyword/gto-or-geo-orbit.html
CubeSats with keyword: GTO or GEO orbit,HERO-I.png,HERO-I.png,,,https://www.nanosats.eu/keyword/gto-or-geo-orbit.html
CubeSats with keyword: GTO or GEO orbit,LINUSS_pair_in_space.jpg,LINUSS_pair_in_space.jpg,,,https://www.nanosats.eu/keyword/gto-or-geo-orbit.html
CubeSats with keyword: GTO or GEO orbit,OSC_2.png,OSC_2.png,,,https://www.nanosats.eu/keyword/gto-or-geo-orbit.html
CubeSats with keyword: GTO or GEO orbit,SWIMSat.png,SWIMSat.png,,,https://www.nanosats.eu/keyword/gto-or-geo-orbit.html
CubeSats with keyword: GTO or GEO orbit,SpectroCube-configuration-and-subsystems-on-the-left-6U-configuration-with-volume.png,SpectroCube-configuration-and-subsystems-on-the-left-6U-configuration-with-volume.png,,,https://www.nanosats.eu/keyword/gto-or-geo-orbit.html
CubeSats with keyword: GTO or GEO orbit,TDO-2.JPG,TDO-2.JPG,,,https://www.nanosats.eu/keyword/gto-or-geo-orbit.html
CubeSats with keyword: GTO or GEO orbit,Trisat-R_cleanroom.jpg,Trisat-R_cleanroom.jpg,,,https://www.nanosats.eu/keyword/gto-or-geo-orbit.html
CubeSats with keyword: GTO or GEO orbit,ALCEK,alcek,—,não,https://www.nanosats.eu/keyword/gto-or-geo-orbit.html
CubeSats with keyword: GTO or GEO orbit,ASCENT,ascent,—,não,https://www.nanosats.eu/keyword/gto-or-geo-orbit.html
CubeSats with keyword: GTO or GEO orbit,BIRDY-GTO,birdy-gto,—,não,https://www.nanosats.eu/keyword/gto-or-geo-orbit.html
CubeSats with keyword: GTO or GEO orbit,Cape IV-GTO,cape-iv-gto,B - coleta de plataformas (DCS/IoT),sim,https://www.nanosats.eu/keyword/gto-or-geo-orbit.html
CubeSats with keyword: GTO or GEO orbit,CP14,cp14,—,não,https://www.nanosats.eu/keyword/gto-or-geo-orbit.html
CubeSats with keyword: GTO or GEO orbit,DSM-BRAC,dsm-brac,—,não,https://www.nanosats.eu/keyword/gto-or-geo-orbit.html
CubeSats with keyword: GTO or GEO orbit,ESRA,esra,—,não,https://www.nanosats.eu/keyword/gto-or-geo-orbit.html
CubeSats with keyword: GTO or GEO orbit,Foresail-2,foresail-2,—,não,https://www.nanosats.eu/keyword/gto-or-geo-orbit.html
CubeSats with keyword: GTO or GEO orbit,GS-1,g-space-1,A - sensoriamento remoto,sim,https://www.nanosats.eu/keyword/gto-or-geo-orbit.html
CubeSats with keyword: GTO or GEO orbit,GTOSat,gtosat,—,não,https://www.nanosats.eu/keyword/gto-or-geo-orbit.html
CubeSats with keyword: GTO or GEO orbit,HERO-1,hero-1,—,não,https://www.nanosats.eu/keyword/gto-or-geo-orbit.html
CubeSats with keyword: GTO or GEO orbit,LACCE,lacce,—,não,https://www.nanosats.eu/keyword/gto-or-geo-orbit.html
CubeSats with keyword: GTO or GEO orbit,LINUSS 2,linuss,A(fraco) - câmera sem alvo declarado,não,https://www.nanosats.eu/keyword/gto-or-geo-orbit.html
CubeSats with keyword: GTO or GEO orbit,Orbital Factory 4,orbital-factory-4,—,não,https://www.nanosats.eu/keyword/gto-or-geo-orbit.html
CubeSats with keyword: GTO or GEO orbit,OrCa1,orca1,—,não,https://www.nanosats.eu/keyword/gto-or-geo-orbit.html
CubeSats with keyword: GTO or GEO orbit,OSC,osc,—,não,https://www.nanosats.eu/keyword/gto-or-geo-orbit.html
CubeSats with keyword: GTO or GEO orbit,SpectroCube,spectrocube,—,não,https://www.nanosats.eu/keyword/gto-or-geo-orbit.html
CubeSats with keyword: GTO or GEO orbit,SunRISE 6,sunrise,—,não,https://www.nanosats.eu/keyword/gto-or-geo-orbit.html
CubeSats with keyword: GTO or GEO orbit,sunrise_satellites_completed.jpg,sunrise_satellites_completed.jpg,,,https://www.nanosats.eu/keyword/gto-or-geo-orbit.html
CubeSats with keyword: GTO or GEO orbit,SWIMSat,swimsat,A(fraco) - câmera sem alvo declarado,não,https://www.nanosats.eu/keyword/gto-or-geo-orbit.html
CubeSats with keyword: GTO or GEO orbit,TDO,tdo,—,não,https://www.nanosats.eu/keyword/gto-or-geo-orbit.html
CubeSats with keyword: GTO or GEO orbit,TRISAT-R,trisat-r,A - sensoriamento remoto,sim,https://www.nanosats.eu/keyword/gto-or-geo-orbit.html
CubeSats with keyword: High Performance Computing,FOREST-3_5.jpeg,FOREST-3_5.jpeg,,,https://www.nanosats.eu/keyword/high-performance-computing.html
CubeSats with keyword: High Performance Computing,Lemur-2_12.jpg,Lemur-2_12.jpg,,,https://www.nanosats.eu/keyword/high-performance-computing.html
CubeSats with keyword: High Performance Computing,FOREST-3,forest-3,A - sensoriamento remoto,sim,https://www.nanosats.eu/keyword/high-performance-computing.html
CubeSats with keyword: High Performance Computing,Lemur-2,lemur-2,A - sensoriamento remoto; C - sinais cooperativos (AIS/ADS-B/RF),sim,https://www.nanosats.eu/keyword/high-performance-computing.html
CubeSats with keyword: Hosted Payloads,BEIHANGKONGSHI-1_4.jpg,BEIHANGKONGSHI-1_4.jpg,,,https://www.nanosats.eu/keyword/hosted-payloads.html
CubeSats with keyword: Hosted Payloads,EPICHyper-1.jpeg,EPICHyper-1.jpeg,,,https://www.nanosats.eu/keyword/hosted-payloads.html
CubeSats with keyword: Hosted Payloads,GS-1.png,GS-1.png,,,https://www.nanosats.eu/keyword/hosted-payloads.html
CubeSats with keyword: Hosted Payloads,SOWA-0024-1.jpg,SOWA-0024-1.jpg,,,https://www.nanosats.eu/keyword/hosted-payloads.html
CubeSats with keyword: Hosted Payloads,STORK_11.jpg,STORK_11.jpg,,,https://www.nanosats.eu/keyword/hosted-payloads.html
CubeSats with keyword: Hosted Payloads,STORK_14.jpg,STORK_14.jpg,,,https://www.nanosats.eu/keyword/hosted-payloads.html
CubeSats with keyword: Hosted Payloads,Beihangkongshi 1,beihangkongshi-1,C - sinais cooperativos (AIS/ADS-B/RF),sim,https://www.nanosats.eu/keyword/hosted-payloads.html
CubeSats with keyword: Hosted Payloads,GS-1,g-space-1,A - sensoriamento remoto,sim,https://www.nanosats.eu/keyword/hosted-payloads.html
CubeSats with keyword: Hosted Payloads,SOWA,sowa,—,não,https://www.nanosats.eu/keyword/hosted-payloads.html
CubeSats with keyword: Hosted Payloads,STORK-14,stork,A - sensoriamento remoto,sim,https://www.nanosats.eu/keyword/hosted-payloads.html
CubeSats with keyword: Hosted Payloads,STORK-7,stork-7-aman-1,A - sensoriamento remoto,sim,https://www.nanosats.eu/keyword/hosted-payloads.html
CubeSats with keyword: Hosted Payloads,EPICHyper-3,wyvern-cubesats,A - sensoriamento remoto,sim,https://www.nanosats.eu/keyword/hosted-payloads.html
CubeSats with keyword: Hosted Payloads,VIREON-10,xspancion,A - sensoriamento remoto,sim,https://www.nanosats.eu/keyword/hosted-payloads.html
CubeSats with keyword: Hyperspectral,Anant.png,Anant.png,,,https://www.nanosats.eu/keyword/hyperspectral.html
CubeSats with keyword: Hyperspectral,Arkyd-6A.png,Arkyd-6A.png,,,https://www.nanosats.eu/keyword/hyperspectral.html
CubeSats with keyword: Hyperspectral,CIRAS.jpg,CIRAS.jpg,,,https://www.nanosats.eu/keyword/hyperspectral.html
CubeSats with keyword: Hyperspectral,GomX-4B_CubeSat.jpg,GomX-4B_CubeSat.jpg,,,https://www.nanosats.eu/keyword/hyperspectral.html
CubeSats with keyword: Hyperspectral,Harris_HyperCube_CubeSat-FTS.png,Harris_HyperCube_CubeSat-FTS.png,,,https://www.nanosats.eu/keyword/hyperspectral.html
CubeSats with keyword: Hyperspectral,Intuition-1_3.jpg,Intuition-1_3.jpg,,,https://www.nanosats.eu/keyword/hyperspectral.html
CubeSats with keyword: Hyperspectral,Lemu-Nge_8.jpeg,Lemu-Nge_8.jpeg,,,https://www.nanosats.eu/keyword/hyperspectral.html
CubeSats with keyword: Hyperspectral,SPOC_9.png,SPOC_9.png,,,https://www.nanosats.eu/keyword/hyperspectral.html
CubeSats with keyword: Hyperspectral,SWEET.png,SWEET.png,,,https://www.nanosats.eu/keyword/hyperspectral.html
CubeSats with keyword: Hyperspectral,Anant,anant,A - sensoriamento remoto,sim,https://www.nanosats.eu/keyword/hyperspectral.html
CubeSats with keyword: Hyperspectral,Arkyd 6B,arkyd-6,A(fraco) - câmera sem alvo declarado,não,https://www.nanosats.eu/keyword/hyperspectral.html
CubeSats with keyword: Hyperspectral,Ceres 10,ceres-planetary,A - sensoriamento remoto,sim,https://www.nanosats.eu/keyword/hyperspectral.html
CubeSats with keyword: Hyperspectral,CHIRad-Sat,chirad-sat,A - sensoriamento remoto,sim,https://www.nanosats.eu/keyword/hyperspectral.html
CubeSats with keyword: Hyperspectral,CIRAS,ciras,A - sensoriamento remoto,sim,https://www.nanosats.eu/keyword/hyperspectral.html
CubeSats with keyword: Hyperspectral,GOMX-4B,gomx-4b,A - sensoriamento remoto; C - sinais cooperativos (AIS/ADS-B/RF),sim,https://www.nanosats.eu/keyword/hyperspectral.html
CubeSats with keyword: Hyperspectral,HyperCube 12,hypercube,A - sensoriamento remoto,sim,https://www.nanosats.eu/keyword/hyperspectral.html
CubeSats with keyword: Hyperspectral,Intuition-1,intuition-1,A - sensoriamento remoto,sim,https://www.nanosats.eu/keyword/hyperspectral.html
CubeSats with keyword: Hyperspectral,IPEX,ipex,A - sensoriamento remoto,sim,https://www.nanosats.eu/keyword/hyperspectral.html
CubeSats with keyword: Hyperspectral,ipexmedium.jpg,ipexmedium.jpg,,,https://www.nanosats.eu/keyword/hyperspectral.html
CubeSats with keyword: Hyperspectral,Lemu Nge,lemu-nge,A - sensoriamento remoto,sim,https://www.nanosats.eu/keyword/hyperspectral.html
CubeSats with keyword: Hyperspectral,product-arkyd-assembly.jpg,product-arkyd-assembly.jpg,,,https://www.nanosats.eu/keyword/hyperspectral.html
CubeSats with keyword: Hyperspectral,SPOC,spoc,A - sensoriamento remoto,sim,https://www.nanosats.eu/keyword/hyperspectral.html
CubeSats with keyword: Hyperspectral,STACEM,stacem,A - sensoriamento remoto,sim,https://www.nanosats.eu/keyword/hyperspectral.html
CubeSats with keyword: Hyperspectral,SWEET 0,sweet-0,A - sensoriamento remoto,sim,https://www.nanosats.eu/keyword/hyperspectral.html
CubeSats with keyword: Intersatellite links,CORAL_2.png,CORAL_2.png,,,https://www.nanosats.eu/keyword/intersatellite-links.html
CubeSats with keyword: Intersatellite links,CTC-1_2.jpg,CTC-1_2.jpg,,,https://www.nanosats.eu/keyword/intersatellite-links.html
CubeSats with keyword: Intersatellite links,Cesium-Mission-1_3.jpg,Cesium-Mission-1_3.jpg,,,https://www.nanosats.eu/keyword/intersatellite-links.html
CubeSats with keyword: Intersatellite links,Connecta T3.1 and T3.2.jpg,Connecta T3.1 and T3.2.jpg,,,https://www.nanosats.eu/keyword/intersatellite-links.html
CubeSats with keyword: Intersatellite links,ERMIS-3-Graphic-1.png,ERMIS-3-Graphic-1.png,,,https://www.nanosats.eu/keyword/intersatellite-links.html
CubeSats with keyword: Intersatellite links,Galassia-2-panels.png,Galassia-2-panels.png,,,https://www.nanosats.eu/keyword/intersatellite-links.html
CubeSats with keyword: Intersatellite links,INNOVATOR-1.png,INNOVATOR-1.png,,,https://www.nanosats.eu/keyword/intersatellite-links.html
CubeSats with keyword: Intersatellite links,Lemur-2_12.jpg,Lemur-2_12.jpg,,,https://www.nanosats.eu/keyword/intersatellite-links.html
CubeSats with keyword: Intersatellite links,Lilium-2_Lilium-3_4.jfif,Lilium-2_Lilium-3_4.jfif,,,https://www.nanosats.eu/keyword/intersatellite-links.html
CubeSats with keyword: Intersatellite links,MAGNARO2.jpeg,MAGNARO2.jpeg,,,https://www.nanosats.eu/keyword/intersatellite-links.html
CubeSats with keyword: Intersatellite links,OSC.png,OSC.png,,,https://www.nanosats.eu/keyword/intersatellite-links.html
CubeSats with keyword: Intersatellite links,PEARL-Foxconn.jpeg,PEARL-Foxconn.jpeg,,,https://www.nanosats.eu/keyword/intersatellite-links.html
CubeSats with keyword: Intersatellite links,SEIRIOS_2.png,SEIRIOS_2.png,,,https://www.nanosats.eu/keyword/intersatellite-links.html
CubeSats with keyword: Intersatellite links,SWARM-EX.jpg,SWARM-EX.jpg,,,https://www.nanosats.eu/keyword/intersatellite-links.html
CubeSats with keyword: Intersatellite links,Starling_3.jpeg,Starling_3.jpeg,,,https://www.nanosats.eu/keyword/intersatellite-links.html
CubeSats with keyword: Intersatellite links,TUSUR-GO_3.jpg,TUSUR-GO_3.jpg,,,https://www.nanosats.eu/keyword/intersatellite-links.html
CubeSats with keyword: Intersatellite links,T_MicroSat_1.png,T_MicroSat_1.png,,,https://www.nanosats.eu/keyword/intersatellite-links.html
CubeSats with keyword: Intersatellite links,VISORS_2.png,VISORS_2.png,,,https://www.nanosats.eu/keyword/intersatellite-links.html
CubeSats with keyword: Intersatellite links,VULCAIN-1.png,VULCAIN-1.png,,,https://www.nanosats.eu/keyword/intersatellite-links.html
CubeSats with keyword: Intersatellite links,AeroCube-16B,aerocube-16,—,não,https://www.nanosats.eu/keyword/intersatellite-links.html
CubeSats with keyword: Intersatellite links,CADENCE B,cadence,A - sensoriamento remoto; B - coleta de plataformas (DCS/IoT),sim,https://www.nanosats.eu/keyword/intersatellite-links.html
CubeSats with keyword: Intersatellite links,Cesium Satellite 2,cesium-satellite,—,não,https://www.nanosats.eu/keyword/intersatellite-links.html
CubeSats with keyword: Intersatellite links,Connecta T3.1,connecta-t3.1,—,não,https://www.nanosats.eu/keyword/intersatellite-links.html
CubeSats with keyword: Intersatellite links,Connecta T3.2,connecta-t3.2,—,não,https://www.nanosats.eu/keyword/intersatellite-links.html
CubeSats with keyword: Intersatellite links,CORAL,coral,B - coleta de plataformas (DCS/IoT); C - sinais cooperativos (AIS/ADS-B/RF),sim,https://www.nanosats.eu/keyword/intersatellite-links.html
CubeSats with keyword: Intersatellite links,CTC 1C,ctc-1,—,não,https://www.nanosats.eu/keyword/intersatellite-links.html
CubeSats with keyword: Intersatellite links,ERMIS-3,ermis,A - sensoriamento remoto; B - coleta de plataformas (DCS/IoT),sim,https://www.nanosats.eu/keyword/intersatellite-links.html
CubeSats with keyword: Intersatellite links,Galassia 2,galassia-2,A - sensoriamento remoto,sim,https://www.nanosats.eu/keyword/intersatellite-links.html
CubeSats with keyword: Intersatellite links,INNOVATOR B,innovator,A - sensoriamento remoto,sim,https://www.nanosats.eu/keyword/intersatellite-links.html
CubeSats with keyword: Intersatellite links,Lemur-2,lemur-2,A - sensoriamento remoto; C - sinais cooperativos (AIS/ADS-B/RF),sim,https://www.nanosats.eu/keyword/intersatellite-links.html
CubeSats with keyword: Intersatellite links,Lemur-2 124 Djara,lemur-2-djara,A - sensoriamento remoto; C - sinais cooperativos (AIS/ADS-B/RF),sim,https://www.nanosats.eu/keyword/intersatellite-links.html
CubeSats with keyword: Intersatellite links,Lemur-2 180 Mango Two 2B,lemur-2-mango2,C - sinais cooperativos (AIS/ADS-B/RF),sim,https://www.nanosats.eu/keyword/intersatellite-links.html
CubeSats with keyword: Intersatellite links,Lilium-4,lilium-2,—,não,https://www.nanosats.eu/keyword/intersatellite-links.html
CubeSats with keyword: Intersatellite links,lilium-3,lilium-3,,,https://www.nanosats.eu/keyword/intersatellite-links.html
CubeSats with keyword: Intersatellite links,MAGNARO-II - Tigris,magnaro-2,—,não,https://www.nanosats.eu/keyword/intersatellite-links.html
CubeSats with keyword: Intersatellite links,OSC,osc,—,não,https://www.nanosats.eu/keyword/intersatellite-links.html
CubeSats with keyword: Intersatellite links,PEARL 1B,project-pearl,—,não,https://www.nanosats.eu/keyword/intersatellite-links.html
CubeSats with keyword: Intersatellite links,SEIRIOS Line 2,seirios,A(fraco) - câmera sem alvo declarado,não,https://www.nanosats.eu/keyword/intersatellite-links.html
CubeSats with keyword: Intersatellite links,Skoltech-F,skoltech-f,A(fraco) - câmera sem alvo declarado,não,https://www.nanosats.eu/keyword/intersatellite-links.html
CubeSats with keyword: Intersatellite links,spire-satellite-optical-inter-satellite-link-front.jpg,spire-satellite-optical-inter-satellite-link-front.jpg,,,https://www.nanosats.eu/keyword/intersatellite-links.html
CubeSats with keyword: Intersatellite links,Starling1 D,starling1,A(fraco) - câmera sem alvo declarado,não,https://www.nanosats.eu/keyword/intersatellite-links.html
CubeSats with keyword: Intersatellite links,SWARM-EX C,swarm-ex,—,não,https://www.nanosats.eu/keyword/intersatellite-links.html
CubeSats with keyword: Intersatellite links,T.MicroSat-4,tmicrosat-3-4,—,não,https://www.nanosats.eu/keyword/intersatellite-links.html
CubeSats with keyword: Intersatellite links,TUSUR GO,tusur-go,A(fraco) - câmera sem alvo declarado,não,https://www.nanosats.eu/keyword/intersatellite-links.html
CubeSats with keyword: Intersatellite links,VISORS B,visors,A(fraco) - câmera sem alvo declarado,não,https://www.nanosats.eu/keyword/intersatellite-links.html
CubeSats with keyword: Intersatellite links,VULCAIN B,vulcain,A - sensoriamento remoto,sim,https://www.nanosats.eu/keyword/intersatellite-links.html
CubeSats with keyword: Intersatellite links,VIREON-10,xspancion,A - sensoriamento remoto,sim,https://www.nanosats.eu/keyword/intersatellite-links.html
CubeSats with keyword: Ka-band,Bellbird-1.jpg,Bellbird-1.jpg,,,https://www.nanosats.eu/keyword/ka-band.html
CubeSats with keyword: Ka-band,Corvus-BC_3.png,Corvus-BC_3.png,,,https://www.nanosats.eu/keyword/ka-band.html
CubeSats with keyword: Ka-band,EQUULEUS_3.png,EQUULEUS_3.png,,,https://www.nanosats.eu/keyword/ka-band.html
CubeSats with keyword: Ka-band,MCNAIR.jpg,MCNAIR.jpg,,,https://www.nanosats.eu/keyword/ka-band.html
CubeSats with keyword: Ka-band,Perseus-M_3.jpg,Perseus-M_3.jpg,,,https://www.nanosats.eu/keyword/ka-band.html
CubeSats with keyword: Ka-band,Perseus-M_4.png,Perseus-M_4.png,,,https://www.nanosats.eu/keyword/ka-band.html
CubeSats with keyword: Ka-band,RainCube2.jpg,RainCube2.jpg,,,https://www.nanosats.eu/keyword/ka-band.html
CubeSats with keyword: Ka-band,RavenSat.png,RavenSat.png,,,https://www.nanosats.eu/keyword/ka-band.html
CubeSats with keyword: Ka-band,T_MicroSat_1.png,T_MicroSat_1.png,,,https://www.nanosats.eu/keyword/ka-band.html
CubeSats with keyword: Ka-band,Landmapper-BC 8,corvus-bc,A - sensoriamento remoto,sim,https://www.nanosats.eu/keyword/ka-band.html
CubeSats with keyword: Ka-band,Landmapper-HD 20,corvus-hd,A - sensoriamento remoto,sim,https://www.nanosats.eu/keyword/ka-band.html
CubeSats with keyword: Ka-band,corvus-hd__1.jpg,corvus-hd__1.jpg,,,https://www.nanosats.eu/keyword/ka-band.html
CubeSats with keyword: Ka-band,EQUULEUS,equuleus,A(fraco) - câmera sem alvo declarado,não,https://www.nanosats.eu/keyword/ka-band.html
CubeSats with keyword: Ka-band,Helios 30,helios-sirion,B - coleta de plataformas (DCS/IoT),sim,https://www.nanosats.eu/keyword/ka-band.html
CubeSats with keyword: Ka-band,helios_sirion_pathfinders.jpg,helios_sirion_pathfinders.jpg,,,https://www.nanosats.eu/keyword/ka-band.html
CubeSats with keyword: Ka-band,ISARA,isara,—,não,https://www.nanosats.eu/keyword/ka-band.html
CubeSats with keyword: Ka-band,isara2.jpg,isara2.jpg,,,https://www.nanosats.eu/keyword/ka-band.html
CubeSats with keyword: Ka-band,Mandrake 1,mandrake-1,—,não,https://www.nanosats.eu/keyword/ka-band.html
CubeSats with keyword: Ka-band,MCNAIR,mcnair,—,não,https://www.nanosats.eu/keyword/ka-band.html
CubeSats with keyword: Ka-band,Perseus-M 2,perseus-m,C - sinais cooperativos (AIS/ADS-B/RF),sim,https://www.nanosats.eu/keyword/ka-band.html
CubeSats with keyword: Ka-band,RainCube,raincube,A - sensoriamento remoto,sim,https://www.nanosats.eu/keyword/ka-band.html
CubeSats with keyword: Ka-band,RavenSat,ravensat,—,não,https://www.nanosats.eu/keyword/ka-band.html
CubeSats with keyword: Ka-band,TINYSCOPE,tinyscope,A(fraco) - câmera sem alvo declarado,não,https://www.nanosats.eu/keyword/ka-band.html
CubeSats with keyword: Ka-band,tinyscope__1.jpg,tinyscope__1.jpg,,,https://www.nanosats.eu/keyword/ka-band.html
CubeSats with keyword: Ka-band,T.MicroSat-1,tmicrosat-1,—,não,https://www.nanosats.eu/keyword/ka-band.html
CubeSats with keyword: Ka-band,T.MicroSat-2,tmicrosat-2,—,não,https://www.nanosats.eu/keyword/ka-band.html
CubeSats with keyword: Ka-band,T.MicroSat-4,tmicrosat-3-4,—,não,https://www.nanosats.eu/keyword/ka-band.html
CubeSats with keyword: Ku-band,KIPP_-_Kepler's_1st_demo_satellite.jpg,KIPP_-_Kepler's_1st_demo_satellite.jpg,,,https://www.nanosats.eu/keyword/ku-band.html
CubeSats with keyword: Ku-band,KSAT2_Z95.jpg,KSAT2_Z95.jpg,,,https://www.nanosats.eu/keyword/ku-band.html
CubeSats with keyword: Ku-band,KSAT_3vns001-09218658.jpg,KSAT_3vns001-09218658.jpg,,,https://www.nanosats.eu/keyword/ku-band.html
CubeSats with keyword: Ku-band,Kepler-CASE_rsz_clyde_6u-879x485.jpg,Kepler-CASE_rsz_clyde_6u-879x485.jpg,,,https://www.nanosats.eu/keyword/ku-band.html
CubeSats with keyword: Ku-band,Kepler-TARS_4.jpg,Kepler-TARS_4.jpg,,,https://www.nanosats.eu/keyword/ku-band.html
CubeSats with keyword: Ku-band,Lilium-2_2.png,Lilium-2_2.png,,,https://www.nanosats.eu/keyword/ku-band.html
CubeSats with keyword: Ku-band,RAIKO.jpg,RAIKO.jpg,,,https://www.nanosats.eu/keyword/ku-band.html
CubeSats with keyword: Ku-band,TechEdSat1.jpg,TechEdSat1.jpg,,,https://www.nanosats.eu/keyword/ku-band.html
CubeSats with keyword: Ku-band,Ant-1,ant-1,—,não,https://www.nanosats.eu/keyword/ku-band.html
CubeSats with keyword: Ku-band,Kepler 2 CASE,kepler-3u,B - coleta de plataformas (DCS/IoT),sim,https://www.nanosats.eu/keyword/ku-band.html
CubeSats with keyword: Ku-band,Kepler 3 TARS,kepler-tars,B - coleta de plataformas (DCS/IoT),sim,https://www.nanosats.eu/keyword/ku-band.html
CubeSats with keyword: Ku-band,KSat,ksat,—,não,https://www.nanosats.eu/keyword/ku-band.html
CubeSats with keyword: Ku-band,KSAT2,ksat2,—,não,https://www.nanosats.eu/keyword/ku-band.html
CubeSats with keyword: Ku-band,Lilium-4,lilium-2,—,não,https://www.nanosats.eu/keyword/ku-band.html
CubeSats with keyword: Ku-band,RAIKO,raiko,—,não,https://www.nanosats.eu/keyword/ku-band.html
CubeSats with keyword: Ku-band,TechEdSat,techedsat,A(fraco) - câmera sem alvo declarado,não,https://www.nanosats.eu/keyword/ku-band.html
CubeSats with keyword: Laser transmitter,AC-11.jpg,AC-11.jpg,,,https://www.nanosats.eu/keyword/laser-transmitter.html
CubeSats with keyword: Laser transmitter,ALISIO-1.jpg,ALISIO-1.jpg,,,https://www.nanosats.eu/keyword/laser-transmitter.html
CubeSats with keyword: Laser transmitter,AeroCube-15.jpg,AeroCube-15.jpg,,,https://www.nanosats.eu/keyword/laser-transmitter.html
CubeSats with keyword: Laser transmitter,Antaris-JANUS-1.png,Antaris-JANUS-1.png,,,https://www.nanosats.eu/keyword/laser-transmitter.html
CubeSats with keyword: Laser transmitter,ArgoMoon1.jpg,ArgoMoon1.jpg,,,https://www.nanosats.eu/keyword/laser-transmitter.html
CubeSats with keyword: Laser transmitter,BEIHANGKONGSHI-1.png,BEIHANGKONGSHI-1.png,,,https://www.nanosats.eu/keyword/laser-transmitter.html
CubeSats with keyword: Laser transmitter,Bayi-08_2.jpeg,Bayi-08_2.jpeg,,,https://www.nanosats.eu/keyword/laser-transmitter.html
CubeSats with keyword: Laser transmitter,Buccaneer_BMM_4.jpg,Buccaneer_BMM_4.jpg,,,https://www.nanosats.eu/keyword/laser-transmitter.html
CubeSats with keyword: Laser transmitter,CLICK_jsc2022e019147_nr.jpg,CLICK_jsc2022e019147_nr.jpg,,,https://www.nanosats.eu/keyword/laser-transmitter.html
CubeSats with keyword: Laser transmitter,CubeSOTA.png,CubeSOTA.png,,,https://www.nanosats.eu/keyword/laser-transmitter.html
CubeSats with keyword: Laser transmitter,DISCO-One.bmp,DISCO-One.bmp,,,https://www.nanosats.eu/keyword/laser-transmitter.html
CubeSats with keyword: Laser transmitter,DORA-and-student.png,DORA-and-student.png,,,https://www.nanosats.eu/keyword/laser-transmitter.html
CubeSats with keyword: Laser transmitter,EDISON-IOD_4.jpeg,EDISON-IOD_4.jpeg,,,https://www.nanosats.eu/keyword/laser-transmitter.html
CubeSats with keyword: Laser transmitter,ERMIS-Mission-Graphic.jpg,ERMIS-Mission-Graphic.jpg,,,https://www.nanosats.eu/keyword/laser-transmitter.html
CubeSats with keyword: Laser transmitter,FALCON.png,FALCON.png,,,https://www.nanosats.eu/keyword/laser-transmitter.html
CubeSats with keyword: Laser transmitter,FSSCat.png,FSSCat.png,,,https://www.nanosats.eu/keyword/laser-transmitter.html
CubeSats with keyword: Laser transmitter,Gagarinets-Avant-Space.jpeg,Gagarinets-Avant-Space.jpeg,,,https://www.nanosats.eu/keyword/laser-transmitter.html
CubeSats with keyword: Laser transmitter,IRVINE03.jpg,IRVINE03.jpg,,,https://www.nanosats.eu/keyword/laser-transmitter.html
CubeSats with keyword: Laser transmitter,Impuls-1.jpg,Impuls-1.jpg,,,https://www.nanosats.eu/keyword/laser-transmitter.html
CubeSats with keyword: Laser transmitter,LINCS.jpg,LINCS.jpg,,,https://www.nanosats.eu/keyword/laser-transmitter.html
CubeSats with keyword: Laser transmitter,LaCE.png,LaCE.png,,,https://www.nanosats.eu/keyword/laser-transmitter.html
CubeSats with keyword: Laser transmitter,MeginaSat_4.jpg,MeginaSat_4.jpg,,,https://www.nanosats.eu/keyword/laser-transmitter.html
CubeSats with keyword: Laser transmitter,Nice3.png,Nice3.png,,,https://www.nanosats.eu/keyword/laser-transmitter.html
CubeSats with keyword: Laser transmitter,OCSD2.jpg,OCSD2.jpg,,,https://www.nanosats.eu/keyword/laser-transmitter.html
CubeSats with keyword: Laser transmitter,OPS-SAT-ORIOLE.png,OPS-SAT-ORIOLE.png,,,https://www.nanosats.eu/keyword/laser-transmitter.html
CubeSats with keyword: Laser transmitter,Odaliss_3.png,Odaliss_3.png,,,https://www.nanosats.eu/keyword/laser-transmitter.html
CubeSats with keyword: Laser transmitter,Otter.jpg,Otter.jpg,,,https://www.nanosats.eu/keyword/laser-transmitter.html
CubeSats with keyword: Laser transmitter,PIXL-1.png,PIXL-1.png,,,https://www.nanosats.eu/keyword/laser-transmitter.html
CubeSats with keyword: Laser transmitter,PULSE-A rendering_space-1380px.png,PULSE-A rendering_space-1380px.png,,,https://www.nanosats.eu/keyword/laser-transmitter.html
CubeSats with keyword: Laser transmitter,Pathfinder-3.png,Pathfinder-3.png,,,https://www.nanosats.eu/keyword/laser-transmitter.html
CubeSats with keyword: Laser transmitter,PeakSat.jfif,PeakSat.jfif,,,https://www.nanosats.eu/keyword/laser-transmitter.html
CubeSats with keyword: Laser transmitter,QUBE-II.png,QUBE-II.png,,,https://www.nanosats.eu/keyword/laser-transmitter.html
CubeSats with keyword: Laser transmitter,QUBE_2.png,QUBE_2.png,,,https://www.nanosats.eu/keyword/laser-transmitter.html
CubeSats with keyword: Laser transmitter,RANGE.png,RANGE.png,,,https://www.nanosats.eu/keyword/laser-transmitter.html
CubeSats with keyword: Laser transmitter,STARVIBE_Cubesat-6U-STAR-VIBE.jpg,STARVIBE_Cubesat-6U-STAR-VIBE.jpg,,,https://www.nanosats.eu/keyword/laser-transmitter.html
CubeSats with keyword: Laser transmitter,SULIS_1.png,SULIS_1.png,,,https://www.nanosats.eu/keyword/laser-transmitter.html
CubeSats with keyword: Laser transmitter,SULIS_3.png,SULIS_3.png,,,https://www.nanosats.eu/keyword/laser-transmitter.html
CubeSats with keyword: Laser transmitter,Waypoint.jpg,Waypoint.jpg,,,https://www.nanosats.eu/keyword/laser-transmitter.html
CubeSats with keyword: Laser transmitter,Xiaoxiang-1-02.jpg,Xiaoxiang-1-02.jpg,,,https://www.nanosats.eu/keyword/laser-transmitter.html
CubeSats with keyword: Laser transmitter,Xiaoxiang-1-08.png,Xiaoxiang-1-08.png,,,https://www.nanosats.eu/keyword/laser-transmitter.html
CubeSats with keyword: Laser transmitter,AeroCube-11B,aerocube-11,A - sensoriamento remoto,sim,https://www.nanosats.eu/keyword/laser-transmitter.html
CubeSats with keyword: Laser transmitter,AeroCube-15B,aerocube-15,A - sensoriamento remoto,sim,https://www.nanosats.eu/keyword/laser-transmitter.html
CubeSats with keyword: Laser transmitter,AeroCube-16B,aerocube-16,—,não,https://www.nanosats.eu/keyword/laser-transmitter.html
CubeSats with keyword: Laser transmitter,Aerocube-7C,aerocube-7,—,não,https://www.nanosats.eu/keyword/laser-transmitter.html
CubeSats with keyword: Laser transmitter,ALISIO,alisio,A - sensoriamento remoto,sim,https://www.nanosats.eu/keyword/laser-transmitter.html
CubeSats with keyword: Laser transmitter,ArgoMoon,argomoon,A - sensoriamento remoto,sim,https://www.nanosats.eu/keyword/laser-transmitter.html
CubeSats with keyword: Laser transmitter,Astrogate CubeSat,astrogate-cubesat,—,não,https://www.nanosats.eu/keyword/laser-transmitter.html
CubeSats with keyword: Laser transmitter,BaYi-08,bayi-08,A(fraco) - câmera sem alvo declarado,não,https://www.nanosats.eu/keyword/laser-transmitter.html
CubeSats with keyword: Laser transmitter,Beihangkongshi 1,beihangkongshi-1,C - sinais cooperativos (AIS/ADS-B/RF),sim,https://www.nanosats.eu/keyword/laser-transmitter.html
CubeSats with keyword: Laser transmitter,Buccaneer Flight 4 D,buccaneer,—,não,https://www.nanosats.eu/keyword/laser-transmitter.html
CubeSats with keyword: Laser transmitter,CLICK C,click,—,não,https://www.nanosats.eu/keyword/laser-transmitter.html
CubeSats with keyword: Laser transmitter,Compact optical EO demo,compact-optical-eo-demo-esa,—,não,https://www.nanosats.eu/keyword/laser-transmitter.html
CubeSats with keyword: Laser transmitter,CubeSOTA,cubesota,—,não,https://www.nanosats.eu/keyword/laser-transmitter.html
CubeSats with keyword: Laser transmitter,DISCO One,disco-one,—,não,https://www.nanosats.eu/keyword/laser-transmitter.html
CubeSats with keyword: Laser transmitter,DORA,dora,—,não,https://www.nanosats.eu/keyword/laser-transmitter.html
CubeSats with keyword: Laser transmitter,Edison-1,edison,—,não,https://www.nanosats.eu/keyword/laser-transmitter.html
CubeSats with keyword: Laser transmitter,ERMIS-3,ermis,A - sensoriamento remoto; B - coleta de plataformas (DCS/IoT),sim,https://www.nanosats.eu/keyword/laser-transmitter.html
CubeSats with keyword: Laser transmitter,FALCON B,falcon,A(fraco) - câmera sem alvo declarado,não,https://www.nanosats.eu/keyword/laser-transmitter.html
CubeSats with keyword: Laser transmitter,FSSCat B,fsscat,A - sensoriamento remoto,sim,https://www.nanosats.eu/keyword/laser-transmitter.html
CubeSats with keyword: Laser transmitter,Gagarinets,gagarinets,A(fraco) - câmera sem alvo declarado,não,https://www.nanosats.eu/keyword/laser-transmitter.html
CubeSats with keyword: Laser transmitter,Hellenic Space Dawn B,hellenic-space-dawn,A - sensoriamento remoto,sim,https://www.nanosats.eu/keyword/laser-transmitter.html
CubeSats with keyword: Laser transmitter,Hypergiant Lagrange CubeSat,hypergiant-lagrange-cubesat,A(fraco) - câmera sem alvo declarado,não,https://www.nanosats.eu/keyword/laser-transmitter.html
CubeSats with keyword: Laser transmitter,Impuls-1,impuls-1,—,não,https://www.nanosats.eu/keyword/laser-transmitter.html
CubeSats with keyword: Laser transmitter,IRVINE03,irvine03,—,não,https://www.nanosats.eu/keyword/laser-transmitter.html
CubeSats with keyword: Laser transmitter,Janus 1,janus-1,A(fraco) - câmera sem alvo declarado; B - coleta de plataformas (DCS/IoT),sim,https://www.nanosats.eu/keyword/laser-transmitter.html
CubeSats with keyword: Laser transmitter,LaCE 2,lace,—,não,https://www.nanosats.eu/keyword/laser-transmitter.html
CubeSats with keyword: Laser transmitter,Lemur-2,lemur-2,A - sensoriamento remoto; C - sinais cooperativos (AIS/ADS-B/RF),sim,https://www.nanosats.eu/keyword/laser-transmitter.html
CubeSats with keyword: Laser transmitter,LINCS2 B,lincs,—,não,https://www.nanosats.eu/keyword/laser-transmitter.html
CubeSats with keyword: Laser transmitter,MeginaSat,meginasat,A(fraco) - câmera sem alvo declarado,não,https://www.nanosats.eu/keyword/laser-transmitter.html
CubeSats with keyword: Laser transmitter,Nice3,nice3,—,não,https://www.nanosats.eu/keyword/laser-transmitter.html
CubeSats with keyword: Laser transmitter,ODALISS,odaliss,—,não,https://www.nanosats.eu/keyword/laser-transmitter.html
CubeSats with keyword: Laser transmitter,OPS-SAT ORIOLE,ops-sat-oriole,A - sensoriamento remoto,sim,https://www.nanosats.eu/keyword/laser-transmitter.html
CubeSats with keyword: Laser transmitter,OPS-SAT VOLT,ops-sat-volt,A - sensoriamento remoto,sim,https://www.nanosats.eu/keyword/laser-transmitter.html
CubeSats with keyword: Laser transmitter,OptiSat,optisat,A - sensoriamento remoto,sim,https://www.nanosats.eu/keyword/laser-transmitter.html
CubeSats with keyword: Laser transmitter,Otter,otter,C - sinais cooperativos (AIS/ADS-B/RF),sim,https://www.nanosats.eu/keyword/laser-transmitter.html
CubeSats with keyword: Laser transmitter,PeakSat,peaksat,—,não,https://www.nanosats.eu/keyword/laser-transmitter.html
CubeSats with keyword: Laser transmitter,"PIXL-1,",pixl-1,—,não,https://www.nanosats.eu/keyword/laser-transmitter.html
CubeSats with keyword: Laser transmitter,PTD-3 TBIRD,ptd-3,—,não,https://www.nanosats.eu/keyword/laser-transmitter.html
CubeSats with keyword: Laser transmitter,PULSE-A,pulse-a,—,não,https://www.nanosats.eu/keyword/laser-transmitter.html
CubeSats with keyword: Laser transmitter,QUBE,qube,—,não,https://www.nanosats.eu/keyword/laser-transmitter.html
CubeSats with keyword: Laser transmitter,QUBE-II,qube-2,—,não,https://www.nanosats.eu/keyword/laser-transmitter.html
CubeSats with keyword: Laser transmitter,Radix,radix,—,não,https://www.nanosats.eu/keyword/laser-transmitter.html
CubeSats with keyword: Laser transmitter,radix-678x381.jpg,radix-678x381.jpg,,,https://www.nanosats.eu/keyword/laser-transmitter.html
CubeSats with keyword: Laser transmitter,RANGE-B,range,—,não,https://www.nanosats.eu/keyword/laser-transmitter.html
CubeSats with keyword: Laser transmitter,SATLLA-3,satlla-3,A - sensoriamento remoto,sim,https://www.nanosats.eu/keyword/laser-transmitter.html
CubeSats with keyword: Laser transmitter,STAR VIBE,scansat,A - sensoriamento remoto,sim,https://www.nanosats.eu/keyword/laser-transmitter.html
CubeSats with keyword: Laser transmitter,Skoltech-F,skoltech-f,A(fraco) - câmera sem alvo declarado,não,https://www.nanosats.eu/keyword/laser-transmitter.html
CubeSats with keyword: Laser transmitter,Slingshot-1,slingshot-1,—,não,https://www.nanosats.eu/keyword/laser-transmitter.html
CubeSats with keyword: Laser transmitter,slingshot_1600.jpg,slingshot_1600.jpg,,,https://www.nanosats.eu/keyword/laser-transmitter.html
CubeSats with keyword: Laser transmitter,SpeQtral-1,speqtral-1,A - sensoriamento remoto,sim,https://www.nanosats.eu/keyword/laser-transmitter.html
CubeSats with keyword: Laser transmitter,spire-satellite-optical-inter-satellite-link-rear.jpg,spire-satellite-optical-inter-satellite-link-rear.jpg,,,https://www.nanosats.eu/keyword/laser-transmitter.html
CubeSats with keyword: Laser transmitter,SULIS-E2,sulis,A(fraco) - câmera sem alvo declarado,não,https://www.nanosats.eu/keyword/laser-transmitter.html
CubeSats with keyword: Laser transmitter,Waypoint 1,waypoint-1,A - sensoriamento remoto,sim,https://www.nanosats.eu/keyword/laser-transmitter.html
CubeSats with keyword: Laser transmitter,Xiaoxiang-1-02,xiaoxiang-1,—,não,https://www.nanosats.eu/keyword/laser-transmitter.html
CubeSats with keyword: Laser transmitter,Xiaoxiang 1-08,xiaoxiang-1-08,A - sensoriamento remoto,sim,https://www.nanosats.eu/keyword/laser-transmitter.html
CubeSats with keyword: License Plate Identification Tag,Buccaneer_BMM_3.jpg,Buccaneer_BMM_3.jpg,,,https://www.nanosats.eu/keyword/license-plate-identification-tag.html
CubeSats with keyword: License Plate Identification Tag,Connecta T2.1 (9).png,Connecta T2.1 (9).png,,,https://www.nanosats.eu/keyword/license-plate-identification-tag.html
CubeSats with keyword: License Plate Identification Tag,ENOCH-LACMA-stowedconfig_1_orig.png,ENOCH-LACMA-stowedconfig_1_orig.png,,,https://www.nanosats.eu/keyword/license-plate-identification-tag.html
CubeSats with keyword: License Plate Identification Tag,Elysium-Star-2.png,Elysium-Star-2.png,,,https://www.nanosats.eu/keyword/license-plate-identification-tag.html
CubeSats with keyword: License Plate Identification Tag,GEARRS-3_2.png,GEARRS-3_2.png,,,https://www.nanosats.eu/keyword/license-plate-identification-tag.html
CubeSats with keyword: License Plate Identification Tag,Grissom-1.bmp,Grissom-1.bmp,,,https://www.nanosats.eu/keyword/license-plate-identification-tag.html
CubeSats with keyword: License Plate Identification Tag,HALO-Net_3.png,HALO-Net_3.png,,,https://www.nanosats.eu/keyword/license-plate-identification-tag.html
CubeSats with keyword: License Plate Identification Tag,LaCE_Skylight.png,LaCE_Skylight.png,,,https://www.nanosats.eu/keyword/license-plate-identification-tag.html
CubeSats with keyword: License Plate Identification Tag,Mola_230710-D-AE587-1029-small.jpg,Mola_230710-D-AE587-1029-small.jpg,,,https://www.nanosats.eu/keyword/license-plate-identification-tag.html
CubeSats with keyword: License Plate Identification Tag,NMTSat.jpg,NMTSat.jpg,,,https://www.nanosats.eu/keyword/license-plate-identification-tag.html
CubeSats with keyword: License Plate Identification Tag,OTTER_DLR.png,OTTER_DLR.png,,,https://www.nanosats.eu/keyword/license-plate-identification-tag.html
CubeSats with keyword: License Plate Identification Tag,PACE-1_3.jpg,PACE-1_3.jpg,,,https://www.nanosats.eu/keyword/license-plate-identification-tag.html
CubeSats with keyword: License Plate Identification Tag,PLUTO_videoframe_104911.png,PLUTO_videoframe_104911.png,,,https://www.nanosats.eu/keyword/license-plate-identification-tag.html
CubeSats with keyword: License Plate Identification Tag,Slingshot_7.png,Slingshot_7.png,,,https://www.nanosats.eu/keyword/license-plate-identification-tag.html
CubeSats with keyword: License Plate Identification Tag,TES-8.png,TES-8.png,,,https://www.nanosats.eu/keyword/license-plate-identification-tag.html
CubeSats with keyword: License Plate Identification Tag,TEchEdSat-13.png,TEchEdSat-13.png,,,https://www.nanosats.eu/keyword/license-plate-identification-tag.html
CubeSats with keyword: License Plate Identification Tag,TechEdSat-15_6.jpg,TechEdSat-15_6.jpg,,,https://www.nanosats.eu/keyword/license-plate-identification-tag.html
CubeSats with keyword: License Plate Identification Tag,TechEdSat-6.png,TechEdSat-6.png,,,https://www.nanosats.eu/keyword/license-plate-identification-tag.html
CubeSats with keyword: License Plate Identification Tag,Buccaneer Flight 4 D,buccaneer,—,não,https://www.nanosats.eu/keyword/license-plate-identification-tag.html
CubeSats with keyword: License Plate Identification Tag,Connecta T2.1,connecta-t2.1,A - sensoriamento remoto; B - coleta de plataformas (DCS/IoT),sim,https://www.nanosats.eu/keyword/license-plate-identification-tag.html
CubeSats with keyword: License Plate Identification Tag,Elysium-Star 2,elysium-star2,—,não,https://www.nanosats.eu/keyword/license-plate-identification-tag.html
CubeSats with keyword: License Plate Identification Tag,ENOCH,enoch,—,não,https://www.nanosats.eu/keyword/license-plate-identification-tag.html
CubeSats with keyword: License Plate Identification Tag,GEARRS 3,gearrs-3,—,não,https://www.nanosats.eu/keyword/license-plate-identification-tag.html
CubeSats with keyword: License Plate Identification Tag,Grissom-1,grissom-1,—,não,https://www.nanosats.eu/keyword/license-plate-identification-tag.html
CubeSats with keyword: License Plate Identification Tag,HALO-Net Free Flyer,halo-net-free-flyer,—,não,https://www.nanosats.eu/keyword/license-plate-identification-tag.html
CubeSats with keyword: License Plate Identification Tag,LaCE 2,lace,—,não,https://www.nanosats.eu/keyword/license-plate-identification-tag.html
CubeSats with keyword: License Plate Identification Tag,Mola,mola,A(fraco) - câmera sem alvo declarado,não,https://www.nanosats.eu/keyword/license-plate-identification-tag.html
CubeSats with keyword: License Plate Identification Tag,OTTER,msae-otters,C - sinais cooperativos (AIS/ADS-B/RF),sim,https://www.nanosats.eu/keyword/license-plate-identification-tag.html
CubeSats with keyword: License Plate Identification Tag,NMTSat,nmtsat,—,não,https://www.nanosats.eu/keyword/license-plate-identification-tag.html
CubeSats with keyword: License Plate Identification Tag,PACE-1,pace-1,—,não,https://www.nanosats.eu/keyword/license-plate-identification-tag.html
CubeSats with keyword: License Plate Identification Tag,PLUTO+ (PayLoad Under Test Orbiter) copy,pluto,A(fraco) - câmera sem alvo declarado,não,https://www.nanosats.eu/keyword/license-plate-identification-tag.html
CubeSats with keyword: License Plate Identification Tag,r5-s2_r5-s4__1_Gunter.jpg,r5-s2_r5-s4__1_Gunter.jpg,,,https://www.nanosats.eu/keyword/license-plate-identification-tag.html
CubeSats with keyword: License Plate Identification Tag,R5-S4,r5-s4,A(fraco) - câmera sem alvo declarado,não,https://www.nanosats.eu/keyword/license-plate-identification-tag.html
CubeSats with keyword: License Plate Identification Tag,Slingshot-1,slingshot-1,—,não,https://www.nanosats.eu/keyword/license-plate-identification-tag.html
CubeSats with keyword: License Plate Identification Tag,TechEdSat-12,techedsat-12,—,não,https://www.nanosats.eu/keyword/license-plate-identification-tag.html
CubeSats with keyword: License Plate Identification Tag,TechEdSat-13,techedsat-13,—,não,https://www.nanosats.eu/keyword/license-plate-identification-tag.html
CubeSats with keyword: License Plate Identification Tag,TechEdSat-15,techedsat-15,B - coleta de plataformas (DCS/IoT),sim,https://www.nanosats.eu/keyword/license-plate-identification-tag.html
CubeSats with keyword: License Plate Identification Tag,TechEdSat-6,techedsat-6,—,não,https://www.nanosats.eu/keyword/license-plate-identification-tag.html
CubeSats with keyword: License Plate Identification Tag,TechEdSat-7,techedsat-7,—,não,https://www.nanosats.eu/keyword/license-plate-identification-tag.html
CubeSats with keyword: License Plate Identification Tag,X-1,x-1,—,não,https://www.nanosats.eu/keyword/license-plate-identification-tag.html
CubeSats with keyword: LoRa,Aldebara-1_2.jpeg,Aldebara-1_2.jpeg,,,https://www.nanosats.eu/keyword/lora.html
CubeSats with keyword: LoRa,Alpha_4.jfif,Alpha_4.jfif,,,https://www.nanosats.eu/keyword/lora.html
CubeSats with keyword: LoRa,FossaSat-3U_2.jpeg,FossaSat-3U_2.jpeg,,,https://www.nanosats.eu/keyword/lora.html
CubeSats with keyword: LoRa,SR-0_3.jpeg,SR-0_3.jpeg,,,https://www.nanosats.eu/keyword/lora.html
CubeSats with keyword: LoRa,Aldebaran-1,aldebaran-1,B - coleta de plataformas (DCS/IoT),sim,https://www.nanosats.eu/keyword/lora.html
CubeSats with keyword: LoRa,Alpha,alpha,B - coleta de plataformas (DCS/IoT),sim,https://www.nanosats.eu/keyword/lora.html
CubeSats with keyword: LoRa,FOSSASat-2E26,fossasat-3u,A - sensoriamento remoto; B - coleta de plataformas (DCS/IoT),sim,https://www.nanosats.eu/keyword/lora.html
CubeSats with keyword: LoRa,Kernow Sat 1,kernow-sat-1,A(fraco) - câmera sem alvo declarado; B - coleta de plataformas (DCS/IoT),sim,https://www.nanosats.eu/keyword/lora.html
CubeSats with keyword: LoRa,SR-0 DemoSAT,sr-0-demosat,B - coleta de plataformas (DCS/IoT),sim,https://www.nanosats.eu/keyword/lora.html
CubeSats with keyword: Machine Learning AI,BlueBon_SatRev_6UXL.png,BlueBon_SatRev_6UXL.png,,,https://www.nanosats.eu/keyword/machine-learning-ai.html
CubeSats with keyword: Machine Learning AI,GSky-1.jpg,GSky-1.jpg,,,https://www.nanosats.eu/keyword/machine-learning-ai.html
CubeSats with keyword: Machine Learning AI,Lemur-2-Djirang-NICSAT2.jfif,Lemur-2-Djirang-NICSAT2.jfif,,,https://www.nanosats.eu/keyword/machine-learning-ai.html
CubeSats with keyword: Machine Learning AI,Lemur-2_14.jpg,Lemur-2_14.jpg,,,https://www.nanosats.eu/keyword/machine-learning-ai.html
CubeSats with keyword: Machine Learning AI,Lilium-2_Lilium-3_4.jfif,Lilium-2_Lilium-3_4.jfif,,,https://www.nanosats.eu/keyword/machine-learning-ai.html
CubeSats with keyword: Machine Learning AI,MOI-1.jfif,MOI-1.jfif,,,https://www.nanosats.eu/keyword/machine-learning-ai.html
CubeSats with keyword: Machine Learning AI,QlevEr-Sat_6U.png,QlevEr-Sat_6U.png,,,https://www.nanosats.eu/keyword/machine-learning-ai.html
CubeSats with keyword: Machine Learning AI,VIREO_OTS_20230417_001.jpg,VIREO_OTS_20230417_001.jpg,,,https://www.nanosats.eu/keyword/machine-learning-ai.html
CubeSats with keyword: Machine Learning AI,BlueBon,bluebon,A - sensoriamento remoto,sim,https://www.nanosats.eu/keyword/machine-learning-ai.html
CubeSats with keyword: Machine Learning AI,DODONA,dodona,A(fraco) - câmera sem alvo declarado; B - coleta de plataformas (DCS/IoT),sim,https://www.nanosats.eu/keyword/machine-learning-ai.html
CubeSats with keyword: Machine Learning AI,Edge Node B,edge-node,A - sensoriamento remoto,sim,https://www.nanosats.eu/keyword/machine-learning-ai.html
CubeSats with keyword: Machine Learning AI,EdgeAISat,edgeaisat,—,não,https://www.nanosats.eu/keyword/machine-learning-ai.html
CubeSats with keyword: Machine Learning AI,Lemur-2,lemur-2,A - sensoriamento remoto; C - sinais cooperativos (AIS/ADS-B/RF),sim,https://www.nanosats.eu/keyword/machine-learning-ai.html
CubeSats with keyword: Machine Learning AI,Lemur-2 150 Djirang,lemur-2-djirang,A(fraco) - câmera sem alvo declarado; C - sinais cooperativos (AIS/ADS-B/RF),sim,https://www.nanosats.eu/keyword/machine-learning-ai.html
CubeSats with keyword: Machine Learning AI,Lilium-4,lilium-2,—,não,https://www.nanosats.eu/keyword/machine-learning-ai.html
CubeSats with keyword: Machine Learning AI,MOI-1a,moi-1,A - sensoriamento remoto,sim,https://www.nanosats.eu/keyword/machine-learning-ai.html
CubeSats with keyword: Machine Learning AI,OPS-SAT VOLT,ops-sat-volt,A - sensoriamento remoto,sim,https://www.nanosats.eu/keyword/machine-learning-ai.html
CubeSats with keyword: Machine Learning AI,QlevEr-Sat,qlever-sat,A - sensoriamento remoto,sim,https://www.nanosats.eu/keyword/machine-learning-ai.html
CubeSats with keyword: Machine Learning AI,VIREO,vireo,A - sensoriamento remoto; B - coleta de plataformas (DCS/IoT),sim,https://www.nanosats.eu/keyword/machine-learning-ai.html
CubeSats with keyword: Made from wood,Yixian-A.jfif,Yixian-A.jfif,,,https://www.nanosats.eu/keyword/made-from-wood.html
CubeSats with keyword: Made from wood,Yixian-A,yixian-a,—,não,https://www.nanosats.eu/keyword/made-from-wood.html
CubeSats with keyword: MEO orbit,Alpha-ARCA.jpg,Alpha-ARCA.jpg,,,https://www.nanosats.eu/keyword/meo-orbit.html
CubeSats with keyword: MEO orbit,AstroBio-CubeSat.jpg,AstroBio-CubeSat.jpg,,,https://www.nanosats.eu/keyword/meo-orbit.html
CubeSats with keyword: MEO orbit,GreenCube.png,GreenCube.png,,,https://www.nanosats.eu/keyword/meo-orbit.html
CubeSats with keyword: MEO orbit,ROBUSTA-1C MTCube.jpg,ROBUSTA-1C MTCube.jpg,,,https://www.nanosats.eu/keyword/meo-orbit.html
CubeSats with keyword: MEO orbit,ROBUSTA-1D CELESTA.jpg,ROBUSTA-1D CELESTA.jpg,,,https://www.nanosats.eu/keyword/meo-orbit.html
CubeSats with keyword: MEO orbit,TDO-3-4_Parsons_210510-F-FC312-001.jpg,TDO-3-4_Parsons_210510-F-FC312-001.jpg,,,https://www.nanosats.eu/keyword/meo-orbit.html
CubeSats with keyword: MEO orbit,ALPHA,alpha-arca,—,não,https://www.nanosats.eu/keyword/meo-orbit.html
CubeSats with keyword: MEO orbit,AstroBio Cubesat,astrobio-cubesat,—,não,https://www.nanosats.eu/keyword/meo-orbit.html
CubeSats with keyword: MEO orbit,CELESTA,celesta,—,não,https://www.nanosats.eu/keyword/meo-orbit.html
CubeSats with keyword: MEO orbit,GreenCube,greencube,A(fraco) - câmera sem alvo declarado; B - coleta de plataformas (DCS/IoT),sim,https://www.nanosats.eu/keyword/meo-orbit.html
CubeSats with keyword: MEO orbit,MTCube 2,mtcube,—,não,https://www.nanosats.eu/keyword/meo-orbit.html
CubeSats with keyword: MEO orbit,TDO-4,tdo-3-4,—,não,https://www.nanosats.eu/keyword/meo-orbit.html
CubeSats with keyword: MEO orbit,TRISAT-R,trisat-r,A - sensoriamento remoto,sim,https://www.nanosats.eu/keyword/meo-orbit.html
CubeSats with keyword: MEO orbit,trisatR-image1.jpg,trisatR-image1.jpg,,,https://www.nanosats.eu/keyword/meo-orbit.html
CubeSats with keyword: Mission-As-A-Service,CELESTA-MTCube-2_2.jpg,CELESTA-MTCube-2_2.jpg,,,https://www.nanosats.eu/keyword/mission-as-a-service.html
CubeSats with keyword: Mission-As-A-Service,M6P-HYPSO.jpg,M6P-HYPSO.jpg,,,https://www.nanosats.eu/keyword/mission-as-a-service.html
CubeSats with keyword: Mission-As-A-Service,GIOT 3?,giot,B - coleta de plataformas (DCS/IoT),sim,https://www.nanosats.eu/keyword/mission-as-a-service.html
CubeSats with keyword: Mission-As-A-Service,MTCube 2,mtcube,—,não,https://www.nanosats.eu/keyword/mission-as-a-service.html
CubeSats with keyword: Open-source,ANTELSAT_AeroCube-6_6.png,ANTELSAT_AeroCube-6_6.png,,,https://www.nanosats.eu/keyword/open-source.html
CubeSats with keyword: Open-source,BIRDS-3.jpg,BIRDS-3.jpg,,,https://www.nanosats.eu/keyword/open-source.html
CubeSats with keyword: Open-source,BIRDS-4_2.jpeg,BIRDS-4_2.jpeg,,,https://www.nanosats.eu/keyword/open-source.html
CubeSats with keyword: Open-source,BIRDS-4_leoe_cs_birds_4.png,BIRDS-4_leoe_cs_birds_4.png,,,https://www.nanosats.eu/keyword/open-source.html
CubeSats with keyword: Open-source,BS-0.jpg,BS-0.jpg,,,https://www.nanosats.eu/keyword/open-source.html
CubeSats with keyword: Open-source,Calypso-Render.png,Calypso-Render.png,,,https://www.nanosats.eu/keyword/open-source.html
CubeSats with keyword: Open-source,Curium_Satellite_during_illumination_and_charge_testing.jpg,Curium_Satellite_during_illumination_and_charge_testing.jpg,,,https://www.nanosats.eu/keyword/open-source.html
CubeSats with keyword: Open-source,FossaSat-1_3.jpg,FossaSat-1_3.jpg,,,https://www.nanosats.eu/keyword/open-source.html
CubeSats with keyword: Open-source,FossaSat-2.jpg,FossaSat-2.jpg,,,https://www.nanosats.eu/keyword/open-source.html
CubeSats with keyword: Open-source,FossaSat-2_7.jpeg,FossaSat-2_7.jpeg,,,https://www.nanosats.eu/keyword/open-source.html
CubeSats with keyword: Open-source,InQube_2.png,InQube_2.png,,,https://www.nanosats.eu/keyword/open-source.html
CubeSats with keyword: Open-source,ODIN-Space.jfif,ODIN-Space.jfif,,,https://www.nanosats.eu/keyword/open-source.html
CubeSats with keyword: Open-source,OSSI-1_Satellite.jpg,OSSI-1_Satellite.jpg,,,https://www.nanosats.eu/keyword/open-source.html
CubeSats with keyword: Open-source,OpenOrbiter.jpg,OpenOrbiter.jpg,,,https://www.nanosats.eu/keyword/open-source.html
CubeSats with keyword: Open-source,OreSat0_5.JPG,OreSat0_5.JPG,,,https://www.nanosats.eu/keyword/open-source.html
CubeSats with keyword: Open-source,OreSat_2.jpg,OreSat_2.jpg,,,https://www.nanosats.eu/keyword/open-source.html
CubeSats with keyword: Open-source,PHASMA-Patch-small.png,PHASMA-Patch-small.png,,,https://www.nanosats.eu/keyword/open-source.html
CubeSats with keyword: Open-source,PHASMA_Final4.png,PHASMA_Final4.png,,,https://www.nanosats.eu/keyword/open-source.html
CubeSats with keyword: Open-source,PROVES-X_Structure.png,PROVES-X_Structure.png,,,https://www.nanosats.eu/keyword/open-source.html
CubeSats with keyword: Open-source,PROVES-Yearling.jpg,PROVES-Yearling.jpg,,,https://www.nanosats.eu/keyword/open-source.html
CubeSats with keyword: Open-source,PROVES-Yearling_SN11.jfif,PROVES-Yearling_SN11.jfif,,,https://www.nanosats.eu/keyword/open-source.html
CubeSats with keyword: Open-source,PearlAfricaSat_SpaceTuna1_TAKA_ZimSat_1.jpg,PearlAfricaSat_SpaceTuna1_TAKA_ZimSat_1.jpg,,,https://www.nanosats.eu/keyword/open-source.html
CubeSats with keyword: Open-source,PearlAfricaSat_TAKA_ZimSat.jpg,PearlAfricaSat_TAKA_ZimSat.jpg,,,https://www.nanosats.eu/keyword/open-source.html
CubeSats with keyword: Open-source,Raavana-1_3.jpg,Raavana-1_3.jpg,,,https://www.nanosats.eu/keyword/open-source.html
CubeSats with keyword: Open-source,Sapling-1.jpg,Sapling-1.jpg,,,https://www.nanosats.eu/keyword/open-source.html
CubeSats with keyword: Open-source,Sapling2.jpeg,Sapling2.jpeg,,,https://www.nanosats.eu/keyword/open-source.html
CubeSats with keyword: Open-source,Uguisu.png,Uguisu.png,,,https://www.nanosats.eu/keyword/open-source.html
CubeSats with keyword: Open-source,YukonSat_AuroraSat_Ex-Alta2_3.png,YukonSat_AuroraSat_Ex-Alta2_3.png,,,https://www.nanosats.eu/keyword/open-source.html
CubeSats with keyword: Open-source,Aalto-3,aalto-3,—,não,https://www.nanosats.eu/keyword/open-source.html
CubeSats with keyword: Open-source,aaltosat2_en.png,aaltosat2_en.png,,,https://www.nanosats.eu/keyword/open-source.html
CubeSats with keyword: Open-source,Antelsat,antelsat,A(fraco) - câmera sem alvo declarado,não,https://www.nanosats.eu/keyword/open-source.html
CubeSats with keyword: Open-source,BS-0,bs-0,—,não,https://www.nanosats.eu/keyword/open-source.html
CubeSats with keyword: Open-source,Calypso,calypso,—,não,https://www.nanosats.eu/keyword/open-source.html
CubeSats with keyword: Open-source,Curium One,curium-one,A(fraco) - câmera sem alvo declarado; B - coleta de plataformas (DCS/IoT),sim,https://www.nanosats.eu/keyword/open-source.html
CubeSats with keyword: Open-source,Ex-Alta 2,ex-alta-2,A - sensoriamento remoto,sim,https://www.nanosats.eu/keyword/open-source.html
CubeSats with keyword: Open-source,FossaSat-1B,fossasat,B - coleta de plataformas (DCS/IoT),sim,https://www.nanosats.eu/keyword/open-source.html
CubeSats with keyword: Open-source,FossaSat-2F,fossasat-2,B - coleta de plataformas (DCS/IoT),sim,https://www.nanosats.eu/keyword/open-source.html
CubeSats with keyword: Open-source,GuaraniSat-1,guaranisat-1,A(fraco) - câmera sem alvo declarado; B - coleta de plataformas (DCS/IoT),sim,https://www.nanosats.eu/keyword/open-source.html
CubeSats with keyword: Open-source,InQube,inqube,—,não,https://www.nanosats.eu/keyword/open-source.html
CubeSats with keyword: Open-source,Kernow Sat 1,kernow-sat-1,A(fraco) - câmera sem alvo declarado; B - coleta de plataformas (DCS/IoT),sim,https://www.nanosats.eu/keyword/open-source.html
CubeSats with keyword: Open-source,MARMOTSat,marmotsat,A(fraco) - câmera sem alvo declarado,não,https://www.nanosats.eu/keyword/open-source.html
CubeSats with keyword: Open-source,Maya-2,maya-2,A(fraco) - câmera sem alvo declarado; B - coleta de plataformas (DCS/IoT),sim,https://www.nanosats.eu/keyword/open-source.html
CubeSats with keyword: Open-source,maya-2-space-nanosatellite.png,maya-2-space-nanosatellite.png,,,https://www.nanosats.eu/keyword/open-source.html
CubeSats with keyword: Open-source,myPocketQub 391,mypocketqub-391,—,não,https://www.nanosats.eu/keyword/open-source.html
CubeSats with keyword: Open-source,SanoSat-1,nepali-pq-1,B - coleta de plataformas (DCS/IoT),sim,https://www.nanosats.eu/keyword/open-source.html
CubeSats with keyword: Open-source,NepaliSat-1,nepalisat-1,A(fraco) - câmera sem alvo declarado; B - coleta de plataformas (DCS/IoT),sim,https://www.nanosats.eu/keyword/open-source.html
CubeSats with keyword: Open-source,OpenOrbiter-1,openorbiter-1,—,não,https://www.nanosats.eu/keyword/open-source.html
CubeSats with keyword: Open-source,OreSat-1,oresat,A(fraco) - câmera sem alvo declarado,não,https://www.nanosats.eu/keyword/open-source.html
CubeSats with keyword: Open-source,OreSat0,oresat0,—,não,https://www.nanosats.eu/keyword/open-source.html
CubeSats with keyword: Open-source,OSSI-1,ossi-1,—,não,https://www.nanosats.eu/keyword/open-source.html
CubeSats with keyword: Open-source,PearlAfricaSat-1,pearlafricasat-1,A - sensoriamento remoto; B - coleta de plataformas (DCS/IoT),sim,https://www.nanosats.eu/keyword/open-source.html
CubeSats with keyword: Open-source,Phasma C,phasma,—,não,https://www.nanosats.eu/keyword/open-source.html
CubeSats with keyword: Open-source,Pleiades - Cerberus,pleiades-cerberus,B - coleta de plataformas (DCS/IoT),sim,https://www.nanosats.eu/keyword/open-source.html
CubeSats with keyword: Open-source,Pleiades - Orpheus,pleiades-orpheus,A - sensoriamento remoto; B - coleta de plataformas (DCS/IoT),sim,https://www.nanosats.eu/keyword/open-source.html
CubeSats with keyword: Open-source,Pleiades - Sapling Sempervirens,pleiades-sapling,B - coleta de plataformas (DCS/IoT),sim,https://www.nanosats.eu/keyword/open-source.html
CubeSats with keyword: Open-source,Pleiades - Sapling Giganteum,pleiades-sapling-2,B - coleta de plataformas (DCS/IoT),sim,https://www.nanosats.eu/keyword/open-source.html
CubeSats with keyword: Open-source,Pleiades - Squared,pleiades-squared,—,não,https://www.nanosats.eu/keyword/open-source.html
CubeSats with keyword: Open-source,Pleiades - Yearling,pleiades-yearling,A(fraco) - câmera sem alvo declarado; B - coleta de plataformas (DCS/IoT),sim,https://www.nanosats.eu/keyword/open-source.html
CubeSats with keyword: Open-source,Pleiades Yearling 2.0,pleiades-yearling-2,B - coleta de plataformas (DCS/IoT),sim,https://www.nanosats.eu/keyword/open-source.html
CubeSats with keyword: Open-source,Proves - Alcyone,proves-alcyone,A(fraco) - câmera sem alvo declarado,não,https://www.nanosats.eu/keyword/open-source.html
CubeSats with keyword: Open-source,Proves - Atlas,proves-atlas,—,não,https://www.nanosats.eu/keyword/open-source.html
CubeSats with keyword: Open-source,Proves - Electra,proves-electra,A(fraco) - câmera sem alvo declarado,não,https://www.nanosats.eu/keyword/open-source.html
CubeSats with keyword: Open-source,Proves - Maia,proves-maia,—,não,https://www.nanosats.eu/keyword/open-source.html
CubeSats with keyword: Open-source,Proves - Taygeta,proves-taygeta,A(fraco) - câmera sem alvo declarado,não,https://www.nanosats.eu/keyword/open-source.html
CubeSats with keyword: Open-source,Raavana-1,raavana-1,A(fraco) - câmera sem alvo declarado; B - coleta de plataformas (DCS/IoT),sim,https://www.nanosats.eu/keyword/open-source.html
CubeSats with keyword: Open-source,Samwise,samwise,A(fraco) - câmera sem alvo declarado,não,https://www.nanosats.eu/keyword/open-source.html
CubeSats with keyword: Open-source,TAKA,taka,A - sensoriamento remoto; B - coleta de plataformas (DCS/IoT),sim,https://www.nanosats.eu/keyword/open-source.html
CubeSats with keyword: Open-source,Tsuru,tsuru,A(fraco) - câmera sem alvo declarado; B - coleta de plataformas (DCS/IoT),sim,https://www.nanosats.eu/keyword/open-source.html
CubeSats with keyword: Open-source,Uguisu,uguisu,A(fraco) - câmera sem alvo declarado; B - coleta de plataformas (DCS/IoT),sim,https://www.nanosats.eu/keyword/open-source.html
CubeSats with keyword: Open-source,UPSat,upsat,—,não,https://www.nanosats.eu/keyword/open-source.html
CubeSats with keyword: Open-source,upsat_qb50_092216_945.jpg,upsat_qb50_092216_945.jpg,,,https://www.nanosats.eu/keyword/open-source.html
CubeSats with keyword: Open-source,V-R3x 3,v-r3x,—,não,https://www.nanosats.eu/keyword/open-source.html
CubeSats with keyword: Open-source,v-r3x_evergreen1.jpg,v-r3x_evergreen1.jpg,,,https://www.nanosats.eu/keyword/open-source.html
CubeSats with keyword: Open-source,ZimSat-1,zimsat-1,A - sensoriamento remoto; B - coleta de plataformas (DCS/IoT),sim,https://www.nanosats.eu/keyword/open-source.html
CubeSats with keyword: Optical communications,6GStarLab_5.jfif,6GStarLab_5.jfif,,,https://www.nanosats.eu/keyword/optical-communications.html
CubeSats with keyword: Optical communications,6GStarLab,6gstarlab,—,não,https://www.nanosats.eu/keyword/optical-communications.html
CubeSats with keyword: Optical communications,ArkEdge_en_6U-SAT_img.png,ArkEdge_en_6U-SAT_img.png,,,https://www.nanosats.eu/keyword/optical-communications.html
CubeSats with keyword: Optical communications,LaCE.png,LaCE.png,,,https://www.nanosats.eu/keyword/optical-communications.html
CubeSats with keyword: Optical communications,AE1a,ae1a,C - sinais cooperativos (AIS/ADS-B/RF),sim,https://www.nanosats.eu/keyword/optical-communications.html
CubeSats with keyword: Optical communications,LaCE 2,lace,—,não,https://www.nanosats.eu/keyword/optical-communications.html
CubeSats with keyword: Optical communications,OPS-SAT VOLT,ops-sat-volt,A - sensoriamento remoto,sim,https://www.nanosats.eu/keyword/optical-communications.html
CubeSats with keyword: Passive mass dummy,OptiCube 4,opticube,—,não,https://www.nanosats.eu/keyword/passive-mass-dummy.html
CubeSats with keyword: Passive mass dummy,opticube__2.jpg,opticube__2.jpg,,,https://www.nanosats.eu/keyword/passive-mass-dummy.html
CubeSats with keyword: Passive mass dummy,SAMSON-Dummy 3,samson-dummy,—,não,https://www.nanosats.eu/keyword/passive-mass-dummy.html
CubeSats with keyword: Picosatellite deployer,3Cat-8_3.jpg,3Cat-8_3.jpg,,,https://www.nanosats.eu/keyword/picosatellite-deployer.html
CubeSats with keyword: Picosatellite deployer,3CAT-8,3cat8,—,não,https://www.nanosats.eu/keyword/picosatellite-deployer.html
CubeSats with keyword: Picosatellite deployer,Alpha_5.jfif,Alpha_5.jfif,,,https://www.nanosats.eu/keyword/picosatellite-deployer.html
CubeSats with keyword: Picosatellite deployer,Alpha,alpha,B - coleta de plataformas (DCS/IoT),sim,https://www.nanosats.eu/keyword/picosatellite-deployer.html
CubeSats with keyword: Picosatellite deployer,Skoltech-F,skoltech-f,A(fraco) - câmera sem alvo declarado,não,https://www.nanosats.eu/keyword/picosatellite-deployer.html
CubeSats with keyword: Propulsion,12U-Exoplanet-CubeSat.png,12U-Exoplanet-CubeSat.png,,,https://www.nanosats.eu/keyword/propulsion.html
CubeSats with keyword: Propulsion,Chinese 12U Exoplanet CubeSat,12u-exoplanet-cubesat,—,não,https://www.nanosats.eu/keyword/propulsion.html
CubeSats with keyword: Propulsion,20250808_173032 (1).jpg,20250808_173032 (1).jpg,,,https://www.nanosats.eu/keyword/propulsion.html
CubeSats with keyword: Propulsion,239Alferov_Project_3_d3678536a6.jpg,239Alferov_Project_3_d3678536a6.jpg,,,https://www.nanosats.eu/keyword/propulsion.html
CubeSats with keyword: Propulsion,239PTS,239pts,—,não,https://www.nanosats.eu/keyword/propulsion.html
CubeSats with keyword: Propulsion,3Cat-8_5.png,3Cat-8_5.png,,,https://www.nanosats.eu/keyword/propulsion.html
CubeSats with keyword: Propulsion,3CAT-8,3cat8,—,não,https://www.nanosats.eu/keyword/propulsion.html
CubeSats with keyword: Propulsion,ABEX.png,ABEX.png,,,https://www.nanosats.eu/keyword/propulsion.html
CubeSats with keyword: Propulsion,AE1cAE1d.png,AE1cAE1d.png,,,https://www.nanosats.eu/keyword/propulsion.html
CubeSats with keyword: Propulsion,ALICE_2.jpg,ALICE_2.jpg,,,https://www.nanosats.eu/keyword/propulsion.html
CubeSats with keyword: Propulsion,ALL-STAR_THEIA.png,ALL-STAR_THEIA.png,,,https://www.nanosats.eu/keyword/propulsion.html
CubeSats with keyword: Propulsion,AMS_DSC_0725.jpg,AMS_DSC_0725.jpg,,,https://www.nanosats.eu/keyword/propulsion.html
CubeSats with keyword: Propulsion,AOBA-VELOX-III.jpg,AOBA-VELOX-III.jpg,,,https://www.nanosats.eu/keyword/propulsion.html
CubeSats with keyword: Propulsion,APEX.bmp,APEX.bmp,,,https://www.nanosats.eu/keyword/propulsion.html
CubeSats with keyword: Propulsion,APEX.jpg,APEX.jpg,,,https://www.nanosats.eu/keyword/propulsion.html
CubeSats with keyword: Propulsion,AQT-D.jpg,AQT-D.jpg,,,https://www.nanosats.eu/keyword/propulsion.html
CubeSats with keyword: Propulsion,AQUIS_2.png,AQUIS_2.png,,,https://www.nanosats.eu/keyword/propulsion.html
CubeSats with keyword: Propulsion,ARKSAT-2.png,ARKSAT-2.png,,,https://www.nanosats.eu/keyword/propulsion.html
CubeSats with keyword: Propulsion,ARKSAT-3C.png,ARKSAT-3C.png,,,https://www.nanosats.eu/keyword/propulsion.html
CubeSats with keyword: Propulsion,ARKSAT-3E.png,ARKSAT-3E.png,,,https://www.nanosats.eu/keyword/propulsion.html
CubeSats with keyword: Propulsion,ASCENT_spacecraft-xb12.png,ASCENT_spacecraft-xb12.png,,,https://www.nanosats.eu/keyword/propulsion.html
CubeSats with keyword: Propulsion,AeroCube-10A_2.png,AeroCube-10A_2.png,,,https://www.nanosats.eu/keyword/propulsion.html
CubeSats with keyword: Propulsion,AeroCube-12-horizontal.jpg,AeroCube-12-horizontal.jpg,,,https://www.nanosats.eu/keyword/propulsion.html
CubeSats with keyword: Propulsion,AeroCube-8 (IMPACT).png,AeroCube-8 (IMPACT).png,,,https://www.nanosats.eu/keyword/propulsion.html
CubeSats with keyword: Propulsion,Alpha_4.jfif,Alpha_4.jfif,,,https://www.nanosats.eu/keyword/propulsion.html
CubeSats with keyword: Propulsion,Aoba-Velox-IV.jpg,Aoba-Velox-IV.jpg,,,https://www.nanosats.eu/keyword/propulsion.html
CubeSats with keyword: Propulsion,AragoSat-1.jpg,AragoSat-1.jpg,,,https://www.nanosats.eu/keyword/propulsion.html
CubeSats with keyword: Propulsion,"ArgoMoon_Artemis_I_-_OSA_Secondary_Payload_ARGO,_BioS_(KSC-20210714-PH-GEB02_0019).jpg","ArgoMoon_Artemis_I_-_OSA_Secondary_Payload_ARGO,_BioS_(KSC-20210714-PH-GEB02_0019).jpg",,,https://www.nanosats.eu/keyword/propulsion.html
CubeSats with keyword: Propulsion,Armadillo_2.jpeg,Armadillo_2.jpeg,,,https://www.nanosats.eu/keyword/propulsion.html
CubeSats with keyword: Propulsion,Astrocast-10.jpg,Astrocast-10.jpg,,,https://www.nanosats.eu/keyword/propulsion.html
CubeSats with keyword: Propulsion,AuroraSat-1.jpg,AuroraSat-1.jpg,,,https://www.nanosats.eu/keyword/propulsion.html
CubeSats with keyword: Propulsion,AuroraSat-2.jpg,AuroraSat-2.jpg,,,https://www.nanosats.eu/keyword/propulsion.html
CubeSats with keyword: Propulsion,BEIHANGKONGSHI-1_4.jpg,BEIHANGKONGSHI-1_4.jpg,,,https://www.nanosats.eu/keyword/propulsion.html
CubeSats with keyword: Propulsion,BEVO-2.jpg,BEVO-2.jpg,,,https://www.nanosats.eu/keyword/propulsion.html
CubeSats with keyword: Propulsion,BRICSat-1.png,BRICSat-1.png,,,https://www.nanosats.eu/keyword/propulsion.html
CubeSats with keyword: Propulsion,BRICSat-2.jpg,BRICSat-2.jpg,,,https://www.nanosats.eu/keyword/propulsion.html
CubeSats with keyword: Propulsion,BRICSat.png,BRICSat.png,,,https://www.nanosats.eu/keyword/propulsion.html
CubeSats with keyword: Propulsion,BROS.jpg,BROS.jpg,,,https://www.nanosats.eu/keyword/propulsion.html
CubeSats with keyword: Propulsion,BSS1-DFAST_2.jpg,BSS1-DFAST_2.jpg,,,https://www.nanosats.eu/keyword/propulsion.html
CubeSats with keyword: Propulsion,Barry-1_3.jpg,Barry-1_3.jpg,,,https://www.nanosats.eu/keyword/propulsion.html
CubeSats with keyword: Propulsion,BeaverCube_2.jpg,BeaverCube_2.jpg,,,https://www.nanosats.eu/keyword/propulsion.html
CubeSats with keyword: Propulsion,Binar_Prospector.png,Binar_Prospector.png,,,https://www.nanosats.eu/keyword/propulsion.html
CubeSats with keyword: Propulsion,C-Pod_Photo.jpg,C-Pod_Photo.jpg,,,https://www.nanosats.eu/keyword/propulsion.html
CubeSats with keyword: Propulsion,CAPE-MIRCA_2.jpg,CAPE-MIRCA_2.jpg,,,https://www.nanosats.eu/keyword/propulsion.html
CubeSats with keyword: Propulsion,CAPE-mission-scenario.png,CAPE-mission-scenario.png,,,https://www.nanosats.eu/keyword/propulsion.html
CubeSats with keyword: Propulsion,CAPSTONE_acd22-0007-039_large.jpg,CAPSTONE_acd22-0007-039_large.jpg,,,https://www.nanosats.eu/keyword/propulsion.html
CubeSats with keyword: Propulsion,CLIMB_4.png,CLIMB_4.png,,,https://www.nanosats.eu/keyword/propulsion.html
CubeSats with keyword: Propulsion,CNUSail-1.jpg,CNUSail-1.jpg,,,https://www.nanosats.eu/keyword/propulsion.html
CubeSats with keyword: Propulsion,COSMIC.png,COSMIC.png,,,https://www.nanosats.eu/keyword/propulsion.html
CubeSats with keyword: Propulsion,CSC-ISISpace.jpeg,CSC-ISISpace.jpeg,,,https://www.nanosats.eu/keyword/propulsion.html
CubeSats with keyword: Propulsion,CUAVA-2_4.jpeg,CUAVA-2_4.jpeg,,,https://www.nanosats.eu/keyword/propulsion.html
CubeSats with keyword: Propulsion,CaLeMPSat.jpg,CaLeMPSat.jpg,,,https://www.nanosats.eu/keyword/propulsion.html
CubeSats with keyword: Propulsion,CanX-2_4.png,CanX-2_4.png,,,https://www.nanosats.eu/keyword/propulsion.html
CubeSats with keyword: Propulsion,CanX-45-perspective.jpg,CanX-45-perspective.jpg,,,https://www.nanosats.eu/keyword/propulsion.html
CubeSats with keyword: Propulsion,Cannae.png,Cannae.png,,,https://www.nanosats.eu/keyword/propulsion.html
CubeSats with keyword: Propulsion,Canyval-X.jpg,Canyval-X.jpg,,,https://www.nanosats.eu/keyword/propulsion.html
CubeSats with keyword: Propulsion,Cesium-Mission-1.png,Cesium-Mission-1.png,,,https://www.nanosats.eu/keyword/propulsion.html
CubeSats with keyword: Propulsion,CisLunar Explorers_2.bmp,CisLunar Explorers_2.bmp,,,https://www.nanosats.eu/keyword/propulsion.html
CubeSats with keyword: Propulsion,CloudCT-Precursor_ZfT.png,CloudCT-Precursor_ZfT.png,,,https://www.nanosats.eu/keyword/propulsion.html
CubeSats with keyword: Propulsion,"Connecta IoT 1,2,3,4 (1).jpg","Connecta IoT 1,2,3,4 (1).jpg",,,https://www.nanosats.eu/keyword/propulsion.html
CubeSats with keyword: Propulsion,CuSP.png,CuSP.png,,,https://www.nanosats.eu/keyword/propulsion.html
CubeSats with keyword: Propulsion,CubeSAIL.jpg,CubeSAIL.jpg,,,https://www.nanosats.eu/keyword/propulsion.html
CubeSats with keyword: Propulsion,CubeSail2.jpg,CubeSail2.jpg,,,https://www.nanosats.eu/keyword/propulsion.html
CubeSats with keyword: Propulsion,D2-AtlaCom-5.jfif,D2-AtlaCom-5.jfif,,,https://www.nanosats.eu/keyword/propulsion.html
CubeSats with keyword: Propulsion,DARS.png,DARS.png,,,https://www.nanosats.eu/keyword/propulsion.html
CubeSats with keyword: Propulsion,DOTS-X-transp.png,DOTS-X-transp.png,,,https://www.nanosats.eu/keyword/propulsion.html
CubeSats with keyword: Propulsion,DUPLEX_img-1089.jpg,DUPLEX_img-1089.jpg,,,https://www.nanosats.eu/keyword/propulsion.html
CubeSats with keyword: Propulsion,DelFFI.jpg,DelFFI.jpg,,,https://www.nanosats.eu/keyword/propulsion.html
CubeSats with keyword: Propulsion,Delfi-n3Xt Fully Integrated (2).JPG,Delfi-n3Xt Fully Integrated (2).JPG,,,https://www.nanosats.eu/keyword/propulsion.html
CubeSats with keyword: Propulsion,DeorbitSail_2.jpg,DeorbitSail_2.jpg,,,https://www.nanosats.eu/keyword/propulsion.html
CubeSats with keyword: Propulsion,Dove-Pioneer.png,Dove-Pioneer.png,,,https://www.nanosats.eu/keyword/propulsion.html
CubeSats with keyword: Propulsion,E-INSPECTOR.png,E-INSPECTOR.png,,,https://www.nanosats.eu/keyword/propulsion.html
CubeSats with keyword: Propulsion,EARTHNEXT.png,EARTHNEXT.png,,,https://www.nanosats.eu/keyword/propulsion.html
CubeSats with keyword: Propulsion,ELO.png,ELO.png,,,https://www.nanosats.eu/keyword/propulsion.html
CubeSats with keyword: Propulsion,EPICHyper-1_2.jpeg,EPICHyper-1_2.jpeg,,,https://www.nanosats.eu/keyword/propulsion.html
CubeSats with keyword: Propulsion,EQUULEUS_7.jpg,EQUULEUS_7.jpg,,,https://www.nanosats.eu/keyword/propulsion.html
CubeSats with keyword: Propulsion,ESP-MACCS.jpg,ESP-MACCS.jpg,,,https://www.nanosats.eu/keyword/propulsion.html
CubeSats with keyword: Propulsion,ESTCube-2_4.jpeg,ESTCube-2_4.jpeg,,,https://www.nanosats.eu/keyword/propulsion.html
CubeSats with keyword: Propulsion,E_T_PACK_2.png,E_T_PACK_2.png,,,https://www.nanosats.eu/keyword/propulsion.html
CubeSats with keyword: Propulsion,Eaglet1.jpg,Eaglet1.jpg,,,https://www.nanosats.eu/keyword/propulsion.html
CubeSats with keyword: Propulsion,Foresail-1_4.png,Foresail-1_4.png,,,https://www.nanosats.eu/keyword/propulsion.html
CubeSats with keyword: Propulsion,Foresail-1_Aurora.jpg,Foresail-1_Aurora.jpg,,,https://www.nanosats.eu/keyword/propulsion.html
CubeSats with keyword: Propulsion,Forest-2_Lemur-2_22.png,Forest-2_Lemur-2_22.png,,,https://www.nanosats.eu/keyword/propulsion.html
CubeSats with keyword: Propulsion,FossaSat-2_7.jpeg,FossaSat-2_7.jpeg,,,https://www.nanosats.eu/keyword/propulsion.html
CubeSats with keyword: Propulsion,GENESIS-G-J_3.jpg,GENESIS-G-J_3.jpg,,,https://www.nanosats.eu/keyword/propulsion.html
CubeSats with keyword: Propulsion,GENESIS_3.jpg,GENESIS_3.jpg,,,https://www.nanosats.eu/keyword/propulsion.html
CubeSats with keyword: Propulsion,GITAI-SC1.jpg,GITAI-SC1.jpg,,,https://www.nanosats.eu/keyword/propulsion.html
CubeSats with keyword: Propulsion,GOMX-4B_2.png,GOMX-4B_2.png,,,https://www.nanosats.eu/keyword/propulsion.html
CubeSats with keyword: Propulsion,GOMX-5.png,GOMX-5.png,,,https://www.nanosats.eu/keyword/propulsion.html
CubeSats with keyword: Propulsion,GPDM.png,GPDM.png,,,https://www.nanosats.eu/keyword/propulsion.html
CubeSats with keyword: Propulsion,GS-1_3.jpeg,GS-1_3.jpeg,,,https://www.nanosats.eu/keyword/propulsion.html
CubeSats with keyword: Propulsion,GW-Sat.png,GW-Sat.png,,,https://www.nanosats.eu/keyword/propulsion.html
CubeSats with keyword: Propulsion,Gagarinets-Avant-Space.jpeg,Gagarinets-Avant-Space.jpeg,,,https://www.nanosats.eu/keyword/propulsion.html
CubeSats with keyword: Propulsion,Geoscan-Edelweiss.jpg,Geoscan-Edelweiss.jpg,,,https://www.nanosats.eu/keyword/propulsion.html
CubeSats with keyword: Propulsion,Greencube 2 satellite 3U.jpg,Greencube 2 satellite 3U.jpg,,,https://www.nanosats.eu/keyword/propulsion.html
CubeSats with keyword: Propulsion,Guardian-Alpha.jpg,Guardian-Alpha.jpg,,,https://www.nanosats.eu/keyword/propulsion.html
CubeSats with keyword: Propulsion,HENON_2.png,HENON_2.png,,,https://www.nanosats.eu/keyword/propulsion.html
CubeSats with keyword: Propulsion,HYPSO-1_6.jfif,HYPSO-1_6.jfif,,,https://www.nanosats.eu/keyword/propulsion.html
CubeSats with keyword: Propulsion,HYPSO-2_7.jfif,HYPSO-2_7.jfif,,,https://www.nanosats.eu/keyword/propulsion.html
CubeSats with keyword: Propulsion,Hera.jpg,Hera.jpg,,,https://www.nanosats.eu/keyword/propulsion.html
CubeSats with keyword: Propulsion,Hiber-3.jpg,Hiber-3.jpg,,,https://www.nanosats.eu/keyword/propulsion.html
CubeSats with keyword: Propulsion,Hiber-3_2.jpg,Hiber-3_2.jpg,,,https://www.nanosats.eu/keyword/propulsion.html
CubeSats with keyword: Propulsion,HuskySat_5.jpg,HuskySat_5.jpg,,,https://www.nanosats.eu/keyword/propulsion.html
CubeSats with keyword: Propulsion,INNOVATOR-1.png,INNOVATOR-1.png,,,https://www.nanosats.eu/keyword/propulsion.html
CubeSats with keyword: Propulsion,INSPIRE-2_4.png,INSPIRE-2_4.png,,,https://www.nanosats.eu/keyword/propulsion.html
CubeSats with keyword: Propulsion,ION_StillWorks.jpg,ION_StillWorks.jpg,,,https://www.nanosats.eu/keyword/propulsion.html
CubeSats with keyword: Propulsion,IPERDRONE_2.jpeg,IPERDRONE_2.jpeg,,,https://www.nanosats.eu/keyword/propulsion.html
CubeSats with keyword: Propulsion,IRVINE03.jpg,IRVINE03.jpg,,,https://www.nanosats.eu/keyword/propulsion.html
CubeSats with keyword: Propulsion,Ignis.png,Ignis.png,,,https://www.nanosats.eu/keyword/propulsion.html
CubeSats with keyword: Propulsion,Irvine01_4.png,Irvine01_4.png,,,https://www.nanosats.eu/keyword/propulsion.html
CubeSats with keyword: Propulsion,Irvine02.jpg,Irvine02.jpg,,,https://www.nanosats.eu/keyword/propulsion.html
CubeSats with keyword: Propulsion,Janus-1_2.jpg,Janus-1_2.jpg,,,https://www.nanosats.eu/keyword/propulsion.html
CubeSats with keyword: Propulsion,Jinta-1_3.jpeg,Jinta-1_3.jpeg,,,https://www.nanosats.eu/keyword/propulsion.html
CubeSats with keyword: Propulsion,Juventas_17.jpeg,Juventas_17.jpeg,,,https://www.nanosats.eu/keyword/propulsion.html
CubeSats with keyword: Propulsion,K-HERO.png,K-HERO.png,,,https://www.nanosats.eu/keyword/propulsion.html
CubeSats with keyword: Propulsion,K-RadCube_KSC-20250826-PH-FMX02_0002~orig.jfif,K-RadCube_KSC-20250826-PH-FMX02_0002~orig.jfif,,,https://www.nanosats.eu/keyword/propulsion.html
CubeSats with keyword: Propulsion,KARDSAT.png,KARDSAT.png,,,https://www.nanosats.eu/keyword/propulsion.html
CubeSats with keyword: Propulsion,KSF2_IMG_5418-1.jpg,KSF2_IMG_5418-1.jpg,,,https://www.nanosats.eu/keyword/propulsion.html
CubeSats with keyword: Propulsion,KSF3.jpeg,KSF3.jpeg,,,https://www.nanosats.eu/keyword/propulsion.html
CubeSats with keyword: Propulsion,Kleos-KSF1.jpg,Kleos-KSF1.jpg,,,https://www.nanosats.eu/keyword/propulsion.html
CubeSats with keyword: Propulsion,KvarkenSat.jpg,KvarkenSat.jpg,,,https://www.nanosats.eu/keyword/propulsion.html
CubeSats with keyword: Propulsion,LINUSS_pair_in_space.jpg,LINUSS_pair_in_space.jpg,,,https://www.nanosats.eu/keyword/propulsion.html
CubeSats with keyword: Propulsion,LUMIO.png,LUMIO.png,,,https://www.nanosats.eu/keyword/propulsion.html
CubeSats with keyword: Propulsion,Lemur-2_14.jpg,Lemur-2_14.jpg,,,https://www.nanosats.eu/keyword/propulsion.html
CubeSats with keyword: Propulsion,Lightsail2.jpg,Lightsail2.jpg,,,https://www.nanosats.eu/keyword/propulsion.html
CubeSats with keyword: Propulsion,Lilium-2_2.png,Lilium-2_2.png,,,https://www.nanosats.eu/keyword/propulsion.html
CubeSats with keyword: Propulsion,LituanicaSAT2.jpg,LituanicaSAT2.jpg,,,https://www.nanosats.eu/keyword/propulsion.html
CubeSats with keyword: Propulsion,LunIR_os-nasa-lockheed-martin-cubesat-20160809.jpg,LunIR_os-nasa-lockheed-martin-cubesat-20160809.jpg,,,https://www.nanosats.eu/keyword/propulsion.html
CubeSats with keyword: Propulsion,LunaCube.jpg,LunaCube.jpg,,,https://www.nanosats.eu/keyword/propulsion.html
CubeSats with keyword: Propulsion,Lunar-Flashlight-Comp-4_4-web2-1920x1445.jpg,Lunar-Flashlight-Comp-4_4-web2-1920x1445.jpg,,,https://www.nanosats.eu/keyword/propulsion.html
CubeSats with keyword: Propulsion,Lunar-IceCube.png,Lunar-IceCube.png,,,https://www.nanosats.eu/keyword/propulsion.html
CubeSats with keyword: Propulsion,M3_3.jpeg,M3_3.jpeg,,,https://www.nanosats.eu/keyword/propulsion.html
CubeSats with keyword: Propulsion,MEPSI-2AB_STS-116_2.png,MEPSI-2AB_STS-116_2.png,,,https://www.nanosats.eu/keyword/propulsion.html
CubeSats with keyword: Propulsion,MEPSI-STS-113.png,MEPSI-STS-113.png,,,https://www.nanosats.eu/keyword/propulsion.html
CubeSats with keyword: Propulsion,MIST_sa_fit_1.jpg,MIST_sa_fit_1.jpg,,,https://www.nanosats.eu/keyword/propulsion.html
CubeSats with keyword: Propulsion,MITEE_6.jpg,MITEE_6.jpg,,,https://www.nanosats.eu/keyword/propulsion.html
CubeSats with keyword: Propulsion,MarCO-concept.jpg,MarCO-concept.jpg,,,https://www.nanosats.eu/keyword/propulsion.html
CubeSats with keyword: Propulsion,MiTEE_3.jpg,MiTEE_3.jpg,,,https://www.nanosats.eu/keyword/propulsion.html
CubeSats with keyword: Propulsion,Milani_CubeSat.jpg,Milani_CubeSat.jpg,,,https://www.nanosats.eu/keyword/propulsion.html
CubeSats with keyword: Propulsion,MilesHeroShot-front.png,MilesHeroShot-front.png,,,https://www.nanosats.eu/keyword/propulsion.html
CubeSats with keyword: Propulsion,MiniRomit1_2.jpg,MiniRomit1_2.jpg,,,https://www.nanosats.eu/keyword/propulsion.html
CubeSats with keyword: Propulsion,Morsat.jpg,Morsat.jpg,,,https://www.nanosats.eu/keyword/propulsion.html
CubeSats with keyword: Propulsion,NAPA-2_2.png,NAPA-2_2.png,,,https://www.nanosats.eu/keyword/propulsion.html
CubeSats with keyword: Propulsion,NEA-Scout_3.bmp,NEA-Scout_3.bmp,,,https://www.nanosats.eu/keyword/propulsion.html
CubeSats with keyword: Propulsion,NEPTUNO_4.jpg,NEPTUNO_4.jpg,,,https://www.nanosats.eu/keyword/propulsion.html
CubeSats with keyword: Propulsion,NanoAvionics Preconfigured nano-satellite buses M6P.TIF,NanoAvionics Preconfigured nano-satellite buses M6P.TIF,,,https://www.nanosats.eu/keyword/propulsion.html
CubeSats with keyword: Propulsion,NanoFF_1.jpg,NanoFF_1.jpg,,,https://www.nanosats.eu/keyword/propulsion.html
CubeSats with keyword: Propulsion,NanoSail-D.jpg,NanoSail-D.jpg,,,https://www.nanosats.eu/keyword/propulsion.html
CubeSats with keyword: Propulsion,NanoSpace-1_2.jpg,NanoSpace-1_2.jpg,,,https://www.nanosats.eu/keyword/propulsion.html
CubeSats with keyword: Propulsion,Nanoace_1.jpg,Nanoace_1.jpg,,,https://www.nanosats.eu/keyword/propulsion.html
CubeSats with keyword: Propulsion,Nanosail.jpg,Nanosail.jpg,,,https://www.nanosats.eu/keyword/propulsion.html
CubeSats with keyword: Propulsion,NuX-1_5.jpg,NuX-1_5.jpg,,,https://www.nanosats.eu/keyword/propulsion.html
CubeSats with keyword: Propulsion,Nuri-Deployer.jpeg,Nuri-Deployer.jpeg,,,https://www.nanosats.eu/keyword/propulsion.html
CubeSats with keyword: Propulsion,OCSD_3.png,OCSD_3.png,,,https://www.nanosats.eu/keyword/propulsion.html
CubeSats with keyword: Propulsion,OMOTENASHI_2.bmp,OMOTENASHI_2.bmp,,,https://www.nanosats.eu/keyword/propulsion.html
CubeSats with keyword: Propulsion,ONERA-SM-2.jpg,ONERA-SM-2.jpg,,,https://www.nanosats.eu/keyword/propulsion.html
CubeSats with keyword: Propulsion,ONERA-SM-3.jpg,ONERA-SM-3.jpg,,,https://www.nanosats.eu/keyword/propulsion.html
CubeSats with keyword: Propulsion,OPS-Cube.jpg,OPS-Cube.jpg,,,https://www.nanosats.eu/keyword/propulsion.html
CubeSats with keyword: Propulsion,OPTIMAL-1_3.jpg,OPTIMAL-1_3.jpg,,,https://www.nanosats.eu/keyword/propulsion.html
CubeSats with keyword: Propulsion,ORB-12-STRIDER.jpeg,ORB-12-STRIDER.jpeg,,,https://www.nanosats.eu/keyword/propulsion.html
CubeSats with keyword: Propulsion,OSC_2.png,OSC_2.png,,,https://www.nanosats.eu/keyword/propulsion.html
CubeSats with keyword: Propulsion,OTP-2_2.jpeg,OTP-2_2.jpeg,,,https://www.nanosats.eu/keyword/propulsion.html
CubeSats with keyword: Propulsion,OTTER_DLR_6.jpeg,OTTER_DLR_6.jpeg,,,https://www.nanosats.eu/keyword/propulsion.html
CubeSats with keyword: Propulsion,PALISADE.jpg,PALISADE.jpg,,,https://www.nanosats.eu/keyword/propulsion.html
CubeSats with keyword: Propulsion,PAN.jpg,PAN.jpg,,,https://www.nanosats.eu/keyword/propulsion.html
CubeSats with keyword: Propulsion,PATRIOT.jpeg,PATRIOT.jpeg,,,https://www.nanosats.eu/keyword/propulsion.html
CubeSats with keyword: Propulsion,PEGASUS_8.png,PEGASUS_8.png,,,https://www.nanosats.eu/keyword/propulsion.html
CubeSats with keyword: Propulsion,PHI-Demo.jpeg,PHI-Demo.jpeg,,,https://www.nanosats.eu/keyword/propulsion.html
CubeSats with keyword: Propulsion,PISAT.jpeg,PISAT.jpeg,,,https://www.nanosats.eu/keyword/propulsion.html
CubeSats with keyword: Propulsion,PTD-1_HYDROS-C.jpg,PTD-1_HYDROS-C.jpg,,,https://www.nanosats.eu/keyword/propulsion.html
CubeSats with keyword: Propulsion,PW-Sat3.png,PW-Sat3.png,,,https://www.nanosats.eu/keyword/propulsion.html
CubeSats with keyword: Propulsion,Pearls-01.png,Pearls-01.png,,,https://www.nanosats.eu/keyword/propulsion.html
CubeSats with keyword: Propulsion,PicoBus-FossaSystems.jpg,PicoBus-FossaSystems.jpg,,,https://www.nanosats.eu/keyword/propulsion.html
CubeSats with keyword: Propulsion,Platform-2.jpg,Platform-2.jpg,,,https://www.nanosats.eu/keyword/propulsion.html
CubeSats with keyword: Propulsion,Polytech-Universe-3 _PU_3_543c54b2af.jpg,Polytech-Universe-3 _PU_3_543c54b2af.jpg,,,https://www.nanosats.eu/keyword/propulsion.html
CubeSats with keyword: Propulsion,Pony-Exspress.png,Pony-Exspress.png,,,https://www.nanosats.eu/keyword/propulsion.html
CubeSats with keyword: Propulsion,PowerSat.png,PowerSat.png,,,https://www.nanosats.eu/keyword/propulsion.html
CubeSats with keyword: Propulsion,PradeepSat.jpg,PradeepSat.jpg,,,https://www.nanosats.eu/keyword/propulsion.html
CubeSats with keyword: Propulsion,Prospector-X.png,Prospector-X.png,,,https://www.nanosats.eu/keyword/propulsion.html
CubeSats with keyword: Propulsion,QAC-1_2.png,QAC-1_2.png,,,https://www.nanosats.eu/keyword/propulsion.html
CubeSats with keyword: Propulsion,R-2_M6P_Exotrail.jpg,R-2_M6P_Exotrail.jpg,,,https://www.nanosats.eu/keyword/propulsion.html
CubeSats with keyword: Propulsion,R5payloadmedium.jpg,R5payloadmedium.jpg,,,https://www.nanosats.eu/keyword/propulsion.html
CubeSats with keyword: Propulsion,RACE_double_CubeSat_mission.png,RACE_double_CubeSat_mission.png,,,https://www.nanosats.eu/keyword/propulsion.html
CubeSats with keyword: Propulsion,RAMPART_2.jpg,RAMPART_2.jpg,,,https://www.nanosats.eu/keyword/propulsion.html
CubeSats with keyword: Propulsion,ROBUSTA-3A_8.jpeg,ROBUSTA-3A_8.jpeg,,,https://www.nanosats.eu/keyword/propulsion.html
CubeSats with keyword: Propulsion,RODIO-1.png,RODIO-1.png,,,https://www.nanosats.eu/keyword/propulsion.html
CubeSats with keyword: Propulsion,ROLAND-1.jpg,ROLAND-1.jpg,,,https://www.nanosats.eu/keyword/propulsion.html
CubeSats with keyword: Propulsion,ROSE-1.png,ROSE-1.png,,,https://www.nanosats.eu/keyword/propulsion.html
CubeSats with keyword: Propulsion,RRF1-Arthur_Aerospacelab_4.png,RRF1-Arthur_Aerospacelab_4.png,,,https://www.nanosats.eu/keyword/propulsion.html
CubeSats with keyword: Propulsion,RROCI_4.jpeg,RROCI_4.jpeg,,,https://www.nanosats.eu/keyword/propulsion.html
CubeSats with keyword: Propulsion,SAMSON (1).jpg,SAMSON (1).jpg,,,https://www.nanosats.eu/keyword/propulsion.html
CubeSats with keyword: Propulsion,SEIRIOS.png,SEIRIOS.png,,,https://www.nanosats.eu/keyword/propulsion.html
CubeSats with keyword: Propulsion,SERPENS_3.jpg,SERPENS_3.jpg,,,https://www.nanosats.eu/keyword/propulsion.html
CubeSats with keyword: Propulsion,SERPENT-Chaser.jpg,SERPENT-Chaser.jpg,,,https://www.nanosats.eu/keyword/propulsion.html
CubeSats with keyword: Propulsion,SERPENT-Target.png,SERPENT-Target.png,,,https://www.nanosats.eu/keyword/propulsion.html
CubeSats with keyword: Propulsion,SNAP-Nanosatellite.jpg,SNAP-Nanosatellite.jpg,,,https://www.nanosats.eu/keyword/propulsion.html
CubeSats with keyword: Propulsion,SONATE-2_7.jpg,SONATE-2_7.jpg,,,https://www.nanosats.eu/keyword/propulsion.html
CubeSats with keyword: Propulsion,SOURCE-2.jpeg,SOURCE-2.jpeg,,,https://www.nanosats.eu/keyword/propulsion.html
CubeSats with keyword: Propulsion,SPARTAN_2.jpg,SPARTAN_2.jpg,,,https://www.nanosats.eu/keyword/propulsion.html
CubeSats with keyword: Propulsion,SPEYE-copia.jpg,SPEYE-copia.jpg,,,https://www.nanosats.eu/keyword/propulsion.html
CubeSats with keyword: Propulsion,SROC.png,SROC.png,,,https://www.nanosats.eu/keyword/propulsion.html
CubeSats with keyword: Propulsion,STEP Cube Lab 2.jpg,STEP Cube Lab 2.jpg,,,https://www.nanosats.eu/keyword/propulsion.html
CubeSats with keyword: Propulsion,STEP-1.png,STEP-1.png,,,https://www.nanosats.eu/keyword/propulsion.html
CubeSats with keyword: Propulsion,STRaND-1_3.jpeg,STRaND-1_3.jpeg,,,https://www.nanosats.eu/keyword/propulsion.html
CubeSats with keyword: Propulsion,SULIS_1.png,SULIS_1.png,,,https://www.nanosats.eu/keyword/propulsion.html
CubeSats with keyword: Propulsion,SULIS_3.png,SULIS_3.png,,,https://www.nanosats.eu/keyword/propulsion.html
CubeSats with keyword: Propulsion,SWARM-EX_2.png,SWARM-EX_2.png,,,https://www.nanosats.eu/keyword/propulsion.html
CubeSats with keyword: Propulsion,SWIMSat_3.png,SWIMSat_3.png,,,https://www.nanosats.eu/keyword/propulsion.html
CubeSats with keyword: Propulsion,Satis.png,Satis.png,,,https://www.nanosats.eu/keyword/propulsion.html
CubeSats with keyword: Propulsion,Seeker_3.jpg,Seeker_3.jpg,,,https://www.nanosats.eu/keyword/propulsion.html
CubeSats with keyword: Propulsion,SelenITA.png,SelenITA.png,,,https://www.nanosats.eu/keyword/propulsion.html
CubeSats with keyword: Propulsion,Solar-Blade.jpg,Solar-Blade.jpg,,,https://www.nanosats.eu/keyword/propulsion.html
CubeSats with keyword: Propulsion,SpIRIT_7.png,SpIRIT_7.png,,,https://www.nanosats.eu/keyword/propulsion.html
CubeSats with keyword: Propulsion,Space-Inventor_sateliot-8U-astrid-rendering_31.png,Space-Inventor_sateliot-8U-astrid-rendering_31.png,,,https://www.nanosats.eu/keyword/propulsion.html
CubeSats with keyword: Propulsion,Space-PI-Sputnix-Kuzbass-300.jpg,Space-PI-Sputnix-Kuzbass-300.jpg,,,https://www.nanosats.eu/keyword/propulsion.html
CubeSats with keyword: Propulsion,Space-Weather-CubeSat_KSC-20250826-PH-FMX02_0133~orig.jfif,Space-Weather-CubeSat_KSC-20250826-PH-FMX02_0133~orig.jfif,,,https://www.nanosats.eu/keyword/propulsion.html
CubeSats with keyword: Propulsion,Starling-105152_col.jpg,Starling-105152_col.jpg,,,https://www.nanosats.eu/keyword/propulsion.html
CubeSats with keyword: Propulsion,SteamSat-1.jpg,SteamSat-1.jpg,,,https://www.nanosats.eu/keyword/propulsion.html
CubeSats with keyword: Propulsion,SunRISE.jpg,SunRISE.jpg,,,https://www.nanosats.eu/keyword/propulsion.html
CubeSats with keyword: Propulsion,Svyatobor-1_52794735676_c5827012e0_k_785593a49a.jpg,Svyatobor-1_52794735676_c5827012e0_k_785593a49a.jpg,,,https://www.nanosats.eu/keyword/propulsion.html
CubeSats with keyword: Propulsion,Swarm 0.25U.png,Swarm 0.25U.png,,,https://www.nanosats.eu/keyword/propulsion.html
CubeSats with keyword: Propulsion,TACHELES_KSC-20250917-PH-FMX02_0005~orig.jfif,TACHELES_KSC-20250917-PH-FMX02_0005~orig.jfif,,,https://www.nanosats.eu/keyword/propulsion.html
CubeSats with keyword: Propulsion,TAMARIW.png,TAMARIW.png,,,https://www.nanosats.eu/keyword/propulsion.html
CubeSats with keyword: Propulsion,TEPCE_6.png,TEPCE_6.png,,,https://www.nanosats.eu/keyword/propulsion.html
CubeSats with keyword: Propulsion,TICRA_M-Argo.jpg,TICRA_M-Argo.jpg,,,https://www.nanosats.eu/keyword/propulsion.html
CubeSats with keyword: Propulsion,TOM_Picture1_4a9d9c71fb.png,TOM_Picture1_4a9d9c71fb.png,,,https://www.nanosats.eu/keyword/propulsion.html
CubeSats with keyword: Propulsion,TW-1A.jpg,TW-1A.jpg,,,https://www.nanosats.eu/keyword/propulsion.html
CubeSats with keyword: Propulsion,Terra-Nova.jfif,Terra-Nova.jfif,,,https://www.nanosats.eu/keyword/propulsion.html
CubeSats with keyword: Propulsion,The-Aalto-1-flight-model-with-the-Adactus-ADA-15S-GPS-antenna-highlighted-C2016-IEEE.png,The-Aalto-1-flight-model-with-the-Adactus-ADA-15S-GPS-antenna-highlighted-C2016-IEEE.png,,,https://www.nanosats.eu/keyword/propulsion.html
CubeSats with keyword: Propulsion,Tyvak-0129_2.jpg,Tyvak-0129_2.jpg,,,https://www.nanosats.eu/keyword/propulsion.html
CubeSats with keyword: Propulsion,Tyvak-0173_EchoStar-EG3.jpg,Tyvak-0173_EchoStar-EG3.jpg,,,https://www.nanosats.eu/keyword/propulsion.html
CubeSats with keyword: Propulsion,UWE-4_3.jpg,UWE-4_3.jpg,,,https://www.nanosats.eu/keyword/propulsion.html
CubeSats with keyword: Propulsion,VISION_main-pic.jpg,VISION_main-pic.jpg,,,https://www.nanosats.eu/keyword/propulsion.html
CubeSats with keyword: Propulsion,VISORS_4.png,VISORS_4.png,,,https://www.nanosats.eu/keyword/propulsion.html
CubeSats with keyword: Propulsion,VMMO_2.jpg,VMMO_2.jpg,,,https://www.nanosats.eu/keyword/propulsion.html
CubeSats with keyword: Propulsion,VULCAIN-1.png,VULCAIN-1.png,,,https://www.nanosats.eu/keyword/propulsion.html
CubeSats with keyword: Propulsion,Veery-Hatchling.jpg,Veery-Hatchling.jpg,,,https://www.nanosats.eu/keyword/propulsion.html
CubeSats with keyword: Propulsion,Vizard_Ion_3.jpg,Vizard_Ion_3.jpg,,,https://www.nanosats.eu/keyword/propulsion.html
CubeSats with keyword: Propulsion,Xiaoxiang-1-03.jpg,Xiaoxiang-1-03.jpg,,,https://www.nanosats.eu/keyword/propulsion.html
CubeSats with keyword: Propulsion,Xiaoxiang-1-08_2.png,Xiaoxiang-1-08_2.png,,,https://www.nanosats.eu/keyword/propulsion.html
CubeSats with keyword: Propulsion,Yareelo.png,Yareelo.png,,,https://www.nanosats.eu/keyword/propulsion.html
CubeSats with keyword: Propulsion,YuSend-1_2.png,YuSend-1_2.png,,,https://www.nanosats.eu/keyword/propulsion.html
CubeSats with keyword: Propulsion,Aalto-1,aalto-1,A - sensoriamento remoto,sim,https://www.nanosats.eu/keyword/propulsion.html
CubeSats with keyword: Propulsion,ABEX,abex,—,não,https://www.nanosats.eu/keyword/propulsion.html
CubeSats with keyword: Propulsion,AE1C,ae1c,B - coleta de plataformas (DCS/IoT),sim,https://www.nanosats.eu/keyword/propulsion.html
CubeSats with keyword: Propulsion,AeroCube-10B,aerocube-10,—,não,https://www.nanosats.eu/keyword/propulsion.html
CubeSats with keyword: Propulsion,AeroCube-12 B,aerocube-12,A(fraco) - câmera sem alvo declarado,não,https://www.nanosats.eu/keyword/propulsion.html
CubeSats with keyword: Propulsion,Aerocube-7C,aerocube-7,—,não,https://www.nanosats.eu/keyword/propulsion.html
CubeSats with keyword: Propulsion,AeroCube-8D,aerocube-8,—,não,https://www.nanosats.eu/keyword/propulsion.html
CubeSats with keyword: Propulsion,Aggiesat-1,aggiesat-1,—,não,https://www.nanosats.eu/keyword/propulsion.html
CubeSats with keyword: Propulsion,AMS,agile-microsatellite,A - sensoriamento remoto,sim,https://www.nanosats.eu/keyword/propulsion.html
CubeSats with keyword: Propulsion,ALCEK,alcek,—,não,https://www.nanosats.eu/keyword/propulsion.html
CubeSats with keyword: Propulsion,ALICE,alice,—,não,https://www.nanosats.eu/keyword/propulsion.html
CubeSats with keyword: Propulsion,Alpha,alpha,B - coleta de plataformas (DCS/IoT),sim,https://www.nanosats.eu/keyword/propulsion.html
CubeSats with keyword: Propulsion,Aoba-Velox-III,aoba-velox-iii,A - sensoriamento remoto,sim,https://www.nanosats.eu/keyword/propulsion.html
CubeSats with keyword: Propulsion,Aoba-Velox-IV,aoba-velox-iv,A(fraco) - câmera sem alvo declarado,não,https://www.nanosats.eu/keyword/propulsion.html
CubeSats with keyword: Propulsion,APEX,apex,A(fraco) - câmera sem alvo declarado,não,https://www.nanosats.eu/keyword/propulsion.html
CubeSats with keyword: Propulsion,APEX,apex-missouri,—,não,https://www.nanosats.eu/keyword/propulsion.html
CubeSats with keyword: Propulsion,AQT-D,aqt-d,—,não,https://www.nanosats.eu/keyword/propulsion.html
CubeSats with keyword: Propulsion,AQUIS,aquis,A(fraco) - câmera sem alvo declarado,não,https://www.nanosats.eu/keyword/propulsion.html
CubeSats with keyword: Propulsion,AragoSat-1,aragosat-1,—,não,https://www.nanosats.eu/keyword/propulsion.html
CubeSats with keyword: Propulsion,ArgoMoon,argomoon,A - sensoriamento remoto,sim,https://www.nanosats.eu/keyword/propulsion.html
CubeSats with keyword: Propulsion,ARKSAT-2,arksat-2,—,não,https://www.nanosats.eu/keyword/propulsion.html
CubeSats with keyword: Propulsion,ARKSAT-3C,arksat-3c,—,não,https://www.nanosats.eu/keyword/propulsion.html
CubeSats with keyword: Propulsion,ARKSAT-3E,arksat-3e,—,não,https://www.nanosats.eu/keyword/propulsion.html
CubeSats with keyword: Propulsion,Armadillo,armadillo,—,não,https://www.nanosats.eu/keyword/propulsion.html
CubeSats with keyword: Propulsion,ASCENT,ascent,—,não,https://www.nanosats.eu/keyword/propulsion.html
CubeSats with keyword: Propulsion,Astrocast 24,astrocast,B - coleta de plataformas (DCS/IoT),sim,https://www.nanosats.eu/keyword/propulsion.html
CubeSats with keyword: Propulsion,Astrocast 0.2 Hawaii,astrocast-0,B - coleta de plataformas (DCS/IoT),sim,https://www.nanosats.eu/keyword/propulsion.html
CubeSats with keyword: Propulsion,The Flying Object,aurorasat-1,—,não,https://www.nanosats.eu/keyword/propulsion.html
CubeSats with keyword: Propulsion,AuroraSat-2,aurorasat-2,—,não,https://www.nanosats.eu/keyword/propulsion.html
CubeSats with keyword: Propulsion,balkan-2,balkan-2,,,https://www.nanosats.eu/keyword/propulsion.html
CubeSats with keyword: Propulsion,BEAK,beak,—,não,https://www.nanosats.eu/keyword/propulsion.html
CubeSats with keyword: Propulsion,beak.jpg,beak.jpg,,,https://www.nanosats.eu/keyword/propulsion.html
CubeSats with keyword: Propulsion,BeaverCube,beavercube,A - sensoriamento remoto,sim,https://www.nanosats.eu/keyword/propulsion.html
CubeSats with keyword: Propulsion,BEESAT-15,beesat-14-15,A - sensoriamento remoto,sim,https://www.nanosats.eu/keyword/propulsion.html
CubeSats with keyword: Propulsion,Beihangkongshi 1,beihangkongshi-1,C - sinais cooperativos (AIS/ADS-B/RF),sim,https://www.nanosats.eu/keyword/propulsion.html
CubeSats with keyword: Propulsion,BEVO 2,bevo-2,—,não,https://www.nanosats.eu/keyword/propulsion.html
CubeSats with keyword: Propulsion,Binar Prospector B,binar-prospector,—,não,https://www.nanosats.eu/keyword/propulsion.html
CubeSats with keyword: Propulsion,BioSentinel,biosentinel,—,não,https://www.nanosats.eu/keyword/propulsion.html
CubeSats with keyword: Propulsion,biosentinel_in_space.png,biosentinel_in_space.png,,,https://www.nanosats.eu/keyword/propulsion.html
CubeSats with keyword: Propulsion,BricSat 2,bricsat-2,—,não,https://www.nanosats.eu/keyword/propulsion.html
CubeSats with keyword: Propulsion,BRICSat-P,bricsat-p,—,não,https://www.nanosats.eu/keyword/propulsion.html
CubeSats with keyword: Propulsion,BRICSat-T,bricsat-t,—,não,https://www.nanosats.eu/keyword/propulsion.html
CubeSats with keyword: Propulsion,BROS B,bros,—,não,https://www.nanosats.eu/keyword/propulsion.html
CubeSats with keyword: Propulsion,BSS1,bss1-dfast,—,não,https://www.nanosats.eu/keyword/propulsion.html
CubeSats with keyword: Propulsion,Caerus-Mayflower,caerus-mayflower,—,não,https://www.nanosats.eu/keyword/propulsion.html
CubeSats with keyword: Propulsion,caerus-mayflower_2.jpg,caerus-mayflower_2.jpg,,,https://www.nanosats.eu/keyword/propulsion.html
CubeSats with keyword: Propulsion,CaLeMPSat,calempsat,—,não,https://www.nanosats.eu/keyword/propulsion.html
CubeSats with keyword: Propulsion,Cannae,cannae,—,não,https://www.nanosats.eu/keyword/propulsion.html
CubeSats with keyword: Propulsion,CanX-2,canx-2,A - sensoriamento remoto,sim,https://www.nanosats.eu/keyword/propulsion.html
CubeSats with keyword: Propulsion,CanX-4,canx-4,—,não,https://www.nanosats.eu/keyword/propulsion.html
CubeSats with keyword: Propulsion,CanX-5,canx-5,—,não,https://www.nanosats.eu/keyword/propulsion.html
CubeSats with keyword: Propulsion,CANYVAL-X 2U Tom,canyval-x-tom,—,não,https://www.nanosats.eu/keyword/propulsion.html
CubeSats with keyword: Propulsion,CAPE,cape,—,não,https://www.nanosats.eu/keyword/propulsion.html
CubeSats with keyword: Propulsion,CAPE - MIRCA2,cape-mirca2,—,não,https://www.nanosats.eu/keyword/propulsion.html
CubeSats with keyword: Propulsion,CAPSTONE,capstone,—,não,https://www.nanosats.eu/keyword/propulsion.html
CubeSats with keyword: Propulsion,Cesium Satellite 2,cesium-satellite,—,não,https://www.nanosats.eu/keyword/propulsion.html
CubeSats with keyword: Propulsion,Cislunar Explorers,cislunar-explorer,—,não,https://www.nanosats.eu/keyword/propulsion.html
CubeSats with keyword: Propulsion,CLIMB,climb,—,não,https://www.nanosats.eu/keyword/propulsion.html
CubeSats with keyword: Propulsion,CloudCT 10,cloudct,A - sensoriamento remoto,sim,https://www.nanosats.eu/keyword/propulsion.html
CubeSats with keyword: Propulsion,CNUSail-1,cnusail-1,—,não,https://www.nanosats.eu/keyword/propulsion.html
CubeSats with keyword: Propulsion,Connecta IoT 24,connecta-iot,B - coleta de plataformas (DCS/IoT),sim,https://www.nanosats.eu/keyword/propulsion.html
CubeSats with keyword: Propulsion,COSMIC,cosmic,—,não,https://www.nanosats.eu/keyword/propulsion.html
CubeSats with keyword: Propulsion,CPOD B,cpod,—,não,https://www.nanosats.eu/keyword/propulsion.html
CubeSats with keyword: Propulsion,Cresst Dream Comet,cresst-dream-comet,—,não,https://www.nanosats.eu/keyword/propulsion.html
CubeSats with keyword: Propulsion,CU-E3,cu-e3,—,não,https://www.nanosats.eu/keyword/propulsion.html
CubeSats with keyword: Propulsion,cu-e3.png,cu-e3.png,,,https://www.nanosats.eu/keyword/propulsion.html
CubeSats with keyword: Propulsion,CUAVA-2,cuava-2,A - sensoriamento remoto,sim,https://www.nanosats.eu/keyword/propulsion.html
CubeSats with keyword: Propulsion,CubeSail 2,cubesail,—,não,https://www.nanosats.eu/keyword/propulsion.html
CubeSats with keyword: Propulsion,CubeSAIL,cubesail-surrey,—,não,https://www.nanosats.eu/keyword/propulsion.html
CubeSats with keyword: Propulsion,CUBESX-HSE-2,cubesx-hse-2,C - sinais cooperativos (AIS/ADS-B/RF),sim,https://www.nanosats.eu/keyword/propulsion.html
CubeSats with keyword: Propulsion,CuSP,cusp,—,não,https://www.nanosats.eu/keyword/propulsion.html
CubeSats with keyword: Propulsion,D2/AtlaCom-1,d2-atlacom,A - sensoriamento remoto,sim,https://www.nanosats.eu/keyword/propulsion.html
CubeSats with keyword: Propulsion,DARS,dars,—,não,https://www.nanosats.eu/keyword/propulsion.html
CubeSats with keyword: Propulsion,DELFFI-2,delffi,—,não,https://www.nanosats.eu/keyword/propulsion.html
CubeSats with keyword: Propulsion,Delfi-n3Xt,delfi-n3xt,—,não,https://www.nanosats.eu/keyword/propulsion.html
CubeSats with keyword: Propulsion,Deorbitsail,deorbitsail,—,não,https://www.nanosats.eu/keyword/propulsion.html
CubeSats with keyword: Propulsion,Diamond 6U 8,diamond-6u,B - coleta de plataformas (DCS/IoT),sim,https://www.nanosats.eu/keyword/propulsion.html
CubeSats with keyword: Propulsion,DOTS-X,dots-x,—,não,https://www.nanosats.eu/keyword/propulsion.html
CubeSats with keyword: Propulsion,Dove Pioneer,dove-pioneer,A - sensoriamento remoto,sim,https://www.nanosats.eu/keyword/propulsion.html
CubeSats with keyword: Propulsion,DUPLEX,duplex,—,não,https://www.nanosats.eu/keyword/propulsion.html
CubeSats with keyword: Propulsion,e.Inspector,e-inspector,A - sensoriamento remoto,sim,https://www.nanosats.eu/keyword/propulsion.html
CubeSats with keyword: Propulsion,EAGLET-NG,eaglet-ng,A - sensoriamento remoto; C - sinais cooperativos (AIS/ADS-B/RF),sim,https://www.nanosats.eu/keyword/propulsion.html
CubeSats with keyword: Propulsion,EarthNext,earthnext,A - sensoriamento remoto,sim,https://www.nanosats.eu/keyword/propulsion.html
CubeSats with keyword: Propulsion,Edison-1,edison,—,não,https://www.nanosats.eu/keyword/propulsion.html
CubeSats with keyword: Propulsion,El Camino Real,el-camino-real,—,não,https://www.nanosats.eu/keyword/propulsion.html
CubeSats with keyword: Propulsion,el-camino-real.jpeg,el-camino-real.jpeg,,,https://www.nanosats.eu/keyword/propulsion.html
CubeSats with keyword: Propulsion,ELO 4,elo-clyde,B - coleta de plataformas (DCS/IoT),sim,https://www.nanosats.eu/keyword/propulsion.html
CubeSats with keyword: Propulsion,SCOUT-1 C,eps-maccs,A - sensoriamento remoto,sim,https://www.nanosats.eu/keyword/propulsion.html
CubeSats with keyword: Propulsion,EQUULEUS,equuleus,A(fraco) - câmera sem alvo declarado,não,https://www.nanosats.eu/keyword/propulsion.html
CubeSats with keyword: Propulsion,ESTCube-2,estcube-2,A - sensoriamento remoto,sim,https://www.nanosats.eu/keyword/propulsion.html
CubeSats with keyword: Propulsion,E.T.PACK DMM & EEM,etpack-dmm-eem,—,não,https://www.nanosats.eu/keyword/propulsion.html
CubeSats with keyword: Propulsion,COURIER SEP DEMO,exoterra-cubesat,—,não,https://www.nanosats.eu/keyword/propulsion.html
CubeSats with keyword: Propulsion,FlyLab-1,flylab-1,A - sensoriamento remoto,sim,https://www.nanosats.eu/keyword/propulsion.html
CubeSats with keyword: Propulsion,FlyLab-2,flylab-2,A - sensoriamento remoto; B - coleta de plataformas (DCS/IoT),sim,https://www.nanosats.eu/keyword/propulsion.html
CubeSats with keyword: Propulsion,Foresail-1,foresail-1,A - sensoriamento remoto,sim,https://www.nanosats.eu/keyword/propulsion.html
CubeSats with keyword: Propulsion,Foresail-1p,foresail-1p,A - sensoriamento remoto,sim,https://www.nanosats.eu/keyword/propulsion.html
CubeSats with keyword: Propulsion,Foresail-2,foresail-2,—,não,https://www.nanosats.eu/keyword/propulsion.html
CubeSats with keyword: Propulsion,FossaSat-2F,fossasat-2,B - coleta de plataformas (DCS/IoT),sim,https://www.nanosats.eu/keyword/propulsion.html
CubeSats with keyword: Propulsion,foxsat-cubesat-banner.jpg,foxsat-cubesat-banner.jpg,,,https://www.nanosats.eu/keyword/propulsion.html
CubeSats with keyword: Propulsion,GS-1,g-space-1,A - sensoriamento remoto,sim,https://www.nanosats.eu/keyword/propulsion.html
CubeSats with keyword: Propulsion,Gagarinets,gagarinets,A(fraco) - câmera sem alvo declarado,não,https://www.nanosats.eu/keyword/propulsion.html
CubeSats with keyword: Propulsion,GENESIS-N,genesis,—,não,https://www.nanosats.eu/keyword/propulsion.html
CubeSats with keyword: Propulsion,GENESIS-J,genesis-g-j,—,não,https://www.nanosats.eu/keyword/propulsion.html
CubeSats with keyword: Propulsion,Geoscan-Edelweiss,geoscan-edelveis,A(fraco) - câmera sem alvo declarado,não,https://www.nanosats.eu/keyword/propulsion.html
CubeSats with keyword: Propulsion,GIOT 3?,giot,B - coleta de plataformas (DCS/IoT),sim,https://www.nanosats.eu/keyword/propulsion.html
CubeSats with keyword: Propulsion,GOMX-4B,gomx-4b,A - sensoriamento remoto; C - sinais cooperativos (AIS/ADS-B/RF),sim,https://www.nanosats.eu/keyword/propulsion.html
CubeSats with keyword: Propulsion,GOMX-5,gomx-5,A - sensoriamento remoto; C - sinais cooperativos (AIS/ADS-B/RF),sim,https://www.nanosats.eu/keyword/propulsion.html
CubeSats with keyword: Propulsion,GPDM,gpdm,—,não,https://www.nanosats.eu/keyword/propulsion.html
CubeSats with keyword: Propulsion,GreenCube,greencube,A(fraco) - câmera sem alvo declarado; B - coleta de plataformas (DCS/IoT),sim,https://www.nanosats.eu/keyword/propulsion.html
CubeSats with keyword: Propulsion,GW-Sat,gw-sat,A(fraco) - câmera sem alvo declarado,não,https://www.nanosats.eu/keyword/propulsion.html
CubeSats with keyword: Propulsion,Veery Hatchling,hatchling-veery,A - sensoriamento remoto,sim,https://www.nanosats.eu/keyword/propulsion.html
CubeSats with keyword: Propulsion,HENON,henon,A - sensoriamento remoto,sim,https://www.nanosats.eu/keyword/propulsion.html
CubeSats with keyword: Propulsion,Hera-9,hera,A - sensoriamento remoto,sim,https://www.nanosats.eu/keyword/propulsion.html
CubeSats with keyword: Propulsion,Hiber 3,hiber,B - coleta de plataformas (DCS/IoT),sim,https://www.nanosats.eu/keyword/propulsion.html
CubeSats with keyword: Propulsion,HuskySat-1,huskysat-1,A(fraco) - câmera sem alvo declarado,não,https://www.nanosats.eu/keyword/propulsion.html
CubeSats with keyword: Propulsion,Hyperfield-2,hyperfield,A - sensoriamento remoto,sim,https://www.nanosats.eu/keyword/propulsion.html
CubeSats with keyword: Propulsion,hyperfield-2.jpg,hyperfield-2.jpg,,,https://www.nanosats.eu/keyword/propulsion.html
CubeSats with keyword: Propulsion,HYPSO-1,hypso,A - sensoriamento remoto,sim,https://www.nanosats.eu/keyword/propulsion.html
CubeSats with keyword: Propulsion,HYPSO-2,hypso-2,A - sensoriamento remoto,sim,https://www.nanosats.eu/keyword/propulsion.html
CubeSats with keyword: Propulsion,i-INSPIRE II,i-inspire-ii,A(fraco) - câmera sem alvo declarado,não,https://www.nanosats.eu/keyword/propulsion.html
CubeSats with keyword: Propulsion,iSAT-1.png,iSAT-1.png,,,https://www.nanosats.eu/keyword/propulsion.html
CubeSats with keyword: Propulsion,Ignis,ignis,—,não,https://www.nanosats.eu/keyword/propulsion.html
CubeSats with keyword: Propulsion,infinity-graphics-16.jpg,infinity-graphics-16.jpg,,,https://www.nanosats.eu/keyword/propulsion.html
CubeSats with keyword: Propulsion,INNOVATOR B,innovator,A - sensoriamento remoto,sim,https://www.nanosats.eu/keyword/propulsion.html
CubeSats with keyword: Propulsion,INSPIRE-B,inspire,A(fraco) - câmera sem alvo declarado,não,https://www.nanosats.eu/keyword/propulsion.html
CubeSats with keyword: Propulsion,inspire3.jpg,inspire3.jpg,,,https://www.nanosats.eu/keyword/propulsion.html
CubeSats with keyword: Propulsion,ION,ion,A - sensoriamento remoto,sim,https://www.nanosats.eu/keyword/propulsion.html
CubeSats with keyword: Propulsion,IonSat,ionsat,—,não,https://www.nanosats.eu/keyword/propulsion.html
CubeSats with keyword: Propulsion,ionsat_in_space_croped.png,ionsat_in_space_croped.png,,,https://www.nanosats.eu/keyword/propulsion.html
CubeSats with keyword: Propulsion,IPERDRONE,iperdrone,—,não,https://www.nanosats.eu/keyword/propulsion.html
CubeSats with keyword: Propulsion,Irvine01,irvine01,A(fraco) - câmera sem alvo declarado,não,https://www.nanosats.eu/keyword/propulsion.html
CubeSats with keyword: Propulsion,IRVINE02,irvine02,A(fraco) - câmera sem alvo declarado,não,https://www.nanosats.eu/keyword/propulsion.html
CubeSats with keyword: Propulsion,IRVINE03,irvine03,—,não,https://www.nanosats.eu/keyword/propulsion.html
CubeSats with keyword: Propulsion,iSAT-1,isat-1,—,não,https://www.nanosats.eu/keyword/propulsion.html
CubeSats with keyword: Propulsion,CSC-2,isispace-iod-2,—,não,https://www.nanosats.eu/keyword/propulsion.html
CubeSats with keyword: Propulsion,Janus 1,janus-1,A(fraco) - câmera sem alvo declarado; B - coleta de plataformas (DCS/IoT),sim,https://www.nanosats.eu/keyword/propulsion.html
CubeSats with keyword: Propulsion,Jinta,jinta,A - sensoriamento remoto,sim,https://www.nanosats.eu/keyword/propulsion.html
CubeSats with keyword: Propulsion,Juventas,juventas,—,não,https://www.nanosats.eu/keyword/propulsion.html
CubeSats with keyword: Propulsion,K-HERO,k-hero,—,não,https://www.nanosats.eu/keyword/propulsion.html
CubeSats with keyword: Propulsion,K-RadCube,k-radcube,—,não,https://www.nanosats.eu/keyword/propulsion.html
CubeSats with keyword: Propulsion,KARDSAT Target,kardsat,—,não,https://www.nanosats.eu/keyword/propulsion.html
CubeSats with keyword: Propulsion,KASI Sat D,kasi-sat,—,não,https://www.nanosats.eu/keyword/propulsion.html
CubeSats with keyword: Propulsion,Kestrel-0A,kestrel-0a,—,não,https://www.nanosats.eu/keyword/propulsion.html
CubeSats with keyword: Propulsion,Khors 2,khors-1-2,C - sinais cooperativos (AIS/ADS-B/RF),sim,https://www.nanosats.eu/keyword/propulsion.html
CubeSats with keyword: Propulsion,Khors 4,khors-3-4,A - sensoriamento remoto; C - sinais cooperativos (AIS/ADS-B/RF),sim,https://www.nanosats.eu/keyword/propulsion.html
CubeSats with keyword: Propulsion,Khors 5,khors-5,A - sensoriamento remoto; C - sinais cooperativos (AIS/ADS-B/RF),sim,https://www.nanosats.eu/keyword/propulsion.html
CubeSats with keyword: Propulsion,khors2_separation_1.jpg,khors2_separation_1.jpg,,,https://www.nanosats.eu/keyword/propulsion.html
CubeSats with keyword: Propulsion,KKS-1,kks-1,A(fraco) - câmera sem alvo declarado,não,https://www.nanosats.eu/keyword/propulsion.html
CubeSats with keyword: Propulsion,kks-1-kiseki-33499.jpeg,kks-1-kiseki-33499.jpeg,,,https://www.nanosats.eu/keyword/propulsion.html
CubeSats with keyword: Propulsion,KSF3 D,kleos-space,C - sinais cooperativos (AIS/ADS-B/RF),sim,https://www.nanosats.eu/keyword/propulsion.html
CubeSats with keyword: Propulsion,KOSEN-3,kosen-3,—,não,https://www.nanosats.eu/keyword/propulsion.html
CubeSats with keyword: Propulsion,KvarkenSat,kvarkensat,A - sensoriamento remoto; C - sinais cooperativos (AIS/ADS-B/RF),sim,https://www.nanosats.eu/keyword/propulsion.html
CubeSats with keyword: Propulsion,Lemur-2,lemur-2,A - sensoriamento remoto; C - sinais cooperativos (AIS/ADS-B/RF),sim,https://www.nanosats.eu/keyword/propulsion.html
CubeSats with keyword: Propulsion,Lemur-2 167 Embrionovis,lemur-2-forest-2,A - sensoriamento remoto; C - sinais cooperativos (AIS/ADS-B/RF),sim,https://www.nanosats.eu/keyword/propulsion.html
CubeSats with keyword: Propulsion,licia_cube_bench_check-7373.jpg,licia_cube_bench_check-7373.jpg,,,https://www.nanosats.eu/keyword/propulsion.html
CubeSats with keyword: Propulsion,LICIACube,liciacube,A(fraco) - câmera sem alvo declarado,não,https://www.nanosats.eu/keyword/propulsion.html
CubeSats with keyword: Propulsion,LightSail-C,lightsail,A(fraco) - câmera sem alvo declarado,não,https://www.nanosats.eu/keyword/propulsion.html
CubeSats with keyword: Propulsion,lilium-3,lilium-3,,,https://www.nanosats.eu/keyword/propulsion.html
CubeSats with keyword: Propulsion,LINUSS 2,linuss,A(fraco) - câmera sem alvo declarado,não,https://www.nanosats.eu/keyword/propulsion.html
CubeSats with keyword: Propulsion,LituanicaSAT-2,lituanicasat-2,—,não,https://www.nanosats.eu/keyword/propulsion.html
CubeSats with keyword: Propulsion,LUMIO,lumio,—,não,https://www.nanosats.eu/keyword/propulsion.html
CubeSats with keyword: Propulsion,LunaCube B,lunacube,—,não,https://www.nanosats.eu/keyword/propulsion.html
CubeSats with keyword: Propulsion,LunaH-Map,lunah-map,A - sensoriamento remoto,sim,https://www.nanosats.eu/keyword/propulsion.html
CubeSats with keyword: Propulsion,lunah-map.jpg,lunah-map.jpg,,,https://www.nanosats.eu/keyword/propulsion.html
CubeSats with keyword: Propulsion,Lunar Falcon,lunar-falcon,—,não,https://www.nanosats.eu/keyword/propulsion.html
CubeSats with keyword: Propulsion,Lunar Flashlight,lunar-flashlight,—,não,https://www.nanosats.eu/keyword/propulsion.html
CubeSats with keyword: Propulsion,Lunar IceCube,lunar-icecube,—,não,https://www.nanosats.eu/keyword/propulsion.html
CubeSats with keyword: Propulsion,LunarSail,lunarsail,—,não,https://www.nanosats.eu/keyword/propulsion.html
CubeSats with keyword: Propulsion,LunIR,lunir,A - sensoriamento remoto,sim,https://www.nanosats.eu/keyword/propulsion.html
CubeSats with keyword: Propulsion,M-ARGO,m-argo,A(fraco) - câmera sem alvo declarado,não,https://www.nanosats.eu/keyword/propulsion.html
CubeSats with keyword: Propulsion,M3,m3sat,—,não,https://www.nanosats.eu/keyword/propulsion.html
CubeSats with keyword: Propulsion,M6P,m6p,B - coleta de plataformas (DCS/IoT),sim,https://www.nanosats.eu/keyword/propulsion.html
CubeSats with keyword: Propulsion,R2,m6p-2,—,não,https://www.nanosats.eu/keyword/propulsion.html
CubeSats with keyword: Propulsion,mDOT.png,mDOT.png,,,https://www.nanosats.eu/keyword/propulsion.html
CubeSats with keyword: Propulsion,MarCO 2,marco,A - sensoriamento remoto,sim,https://www.nanosats.eu/keyword/propulsion.html
CubeSats with keyword: Propulsion,Mars Solar Hawk,mars-solar-hawk,—,não,https://www.nanosats.eu/keyword/propulsion.html
CubeSats with keyword: Propulsion,mDOT Telescope-CubeSat,mdot,—,não,https://www.nanosats.eu/keyword/propulsion.html
CubeSats with keyword: Propulsion,MEPSI 1B,mepsi,—,não,https://www.nanosats.eu/keyword/propulsion.html
CubeSats with keyword: Propulsion,MEPSI 2B,mepsi-2,—,não,https://www.nanosats.eu/keyword/propulsion.html
CubeSats with keyword: Propulsion,MEPSI 4B,mepsi-3-4,—,não,https://www.nanosats.eu/keyword/propulsion.html
CubeSats with keyword: Propulsion,Milani,milani,A - sensoriamento remoto,sim,https://www.nanosats.eu/keyword/propulsion.html
CubeSats with keyword: Propulsion,Miles,miles,—,não,https://www.nanosats.eu/keyword/propulsion.html
CubeSats with keyword: Propulsion,MiniRomit 1,miniromit-1,A(fraco) - câmera sem alvo declarado,não,https://www.nanosats.eu/keyword/propulsion.html
CubeSats with keyword: Propulsion,MIST,mist,—,não,https://www.nanosats.eu/keyword/propulsion.html
CubeSats with keyword: Propulsion,MiTEE-1,mitee-1,—,não,https://www.nanosats.eu/keyword/propulsion.html
CubeSats with keyword: Propulsion,MiTEE-2,mitee-2,—,não,https://www.nanosats.eu/keyword/propulsion.html
CubeSats with keyword: Propulsion,MorSat-1,morsat-1,—,não,https://www.nanosats.eu/keyword/propulsion.html
CubeSats with keyword: Propulsion,OTTER,msae-otters,C - sinais cooperativos (AIS/ADS-B/RF),sim,https://www.nanosats.eu/keyword/propulsion.html
CubeSats with keyword: Propulsion,NanoACE,nanoace,A(fraco) - câmera sem alvo declarado,não,https://www.nanosats.eu/keyword/propulsion.html
CubeSats with keyword: Propulsion,NanoSail-D2,nanosail-d,A(fraco) - câmera sem alvo declarado,não,https://www.nanosats.eu/keyword/propulsion.html
CubeSats with keyword: Propulsion,NanoSpace-1,nanospace-1,—,não,https://www.nanosats.eu/keyword/propulsion.html
CubeSats with keyword: Propulsion,NAPA-2,napa-2,A - sensoriamento remoto,sim,https://www.nanosats.eu/keyword/propulsion.html
CubeSats with keyword: Propulsion,NEA-Scout,nea-scout,A(fraco) - câmera sem alvo declarado,não,https://www.nanosats.eu/keyword/propulsion.html
CubeSats with keyword: Propulsion,NEPTUNO,neptuno,—,não,https://www.nanosats.eu/keyword/propulsion.html
CubeSats with keyword: Propulsion,NetSat-4,netsat,—,não,https://www.nanosats.eu/keyword/propulsion.html
CubeSats with keyword: Propulsion,netsat_52289f0c7a.jpg,netsat_52289f0c7a.jpg,,,https://www.nanosats.eu/keyword/propulsion.html
CubeSats with keyword: Propulsion,NuX-1,nux-1,B - coleta de plataformas (DCS/IoT),sim,https://www.nanosats.eu/keyword/propulsion.html
CubeSats with keyword: Propulsion,OMOTENASHI,omotenashi,C - sinais cooperativos (AIS/ADS-B/RF),sim,https://www.nanosats.eu/keyword/propulsion.html
CubeSats with keyword: Propulsion,OPS-Cube,ops-cube,—,não,https://www.nanosats.eu/keyword/propulsion.html
CubeSats with keyword: Propulsion,OPTIMAL-1,optimal-1,A - sensoriamento remoto; B - coleta de plataformas (DCS/IoT),sim,https://www.nanosats.eu/keyword/propulsion.html
CubeSats with keyword: Propulsion,Guardian - Alpha,orbastro-guardian,—,não,https://www.nanosats.eu/keyword/propulsion.html
CubeSats with keyword: Propulsion,ORB-12 Strider,orbastro-strider,A - sensoriamento remoto,sim,https://www.nanosats.eu/keyword/propulsion.html
CubeSats with keyword: Propulsion,OSC,osc,—,não,https://www.nanosats.eu/keyword/propulsion.html
CubeSats with keyword: Propulsion,OTP-2,otp-2,A(fraco) - câmera sem alvo declarado,não,https://www.nanosats.eu/keyword/propulsion.html
CubeSats with keyword: Propulsion,PACSCISAT,pacscisat,—,não,https://www.nanosats.eu/keyword/propulsion.html
CubeSats with keyword: Propulsion,PALISADE,palisade,—,não,https://www.nanosats.eu/keyword/propulsion.html
CubeSats with keyword: Propulsion,PAN B,pan,—,não,https://www.nanosats.eu/keyword/propulsion.html
CubeSats with keyword: Propulsion,PATRIOT (A Cubesat NEO Assessment Precursor Mission)uni,patriot,—,não,https://www.nanosats.eu/keyword/propulsion.html
CubeSats with keyword: Propulsion,PEARLS 200,pearls,B - coleta de plataformas (DCS/IoT),sim,https://www.nanosats.eu/keyword/propulsion.html
CubeSats with keyword: Propulsion,Pegasus,pegasus,—,não,https://www.nanosats.eu/keyword/propulsion.html
CubeSats with keyword: Propulsion,PetitSat,petitsat,—,não,https://www.nanosats.eu/keyword/propulsion.html
CubeSats with keyword: Propulsion,petitsat.png,petitsat.png,,,https://www.nanosats.eu/keyword/propulsion.html
CubeSats with keyword: Propulsion,PHI-Demo,phi-demo,B - coleta de plataformas (DCS/IoT),sim,https://www.nanosats.eu/keyword/propulsion.html
CubeSats with keyword: Propulsion,Phobos,phobos,—,não,https://www.nanosats.eu/keyword/propulsion.html
CubeSats with keyword: Propulsion,PIAST C,pisat-poland,A - sensoriamento remoto,sim,https://www.nanosats.eu/keyword/propulsion.html
CubeSats with keyword: Propulsion,Platform-1,platform-1,A - sensoriamento remoto,sim,https://www.nanosats.eu/keyword/propulsion.html
CubeSats with keyword: Propulsion,Platform-10,platform-10,—,não,https://www.nanosats.eu/keyword/propulsion.html
CubeSats with keyword: Propulsion,Platform-2,platform-2,—,não,https://www.nanosats.eu/keyword/propulsion.html
CubeSats with keyword: Propulsion,Polytech Universe-3,polytech-universe-3,A(fraco) - câmera sem alvo declarado; C - sinais cooperativos (AIS/ADS-B/RF),sim,https://www.nanosats.eu/keyword/propulsion.html
CubeSats with keyword: Propulsion,Pony Express 3,pony-express-2,—,não,https://www.nanosats.eu/keyword/propulsion.html
CubeSats with keyword: Propulsion,POPSAT-HIP1,popsat-hip-1,A - sensoriamento remoto,sim,https://www.nanosats.eu/keyword/propulsion.html
CubeSats with keyword: Propulsion,popsat-hip-1__1.jpg,popsat-hip-1__1.jpg,,,https://www.nanosats.eu/keyword/propulsion.html
CubeSats with keyword: Propulsion,Positron-1,positron-1,—,não,https://www.nanosats.eu/keyword/propulsion.html
CubeSats with keyword: Propulsion,PowerSat,powersat,—,não,https://www.nanosats.eu/keyword/propulsion.html
CubeSats with keyword: Propulsion,PradeepSat,pradeepsat,—,não,https://www.nanosats.eu/keyword/propulsion.html
CubeSats with keyword: Propulsion,PropSat,propsat,—,não,https://www.nanosats.eu/keyword/propulsion.html
CubeSats with keyword: Propulsion,Prospector-X,prospector-x,—,não,https://www.nanosats.eu/keyword/propulsion.html
CubeSats with keyword: Propulsion,Pathfinder Risk Reduction,ptd-0,A - sensoriamento remoto; B - coleta de plataformas (DCS/IoT),sim,https://www.nanosats.eu/keyword/propulsion.html
CubeSats with keyword: Propulsion,PTD-1,ptd-1,—,não,https://www.nanosats.eu/keyword/propulsion.html
CubeSats with keyword: Propulsion,PTD-2,ptd-2,—,não,https://www.nanosats.eu/keyword/propulsion.html
CubeSats with keyword: Propulsion,PW-Sat3,pw-sat3,A(fraco) - câmera sem alvo declarado,não,https://www.nanosats.eu/keyword/propulsion.html
CubeSats with keyword: Propulsion,QAC-1 D,qac-1,A - sensoriamento remoto,sim,https://www.nanosats.eu/keyword/propulsion.html
CubeSats with keyword: Propulsion,R5-S2,r5-s2-2,A(fraco) - câmera sem alvo declarado,não,https://www.nanosats.eu/keyword/propulsion.html
CubeSats with keyword: Propulsion,r5-s2_r5-s4__1_Gunter.jpg,r5-s2_r5-s4__1_Gunter.jpg,,,https://www.nanosats.eu/keyword/propulsion.html
CubeSats with keyword: Propulsion,R5-S4,r5-s4,A(fraco) - câmera sem alvo declarado,não,https://www.nanosats.eu/keyword/propulsion.html
CubeSats with keyword: Propulsion,R5-S7,r5-s7,—,não,https://www.nanosats.eu/keyword/propulsion.html
CubeSats with keyword: Propulsion,RACE 2,race-esa,—,não,https://www.nanosats.eu/keyword/propulsion.html
CubeSats with keyword: Propulsion,RADMIA,radmia,A(fraco) - câmera sem alvo declarado,não,https://www.nanosats.eu/keyword/propulsion.html
CubeSats with keyword: Propulsion,RAMPART,rampart,—,não,https://www.nanosats.eu/keyword/propulsion.html
CubeSats with keyword: Propulsion,Rascal B,rascal,A - sensoriamento remoto,sim,https://www.nanosats.eu/keyword/propulsion.html
CubeSats with keyword: Propulsion,ROBUSTA 3A,robusta-3a,A - sensoriamento remoto; B - coleta de plataformas (DCS/IoT),sim,https://www.nanosats.eu/keyword/propulsion.html
CubeSats with keyword: Propulsion,RODiO D,rodio,A - sensoriamento remoto,sim,https://www.nanosats.eu/keyword/propulsion.html
CubeSats with keyword: Propulsion,Barry,rogue-space,A(fraco) - câmera sem alvo declarado,não,https://www.nanosats.eu/keyword/propulsion.html
CubeSats with keyword: Propulsion,Roland-1,roland-1,—,não,https://www.nanosats.eu/keyword/propulsion.html
CubeSats with keyword: Propulsion,ROSE-1,rose-1,—,não,https://www.nanosats.eu/keyword/propulsion.html
CubeSats with keyword: Propulsion,"ARTHUR,",rrf1-arthur,A - sensoriamento remoto,sim,https://www.nanosats.eu/keyword/propulsion.html
CubeSats with keyword: Propulsion,RROCI,rroci,A - sensoriamento remoto,sim,https://www.nanosats.eu/keyword/propulsion.html
CubeSats with keyword: Propulsion,RROCI-2,rroci-2,A - sensoriamento remoto,sim,https://www.nanosats.eu/keyword/propulsion.html
CubeSats with keyword: Propulsion,Rupercorp Constellation Demo,rupercorp,A - sensoriamento remoto,sim,https://www.nanosats.eu/keyword/propulsion.html
CubeSats with keyword: Propulsion,RyeF3Ex-2,ryef3ex,A - sensoriamento remoto,sim,https://www.nanosats.eu/keyword/propulsion.html
CubeSats with keyword: Propulsion,SAMSON C,samson,—,não,https://www.nanosats.eu/keyword/propulsion.html
CubeSats with keyword: Propulsion,Satis,satis,—,não,https://www.nanosats.eu/keyword/propulsion.html
CubeSats with keyword: Propulsion,SatRev Australia ASMN CubeSat,satrev-australia-asmn-cubesat,—,não,https://www.nanosats.eu/keyword/propulsion.html
CubeSats with keyword: Propulsion,SC1,sc1,A(fraco) - câmera sem alvo declarado,não,https://www.nanosats.eu/keyword/propulsion.html
CubeSats with keyword: Propulsion,Seeker 1.0,seeker,A(fraco) - câmera sem alvo declarado,não,https://www.nanosats.eu/keyword/propulsion.html
CubeSats with keyword: Propulsion,SEIRIOS Line 2,seirios,A(fraco) - câmera sem alvo declarado,não,https://www.nanosats.eu/keyword/propulsion.html
CubeSats with keyword: Propulsion,SelenITA,selenita,—,não,https://www.nanosats.eu/keyword/propulsion.html
CubeSats with keyword: Propulsion,SERPENS,serpens,B - coleta de plataformas (DCS/IoT),sim,https://www.nanosats.eu/keyword/propulsion.html
CubeSats with keyword: Propulsion,SERPENT A Chaser,serpent,A(fraco) - câmera sem alvo declarado,não,https://www.nanosats.eu/keyword/propulsion.html
CubeSats with keyword: Propulsion,SERPENT B Target,serpent-combined,A(fraco) - câmera sem alvo declarado,não,https://www.nanosats.eu/keyword/propulsion.html
CubeSats with keyword: Propulsion,Shiver D,shiver,—,não,https://www.nanosats.eu/keyword/propulsion.html
CubeSats with keyword: Propulsion,Slingshot-1,slingshot-1,—,não,https://www.nanosats.eu/keyword/propulsion.html
CubeSats with keyword: Propulsion,slingshot_1600.jpg,slingshot_1600.jpg,,,https://www.nanosats.eu/keyword/propulsion.html
CubeSats with keyword: Propulsion,SNAP-1,snap-1,A(fraco) - câmera sem alvo declarado,não,https://www.nanosats.eu/keyword/propulsion.html
CubeSats with keyword: Propulsion,Solar Blade,solar-blade,—,não,https://www.nanosats.eu/keyword/propulsion.html
CubeSats with keyword: Propulsion,SONATE-2,sonate-2,—,não,https://www.nanosats.eu/keyword/propulsion.html
CubeSats with keyword: Propulsion,SPHERE-1 EYE,sony-star-sphere,A(fraco) - câmera sem alvo declarado,não,https://www.nanosats.eu/keyword/propulsion.html
CubeSats with keyword: Propulsion,sony_01_o_Star-Sphere.jpg,sony_01_o_Star-Sphere.jpg,,,https://www.nanosats.eu/keyword/propulsion.html
CubeSats with keyword: Propulsion,SOURCE-2,source-2,—,não,https://www.nanosats.eu/keyword/propulsion.html
CubeSats with keyword: Propulsion,SpaceBEE-179,spacebee-1-4,B - coleta de plataformas (DCS/IoT),sim,https://www.nanosats.eu/keyword/propulsion.html
CubeSats with keyword: Propulsion,SpEye Free Flyer,speye-free-flyer,A - sensoriamento remoto,sim,https://www.nanosats.eu/keyword/propulsion.html
CubeSats with keyword: Propulsion,SpIRIT,spirit,A(fraco) - câmera sem alvo declarado,não,https://www.nanosats.eu/keyword/propulsion.html
CubeSats with keyword: Propulsion,SROC,sroc,A - sensoriamento remoto,sim,https://www.nanosats.eu/keyword/propulsion.html
CubeSats with keyword: Propulsion,Starling1 D,starling1,A(fraco) - câmera sem alvo declarado,não,https://www.nanosats.eu/keyword/propulsion.html
CubeSats with keyword: Propulsion,SteamSat-1,steamsat-1,—,não,https://www.nanosats.eu/keyword/propulsion.html
CubeSats with keyword: Propulsion,STEP-1,step-1,—,não,https://www.nanosats.eu/keyword/propulsion.html
CubeSats with keyword: Propulsion,STEP-1,step-1-mit,—,não,https://www.nanosats.eu/keyword/propulsion.html
CubeSats with keyword: Propulsion,STRaND-1,strand-1,—,não,https://www.nanosats.eu/keyword/propulsion.html
CubeSats with keyword: Propulsion,SULIS-E2,sulis,A(fraco) - câmera sem alvo declarado,não,https://www.nanosats.eu/keyword/propulsion.html
CubeSats with keyword: Propulsion,SunRISE 6,sunrise,—,não,https://www.nanosats.eu/keyword/propulsion.html
CubeSats with keyword: Propulsion,Svyatobor-1,svyatobor-1,A - sensoriamento remoto,sim,https://www.nanosats.eu/keyword/propulsion.html
CubeSats with keyword: Propulsion,SWARM-EX C,swarm-ex,—,não,https://www.nanosats.eu/keyword/propulsion.html
CubeSats with keyword: Propulsion,Space Weather CubeSat-1,swc-1,—,não,https://www.nanosats.eu/keyword/propulsion.html
CubeSats with keyword: Propulsion,SWIMSat,swimsat,A(fraco) - câmera sem alvo declarado,não,https://www.nanosats.eu/keyword/propulsion.html
CubeSats with keyword: Propulsion,SXC3-214 MIET-AIS,sxc3-214-miet-ais,C - sinais cooperativos (AIS/ADS-B/RF),sim,https://www.nanosats.eu/keyword/propulsion.html
CubeSats with keyword: Propulsion,TACHELES,tacheles,—,não,https://www.nanosats.eu/keyword/propulsion.html
CubeSats with keyword: Propulsion,TAMARIW B “TeilAutonome Montage/Aufbau und Rekonfiguration Im Weltraum”,tamariw,—,não,https://www.nanosats.eu/keyword/propulsion.html
CubeSats with keyword: Propulsion,TEPCE B,tepce,—,não,https://www.nanosats.eu/keyword/propulsion.html
CubeSats with keyword: Propulsion,Terra Nova,terra-nova,A - sensoriamento remoto,sim,https://www.nanosats.eu/keyword/propulsion.html
CubeSats with keyword: Propulsion,TetherSat 2,tethersat,—,não,https://www.nanosats.eu/keyword/propulsion.html
CubeSats with keyword: Propulsion,Tianjin University-1,tianjin-university-1,A - sensoriamento remoto,sim,https://www.nanosats.eu/keyword/propulsion.html
CubeSats with keyword: Propulsion,Tianyuan-1,tianyuan-1,—,não,https://www.nanosats.eu/keyword/propulsion.html
CubeSats with keyword: Propulsion,tianyuan-1__1.jpg,tianyuan-1__1.jpg,,,https://www.nanosats.eu/keyword/propulsion.html
CubeSats with keyword: Propulsion,TOM 3,tom,A(fraco) - câmera sem alvo declarado,não,https://www.nanosats.eu/keyword/propulsion.html
CubeSats with keyword: Propulsion,TW-1A,tw-1a,A - sensoriamento remoto; C - sinais cooperativos (AIS/ADS-B/RF),sim,https://www.nanosats.eu/keyword/propulsion.html
CubeSats with keyword: Propulsion,Tyvak-0173,tyvak-0173,—,não,https://www.nanosats.eu/keyword/propulsion.html
CubeSats with keyword: Propulsion,tyvak-53b__1.jpg,tyvak-53b__1.jpg,,,https://www.nanosats.eu/keyword/propulsion.html
CubeSats with keyword: Propulsion,Ukko B,ukko,—,não,https://www.nanosats.eu/keyword/propulsion.html
CubeSats with keyword: Propulsion,Ursa Maior,ursa-maior,—,não,https://www.nanosats.eu/keyword/propulsion.html
CubeSats with keyword: Propulsion,ursa-maior__1.jpg,ursa-maior__1.jpg,,,https://www.nanosats.eu/keyword/propulsion.html
CubeSats with keyword: Propulsion,UWE-4,uwe-4,—,não,https://www.nanosats.eu/keyword/propulsion.html
CubeSats with keyword: Propulsion,VISION B,vision,—,não,https://www.nanosats.eu/keyword/propulsion.html
CubeSats with keyword: Propulsion,VISORS B,visors,A(fraco) - câmera sem alvo declarado,não,https://www.nanosats.eu/keyword/propulsion.html
CubeSats with keyword: Propulsion,Vizard-Ion,vizard-ion,A(fraco) - câmera sem alvo declarado,não,https://www.nanosats.eu/keyword/propulsion.html
CubeSats with keyword: Propulsion,VMMO,vmmo,A - sensoriamento remoto,sim,https://www.nanosats.eu/keyword/propulsion.html
CubeSats with keyword: Propulsion,VULCAIN B,vulcain,A - sensoriamento remoto,sim,https://www.nanosats.eu/keyword/propulsion.html
CubeSats with keyword: Propulsion,WISDOM-B,wisdom,—,não,https://www.nanosats.eu/keyword/propulsion.html
CubeSats with keyword: Propulsion,Wren,wren,A(fraco) - câmera sem alvo declarado,não,https://www.nanosats.eu/keyword/propulsion.html
CubeSats with keyword: Propulsion,wren-image-credit-stadoko.jpg,wren-image-credit-stadoko.jpg,,,https://www.nanosats.eu/keyword/propulsion.html
CubeSats with keyword: Propulsion,EPICHyper-3,wyvern-cubesats,A - sensoriamento remoto,sim,https://www.nanosats.eu/keyword/propulsion.html
CubeSats with keyword: Propulsion,Xiaoxiang-1 03,xiaoxiang-1-03,A - sensoriamento remoto,sim,https://www.nanosats.eu/keyword/propulsion.html
CubeSats with keyword: Propulsion,Xiaoxiang 1-08,xiaoxiang-1-08,A - sensoriamento remoto,sim,https://www.nanosats.eu/keyword/propulsion.html
CubeSats with keyword: Propulsion,XS-Sat,xs-sat,—,não,https://www.nanosats.eu/keyword/propulsion.html
CubeSats with keyword: Propulsion,VIREON-10,xspancion,A - sensoriamento remoto,sim,https://www.nanosats.eu/keyword/propulsion.html
CubeSats with keyword: Propulsion,Yarilo N2,yarilo,A(fraco) - câmera sem alvo declarado,não,https://www.nanosats.eu/keyword/propulsion.html
CubeSats with keyword: Propulsion,YUsend-1,yusend-1,—,não,https://www.nanosats.eu/keyword/propulsion.html
CubeSats with keyword: QB50,00 UNSW cubesat leaving the ISS_byJamieTufrey.jpg,00 UNSW cubesat leaving the ISS_byJamieTufrey.jpg,,,https://www.nanosats.eu/keyword/qb50.html
CubeSats with keyword: QB50,14-Bisat.jpg,14-Bisat.jpg,,,https://www.nanosats.eu/keyword/qb50.html
CubeSats with keyword: QB50,14-BISat,14-bisat,—,não,https://www.nanosats.eu/keyword/qb50.html
CubeSats with keyword: QB50,AoXiang-1.jpeg,AoXiang-1.jpeg,,,https://www.nanosats.eu/keyword/qb50.html
CubeSats with keyword: QB50,Atlantis_US02.png,Atlantis_US02.png,,,https://www.nanosats.eu/keyword/qb50.html
CubeSats with keyword: QB50,BeEagleSat.png,BeEagleSat.png,,,https://www.nanosats.eu/keyword/qb50.html
CubeSats with keyword: QB50,Challenger_2.jpg,Challenger_2.jpg,,,https://www.nanosats.eu/keyword/qb50.html
CubeSats with keyword: QB50,Columbia-US04.png,Columbia-US04.png,,,https://www.nanosats.eu/keyword/qb50.html
CubeSats with keyword: QB50,DelFFI.jpg,DelFFI.jpg,,,https://www.nanosats.eu/keyword/qb50.html
CubeSats with keyword: QB50,Dsat-CubeSat.png,Dsat-CubeSat.png,,,https://www.nanosats.eu/keyword/qb50.html
CubeSats with keyword: QB50,EntrySat_mission.png,EntrySat_mission.png,,,https://www.nanosats.eu/keyword/qb50.html
CubeSats with keyword: QB50,Ex-Alta-1_2.jpeg,Ex-Alta-1_2.jpeg,,,https://www.nanosats.eu/keyword/qb50.html
CubeSats with keyword: QB50,F-2.png,F-2.png,,,https://www.nanosats.eu/keyword/qb50.html
CubeSats with keyword: QB50,GamaSat.jpg,GamaSat.jpg,,,https://www.nanosats.eu/keyword/qb50.html
CubeSats with keyword: QB50,HOOPOE.jpg,HOOPOE.jpg,,,https://www.nanosats.eu/keyword/qb50.html
CubeSats with keyword: QB50,Havelsat1.jpg,Havelsat1.jpg,,,https://www.nanosats.eu/keyword/qb50.html
CubeSats with keyword: QB50,I-INSPIRE-2.jpg,I-INSPIRE-2.jpg,,,https://www.nanosats.eu/keyword/qb50.html
CubeSats with keyword: QB50,InflateSail_3.png,InflateSail_3.png,,,https://www.nanosats.eu/keyword/qb50.html
CubeSats with keyword: QB50,LINK.jpg,LINK.jpg,,,https://www.nanosats.eu/keyword/qb50.html
CubeSats with keyword: QB50,Lilacsat-1.jpeg,Lilacsat-1.jpeg,,,https://www.nanosats.eu/keyword/qb50.html
CubeSats with keyword: QB50,LituanicaSat-1_3.jpeg,LituanicaSat-1_3.jpeg,,,https://www.nanosats.eu/keyword/qb50.html
CubeSats with keyword: QB50,NJUST.jpeg,NJUST.jpeg,,,https://www.nanosats.eu/keyword/qb50.html
CubeSats with keyword: QB50,NUDTSat.jpg,NUDTSat.jpg,,,https://www.nanosats.eu/keyword/qb50.html
CubeSats with keyword: QB50,OGMS_SA-1.png,OGMS_SA-1.png,,,https://www.nanosats.eu/keyword/qb50.html
CubeSats with keyword: QB50,PEGASUS_2.jpg,PEGASUS_2.jpg,,,https://www.nanosats.eu/keyword/qb50.html
CubeSats with keyword: QB50,PICARD_IP2SAT.jpg,PICARD_IP2SAT.jpg,,,https://www.nanosats.eu/keyword/qb50.html
CubeSats with keyword: QB50,PICASSO.jpg,PICASSO.jpg,,,https://www.nanosats.eu/keyword/qb50.html
CubeSats with keyword: QB50,PolyItan-2.jpg,PolyItan-2.jpg,,,https://www.nanosats.eu/keyword/qb50.html
CubeSats with keyword: QB50,QARMAN_3.jpg,QARMAN_3.jpg,,,https://www.nanosats.eu/keyword/qb50.html
CubeSats with keyword: QB50,QBITO_3.jpg,QBITO_3.jpg,,,https://www.nanosats.eu/keyword/qb50.html
CubeSats with keyword: QB50,SIMBA.jpg,SIMBA.jpg,,,https://www.nanosats.eu/keyword/qb50.html
CubeSats with keyword: QB50,SNUSat-1.jpg,SNUSat-1.jpg,,,https://www.nanosats.eu/keyword/qb50.html
CubeSats with keyword: QB50,SOMP-2.png,SOMP-2.png,,,https://www.nanosats.eu/keyword/qb50.html
CubeSats with keyword: QB50,SUSat.jpg,SUSat.jpg,,,https://www.nanosats.eu/keyword/qb50.html
CubeSats with keyword: QB50,Spacecube.png,Spacecube.png,,,https://www.nanosats.eu/keyword/qb50.html
CubeSats with keyword: QB50,UCLSat.jpg,UCLSat.jpg,,,https://www.nanosats.eu/keyword/qb50.html
CubeSats with keyword: QB50,Ursa-Maior.jpeg,Ursa-Maior.jpeg,,,https://www.nanosats.eu/keyword/qb50.html
CubeSats with keyword: QB50,VZLUSAT-1_vzlusat-1-platform-jpg.jpg,VZLUSAT-1_vzlusat-1-platform-jpg.jpg,,,https://www.nanosats.eu/keyword/qb50.html
CubeSats with keyword: QB50,X-CubeSat_3.jpg,X-CubeSat_3.jpg,,,https://www.nanosats.eu/keyword/qb50.html
CubeSats with keyword: QB50,ZA-AeroSat_2.jpg,ZA-AeroSat_2.jpg,,,https://www.nanosats.eu/keyword/qb50.html
CubeSats with keyword: QB50,Aalto-2,aalto-2,—,não,https://www.nanosats.eu/keyword/qb50.html
CubeSats with keyword: QB50,aalto-2_banner_en.png,aalto-2_banner_en.png,,,https://www.nanosats.eu/keyword/qb50.html
CubeSats with keyword: QB50,ANUSAT-2,anusat-2,—,não,https://www.nanosats.eu/keyword/qb50.html
CubeSats with keyword: QB50,Aoxiang-1,aoxiang-1,—,não,https://www.nanosats.eu/keyword/qb50.html
CubeSats with keyword: QB50,Atlantis,atlantis,—,não,https://www.nanosats.eu/keyword/qb50.html
CubeSats with keyword: QB50,BeEagleSat,beeaglesat,—,não,https://www.nanosats.eu/keyword/qb50.html
CubeSats with keyword: QB50,BUSAT-1,busat-1,—,não,https://www.nanosats.eu/keyword/qb50.html
CubeSats with keyword: QB50,Challenger,challenger,—,não,https://www.nanosats.eu/keyword/qb50.html
CubeSats with keyword: QB50,Columbia,columbia,—,não,https://www.nanosats.eu/keyword/qb50.html
CubeSats with keyword: QB50,compass-team.jpg,compass-team.jpg,,,https://www.nanosats.eu/keyword/qb50.html
CubeSats with keyword: QB50,DELFFI-2,delffi,—,não,https://www.nanosats.eu/keyword/qb50.html
CubeSats with keyword: QB50,Delta-Dsat,delta-dsat,—,não,https://www.nanosats.eu/keyword/qb50.html
CubeSats with keyword: QB50,DneprCubeSat,dneprcubesat,—,não,https://www.nanosats.eu/keyword/qb50.html
CubeSats with keyword: QB50,DragSail-CubeSat,dragsail-cubesat,—,não,https://www.nanosats.eu/keyword/qb50.html
CubeSats with keyword: QB50,DUTHSat,duthsat,—,não,https://www.nanosats.eu/keyword/qb50.html
CubeSats with keyword: QB50,duthsat1.jpg,duthsat1.jpg,,,https://www.nanosats.eu/keyword/qb50.html
CubeSats with keyword: QB50,EntrySat,entrysat,—,não,https://www.nanosats.eu/keyword/qb50.html
CubeSats with keyword: QB50,ET-SAT,et-sat,—,não,https://www.nanosats.eu/keyword/qb50.html
CubeSats with keyword: QB50,Ex-Alta 1,ex-alta-1,—,não,https://www.nanosats.eu/keyword/qb50.html
CubeSats with keyword: QB50,F-2,f-2,—,não,https://www.nanosats.eu/keyword/qb50.html
CubeSats with keyword: QB50,GamaSat,gamasat,B - coleta de plataformas (DCS/IoT),sim,https://www.nanosats.eu/keyword/qb50.html
CubeSats with keyword: QB50,HavelSat,havelsat,—,não,https://www.nanosats.eu/keyword/qb50.html
CubeSats with keyword: QB50,Duchifat-2,hoopoe,—,não,https://www.nanosats.eu/keyword/qb50.html
CubeSats with keyword: QB50,i-INSPIRE II,i-inspire-ii,A(fraco) - câmera sem alvo declarado,não,https://www.nanosats.eu/keyword/qb50.html
CubeSats with keyword: QB50,InflateSail,inflatesail,—,não,https://www.nanosats.eu/keyword/qb50.html
CubeSats with keyword: QB50,IP2SAT,ip2sat,—,não,https://www.nanosats.eu/keyword/qb50.html
CubeSats with keyword: QB50,LilacSat-1,lilacsat-1,A - sensoriamento remoto,sim,https://www.nanosats.eu/keyword/qb50.html
CubeSats with keyword: QB50,Link,link,—,não,https://www.nanosats.eu/keyword/qb50.html
CubeSats with keyword: QB50,LituanicaSAT-2,lituanicasat-2,—,não,https://www.nanosats.eu/keyword/qb50.html
CubeSats with keyword: QB50,nSIGHT.png,nSIGHT.png,,,https://www.nanosats.eu/keyword/qb50.html
CubeSats with keyword: QB50,NJUST-1,njust-1,—,não,https://www.nanosats.eu/keyword/qb50.html
CubeSats with keyword: QB50,nSIGHT,nsight,A - sensoriamento remoto,sim,https://www.nanosats.eu/keyword/qb50.html
CubeSats with keyword: QB50,NUDTSat,nudtsat,—,não,https://www.nanosats.eu/keyword/qb50.html
CubeSats with keyword: QB50,NUS QB50,nus-qb50,—,não,https://www.nanosats.eu/keyword/qb50.html
CubeSats with keyword: QB50,OGMS-SA,ogms-sa,—,não,https://www.nanosats.eu/keyword/qb50.html
CubeSats with keyword: QB50,Pegasus,pegasus,—,não,https://www.nanosats.eu/keyword/qb50.html
CubeSats with keyword: QB50,PHOENIX,phoenix,—,não,https://www.nanosats.eu/keyword/qb50.html
CubeSats with keyword: QB50,phoenix_qb50__2.jpg,phoenix_qb50__2.jpg,,,https://www.nanosats.eu/keyword/qb50.html
CubeSats with keyword: QB50,PICASSO,picasso,A - sensoriamento remoto,sim,https://www.nanosats.eu/keyword/qb50.html
CubeSats with keyword: QB50,PiezoSat-1,piezosat-1,—,não,https://www.nanosats.eu/keyword/qb50.html
CubeSats with keyword: QB50,PolyITAN-2-SAU,polyitan-2-sau,—,não,https://www.nanosats.eu/keyword/qb50.html
CubeSats with keyword: QB50,QARMAN,qarman,—,não,https://www.nanosats.eu/keyword/qb50.html
CubeSats with keyword: QB50,qbee,qbee,—,não,https://www.nanosats.eu/keyword/qb50.html
CubeSats with keyword: QB50,qbee_2.png,qbee_2.png,,,https://www.nanosats.eu/keyword/qb50.html
CubeSats with keyword: QB50,Qbito,qbito,—,não,https://www.nanosats.eu/keyword/qb50.html
CubeSats with keyword: QB50,RESat,resat,—,não,https://www.nanosats.eu/keyword/qb50.html
CubeSats with keyword: QB50,RioSat,riosat,—,não,https://www.nanosats.eu/keyword/qb50.html
CubeSats with keyword: QB50,SamSat-QB50,samsat-qb50,—,não,https://www.nanosats.eu/keyword/qb50.html
CubeSats with keyword: QB50,SIMBA,simba,—,não,https://www.nanosats.eu/keyword/qb50.html
CubeSats with keyword: QB50,SNUSat-1b,snusat-1,A(fraco) - câmera sem alvo declarado,não,https://www.nanosats.eu/keyword/qb50.html
CubeSats with keyword: QB50,SOMP2b,somp2,—,não,https://www.nanosats.eu/keyword/qb50.html
CubeSats with keyword: QB50,SpaceCube,spacecube,—,não,https://www.nanosats.eu/keyword/qb50.html
CubeSats with keyword: QB50,STU-1,stu-1,—,não,https://www.nanosats.eu/keyword/qb50.html
CubeSats with keyword: QB50,SUSat,susat,—,não,https://www.nanosats.eu/keyword/qb50.html
CubeSats with keyword: QB50,UCLSat,uclsat,—,não,https://www.nanosats.eu/keyword/qb50.html
CubeSats with keyword: QB50,UNSW-EC0,unsw-ec0,A - sensoriamento remoto,sim,https://www.nanosats.eu/keyword/qb50.html
CubeSats with keyword: QB50,UPSat,upsat,—,não,https://www.nanosats.eu/keyword/qb50.html
CubeSats with keyword: QB50,upsat_3.jpg,upsat_3.jpg,,,https://www.nanosats.eu/keyword/qb50.html
CubeSats with keyword: QB50,Ursa Maior,ursa-maior,—,não,https://www.nanosats.eu/keyword/qb50.html
CubeSats with keyword: QB50,VZLUSAT-1,vzlusat-1,—,não,https://www.nanosats.eu/keyword/qb50.html
CubeSats with keyword: QB50,X-Cubesat,x-cubesat,—,não,https://www.nanosats.eu/keyword/qb50.html
CubeSats with keyword: QB50,YUsend-QB50,yusend-qb50,—,não,https://www.nanosats.eu/keyword/qb50.html
CubeSats with keyword: QB50,ZA-AeroSat,za-aerosat,—,não,https://www.nanosats.eu/keyword/qb50.html
CubeSats with keyword: QKD-Quantum Key Distribution,12U-Platform-UK-Quantum-Communications-Hub-Satellite.jpg,12U-Platform-UK-Quantum-Communications-Hub-Satellite.jpg,,,https://www.nanosats.eu/keyword/qkd-quantum-key-distribution.html
CubeSats with keyword: QKD-Quantum Key Distribution,Impulse-1.png,Impulse-1.png,,,https://www.nanosats.eu/keyword/qkd-quantum-key-distribution.html
CubeSats with keyword: QKD-Quantum Key Distribution,NanoBob.png,NanoBob.png,,,https://www.nanosats.eu/keyword/qkd-quantum-key-distribution.html
CubeSats with keyword: QKD-Quantum Key Distribution,QUBE-II.png,QUBE-II.png,,,https://www.nanosats.eu/keyword/qkd-quantum-key-distribution.html
CubeSats with keyword: QKD-Quantum Key Distribution,QUBE.png,QUBE.png,,,https://www.nanosats.eu/keyword/qkd-quantum-key-distribution.html
CubeSats with keyword: QKD-Quantum Key Distribution,ROKS_2.jpg,ROKS_2.jpg,,,https://www.nanosats.eu/keyword/qkd-quantum-key-distribution.html
CubeSats with keyword: QKD-Quantum Key Distribution,SpeQtre.jpg,SpeQtre.jpg,,,https://www.nanosats.eu/keyword/qkd-quantum-key-distribution.html
CubeSats with keyword: QKD-Quantum Key Distribution,SpooQy-1_2.jpg,SpooQy-1_2.jpg,,,https://www.nanosats.eu/keyword/qkd-quantum-key-distribution.html
CubeSats with keyword: QKD-Quantum Key Distribution,SPOQC,hub-iod,—,não,https://www.nanosats.eu/keyword/qkd-quantum-key-distribution.html
CubeSats with keyword: QKD-Quantum Key Distribution,Impuls-1,impuls-1,—,não,https://www.nanosats.eu/keyword/qkd-quantum-key-distribution.html
CubeSats with keyword: QKD-Quantum Key Distribution,NanoBob,nanobob,—,não,https://www.nanosats.eu/keyword/qkd-quantum-key-distribution.html
CubeSats with keyword: QKD-Quantum Key Distribution,QUBE,qube,—,não,https://www.nanosats.eu/keyword/qkd-quantum-key-distribution.html
CubeSats with keyword: QKD-Quantum Key Distribution,QUBE-II,qube-2,—,não,https://www.nanosats.eu/keyword/qkd-quantum-key-distribution.html
CubeSats with keyword: QKD-Quantum Key Distribution,ROKS,roks,—,não,https://www.nanosats.eu/keyword/qkd-quantum-key-distribution.html
CubeSats with keyword: QKD-Quantum Key Distribution,SpeQtral-1,speqtral-1,A - sensoriamento remoto,sim,https://www.nanosats.eu/keyword/qkd-quantum-key-distribution.html
CubeSats with keyword: QKD-Quantum Key Distribution,SPEQTRE,speqtre,—,não,https://www.nanosats.eu/keyword/qkd-quantum-key-distribution.html
CubeSats with keyword: QKD-Quantum Key Distribution,SpooQy-1,spooqy-1,—,não,https://www.nanosats.eu/keyword/qkd-quantum-key-distribution.html
CubeSats with keyword: Re-entry capsule,CAPE-MIRCA.png,CAPE-MIRCA.png,,,https://www.nanosats.eu/keyword/re-entry-capsule.html
CubeSats with keyword: Re-entry capsule,CAPE-mission-scenario.png,CAPE-mission-scenario.png,,,https://www.nanosats.eu/keyword/re-entry-capsule.html
CubeSats with keyword: Re-entry capsule,ForgeStar-0.jpg,ForgeStar-0.jpg,,,https://www.nanosats.eu/keyword/re-entry-capsule.html
CubeSats with keyword: Re-entry capsule,GAMASAT.PNG,GAMASAT.PNG,,,https://www.nanosats.eu/keyword/re-entry-capsule.html
CubeSats with keyword: Re-entry capsule,IPERDRONE.jpg,IPERDRONE.jpg,,,https://www.nanosats.eu/keyword/re-entry-capsule.html
CubeSats with keyword: Re-entry capsule,AetherSat-1,aethersat-1,—,não,https://www.nanosats.eu/keyword/re-entry-capsule.html
CubeSats with keyword: Re-entry capsule,CAPE,cape,—,não,https://www.nanosats.eu/keyword/re-entry-capsule.html
CubeSats with keyword: Re-entry capsule,CAPE - MIRCA2,cape-mirca2,—,não,https://www.nanosats.eu/keyword/re-entry-capsule.html
CubeSats with keyword: Re-entry capsule,ForgeStar-0,forgestar-0,—,não,https://www.nanosats.eu/keyword/re-entry-capsule.html
CubeSats with keyword: Re-entry capsule,GamaSat,gamasat,B - coleta de plataformas (DCS/IoT),sim,https://www.nanosats.eu/keyword/re-entry-capsule.html
CubeSats with keyword: Re-entry capsule,IPERDRONE,iperdrone,—,não,https://www.nanosats.eu/keyword/re-entry-capsule.html
CubeSats with keyword: Re-entry capsule,QARMAN,qarman,—,não,https://www.nanosats.eu/keyword/re-entry-capsule.html
CubeSats with keyword: Re-entry capsule,qarman2.jpg,qarman2.jpg,,,https://www.nanosats.eu/keyword/re-entry-capsule.html
CubeSats with keyword: Re-entry capsule,TechEdSat-19,techedsat-18,—,não,https://www.nanosats.eu/keyword/re-entry-capsule.html
CubeSats with keyword: Re-entry capsule,TechEdSat-21,techedsat-21,—,não,https://www.nanosats.eu/keyword/re-entry-capsule.html
CubeSats with keyword: Reflectarray,Athenoxat-2.png,Athenoxat-2.png,,,https://www.nanosats.eu/keyword/reflectarray.html
CubeSats with keyword: Reflectarray,MAXWELL.png,MAXWELL.png,,,https://www.nanosats.eu/keyword/reflectarray.html
CubeSats with keyword: Reflectarray,MarCO_10.jpg,MarCO_10.jpg,,,https://www.nanosats.eu/keyword/reflectarray.html
CubeSats with keyword: Reflectarray,Athenoxat-2,athenoxat-2,—,não,https://www.nanosats.eu/keyword/reflectarray.html
CubeSats with keyword: Reflectarray,ISARA,isara,—,não,https://www.nanosats.eu/keyword/reflectarray.html
CubeSats with keyword: Reflectarray,isara_sat_226.jpg,isara_sat_226.jpg,,,https://www.nanosats.eu/keyword/reflectarray.html
CubeSats with keyword: Reflectarray,MarCO 2,marco,A - sensoriamento remoto,sim,https://www.nanosats.eu/keyword/reflectarray.html
CubeSats with keyword: Reflectarray,MAXWELL,maxwell,—,não,https://www.nanosats.eu/keyword/reflectarray.html
CubeSats with keyword: Retroreflector,Connecta-T2.1_3.jpeg,Connecta-T2.1_3.jpeg,,,https://www.nanosats.eu/keyword/retroreflector.html
CubeSats with keyword: Retroreflector,Khors-5.jpg,Khors-5.jpg,,,https://www.nanosats.eu/keyword/retroreflector.html
CubeSats with keyword: Retroreflector,Connecta T2.1,connecta-t2.1,A - sensoriamento remoto; B - coleta de plataformas (DCS/IoT),sim,https://www.nanosats.eu/keyword/retroreflector.html
CubeSats with keyword: Retroreflector,Khors 5,khors-5,A - sensoriamento remoto; C - sinais cooperativos (AIS/ADS-B/RF),sim,https://www.nanosats.eu/keyword/retroreflector.html
CubeSats with keyword: Robotic arm,RSat.png,RSat.png,,,https://www.nanosats.eu/keyword/robotic-arm.html
CubeSats with keyword: Robotic arm,WroSat_2.jpg,WroSat_2.jpg,,,https://www.nanosats.eu/keyword/robotic-arm.html
CubeSats with keyword: Robotic arm,RSat-D,rsat-d,—,não,https://www.nanosats.eu/keyword/robotic-arm.html
CubeSats with keyword: Robotic arm,WroSat,wrosat,—,não,https://www.nanosats.eu/keyword/robotic-arm.html
CubeSats with keyword: Software-defined satellite,DODONA_2.jpg,DODONA_2.jpg,,,https://www.nanosats.eu/keyword/software-defined-satellite.html
CubeSats with keyword: Software-defined satellite,LINUSS_pair_in_space.jpg,LINUSS_pair_in_space.jpg,,,https://www.nanosats.eu/keyword/software-defined-satellite.html
CubeSats with keyword: Software-defined satellite,SmartSat_LockheedMartin.jpg,SmartSat_LockheedMartin.jpg,,,https://www.nanosats.eu/keyword/software-defined-satellite.html
CubeSats with keyword: Software-defined satellite,DODONA,dodona,A(fraco) - câmera sem alvo declarado; B - coleta de plataformas (DCS/IoT),sim,https://www.nanosats.eu/keyword/software-defined-satellite.html
CubeSats with keyword: Software-defined satellite,DODONA-2?,dodona-2,—,não,https://www.nanosats.eu/keyword/software-defined-satellite.html
CubeSats with keyword: Software-defined satellite,DODONA-3?,dodona-3,—,não,https://www.nanosats.eu/keyword/software-defined-satellite.html
CubeSats with keyword: Software-defined satellite,DODONA-4?,dodona-4,—,não,https://www.nanosats.eu/keyword/software-defined-satellite.html
CubeSats with keyword: Software-defined satellite,LINUSS 2,linuss,A(fraco) - câmera sem alvo declarado,não,https://www.nanosats.eu/keyword/software-defined-satellite.html
CubeSats with keyword: Software-defined satellite,Pony Express 3,pony-express-2,—,não,https://www.nanosats.eu/keyword/software-defined-satellite.html
CubeSats with keyword: Solar sail,ACS3_ACD24-0020-061~orig.jpg,ACS3_ACD24-0020-061~orig.jpg,,,https://www.nanosats.eu/keyword/solar-sail.html
CubeSats with keyword: Solar sail,Alpha-ARCA_2.jpg,Alpha-ARCA_2.jpg,,,https://www.nanosats.eu/keyword/solar-sail.html
CubeSats with keyword: Solar sail,Alpha_5.jfif,Alpha_5.jfif,,,https://www.nanosats.eu/keyword/solar-sail.html
CubeSats with keyword: Solar sail,BAMA-1_5.jpg,BAMA-1_5.jpg,,,https://www.nanosats.eu/keyword/solar-sail.html
CubeSats with keyword: Solar sail,BEAK_3.jpeg,BEAK_3.jpeg,,,https://www.nanosats.eu/keyword/solar-sail.html
CubeSats with keyword: Solar sail,COEPSAT-2.png,COEPSAT-2.png,,,https://www.nanosats.eu/keyword/solar-sail.html
CubeSats with keyword: Solar sail,CubeSail-solar-sail-deployment.png,CubeSail-solar-sail-deployment.png,,,https://www.nanosats.eu/keyword/solar-sail.html
CubeSats with keyword: Solar sail,CubeSail_111985_cubesat_layout_small.png,CubeSail_111985_cubesat_layout_small.png,,,https://www.nanosats.eu/keyword/solar-sail.html
CubeSats with keyword: Solar sail,DARS.png,DARS.png,,,https://www.nanosats.eu/keyword/solar-sail.html
CubeSats with keyword: Solar sail,InflateSail.png,InflateSail.png,,,https://www.nanosats.eu/keyword/solar-sail.html
CubeSats with keyword: Solar sail,LightSail-2_2.jpg,LightSail-2_2.jpg,,,https://www.nanosats.eu/keyword/solar-sail.html
CubeSats with keyword: Solar sail,NanoSail-D_2.png,NanoSail-D_2.png,,,https://www.nanosats.eu/keyword/solar-sail.html
CubeSats with keyword: Solar sail,Nanosail.jpg,Nanosail.jpg,,,https://www.nanosats.eu/keyword/solar-sail.html
CubeSats with keyword: Solar sail,Papillon_0001.jpg,Papillon_0001.jpg,,,https://www.nanosats.eu/keyword/solar-sail.html
CubeSats with keyword: Solar sail,Parus-MGTU.png,Parus-MGTU.png,,,https://www.nanosats.eu/keyword/solar-sail.html
CubeSats with keyword: Solar sail,SPUTNIX-3U.jpg,SPUTNIX-3U.jpg,,,https://www.nanosats.eu/keyword/solar-sail.html
CubeSats with keyword: Solar sail,Taurus-Jinniuzuo.png,Taurus-Jinniuzuo.png,,,https://www.nanosats.eu/keyword/solar-sail.html
CubeSats with keyword: Solar sail,Yarilo_2.png,Yarilo_2.png,,,https://www.nanosats.eu/keyword/solar-sail.html
CubeSats with keyword: Solar sail,ACS3,acs3,A(fraco) - câmera sem alvo declarado,não,https://www.nanosats.eu/keyword/solar-sail.html
CubeSats with keyword: Solar sail,Alpha,alpha,B - coleta de plataformas (DCS/IoT),sim,https://www.nanosats.eu/keyword/solar-sail.html
CubeSats with keyword: Solar sail,ALPHA,alpha-arca,—,não,https://www.nanosats.eu/keyword/solar-sail.html
CubeSats with keyword: Solar sail,BAMA-2,bama-1,—,não,https://www.nanosats.eu/keyword/solar-sail.html
CubeSats with keyword: Solar sail,BEAK,beak,—,não,https://www.nanosats.eu/keyword/solar-sail.html
CubeSats with keyword: Solar sail,CNUSail-1,cnusail-1,—,não,https://www.nanosats.eu/keyword/solar-sail.html
CubeSats with keyword: Solar sail,COEPSAT-2,coepsat-2,—,não,https://www.nanosats.eu/keyword/solar-sail.html
CubeSats with keyword: Solar sail,CubeSail 2,cubesail,—,não,https://www.nanosats.eu/keyword/solar-sail.html
CubeSats with keyword: Solar sail,CubeSAIL,cubesail-surrey,—,não,https://www.nanosats.eu/keyword/solar-sail.html
CubeSats with keyword: Solar sail,DARS,dars,—,não,https://www.nanosats.eu/keyword/solar-sail.html
CubeSats with keyword: Solar sail,Deorbitsail,deorbitsail,—,não,https://www.nanosats.eu/keyword/solar-sail.html
CubeSats with keyword: Solar sail,deorbitsail_over_earth_small.jpg,deorbitsail_over_earth_small.jpg,,,https://www.nanosats.eu/keyword/solar-sail.html
CubeSats with keyword: Solar sail,FEFU,fefu,—,não,https://www.nanosats.eu/keyword/solar-sail.html
CubeSats with keyword: Solar sail,infinity-graphics-53.jpg,infinity-graphics-53.jpg,,,https://www.nanosats.eu/keyword/solar-sail.html
CubeSats with keyword: Solar sail,InflateSail,inflatesail,—,não,https://www.nanosats.eu/keyword/solar-sail.html
CubeSats with keyword: Solar sail,JamSail,jamsail,A - sensoriamento remoto,sim,https://www.nanosats.eu/keyword/solar-sail.html
CubeSats with keyword: Solar sail,LightSail-C,lightsail,A(fraco) - câmera sem alvo declarado,não,https://www.nanosats.eu/keyword/solar-sail.html
CubeSats with keyword: Solar sail,LunarSail,lunarsail,—,não,https://www.nanosats.eu/keyword/solar-sail.html
CubeSats with keyword: Solar sail,Mars Solar Hawk,mars-solar-hawk,—,não,https://www.nanosats.eu/keyword/solar-sail.html
CubeSats with keyword: Solar sail,NanoSail-D2,nanosail-d,A(fraco) - câmera sem alvo declarado,não,https://www.nanosats.eu/keyword/solar-sail.html
CubeSats with keyword: Solar sail,NEA-Scout,nea-scout,A(fraco) - câmera sem alvo declarado,não,https://www.nanosats.eu/keyword/solar-sail.html
CubeSats with keyword: Solar sail,nea-scout-1-piece-sail-high-res.jpg,nea-scout-1-piece-sail-high-res.jpg,,,https://www.nanosats.eu/keyword/solar-sail.html
CubeSats with keyword: Solar sail,Parus-MGTU,parus-mgtu,—,não,https://www.nanosats.eu/keyword/solar-sail.html
CubeSats with keyword: Solar sail,Taurus-1,taurus-1,—,não,https://www.nanosats.eu/keyword/solar-sail.html
CubeSats with keyword: Solar sail,Yarilo N2,yarilo,A(fraco) - câmera sem alvo declarado,não,https://www.nanosats.eu/keyword/solar-sail.html
CubeSats with keyword: Space-As-A-Service,Kelpie.jpg,Kelpie.jpg,,,https://www.nanosats.eu/keyword/space-as-a-service.html
CubeSats with keyword: Space-As-A-Service,Kelpie 2,kelpie,C - sinais cooperativos (AIS/ADS-B/RF),sim,https://www.nanosats.eu/keyword/space-as-a-service.html
CubeSats with keyword: SSA-Space Situational Awareness,ARAPAIMA.png,ARAPAIMA.png,,,https://www.nanosats.eu/keyword/ssa-space-situational-awareness.html
CubeSats with keyword: SSA-Space Situational Awareness,Delfi-Twins_Untitled+design+(4).png,Delfi-Twins_Untitled+design+(4).png,,,https://www.nanosats.eu/keyword/ssa-space-situational-awareness.html
CubeSats with keyword: SSA-Space Situational Awareness,Digantara-Render-1.png,Digantara-Render-1.png,,,https://www.nanosats.eu/keyword/ssa-space-situational-awareness.html
CubeSats with keyword: SSA-Space Situational Awareness,GLADOS.jpg,GLADOS.jpg,,,https://www.nanosats.eu/keyword/ssa-space-situational-awareness.html
CubeSats with keyword: SSA-Space Situational Awareness,GeoStare_1_2x3.jpg,GeoStare_1_2x3.jpg,,,https://www.nanosats.eu/keyword/ssa-space-situational-awareness.html
CubeSats with keyword: SSA-Space Situational Awareness,OSCaR.jpg,OSCaR.jpg,,,https://www.nanosats.eu/keyword/ssa-space-situational-awareness.html
CubeSats with keyword: SSA-Space Situational Awareness,PHASMA-Patch-small.png,PHASMA-Patch-small.png,,,https://www.nanosats.eu/keyword/ssa-space-situational-awareness.html
CubeSats with keyword: SSA-Space Situational Awareness,Prom2-A-B-with-blur.jpg,Prom2-A-B-with-blur.jpg,,,https://www.nanosats.eu/keyword/ssa-space-situational-awareness.html
CubeSats with keyword: SSA-Space Situational Awareness,RECONSO.png,RECONSO.png,,,https://www.nanosats.eu/keyword/ssa-space-situational-awareness.html
CubeSats with keyword: SSA-Space Situational Awareness,SCOUT-OVER-Sat.png,SCOUT-OVER-Sat.png,,,https://www.nanosats.eu/keyword/ssa-space-situational-awareness.html
CubeSats with keyword: SSA-Space Situational Awareness,SORA-Logo-Swiss.png,SORA-Logo-Swiss.png,,,https://www.nanosats.eu/keyword/ssa-space-situational-awareness.html
CubeSats with keyword: SSA-Space Situational Awareness,SPARC-1_3.jpg,SPARC-1_3.jpg,,,https://www.nanosats.eu/keyword/ssa-space-situational-awareness.html
CubeSats with keyword: SSA-Space Situational Awareness,STARE_Auto9.jpg,STARE_Auto9.jpg,,,https://www.nanosats.eu/keyword/ssa-space-situational-awareness.html
CubeSats with keyword: SSA-Space Situational Awareness,STRATHcube_render.png,STRATHcube_render.png,,,https://www.nanosats.eu/keyword/ssa-space-situational-awareness.html
CubeSats with keyword: SSA-Space Situational Awareness,TDO-2_2.JPG,TDO-2_2.JPG,,,https://www.nanosats.eu/keyword/ssa-space-situational-awareness.html
CubeSats with keyword: SSA-Space Situational Awareness,U-Space_SOAP_PANDORE.jpeg,U-Space_SOAP_PANDORE.jpeg,,,https://www.nanosats.eu/keyword/ssa-space-situational-awareness.html
CubeSats with keyword: SSA-Space Situational Awareness,ARAPAIMA,arapaima,A(fraco) - câmera sem alvo declarado,não,https://www.nanosats.eu/keyword/ssa-space-situational-awareness.html
CubeSats with keyword: SSA-Space Situational Awareness,Delfi-Twins B,delfi-twins,—,não,https://www.nanosats.eu/keyword/ssa-space-situational-awareness.html
CubeSats with keyword: SSA-Space Situational Awareness,GLADOS,glados,A(fraco) - câmera sem alvo declarado,não,https://www.nanosats.eu/keyword/ssa-space-situational-awareness.html
CubeSats with keyword: SSA-Space Situational Awareness,Horus,horus,A(fraco) - câmera sem alvo declarado,não,https://www.nanosats.eu/keyword/ssa-space-situational-awareness.html
CubeSats with keyword: SSA-Space Situational Awareness,Hyperion 1,hyperion,—,não,https://www.nanosats.eu/keyword/ssa-space-situational-awareness.html
CubeSats with keyword: SSA-Space Situational Awareness,inovor-mission-hyperion-1200.jpg,inovor-mission-hyperion-1200.jpg,,,https://www.nanosats.eu/keyword/ssa-space-situational-awareness.html
CubeSats with keyword: SSA-Space Situational Awareness,OrbAstro-PC1,orbastro-digantara,—,não,https://www.nanosats.eu/keyword/ssa-space-situational-awareness.html
CubeSats with keyword: SSA-Space Situational Awareness,OrCa1,orca1,—,não,https://www.nanosats.eu/keyword/ssa-space-situational-awareness.html
CubeSats with keyword: SSA-Space Situational Awareness,OSCaR,oscar,A - sensoriamento remoto,sim,https://www.nanosats.eu/keyword/ssa-space-situational-awareness.html
CubeSats with keyword: SSA-Space Situational Awareness,OVER-Sat,over-sat,—,não,https://www.nanosats.eu/keyword/ssa-space-situational-awareness.html
CubeSats with keyword: SSA-Space Situational Awareness,Phasma C,phasma,—,não,https://www.nanosats.eu/keyword/ssa-space-situational-awareness.html
CubeSats with keyword: SSA-Space Situational Awareness,Prometheus-2 2,prometheus-2-uk-2,A(fraco) - câmera sem alvo declarado,não,https://www.nanosats.eu/keyword/ssa-space-situational-awareness.html
CubeSats with keyword: SSA-Space Situational Awareness,Rascal B,rascal,A - sensoriamento remoto,sim,https://www.nanosats.eu/keyword/ssa-space-situational-awareness.html
CubeSats with keyword: SSA-Space Situational Awareness,Re,re-stare,—,não,https://www.nanosats.eu/keyword/ssa-space-situational-awareness.html
CubeSats with keyword: SSA-Space Situational Awareness,RECONSO,reconso,—,não,https://www.nanosats.eu/keyword/ssa-space-situational-awareness.html
CubeSats with keyword: SSA-Space Situational Awareness,SOAP,soap,—,não,https://www.nanosats.eu/keyword/ssa-space-situational-awareness.html
CubeSats with keyword: SSA-Space Situational Awareness,SORA,sora,A(fraco) - câmera sem alvo declarado,não,https://www.nanosats.eu/keyword/ssa-space-situational-awareness.html
CubeSats with keyword: SSA-Space Situational Awareness,SPARC-1,sparc-1,A(fraco) - câmera sem alvo declarado,não,https://www.nanosats.eu/keyword/ssa-space-situational-awareness.html
CubeSats with keyword: SSA-Space Situational Awareness,STARE C,stare,—,não,https://www.nanosats.eu/keyword/ssa-space-situational-awareness.html
CubeSats with keyword: SSA-Space Situational Awareness,stare__1.jpg,stare__1.jpg,,,https://www.nanosats.eu/keyword/ssa-space-situational-awareness.html
CubeSats with keyword: SSA-Space Situational Awareness,STRATHcube,strathcube,—,não,https://www.nanosats.eu/keyword/ssa-space-situational-awareness.html
CubeSats with keyword: SSA-Space Situational Awareness,TDO,tdo,—,não,https://www.nanosats.eu/keyword/ssa-space-situational-awareness.html
CubeSats with keyword: SSA-Space Situational Awareness,TDO-4,tdo-3-4,—,não,https://www.nanosats.eu/keyword/ssa-space-situational-awareness.html
CubeSats with keyword: SSA-Space Situational Awareness,Tyvak-61c,tyvak-61c,A - sensoriamento remoto,sim,https://www.nanosats.eu/keyword/ssa-space-situational-awareness.html
CubeSats with keyword: Steerable Solar Arrays,GOMX-5_2.png,GOMX-5_2.png,,,https://www.nanosats.eu/keyword/steerable-solar-arrays.html
CubeSats with keyword: Steerable Solar Arrays,Juventas_2.jpg,Juventas_2.jpg,,,https://www.nanosats.eu/keyword/steerable-solar-arrays.html
CubeSats with keyword: Steerable Solar Arrays,KEPLER-20-21_2.jpeg,KEPLER-20-21_2.jpeg,,,https://www.nanosats.eu/keyword/steerable-solar-arrays.html
CubeSats with keyword: Steerable Solar Arrays,Kepler-GEN1_3.jpg,Kepler-GEN1_3.jpg,,,https://www.nanosats.eu/keyword/steerable-solar-arrays.html
CubeSats with keyword: Steerable Solar Arrays,LUMIO_CAD_image.png,LUMIO_CAD_image.png,,,https://www.nanosats.eu/keyword/steerable-solar-arrays.html
CubeSats with keyword: Steerable Solar Arrays,LunaH-Map_7.jpg,LunaH-Map_7.jpg,,,https://www.nanosats.eu/keyword/steerable-solar-arrays.html
CubeSats with keyword: Steerable Solar Arrays,M_ARGO.jpg,M_ARGO.jpg,,,https://www.nanosats.eu/keyword/steerable-solar-arrays.html
CubeSats with keyword: Steerable Solar Arrays,MarCO-concept.jpg,MarCO-concept.jpg,,,https://www.nanosats.eu/keyword/steerable-solar-arrays.html
CubeSats with keyword: Steerable Solar Arrays,PEARLS.jpg,PEARLS.jpg,,,https://www.nanosats.eu/keyword/steerable-solar-arrays.html
CubeSats with keyword: Steerable Solar Arrays,PTD-1_2.png,PTD-1_2.png,,,https://www.nanosats.eu/keyword/steerable-solar-arrays.html
CubeSats with keyword: Steerable Solar Arrays,RROCI_3.jpeg,RROCI_3.jpeg,,,https://www.nanosats.eu/keyword/steerable-solar-arrays.html
CubeSats with keyword: Steerable Solar Arrays,TROPICS-Pathfinder.jpg,TROPICS-Pathfinder.jpg,,,https://www.nanosats.eu/keyword/steerable-solar-arrays.html
CubeSats with keyword: Steerable Solar Arrays,Tyvak-0129_2.jpg,Tyvak-0129_2.jpg,,,https://www.nanosats.eu/keyword/steerable-solar-arrays.html
CubeSats with keyword: Steerable Solar Arrays,Diamond 6U 8,diamond-6u,B - coleta de plataformas (DCS/IoT),sim,https://www.nanosats.eu/keyword/steerable-solar-arrays.html
CubeSats with keyword: Steerable Solar Arrays,GOMX-5,gomx-5,A - sensoriamento remoto; C - sinais cooperativos (AIS/ADS-B/RF),sim,https://www.nanosats.eu/keyword/steerable-solar-arrays.html
CubeSats with keyword: Steerable Solar Arrays,Juventas,juventas,—,não,https://www.nanosats.eu/keyword/steerable-solar-arrays.html
CubeSats with keyword: Steerable Solar Arrays,Kepler-21,kepler-gen1,B - coleta de plataformas (DCS/IoT),sim,https://www.nanosats.eu/keyword/steerable-solar-arrays.html
CubeSats with keyword: Steerable Solar Arrays,LUMIO,lumio,—,não,https://www.nanosats.eu/keyword/steerable-solar-arrays.html
CubeSats with keyword: Steerable Solar Arrays,LunaH-Map,lunah-map,A - sensoriamento remoto,sim,https://www.nanosats.eu/keyword/steerable-solar-arrays.html
CubeSats with keyword: Steerable Solar Arrays,M-ARGO,m-argo,A(fraco) - câmera sem alvo declarado,não,https://www.nanosats.eu/keyword/steerable-solar-arrays.html
CubeSats with keyword: Steerable Solar Arrays,MarCO 2,marco,A - sensoriamento remoto,sim,https://www.nanosats.eu/keyword/steerable-solar-arrays.html
CubeSats with keyword: Steerable Solar Arrays,Pathfinder Risk Reduction,ptd-0,A - sensoriamento remoto; B - coleta de plataformas (DCS/IoT),sim,https://www.nanosats.eu/keyword/steerable-solar-arrays.html
CubeSats with keyword: Steerable Solar Arrays,PTD-1,ptd-1,—,não,https://www.nanosats.eu/keyword/steerable-solar-arrays.html
CubeSats with keyword: Steerable Solar Arrays,RROCI,rroci,A - sensoriamento remoto,sim,https://www.nanosats.eu/keyword/steerable-solar-arrays.html
CubeSats with keyword: Steerable Solar Arrays,RROCI-2,rroci-2,A - sensoriamento remoto,sim,https://www.nanosats.eu/keyword/steerable-solar-arrays.html
CubeSats with keyword: Steerable Solar Arrays,SunRISE 6,sunrise,—,não,https://www.nanosats.eu/keyword/steerable-solar-arrays.html
CubeSats with keyword: Steerable Solar Arrays,sunrise_satellites_completed.jpg,sunrise_satellites_completed.jpg,,,https://www.nanosats.eu/keyword/steerable-solar-arrays.html
CubeSats with keyword: Steerable Solar Arrays,TROPICS 7,tropics,A - sensoriamento remoto,sim,https://www.nanosats.eu/keyword/steerable-solar-arrays.html
CubeSats with keyword: Tether,APSS-I QuakeTEC.jpg,APSS-I QuakeTEC.jpg,,,https://www.nanosats.eu/keyword/tether.html
CubeSats with keyword: Tether,Aalto-1.jpg,Aalto-1.jpg,,,https://www.nanosats.eu/keyword/tether.html
CubeSats with keyword: Tether,AeroCube-3.jpg,AeroCube-3.jpg,,,https://www.nanosats.eu/keyword/tether.html
CubeSats with keyword: Tether,DTUSat-1.png,DTUSat-1.png,,,https://www.nanosats.eu/keyword/tether.html
CubeSats with keyword: Tether,Descent.png,Descent.png,,,https://www.nanosats.eu/keyword/tether.html
CubeSats with keyword: Tether,ESTCube-1.jpg,ESTCube-1.jpg,,,https://www.nanosats.eu/keyword/tether.html
CubeSats with keyword: Tether,ESTCube-2.jpg,ESTCube-2.jpg,,,https://www.nanosats.eu/keyword/tether.html
CubeSats with keyword: Tether,Foresail-1_9.jpg,Foresail-1_9.jpg,,,https://www.nanosats.eu/keyword/tether.html
CubeSats with keyword: Tether,Foresail-1p_3.jfif,Foresail-1p_3.jfif,,,https://www.nanosats.eu/keyword/tether.html
CubeSats with keyword: Tether,MAST_2.png,MAST_2.png,,,https://www.nanosats.eu/keyword/tether.html
CubeSats with keyword: Tether,MEPSI-2.png,MEPSI-2.png,,,https://www.nanosats.eu/keyword/tether.html
CubeSats with keyword: Tether,MEPSI_5.png,MEPSI_5.png,,,https://www.nanosats.eu/keyword/tether.html
CubeSats with keyword: Tether,MiTEE.png,MiTEE.png,,,https://www.nanosats.eu/keyword/tether.html
CubeSats with keyword: Tether,OPAL-PicoSats.png,OPAL-PicoSats.png,,,https://www.nanosats.eu/keyword/tether.html
CubeSats with keyword: Tether,Parikshit1.jpg,Parikshit1.jpg,,,https://www.nanosats.eu/keyword/tether.html
CubeSats with keyword: Tether,STARS-II.JPG,STARS-II.JPG,,,https://www.nanosats.eu/keyword/tether.html
CubeSats with keyword: Tether,STARS-Me2.jpg,STARS-Me2.jpg,,,https://www.nanosats.eu/keyword/tether.html
CubeSats with keyword: Tether,Stars-Kukai-SS_004.jpg,Stars-Kukai-SS_004.jpg,,,https://www.nanosats.eu/keyword/tether.html
CubeSats with keyword: Tether,Stars-Me.JPG,Stars-Me.JPG,,,https://www.nanosats.eu/keyword/tether.html
CubeSats with keyword: Tether,TEPCE.png,TEPCE.png,,,https://www.nanosats.eu/keyword/tether.html
CubeSats with keyword: Tether,TU Sat1.png,TU Sat1.png,,,https://www.nanosats.eu/keyword/tether.html
CubeSats with keyword: Tether,TwinCube.jpg,TwinCube.jpg,,,https://www.nanosats.eu/keyword/tether.html
CubeSats with keyword: Tether,Aalto-1,aalto-1,A - sensoriamento remoto,sim,https://www.nanosats.eu/keyword/tether.html
CubeSats with keyword: Tether,AeroCube-3,aerocube-3,A(fraco) - câmera sem alvo declarado,não,https://www.nanosats.eu/keyword/tether.html
CubeSats with keyword: Tether,APSS-2 Kessler,apss-2,—,não,https://www.nanosats.eu/keyword/tether.html
CubeSats with keyword: Tether,CUTE-1.7+APD,cute-17-apd,—,não,https://www.nanosats.eu/keyword/tether.html
CubeSats with keyword: Tether,cute17.jpg,cute17.jpg,,,https://www.nanosats.eu/keyword/tether.html
CubeSats with keyword: Tether,Descent-B Daughter,descent,—,não,https://www.nanosats.eu/keyword/tether.html
CubeSats with keyword: Tether,DTUSat-1,dtusat-1,—,não,https://www.nanosats.eu/keyword/tether.html
CubeSats with keyword: Tether,ESTCube-1,estcube-1,A(fraco) - câmera sem alvo declarado,não,https://www.nanosats.eu/keyword/tether.html
CubeSats with keyword: Tether,ESTCube-2,estcube-2,A - sensoriamento remoto,sim,https://www.nanosats.eu/keyword/tether.html
CubeSats with keyword: Tether,Foresail-1,foresail-1,A - sensoriamento remoto,sim,https://www.nanosats.eu/keyword/tether.html
CubeSats with keyword: Tether,Foresail-1p,foresail-1p,A - sensoriamento remoto,sim,https://www.nanosats.eu/keyword/tether.html
CubeSats with keyword: Tether,Foresail-2,foresail-2,—,não,https://www.nanosats.eu/keyword/tether.html
CubeSats with keyword: Tether,KJSY 1,kjsy-1,—,não,https://www.nanosats.eu/keyword/tether.html
CubeSats with keyword: Tether,MAST,mast,—,não,https://www.nanosats.eu/keyword/tether.html
CubeSats with keyword: Tether,MEMS 2B,mems,—,não,https://www.nanosats.eu/keyword/tether.html
CubeSats with keyword: Tether,MEPSI 1B,mepsi,—,não,https://www.nanosats.eu/keyword/tether.html
CubeSats with keyword: Tether,MEPSI 2B,mepsi-2,—,não,https://www.nanosats.eu/keyword/tether.html
CubeSats with keyword: Tether,MEPSI 4B,mepsi-3-4,—,não,https://www.nanosats.eu/keyword/tether.html
CubeSats with keyword: Tether,MiTEE-1,mitee-1,—,não,https://www.nanosats.eu/keyword/tether.html
CubeSats with keyword: Tether,MiTEE-2,mitee-2,—,não,https://www.nanosats.eu/keyword/tether.html
CubeSats with keyword: Tether,Parikshit,parikshit,A - sensoriamento remoto,sim,https://www.nanosats.eu/keyword/tether.html
CubeSats with keyword: Tether,PTD-2,ptd-2,—,não,https://www.nanosats.eu/keyword/tether.html
CubeSats with keyword: Tether,STARS-1 Mother,stars-1,—,não,https://www.nanosats.eu/keyword/tether.html
CubeSats with keyword: Tether,STARS-C Oyaki,stars-c,—,não,https://www.nanosats.eu/keyword/tether.html
CubeSats with keyword: Tether,stars-c.jpg,stars-c.jpg,,,https://www.nanosats.eu/keyword/tether.html
CubeSats with keyword: Tether,STARS-II,stars-ii,—,não,https://www.nanosats.eu/keyword/tether.html
CubeSats with keyword: Tether,"STARS-Me A Mother (Tenryu, Space Tethered Autonomous Robotic Satellite) copy",stars-me,—,não,https://www.nanosats.eu/keyword/tether.html
CubeSats with keyword: Tether,STARS-Me2,stars-me2,A(fraco) - câmera sem alvo declarado,não,https://www.nanosats.eu/keyword/tether.html
CubeSats with keyword: Tether,STARS-NT C,stars-nt,A(fraco) - câmera sem alvo declarado,não,https://www.nanosats.eu/keyword/tether.html
CubeSats with keyword: Tether,Tempo3,tempo3,—,não,https://www.nanosats.eu/keyword/tether.html
CubeSats with keyword: Tether,TEPCE B,tepce,—,não,https://www.nanosats.eu/keyword/tether.html
CubeSats with keyword: Tether,TetherSat 2,tethersat,—,não,https://www.nanosats.eu/keyword/tether.html
CubeSats with keyword: Tether,TU Sat 1,tu-sat-1,—,não,https://www.nanosats.eu/keyword/tether.html
CubeSats with keyword: Tether,TwinCube,twincube,—,não,https://www.nanosats.eu/keyword/tether.html
CubeSats with keyword: Tether,ZJ 1,zj-1,A(fraco) - câmera sem alvo declarado,não,https://www.nanosats.eu/keyword/tether.html
CubeSats with keyword: Tiny deployable probes,AeroCube-10A_2.png,AeroCube-10A_2.png,,,https://www.nanosats.eu/keyword/tiny-deployable-probes.html
CubeSats with keyword: Tiny deployable probes,Alpha_4.jfif,Alpha_4.jfif,,,https://www.nanosats.eu/keyword/tiny-deployable-probes.html
CubeSats with keyword: Tiny deployable probes,AeroCube-10B,aerocube-10,—,não,https://www.nanosats.eu/keyword/tiny-deployable-probes.html
CubeSats with keyword: Tiny deployable probes,Alpha,alpha,B - coleta de plataformas (DCS/IoT),sim,https://www.nanosats.eu/keyword/tiny-deployable-probes.html
CubeSats with keyword: Tracking Enhancement Device,Buccaneer_BMM_4.jpg,Buccaneer_BMM_4.jpg,,,https://www.nanosats.eu/keyword/tracking-enhancement-device.html
CubeSats with keyword: Tracking Enhancement Device,Enoch_2.png,Enoch_2.png,,,https://www.nanosats.eu/keyword/tracking-enhancement-device.html
CubeSats with keyword: Tracking Enhancement Device,GEARSS-3.png,GEARSS-3.png,,,https://www.nanosats.eu/keyword/tracking-enhancement-device.html
CubeSats with keyword: Tracking Enhancement Device,Grissom-1.bmp,Grissom-1.bmp,,,https://www.nanosats.eu/keyword/tracking-enhancement-device.html
CubeSats with keyword: Tracking Enhancement Device,HALO-Net_2.jpg,HALO-Net_2.jpg,,,https://www.nanosats.eu/keyword/tracking-enhancement-device.html
CubeSats with keyword: Tracking Enhancement Device,NMTSat2.jpg,NMTSat2.jpg,,,https://www.nanosats.eu/keyword/tracking-enhancement-device.html
CubeSats with keyword: Tracking Enhancement Device,PACE-1_2.jpg,PACE-1_2.jpg,,,https://www.nanosats.eu/keyword/tracking-enhancement-device.html
CubeSats with keyword: Tracking Enhancement Device,Slingshot_7.png,Slingshot_7.png,,,https://www.nanosats.eu/keyword/tracking-enhancement-device.html
CubeSats with keyword: Tracking Enhancement Device,TechEdSat-13_DSC_9272.jpg,TechEdSat-13_DSC_9272.jpg,,,https://www.nanosats.eu/keyword/tracking-enhancement-device.html
CubeSats with keyword: Tracking Enhancement Device,TechEdSat-15_3.png,TechEdSat-15_3.png,,,https://www.nanosats.eu/keyword/tracking-enhancement-device.html
CubeSats with keyword: Tracking Enhancement Device,TechEdSat-7.png,TechEdSat-7.png,,,https://www.nanosats.eu/keyword/tracking-enhancement-device.html
CubeSats with keyword: Tracking Enhancement Device,TechEdSat6-NASA.jpg,TechEdSat6-NASA.jpg,,,https://www.nanosats.eu/keyword/tracking-enhancement-device.html
CubeSats with keyword: Tracking Enhancement Device,Buccaneer Flight 4 D,buccaneer,—,não,https://www.nanosats.eu/keyword/tracking-enhancement-device.html
CubeSats with keyword: Tracking Enhancement Device,Elysium-Star 2,elysium-star2,—,não,https://www.nanosats.eu/keyword/tracking-enhancement-device.html
CubeSats with keyword: Tracking Enhancement Device,elysium.tray_.032.jpg,elysium.tray_.032.jpg,,,https://www.nanosats.eu/keyword/tracking-enhancement-device.html
CubeSats with keyword: Tracking Enhancement Device,ENOCH,enoch,—,não,https://www.nanosats.eu/keyword/tracking-enhancement-device.html
CubeSats with keyword: Tracking Enhancement Device,GEARRS 3,gearrs-3,—,não,https://www.nanosats.eu/keyword/tracking-enhancement-device.html
CubeSats with keyword: Tracking Enhancement Device,Grissom-1,grissom-1,—,não,https://www.nanosats.eu/keyword/tracking-enhancement-device.html
CubeSats with keyword: Tracking Enhancement Device,HALO-Net Free Flyer,halo-net-free-flyer,—,não,https://www.nanosats.eu/keyword/tracking-enhancement-device.html
CubeSats with keyword: Tracking Enhancement Device,NMTSat,nmtsat,—,não,https://www.nanosats.eu/keyword/tracking-enhancement-device.html
CubeSats with keyword: Tracking Enhancement Device,PACE-1,pace-1,—,não,https://www.nanosats.eu/keyword/tracking-enhancement-device.html
CubeSats with keyword: Tracking Enhancement Device,Slingshot-1,slingshot-1,—,não,https://www.nanosats.eu/keyword/tracking-enhancement-device.html
CubeSats with keyword: Tracking Enhancement Device,TechEdSat-12,techedsat-12,—,não,https://www.nanosats.eu/keyword/tracking-enhancement-device.html
CubeSats with keyword: Tracking Enhancement Device,TechEdSat-13,techedsat-13,—,não,https://www.nanosats.eu/keyword/tracking-enhancement-device.html
CubeSats with keyword: Tracking Enhancement Device,TechEdSat-15,techedsat-15,B - coleta de plataformas (DCS/IoT),sim,https://www.nanosats.eu/keyword/tracking-enhancement-device.html
CubeSats with keyword: Tracking Enhancement Device,TechEdSat-6,techedsat-6,—,não,https://www.nanosats.eu/keyword/tracking-enhancement-device.html
CubeSats with keyword: Tracking Enhancement Device,TechEdSat-7,techedsat-7,—,não,https://www.nanosats.eu/keyword/tracking-enhancement-device.html
CubeSats with keyword: Tracking Enhancement Device,X-1,x-1,—,não,https://www.nanosats.eu/keyword/tracking-enhancement-device.html
CubeSats with keyword: VDES,AE1cAE1d.png,AE1cAE1d.png,,,https://www.nanosats.eu/keyword/vdes.html
CubeSats with keyword: VDES,ArkEdge_AE2a-AE3Va.jpg,ArkEdge_AE2a-AE3Va.jpg,,,https://www.nanosats.eu/keyword/vdes.html
CubeSats with keyword: VDES,ArkEdge_en_6U-SAT_img.png,ArkEdge_en_6U-SAT_img.png,,,https://www.nanosats.eu/keyword/vdes.html
CubeSats with keyword: VDES,Lusiada_LusoSpace_3.jfif,Lusiada_LusoSpace_3.jfif,,,https://www.nanosats.eu/keyword/vdes.html
CubeSats with keyword: VDES,PoSAT-2.jpeg,PoSAT-2.jpeg,,,https://www.nanosats.eu/keyword/vdes.html
CubeSats with keyword: VDES,AE1D,ae1d,C - sinais cooperativos (AIS/ADS-B/RF),sim,https://www.nanosats.eu/keyword/vdes.html
CubeSats with keyword: VDES,AE3Va,ae3va,C - sinais cooperativos (AIS/ADS-B/RF),sim,https://www.nanosats.eu/keyword/vdes.html
CubeSats with keyword: VDES,AE4La,ae4la,C - sinais cooperativos (AIS/ADS-B/RF),sim,https://www.nanosats.eu/keyword/vdes.html
CubeSats with keyword: VDES,PoSAT-2,lusospace-3u,C - sinais cooperativos (AIS/ADS-B/RF),sim,https://www.nanosats.eu/keyword/vdes.html
CubeSats with keyword: VDES,Lusiada 11,lusospace-8u,C - sinais cooperativos (AIS/ADS-B/RF),sim,https://www.nanosats.eu/keyword/vdes.html
CubeSats with keyword: VDES,SATMAR,satmar,C - sinais cooperativos (AIS/ADS-B/RF),sim,https://www.nanosats.eu/keyword/vdes.html
CubeSats with keyword: VDES,satmar-satellite.jpg,satmar-satellite.jpg,,,https://www.nanosats.eu/keyword/vdes.html
CubeSats with keyword: VLEO (Very Low Earth Orbit),AMS_2.jpg,AMS_2.jpg,,,https://www.nanosats.eu/keyword/vleo-(very-low-earth-orbit).html
CubeSats with keyword: VLEO (Very Low Earth Orbit),EarthNext_2.png,EarthNext_2.png,,,https://www.nanosats.eu/keyword/vleo-(very-low-earth-orbit).html
CubeSats with keyword: VLEO (Very Low Earth Orbit),LoLaSat.jpg,LoLaSat.jpg,,,https://www.nanosats.eu/keyword/vleo-(very-low-earth-orbit).html
CubeSats with keyword: VLEO (Very Low Earth Orbit),VULCAIN-1.png,VULCAIN-1.png,,,https://www.nanosats.eu/keyword/vleo-(very-low-earth-orbit).html
CubeSats with keyword: VLEO (Very Low Earth Orbit),AMS,agile-microsatellite,A - sensoriamento remoto,sim,https://www.nanosats.eu/keyword/vleo-(very-low-earth-orbit).html
CubeSats with keyword: VLEO (Very Low Earth Orbit),EarthNext,earthnext,A - sensoriamento remoto,sim,https://www.nanosats.eu/keyword/vleo-(very-low-earth-orbit).html
CubeSats with keyword: VLEO (Very Low Earth Orbit),Lemur-2 DARPA VLEO,lemur-2-darpa-vleo,—,não,https://www.nanosats.eu/keyword/vleo-(very-low-earth-orbit).html
CubeSats with keyword: VLEO (Very Low Earth Orbit),LoLaSat,lolasat,—,não,https://www.nanosats.eu/keyword/vleo-(very-low-earth-orbit).html
CubeSats with keyword: VLEO (Very Low Earth Orbit),VULCAIN B,vulcain,A - sensoriamento remoto,sim,https://www.nanosats.eu/keyword/vleo-(very-low-earth-orbit).html
CubeSats with keyword: W-band,CUAVA-1-IMG_8153-crop.jpg,CUAVA-1-IMG_8153-crop.jpg,,,https://www.nanosats.eu/keyword/w-band.html
CubeSats with keyword: W-band,EIVE.jpg,EIVE.jpg,,,https://www.nanosats.eu/keyword/w-band.html
CubeSats with keyword: W-band,W-Cube_FM.jpg,W-Cube_FM.jpg,,,https://www.nanosats.eu/keyword/w-band.html
CubeSats with keyword: W-band,CUAVA-1,cuava-1,A - sensoriamento remoto,sim,https://www.nanosats.eu/keyword/w-band.html
CubeSats with keyword: W-band,EIVE,eive,A - sensoriamento remoto,sim,https://www.nanosats.eu/keyword/w-band.html
CubeSats with keyword: W-band,W-Cube,w-cube,—,não,https://www.nanosats.eu/keyword/w-band.html
CubeSats with keyword: Wireless,PLUTO_videoframe_50840.png,PLUTO_videoframe_50840.png,,,https://www.nanosats.eu/keyword/wireless.html
CubeSats with keyword: Wireless,PLUTO+ (PayLoad Under Test Orbiter) copy,pluto,A(fraco) - câmera sem alvo declarado,não,https://www.nanosats.eu/keyword/wireless.html
CubeSats with keyword: Wooden,LignoSat_1.jpeg,LignoSat_1.jpeg,,,https://www.nanosats.eu/keyword/wooden.html
CubeSats with keyword: Wooden,Wisa-Woodsat_8.jpg,Wisa-Woodsat_8.jpg,,,https://www.nanosats.eu/keyword/wooden.html
CubeSats with keyword: Wooden,Yixian-A_3_5.jpg,Yixian-A_3_5.jpg,,,https://www.nanosats.eu/keyword/wooden.html
CubeSats with keyword: Wooden,LignoSat,lignosat,—,não,https://www.nanosats.eu/keyword/wooden.html
CubeSats with keyword: Wooden,Wisa Woodsat,wisa-woodsat,A(fraco) - câmera sem alvo declarado; B - coleta de plataformas (DCS/IoT),sim,https://www.nanosats.eu/keyword/wooden.html
CubeSats with keyword: Wooden,Yixian-A,yixian-a,—,não,https://www.nanosats.eu/keyword/wooden.html
