nome,slug,url_pagina,data_lancamento,status,status_indice,categoria_coleta,no_recorte,resultados,urls_resultados,causa_falha,organizacao,pais,unidades_massa,oneliner
ASUSat 1,asusat-1,https://www.nanosats.eu/sat/asusat-1.html,2000-01-27,Was operational until 2000-01-28. 14 hours.,Was operational,A - sensoriamento remoto,sim,,,Problem in power system prevented the solar arrays from supplying power.,Arizona State University,US,6 kg,Educational space systems engineering and Earth imaging.
Munin,munin,https://www.nanosats.eu/sat/munin.html,2000-11-21,Was operational until 2001-02-12.,Was operational,A(fraco) - câmera sem alvo declarado,não,,,Likely to boot PROM failure after manual CPU reset.,Swedish Institute of Space Physics,Sweden,6 kg,Collect data on auroral activity to predict space weather.
AAUSAT 1,aausat1,https://www.nanosats.eu/sat/aausat1.html,2003-06-30,Was operational until 2003-09-22.,Was operational,A(fraco) - câmera sem alvo declarado,não,,,Battery degradation problems.,Aalborg University,,1U,Educational space systems engineering with ADCS and imaging.
TNS-0,tns-0,https://www.nanosats.eu/sat/tns-0.html,2005-02-28,Reentry 2005-08-30. Was operational until 2005-07-15.,"Reentered, Was operational",C - sinais cooperativos (AIS/ADS-B/RF),sim,,,Batteries were empty and burnt in atmosphere couple of months later.,Moscow Russian Scientific Research Institute,Russia,4.5 kg,Testing Globalstar constellation to operate satellite.
CUTE-1.7+APD,cute-17-apd,https://www.nanosats.eu/sat/cute-17-apd.html,2006-02-21,Reentry 2009-10-25. Was operational until 2006-03-16. Semi-operational until 2006-05-06 with beacons.,"Reentered, Was operational",—,não,,,"Most likely radiation damage, stopped receiving commands, beacon functioned longer,",Tokyo Institute of Technology,Japan,2U,Demonstration of PDA (Personal Digital Assistant) as an onboard computer and other experiments.
AeroCube-2,aerocube-2,https://www.nanosats.eu/sat/aerocube-2.html,2007-04-17,Was operational until 2007-04-18.,Was operational,A(fraco) - câmera sem alvo declarado,não,,,Solar charging problem.,Aerospace Corporation,US,1U,Demonstrate CubeSat platform technologies and CMOS camera.
CP4,cp4,https://www.nanosats.eu/sat/cp4.html,2007-04-17,Was operational until ? Unkown time (Official website),Was operational,—,não,,,C&DH processor lock-up issue.,California Polytechnic State University (Cal Poly),US,1U,Demonstrate CubeSat platform technologies and energy dissipation experiment. Backup model of CP2.
Delfi-C3,delfi-c3,https://www.nanosats.eu/sat/delfi-c3.html,2008-04-28,Reentry 2023-11-13. Was operational (Official news 2020-04-28 and last SatNOGS report with data from PE0SAT 2023-06-06 last checked on 2023-06-06),"Reentered, Operational",—,não,"For the time being, Delfi-C3 is still being heard every day. “It may not be healthy, but I get an email every day when our ground station has made contact with the satellite,” says Chris Verhoeven.",https://www.tudelft.nl/en/stories/articles/elderly-first-dutch-nanosatellite-celebrates-fifteenth-birthday,,Delft University of Technology,Netherlands,3U,"Educational space systems engineering, transponder for radio amateurs and demonstrate thin-film solar cells and sun sensors."
BEVO 1,bevo-1,https://www.nanosats.eu/sat/bevo-1.html,2009-07-15,Reentry 2010-03-17. No signal.,"Reentered, No signal, Deployment failure",—,não,,,Failed to separate from Aggiesat-2.,University of Texas at Austin,US,3.5 kg,Educational space systems engineering and GPS receiver testing.
BEESAT-1,beesat-1,https://www.nanosats.eu/sat/beesat-1.html,2009-09-23,Operational (Anomaly preventing telemetry downlink in 2013 but recovered in 2024. Telemetry with data last received in SatNOGS on 2023-06-03 last checked on 2023-06-06. First pictures taken late 2024.),Operational,A(fraco) - câmera sem alvo declarado,não,"An anomaly occurred in 2013, preventing the downlink of telemetry until September 2024.
Over the past two months (2024-2025), the camera payload of BEESAT-1 has been successfully commissioned. While the attitude control is currently limited to manual use of the magnetorquers pending reaction wheel testing, some images could be captured and downloaded. In BEESAT-1's now over 15 years journey in space these are the first images and we look forward to capturing and sharing more in the future.
Images:
""First Light"": 2024-11-18 09:19 UTC
""Warsaw and Poland"": 2024-12-13 08:09 UTC
""Horizon above Spain"": 2024-12-21 10:15 UTC
""Hungary and Alps"": 2024-12-21 08:33 UTC
""Horizon above Eastern Europe"": 2024-12-24 07:21 UTC",https://www.linkedin.com/posts/studops_beesat-cubesat-earthfromspace-activity-7284264624160399360-YhO3?utm_source=share&utm_medium=member_desktop&rcm=ACoAAAt6RjABfKWEquksacZ3EVEQFZa3Fpq53uM | https://www.linkedin.com/posts/studops_beesat-cubesat-earthfromspace-activity-7284264624160399360-YhO3?utm_source=share&utm_medium=member_desktop&rcm=ACoAAAt6RjABfKWEquksacZ3EVEQFZa3Fpq53uM | https://www.linkedin.com/posts/studops_beesat-cubesat-earthfromspace-activity-7284264624160399360-YhO3?utm_source=share&utm_medium=member_desktop&rcm=ACoAAAt6RjABfKWEquksacZ3EVEQFZa3Fpq53uM | https://www.linkedin.com/posts/studops_beesat-cubesat-earthfromspace-activity-7284264624160399360-YhO3?utm_source=share&utm_medium=member_desktop&rcm=ACoAAAt6RjABfKWEquksacZ3EVEQFZa3Fpq53uM | https://www.linkedin.com/posts/studops_beesat-cubesat-earthfromspace-activity-7284264624160399360-YhO3?utm_source=share&utm_medium=member_desktop&rcm=ACoAAAt6RjABfKWEquksacZ3EVEQFZa3Fpq53uM | https://www.linkedin.com/posts/studops_beesat-cubesat-earthfromspace-activity-7284264624160399360-YhO3?utm_source=share&utm_medium=member_desktop&rcm=ACoAAAt6RjABfKWEquksacZ3EVEQFZa3Fpq53uM | https://www.linkedin.com/posts/studops_beesat-cubesat-earthfromspace-activity-7284264624160399360-YhO3?utm_source=share&utm_medium=member_desktop&rcm=ACoAAAt6RjABfKWEquksacZ3EVEQFZa3Fpq53uM,,Technical University of Berlin,Germany,1U,Demonstrate CubeSat platform technologies and verification of reaction wheels.
AISSat-1,aissat-1,https://www.nanosats.eu/sat/aissat-1.html,2010-07-12,Was operational until 2020-12-31? (News from August 2020 about battery degradation and working at reduced capacity in the recent years),Was operational,C - sinais cooperativos (AIS/ADS-B/RF),sim,,,Batteries cannot supply enough power to power the satellite anymore.,Norwegian Space Centre,Norway,7 kg,Demonstrate space-based AIS detection.
RAX,rax,https://www.nanosats.eu/sat/rax.html,2010-11-20,"Was operational until 2011-01-19, 2 months. Solar panel degradation.",Was operational,—,não,,,Solar panel degradation.,University of Michigan,,3U,Investigate causes of upper atmospheric/ionospheric plasma turbulence by studying large plasma formations.
M-Cubed,m-cubed,https://www.nanosats.eu/sat/m-cubed.html,2011-10-28,"Reentry 2024-06-30. Was semi-operational. Became conjoined with HBRE and could not receive signals, but transmitted beacon.","Reentered, Was semi-operational",A - sensoriamento remoto,sim,,,"Became conjoined with HBRE and could not receive signals, but transmitted beacon.",University of Michigan,,1U,Demonstrate CubeSat platform and image Earth.
RAX-2,rax-2,https://www.nanosats.eu/sat/rax-2.html,2011-10-28,Reentry 2024-10-06. Was operational until 2013-04-20.,"Reentered, Was operational",—,não,,,Both radios are inactive and the silence is caused by an upstream anomaly on the flight computer or power system.,University of Michigan,US,3U,Investigate causes of upper atmospheric/ionospheric plasma turbulence by studying large plasma formations.
PW-Sat,pw-sat,https://www.nanosats.eu/sat/pw-sat.html,2012-02-13,Reentry 2014-10-28. Was operational until 2012-12-23.,"Reentered, Was operational",—,não,,,Problems with the satellite's energy balance and hardware issue with communication module.,Warsaw University of Technology,,1U,Demonstrate deorbiting method with Shape Memory Alloy based sail.
ROBUSTA-1A,robusta-1a,https://www.nanosats.eu/sat/robusta-1a.html,2012-02-13,"Reentry 2015-01-28. No signal. Faint signals for few days, battery charging problems.","Reentered, No signal",—,não,,,"Faint signals for few days, battery charging problems.",University of Montpellier,France,1U,Measure the radiation induced degradation of electronic devices.
RAIKO,raiko,https://www.nanosats.eu/sat/raiko.html,2012-07-21,Reentry 2013-08-06. Was operational until 2013-07-15. For the last 20 days only beacons.,"Reentered, Was operational",—,não,,,Assumed that the frequency lock function of on-board receiver was easily terminated because the satellite rotation speed was fast.,Tohoku University,,2U,Demonstrate technologies for larger satellites including CMOS and CCD sensors.
CP5,cp5,https://www.nanosats.eu/sat/cp5.html,2012-09-13,Was operational until 2013-01-XX? (Last JA0CAW report from 2012-12-29),Was operational,—,não,,,"Attempted to
deploy their solar sail, but lost contact with CP-5 shortly after.",California Polytechnic State University (Cal Poly),US,1U,De-orbiting experiment using a thin-film deployable mechanism.
CSSWE,csswe,https://www.nanosats.eu/sat/csswe.html,2012-09-13,Was operational until 2014-12-22. Battery degradation (Official website),Was operational,—,não,,,Battery degradation and not enough power to receive or transmit data.,University of Colorado Boulder,US,3U,Measure the directional differential flux of Solar Energetic Protons (SEPs) and Earth’s radiation belt electrons.
CXBN,cxbn,https://www.nanosats.eu/sat/cxbn.html,2012-09-13,Was semi-operational until 2013-01-XX. Too weak signal for science mission (eoPortal),Was semi-operational,—,não,,,Weak transmit SNR owing to an anomalous low power mode.,Morehead State University,US,2U,Measure cosmic x-ray background in the 30-50 keV range.
Re,re-stare,https://www.nanosats.eu/sat/re-stare.html,2012-09-13,Was semi-operational until? Problems with communication.,Was semi-operational,—,não,,,Problems with communication.,LLNL (Lawrene Livermore National Laboratory),US,3U,Observe objects in space for space situational awareness and orbital parameters refinement.
AAUSAT3,aausat3,https://www.nanosats.eu/sat/aausat3.html,2013-02-25,Was operational until 2014-09-17. Power production gradually decreased until it was too low. (eoPortal and official website),Was operational,C - sinais cooperativos (AIS/ADS-B/RF),sim,,,Power production gradually decreased until it was too low due to solar cell degradation.,Aalborg University,Denmark,1U,Educational space systems engineering and testing AIS receivers.
BEESAT-2,beesat-2,https://www.nanosats.eu/sat/beesat-2.html,2013-04-19,Reentry 2024-02-02. Was operational (Last report on social media 2023-04-21 last checked 2023-06-08),"Reentered, Operational",A - sensoriamento remoto,sim,"BEESAT-3 has concluded its mission after more than 10 years, surpassing its intended lifespan! Our HISPICO S-band transmitter operated flawlessly until the final moment - mission successfully accomplished!",https://www.linkedin.com/posts/iq-spacecom_iqspacecom-beesat3-missionaccomplished-activity-7158044288000413696-83DE?utm_source=share&utm_medium=member_desktop,,Technical University of Berlin,Germany,1U,Educational and technology demonstrations of reaction wheels and camera.
NEE-01 Pegaso,nee-01-pegaso,https://www.nanosats.eu/sat/nee-01-pegaso.html,2013-04-26,"Was semi-operational until 2017-11-XX. Was operational until 2013-05-23. Collided with Tsyklon debris, but was heard through NEE-02. (Personal contact 2018-08-07)",Was semi-operational,—,não,,,"Collided with Tsyklon debris, but was heard through NEE-02.",EXA (Ecuador Space Agency),Ecuador,1U,Transmit live video feed from orbit with SSTV.
ESTCube-1,estcube-1,https://www.nanosats.eu/sat/estcube-1.html,2013-05-07,Was operational until 2015-05-19. Solar panel degradation lead to negative power production state and batteries were completely depleted. No more signals heard after that. Probably the command to silence the satellite went through.,Was operational,A(fraco) - câmera sem alvo declarado,não,,,Solar panel degradation lead to negative power production state and batteries were completely depleted. Command to turn off PA was sent and no more signals heard after that.,University of Tartu,Estonia,1U,"Educational training, testing deployment of 10 m tether for deorbiting and camera."
CAPE-2,cape-2,https://www.nanosats.eu/sat/cape-2.html,2013-11-20,Reentry 2014-10-23. Was semi-operational? Batteries dead and only works in sunlight.,"Reentered, Semi-operational",—,não,,,Batteries dead and only works in sunlight.,University of Louisiana at Lafayette,US,1U,Demonstrate CubeSat platform technologies plus voice repeater payload.
KYSAT II,kysat-ii,https://www.nanosats.eu/sat/kysat-ii.html,2013-11-20,Reentry 2015-02-12. Was operational until 2014-02-25. Was semi-operational until?,"Reentered, Was operational",A(fraco) - câmera sem alvo declarado,não,,,"Encountered a radiation-induced latchup that drained the batteries (suspected cause: X4.9 solar flare on 25 February, largest of 2014 so far). Due to this effect, the subsystems suffer a loss of power approximately every hour causing a reset of the C&DH and radio.",Kentucky universities,US,1U,Demonstrate CubeSat platform technologies including stellar gyroscope and camera.
ORSES,orses,https://www.nanosats.eu/sat/orses.html,2013-11-20,"Reentry 2016-01-03. Was operational until 2013-11-23, a few days.","Reentered, Was operational",—,não,"SMDC-ONE provided valuable telemetry data, demonstrated the retrieval and relay of Unattended Ground Sensor (UGS) data, and relayed data files (text and images) between ground stations located at Redstone Arsenal, AL, and Colorado Springs, CO. Contact between the Ground Station at SMDC Huntsville and SMDC-ONE was made on the first orbit and maintained between the satellite and ground stations on every orbit except one during the orbital life. That one exception was due to operator error. The maiden SMDC-ONE accomplished all mission objectives and after 35 days on orbit, SMDC-ONE re-entered Earth’s atmosphere.
The payload radio was able to pull from either the battery or raw solar panel voltage thanks to the radio’s internal power controller. This allowed the payload radio to operate even after complete failure of the flight computer (FC) and Electrical Power System (EPS) Controller card. The SMDC-ONE flight computers were prone to on-orbit resets and all experienced total flight computer failure within months of on-orbit operation.",https://digitalcommons.usu.edu/cgi/viewcontent.cgi?article=4712&context=smallsat | https://digitalcommons.usu.edu/cgi/viewcontent.cgi?article=4712&context=smallsat,,US Army Space and Missile Defense Command,,3U,Provide communications and data capabilities for underserved tactical users based on SMDC-ONE.
Delfi-n3Xt,delfi-n3xt,https://www.nanosats.eu/sat/delfi-n3xt.html,2013-11-21,"Was operational until 2014-02-21. Contact lost. Came back alive in March 2021, but details to be announced.","Semi-operational, ?, Was operational",—,não,,,Eectric fault on the data bus caused by the transponder is the current hypothesis.,Delft University of Technology,Netherlands,3U,"Education, technology demonstration, CubeSat bus advancement and cold gas miccropropulsion."
MOVE,move,https://www.nanosats.eu/sat/move.html,2013-11-21,Reentry 2026-02-26. Was operational until 2013-12-21. On-Board Computer damaged and only name is sent.,"Reentered, Was operational",—,não,,,On-Board Computer damaged and only name is sent.,Technical University of Munich (TUM),Germany,1U,Educational training and CubeSat platform development and testing solar cells.
OPTOS,optos,https://www.nanosats.eu/sat/optos.html,2013-11-21,Was operational until 2016-09-19 (Publication from 2019),"Was operational, ?",—,não,"In the summer of 2014, the commissioning phase was ended. During this phase, the Survival On Board Software (OBSW) was validated and the Nominal OBSW was activated and validated in orbit.
Unfortunately, the activation of the tasks management related with attitude control failed. At this point, the satellite had been in orbit for more than 2 years. Therefore, the second phase of the APIS operation started at the end of January 2016 without attitude determination and control subsystem (ADCS).
he shutter was opened successfully and the first image was taken on February 5, 2016 over an area of the American state of Wyoming (Medicine Bow National Forest). The parameters of this image were 610 km orbit height, 324 × 347 pixels (Earth swath of 66 km × 71 km), 204 m resolution, and 2 ms integration time.
The communication with the OPTOS satellite was lost in September 19, 2016 after almost 3 years in orbit.",https://www.researchgate.net/publication/333002944_APIS_the_miniaturized_Earth_observation_camera_on-board_OPTOS_CubeSat | https://www.researchgate.net/publication/333002944_APIS_the_miniaturized_Earth_observation_camera_on-board_OPTOS_CubeSat | https://www.researchgate.net/publication/333002944_APIS_the_miniaturized_Earth_observation_camera_on-board_OPTOS_CubeSat | https://www.researchgate.net/publication/333002944_APIS_the_miniaturized_Earth_observation_camera_on-board_OPTOS_CubeSat,,National Institute of Aerospace Technology (INTA),Spain,3U,Demonstrate CubeSat platform technologies.
SNaP-1,snap,https://www.nanosats.eu/sat/snap.html,2013-12-06,"Was semi-operational until 2013-12-XX, a few weeks? (Smallsat 2020)",Was semi-operational,—,não,"After a successful on-orbit insertion, SNaP-1 was not contacted until 6 January 2014 when the spacecraft experienced near full sun on-orbit conditions (high beta). It was discovered that the spacecraft went into power saver mode during initial de-tumble maneuver. Due to high momentum in the vehicle the spacecraft was never able to de-tumble leaving it unable to maintain sun-tracking. Contact was lost shortly after the end of on-orbit full sun conditions.",https://digitalcommons.usu.edu/cgi/viewcontent.cgi?article=4712&context=smallsat,High tumble and contact lost after full Sun illumination conditions ended.,US Army Space and Missile Defense Command,,3U,Related to the SMDC NAnosatellite Program (SNaP) - Joint Capabilities Technology Demonstrations.
LituanicaSAT-1,lituanicasat-1,https://www.nanosats.eu/sat/lituanicasat-1.html,2014-01-09,Reentry 2014-07-28. Was operational.,"Reentered, Operational",A(fraco) - câmera sem alvo declarado,não,"First 10 Lithuanian pictures from space were captured and retrieved from LituanicaSAT-1;
Greetings from the President were broadcast over 1000 times;
LituanicaSAT-1 received great attention from the community of radio amateurs and was awarded the international designation OSCAR-78 or LO-78 by
Radio Amateur Satellite Corporation
(AMSAT);
LituanicaSAT-1 was covered by NANORACKS customer case study as a success story;
FM repeater worked for more than 650 hours during the mission;
Satellite orbited Earth 2 358 times and traveled over 100 million kilometers;
Over 10 000 telemetry packets were received during the mission;
Signal from the satellite was received by correspondents from more than 20 countries;
The LituanicaSAT-1 mission was dedicated to the 80 years anniversary of the flight across the Atlantic by Lithuanian-American pilots Steponas Darius and Stasys Girėnas. This was why the satellite bore the name of the original aircraft used during this historic flight – “Lituanica”.",https://nanoavionics.com/projects/lituanicasat-1-satellite-mission/ | https://nanoavionics.com/projects/lituanicasat-1-satellite-mission/ | https://nanoavionics.com/projects/lituanicasat-1-satellite-mission/ | https://nanoavionics.com/projects/lituanicasat-1-satellite-mission/ | https://nanoavionics.com/projects/lituanicasat-1-satellite-mission/ | https://nanoavionics.com/projects/lituanicasat-1-satellite-mission/ | https://nanoavionics.com/projects/lituanicasat-1-satellite-mission/ | https://nanoavionics.com/projects/lituanicasat-1-satellite-mission/ | https://nanoavionics.com/projects/lituanicasat-1-satellite-mission/,,Kaunas University of Technology,,1U,Educational training and demonstrate CubeSat platform technologies.
SkyCube,skycube,https://www.nanosats.eu/sat/skycube.html,2014-01-09,"Reentry 2014-11-08. Was semi-operational until 2014-03-24, contacts only during March 24 (Official Kickstarter)","Reentered, Was semi-operational",A(fraco) - câmera sem alvo declarado,não,,,Electronics worked for at least a month but solar panels and antennas did not deploy.,Southern Stars,,1U,Crowdfunded on Kickstarter. Payloads are camera and tweets names from space.
KickSat,kicksat,https://www.nanosats.eu/sat/kicksat.html,2014-04-18,"Reentry 2014-05-15. Was semi-operational. Sent beacons, but could not receive commands and failed to deploy Sprites due to timer reset.","Reentered, Semi-operational",—,não,,,"Sent beacons, but could not receive commands and failed to deploy Sprites due to timer reset.",Cornell University,,3U,Carry and deploy 104 Sprite chipsats.
DTUSat-2,dtusat-2,https://www.nanosats.eu/sat/dtusat-2.html,2014-06-19,"Semi-operational? (Last JA0CAW report 2019-05-24. Last SatNOGS report 2018-09-15 Last DK3WN report 2016-07-13. Checked on 2019-05-25. Commanding never achieved, only beacon)",Was semi-operational,—,não,,,Battery has been destroyed as a consequence of wrong resistors and deep discharges due to optimizing passive attitude system for antenna directivity.,Technical University of Denmark,Denmark,1U,Satellite-based radio-tracking system capable of locating small birds with intercontinental migrations.
NANOSATC-BR1,nanosatc-br1,https://www.nanosats.eu/sat/nanosatc-br1.html,2014-06-19,"Semi-operational, only beacon in sunlight. Was operational until 2016-XX-XX. (Last SatNOGS report 2019-05-21, but no data. Official news and paper celebrates 4.5 years of operation, but only beacon since 2016 as batteries can no longer hold the minimum voltage)","Was operational, Semi-operational",—,não,,,"Battery can no
longer hold a charge because a probable damage caused by intense magnetic solar storms in September-October 2014. Since 2018 only transmitting in sunlight.",National Institute of Space Research,Brazil,1U,Monitor real time the space weather and atmosphere anomalies over the Brazilian territory.
POPSAT-HIP1,popsat-hip-1,https://www.nanosats.eu/sat/popsat-hip-1.html,2014-06-19,"Was operational until 2015-XX-XX, about 1 year?",Was operational,A - sensoriamento remoto,sim,,,"Only awake when there’s Sun illumination.
Investigation seems to indicate a combined problem among the solar panels, battery charging capability, as well as the EPS itself.",Microspace,Singapore,3U,Demonstrate high resolution optical payload and attitude control with propulsion.
MicroMAS-1,micromas-1,https://www.nanosats.eu/sat/micromas-1.html,2014-07-13,"Reentry 2015-08-01. Was operational until 2015-03-18, two weeks? Transmitter failed.","Reentered, Was operational",—,não,,,Transmitter failed.,MIT (Massachusetts Institute of Technology),US,3U,Microwave spectrometer to observe weather events.
AESP-14,aesp-14,https://www.nanosats.eu/sat/aesp-14.html,2015-01-10,"Reentry 2015-05-11. No signal, likely antenna deployment failure (Official news)","Reentered, No signal",—,não,,,Antenna deployment failure was considered to be the most likely cause.,Technological Institute of Aeronautics,Brazil,1U,Demonstrate CubeSat platform for and Langmuir probe.
CP10,cp10,https://www.nanosats.eu/sat/cp10.html,2015-01-31,Reentry 2024-06-30. Was semi-operational until 2016-07-30. Antennas did not deploy and radio went silent (Official presentation),"Reentered, Was semi-operational",—,não,Experienced an antenna failure which resulted in this situation. That failure was most likely caused by a bad solder joint.,https://digitalcommons.usu.edu/cgi/viewcontent.cgi?article=4615&context=smallsat,Antennas did not deploy and very large dish was needed. Likely by a bad solder joint. Then radio went silent after 6 months.,California Polytechnic State University (Cal Poly),,3U,Measure neutral and ionized species in the exosphere and thermosphere.
BRICSat-P,bricsat-p,https://www.nanosats.eu/sat/bricsat-p.html,2015-05-20,Was semi-operational until 2018-XX-XX? Possibly still now too. Power problems prohibited consistent communication (eoPortal and Last DK3WN report 2017-01-02. Tweet from @leafnode3 from 2018-08-30.),Was semi-operational,—,não,,,Negative power budget prohibited consistent communication.,US Naval Academy Satellite Lab,US,1.5U,Demonstrate propusion system and maneuvers in space plus APRS transponder.
Deorbitsail,deorbitsail,https://www.nanosats.eu/sat/deorbitsail.html,2015-07-10,"Semi-operational? Was operational until 2019-05-19 checked on 2019-05-24. Sail not deployed due to high spin rates. (Last SatNOGS report 2019-05-19, but no data. Last JA0CAW report 2016-01-14 had correct telemetry. Later reports have no or corrupt telemetry)","Was operational, Semi-operational, ?",—,não,,,Very high spin rates prohibited the deployment of the solar sail.,EU FP7 consortium,UK,3U,Deploy a 5-metre solar sail to demonstrate deorbiting.
ARC-1,arc1,https://www.nanosats.eu/sat/arc1.html,2015-10-08,No signal,No signal,—,não,,,Did not turn on with separation switch failure thought to be the main cause.,University of Alaska,US,1U,Educational training and demonstrate CubeSat platform technologies.
LMRSTSat,lmrstsat,https://www.nanosats.eu/sat/lmrstsat.html,2015-10-08,No signal (Listed as Failure in NASA's CubeSat Fleet Missions Database as of 2022-01-01),No signal,—,não,Marked as Failure in the NASA SmallSat/CubeSat Fleet Missions Database.,https://s3vi.ndc.nasa.gov/cubesat/,,Stanford University,US,2U,Far-field source for calibration of the Deep Space Network in X-band.
SNaP-3 A ALICE,snap-3,https://www.nanosats.eu/sat/snap-3.html,2015-10-08,,"Reentered, Was operational",—,não,"Initial contact was made with Alice and Jimi on the first available pass visible to Redstone Arsenal ground stations while initial contact with Eddie was made on 9 October. During this mission, the SNaP spacecraft successfully completed all mission objectives. This included successfully relaying BLOS voice communications between two users with PRC-152 tactical radios using man-portable and standard whip antennas (in unobstructed and obstructed skies) between Redstone Arsenal and other BLOS locations, relaying text communications between PRC-117 and PRC-152 tactical radios and successfully demonstrating an encrypt/decrypt test of the KI-55 on all three satellites. The KI-55 is a 2013 NSA-approved type 1 encryption device developed for use on small satellites. This was the first successful demonstration of the KI-55 in space.",https://digitalcommons.usu.edu/cgi/viewcontent.cgi?article=4712&context=smallsat,,US Army Space and Missile Defense Command,US,3U,Related to the SMDC NAnosatellite Program (SNaP) - Joint Capabilities Technology Demonstrations.
SNaP-3 B EDDIE,snap-3,https://www.nanosats.eu/sat/snap-3.html,2015-10-08,,Was operational,—,não,"Initial contact was made with Alice and Jimi on the first available pass visible to Redstone Arsenal ground stations while initial contact with Eddie was made on 9 October. During this mission, the SNaP spacecraft successfully completed all mission objectives. This included successfully relaying BLOS voice communications between two users with PRC-152 tactical radios using man-portable and standard whip antennas (in unobstructed and obstructed skies) between Redstone Arsenal and other BLOS locations, relaying text communications between PRC-117 and PRC-152 tactical radios and successfully demonstrating an encrypt/decrypt test of the KI-55 on all three satellites. The KI-55 is a 2013 NSA-approved type 1 encryption device developed for use on small satellites. This was the first successful demonstration of the KI-55 in space.",https://digitalcommons.usu.edu/cgi/viewcontent.cgi?article=4712&context=smallsat,,US Army Space and Missile Defense Command,US,3U,Related to the SMDC NAnosatellite Program (SNaP) - Joint Capabilities Technology Demonstrations.
SNAP-3 C JIMI,snap-3,https://www.nanosats.eu/sat/snap-3.html,2015-10-08,,Was operational,—,não,"Initial contact was made with Alice and Jimi on the first available pass visible to Redstone Arsenal ground stations while initial contact with Eddie was made on 9 October. During this mission, the SNaP spacecraft successfully completed all mission objectives. This included successfully relaying BLOS voice communications between two users with PRC-152 tactical radios using man-portable and standard whip antennas (in unobstructed and obstructed skies) between Redstone Arsenal and other BLOS locations, relaying text communications between PRC-117 and PRC-152 tactical radios and successfully demonstrating an encrypt/decrypt test of the KI-55 on all three satellites. The KI-55 is a 2013 NSA-approved type 1 encryption device developed for use on small satellites. This was the first successful demonstration of the KI-55 in space.",https://digitalcommons.usu.edu/cgi/viewcontent.cgi?article=4712&context=smallsat,,US Army Space and Missile Defense Command,US,3U,Related to the SMDC NAnosatellite Program (SNaP) - Joint Capabilities Technology Demonstrations.
SamSat-218/D,samsat-218d,https://www.nanosats.eu/sat/samsat-218d.html,2016-04-28,"Reentry 2022-03-04. Was semi-operational? (Lack of reports with telemetry. Maybe fragmentary data but unknown if correct satellite. Last SatNOGS reports 2019-04-12, but suspicious data)","Reentered, Semi-operational, ?",—,não,"“Currently, fragmentary Morse code signals are being heard coming from the nanosatellite, against the background of the noise during the satellite’s pass over the receiving station,” Interfax said in a
press release
.
“There are currently no sufficient grounds to believe the nanosatellite established contact. There were fragmentary weak signals at the frequency of 145.870 MHz against a background of noises when the nanosatellite was in the area of [radio visibility] of the ground control center, which can’t be with confidence interpreted as signals from the satellite,” Igor Belokonov, the head of the SamSat-218 project told
TASS.",https://www.spaceflightinsider.com/organizations/roscosmos/russia-loses-contact-with-its-nanosatellite-launched-from-vostochny/ | https://www.spaceflightinsider.com/organizations/roscosmos/russia-loses-contact-with-its-nanosatellite-launched-from-vostochny/,,Samara University,Russia,3U,Demonstration of navigation and control technologies.
ALSAT-Nano,alsat-nano,https://www.nanosats.eu/sat/alsat-nano.html,2016-09-26,Operational (4S 2024 paper),Operational,A - sensoriamento remoto,sim,"Achieved its mission objectives and has exceeded its performance expectations.
The experiment has provided the first in-orbit current/voltage (I/V) measurements of this novel technology, and more than five years of flight results have now yielded new insights into its longer term performance and inherent radiation hardness, which makes them particularly attractive for maintaining high end-of-life (EOL) performance for long duration space missions. The results help to strengthen the argument for further development this technology for space application. The data, collected over nearly 30,000 orbits, show no signs of cell delamination (a potential risk for such technologies), no deterioration in short circuit current or in series resistance. However, all four cell’s fill factors were observed to decrease over the duration of the mission, caused primarily by a decrease in their shunt resistance. This has been attributed to the diffusion of gold atoms from the back electrical contacts. We conclude therefore that further development of this technology should utilise more stable back contacting methodologies more commonly employed for terrestrial CdTe modules.","https://africanews.space/algerias-alsat-1n-exceeds-three-years-of-operation-in-orbit/ | https://iafastro.directory/iac/paper/id/69285/abstract-pdf/IAC-22,C3,3,8,x69285.brief.pdf?2022-03-30.11:58:28",,UK Space Agency,UK,3U,Educational training and demonstrate thin-film solar cells.
CanX-7,canx-7,https://www.nanosats.eu/sat/canx-7.html,2016-09-26,Reentry 2022-04-21. Was operational (Personal contact 2018-08-10),"Reentered, Operational",C - sinais cooperativos (AIS/ADS-B/RF),sim,Successfully demonstrated its drag sail technology when the CanX-7 satellite deorbited last month.,https://spaceq.ca/space-flight-laboratory-successfully-demonstrates-drag-sail-technology/,,Space Flight Laboratory,Canada,3U,Demonstrate deployable drag sail.
Tancredo 1,tancredo-1,https://www.nanosats.eu/sat/tancredo-1.html,2016-12-09,"Reentry 2017-10-18. Was operational until 2017-01-22, 3 days, went silent.","Reentered, Was operational",—,não,,,All telemetry normal and failure cause could not be determined for sure. Possibly single-event latchup or DC-DC converted damage.,Presidente Tancredo de Almeida Neves,Brazil,TubeSat,One of the first TubeSats for educational training.
TuPOD,tupod,https://www.nanosats.eu/sat/tupod.html,2016-12-09,"Reentry 2017-09-08. Was operational until 2017-01-24 by design, batteries were drained.","Reentered, Was operational",—,não,,,Batteries were drained and no solar panels to recharge.,GAUSS,Italy,3U,Deploy 2 TubeSats and Morse code transmissions.
i-INSPIRE II,i-inspire-ii,https://www.nanosats.eu/sat/i-inspire-ii.html,2017-04-18,Reentry 2018-11-24. Was operational. Saved with 25m antenna after space weather event in July 2017. Was quiet for 1.5 months. (Last DK3WN report 2018-11-23),"Reentered, Operational",A(fraco) - câmera sem alvo declarado,não,Communications damaged after space weather event in July 2017.,http://www.acser.unsw.edu.au/sites/acser/files/CAIRNS_INSPIRE_CubeSatCoonf_2019_2.pdf,Saved with 25m antenna. Space weather event in July 2017. Spacecraft was quiet for 1.5 months. Some unstated damage to communications system.,University of Sydney,,2U,Part of QB50 to study lower termosphere.
nSIGHT,nsight,https://www.nanosats.eu/sat/nsight.html,2017-04-18,Reentry 2020-04-25. Was operational (Last DK3WN report 2019-05-13. Checked 2019-05-27),"Reentered, Operational",A - sensoriamento remoto,sim,"Deployed on 25 May 2017, the satellite has spent almost 3 years in orbit capturing and downloading over 40 high-quality images.",https://africanews.space/farewell-to-nsight-the-rockstar-cubesat/,,Space Advisory Company,,2U,Part of QB50 to study lower termosphere.
BIRD-B,brac-onnesha,https://www.nanosats.eu/sat/brac-onnesha.html,2017-06-03,"Reentry 2019-05-06. Semi-operational due to no uplink? (Last DK3WN report 2018-10-08. Last SatNOGS report 2019-05-09, but that is after decay)","Reentered, Semi-operational",A - sensoriamento remoto,sim,"No uplink success.
Weak CW signals.",https://digitalcommons.usu.edu/cgi/viewcontent.cgi?article=5233&context=smallsat | https://digitalcommons.usu.edu/cgi/viewcontent.cgi?article=5233&context=smallsat,,Brac University,Bangladesh,1U,Amateur radio communications and educational training.
BIRD-G,ghanasat-1,https://www.nanosats.eu/sat/ghanasat-1.html,2017-06-03,Reentry 2019-05-22. No signal (DK3WN writes that nothing heard from BIRD G and unable to find any confirmed reports),"Reentered, No signal",A - sensoriamento remoto,sim,"No uplink success.
Weak CW signals.",https://digitalcommons.usu.edu/cgi/viewcontent.cgi?article=5233&context=smallsat | https://digitalcommons.usu.edu/cgi/viewcontent.cgi?article=5233&context=smallsat,,Kyushu Institute of Technology,Ghana,1U,Amateur radio communications and educational training.
BIRD-J,toki,https://www.nanosats.eu/sat/toki.html,2017-06-03,Reentry 2019-05-03. Was semi-operational due to no uplink until 2018-XX-XX? (Last DK3WN report 2018-02-03),"Reentered, Was semi-operational",A - sensoriamento remoto,sim,"No uplink success.
Weak CW signals.",https://digitalcommons.usu.edu/cgi/viewcontent.cgi?article=5233&context=smallsat | https://digitalcommons.usu.edu/cgi/viewcontent.cgi?article=5233&context=smallsat,,Kyushu Institute of Technology,,1U,Amateur radio communications and educational training.
BIRD-M,mazaalai,https://www.nanosats.eu/sat/mazaalai.html,2017-06-03,Reentry 2019-05-11. Was operational (Last DK3WN report 2018-10-08),"Reentered, Semi-operational",A - sensoriamento remoto,sim,"No uplink success.
Weak CW signals.",https://digitalcommons.usu.edu/cgi/viewcontent.cgi?article=5233&context=smallsat | https://digitalcommons.usu.edu/cgi/viewcontent.cgi?article=5233&context=smallsat,,Kyushu Institute of Technology,Mongolia,1U,Amateur radio communications and educational training.
BIRD-N,nigeria-edusat-1,https://www.nanosats.eu/sat/nigeria-edusat-1.html,2017-06-03,Reentry 2019-05-13. Was semi-operational due to no uplink? (Last DK3WN report 2018-02-02),"Reentered, Semi-operational",A - sensoriamento remoto,sim,"No uplink success.
Weak CW signals.",https://digitalcommons.usu.edu/cgi/viewcontent.cgi?article=5233&context=smallsat | https://digitalcommons.usu.edu/cgi/viewcontent.cgi?article=5233&context=smallsat,,Federal University of Technology Akure,Nigeria,1U,Amateur radio communications and educational training.
Diamond - Blue,diamond,https://www.nanosats.eu/sat/diamond.html,2017-06-23,,"Reentered, Operational",B - coleta de plataformas (DCS/IoT); C - sinais cooperativos (AIS/ADS-B/RF),sim,"These are the smallest satellites in the world to demonstrate real-time VOIP calls, IM, Financial transactions, IoT data pickups, Inter-satellite links, SigInt, spectrum monitoring from space, and differential drag formation flying.",https://www.linkedin.com/feed/update/urn:li:activity:7079012081454227456/?updateEntityUrn=urn%3Ali%3Afs_feedUpdate%3A%28V2%2Curn%3Ali%3Aactivity%3A7079012081454227456%29,,Sky and Space,UK,3U,"Demonstrate voice, M2M and IoT communication services and ISL (Inter Satellite Link)."
Diamond - Green,diamond,https://www.nanosats.eu/sat/diamond.html,2017-06-23,,"Reentered, Operational",B - coleta de plataformas (DCS/IoT); C - sinais cooperativos (AIS/ADS-B/RF),sim,"These are the smallest satellites in the world to demonstrate real-time VOIP calls, IM, Financial transactions, IoT data pickups, Inter-satellite links, SigInt, spectrum monitoring from space, and differential drag formation flying.",https://www.linkedin.com/feed/update/urn:li:activity:7079012081454227456/?updateEntityUrn=urn%3Ali%3Afs_feedUpdate%3A%28V2%2Curn%3Ali%3Aactivity%3A7079012081454227456%29,,Sky and Space,UK,3U,"Demonstrate voice, M2M and IoT communication services and ISL (Inter Satellite Link)."
Diamond - Red,diamond,https://www.nanosats.eu/sat/diamond.html,2017-06-23,,"Reentered, Operational",B - coleta de plataformas (DCS/IoT); C - sinais cooperativos (AIS/ADS-B/RF),sim,"These are the smallest satellites in the world to demonstrate real-time VOIP calls, IM, Financial transactions, IoT data pickups, Inter-satellite links, SigInt, spectrum monitoring from space, and differential drag formation flying.",https://www.linkedin.com/feed/update/urn:li:activity:7079012081454227456/?updateEntityUrn=urn%3Ali%3Afs_feedUpdate%3A%28V2%2Curn%3Ali%3Aactivity%3A7079012081454227456%29,,Sky and Space,UK,3U,"Demonstrate voice, M2M and IoT communication services and ISL (Inter Satellite Link)."
PACSCISAT,pacscisat,https://www.nanosats.eu/sat/pacscisat.html,2017-06-23,"Reentry 2023-03-14.Was operational until 2017-09-XX, 3 months? (Tyvak, CubeSat Developers Worksshop 2018)","Reentered, Retired, Was operational",—,não,"Terran Orbital's PACSCISAT, built for Pacific Scientific Energetic Materials Company, has successfully demonstrated the reliability and precision of PacSci EMC’s satellite products in space. This self-funded mission provided crucial flight heritage, ensuring confidence in their electronic controllers and propulsion systems.",https://www.linkedin.com/posts/terranorbital_terranorbital-pacsciemc-spacetech-activity-7371226015983112192-Ko8V?utm_source=share&utm_medium=member_desktop&rcm=ACoAAAt6RjABfKWEquksacZ3EVEQFZa3Fpq53uM,,Tyvak,,3U,Technology demonstration for deorbiting.
Pegasus,pegasus,https://www.nanosats.eu/sat/pegasus.html,2017-06-23,Reentry 2024-01-08. Was operational (Telemetry on official website last updated on 2023-06-07 last checked 2023-06-08),"Reentered, Operational",—,não,"On Jan 8th, the first CubeSat, the FHWN Aerospace Engineering space mission PEGASUS ended with the radiant burning up of the satellite, the very first 2U CubeSat built and launched by Austria, in Earth’s atmosphere.
Communication and data download was possible unitl 1 hour prior to burn up.
Since its launch from the Indian Space Center in Sriharikota in 2017, the satellite has delivered valuable data to the ground station at the FHWN on a daily basis. On Jan 12th aerospace students, alumni and project partners gathered together for a burn-up-party, “mourning” the end of Pegasus and celebrating more than 6.5 years in orbit. A big THANKS to all the students, staff and our external partners for all the support and energy you put into this project.
PEGASUS served as a practical learning object and provided data until one hour before it burned up. Our students not only learned how to build, communicate with and control a satellite, but also how to analyze and rectify problems with the satellite in orbit from Earth.",https://www.linkedin.com/posts/aerospace-engineering_nanosatellites-cubesat-aerospaceengineering-activity-7156267726007676928-zvOx?utm_source=share&utm_medium=member_desktop | http://mstl.atl.calpoly.edu/~workshop/archive/2024/presentations/2024_Day1_Session1_%20Scharlemann.pdf | https://www.linkedin.com/posts/aerospace-engineering_nanosatellites-cubesat-aerospaceengineering-activity-7156267726007676928-zvOx?utm_source=share&utm_medium=member_desktop | https://www.linkedin.com/posts/aerospace-engineering_nanosatellites-cubesat-aerospaceengineering-activity-7156267726007676928-zvOx?utm_source=share&utm_medium=member_desktop,,University of Applied Sciences Wiener Neustadt,Austria,2U,Part of QB50 to study lower termosphere.
skCube,skcube,https://www.nanosats.eu/sat/skcube.html,2017-06-23,Reentry 2023-11-14. Was semi-operational until 2019-01-12. Was operational until 2017-07-08. (Public news),"Reentered, Was semi-operational, Was operational",A(fraco) - câmera sem alvo declarado,não,,,On-Board Computer stopped working. Communications module continued sending beacon. Both thought to be due to radiation as effects have been noticed from South-Atlantic anomaly.,Slovak Organisation for Space Activities,Slovakia,1U,Observe the ultraviolet radiation upper atmosphere on the night side of the Earth
Venta-1,venta-1,https://www.nanosats.eu/sat/venta-1.html,2017-06-23,"Reentry 2024-01-09. Was semi-operational until 2019-02-XX? Was operational until 2017-06-25, 2 days. (Public news and one DK3WN report 2017-06-24)","Reentered, Was semi-operational, Was operational",A(fraco) - câmera sem alvo declarado; C - sinais cooperativos (AIS/ADS-B/RF),sim,,,Rotation issues have thought to be caused battery charging issues resulting in negative power budget.,University of Applied Sciences Bremen,Latvia,7.5 kg,Educational training and AIS receiver.
VZLUSAT-1,vzlusat-1,https://www.nanosats.eu/sat/vzlusat-1.html,2017-06-23,Reentry 2023-06-06. Was operational (Official news on 2023-06-07 about communicating until last day),"Reentered, Operational",—,não,"""The overall measurement showed very stable material properties of the radiation shield and the composite panel. The composite material from the 5M company thus found its way into other ESA satellites. Surface coating technology continues to be developed at TTS and RITEi in cooperation with ESA,""
adds Vladimír Dániel.
VZLUSAT-1 also helped with a number of experiments. One of them was, for example, the on-board X-ray telescope, consisting of a multifoil wide-angle crayfish-eye system that covers radiation energies of 3–30 keV
. “Its development continued in the ESA SR-CTP project for three years under the leadership of the company",https://www.vzlu.cz/vzlusat-1-druha-nejdele-fungujici-druzice-velikosti-2u-sveta-shorel-v-atmosfere-stal-se-na-obezne-draze-nejdele-fungujici-ceskou-druzici-vubec/ | https://www.vzlu.cz/vzlusat-1-druha-nejdele-fungujici-druzice-velikosti-2u-sveta-shorel-v-atmosfere-stal-se-na-obezne-draze-nejdele-fungujici-ceskou-druzici-vubec/ | https://www.vzlu.cz/vzlusat-1-druha-nejdele-fungujici-druzice-velikosti-2u-sveta-shorel-v-atmosfere-stal-se-na-obezne-draze-nejdele-fungujici-ceskou-druzici-vubec/,,Aerospace Research and Test Establishment,,2U,Part of QB50 to study lower termosphere.
Ecuador-UTE-YuZGU,ecuador-ute-yuzgu,https://www.nanosats.eu/sat/ecuador-ute-yuzgu.html,2017-07-14,"Was semi-operational until 2017-07-30, 2 weeks.",Was semi-operational,—,não,,,Low batteries. Failed due to a malfunctioning Fregat attitude control thruster. Damage to CubeSat solar cells?,Tecnologica Equinoccial University (UTE),Ecuador,1U,Educational training and amateur radio mission.
Iskra-MAI-85,iskra-mai-85,https://www.nanosats.eu/sat/iskra-mai-85.html,2017-07-14,No signal,No signal,—,não,,,Failed due to a malfunctioning Fregat attitude control thruster. Damage to CubeSat?,Moscow Aviation Institute (MAI),,3U,Educational training and using only domestically produced components.
Mayak,mayak,https://www.nanosats.eu/sat/mayak.html,2017-07-14,"Reentry 2025-01-22. No signal (Does not carry any telemetry equipment, but also failed to automatically unfurl the reflector)","Reentered, No signal",—,não,,,Failed due to a malfunctioning Fregat attitude control thruster. Damage to CubeSat?,Moscow State University of Mechanical Engineering,Russia,3U,Unfurl a very large reflector to become the brightest object in the sky.
ASTERIA,asteria,https://www.nanosats.eu/sat/asteria.html,2017-08-14,"Reentry 2020-04-24. Was operational until 2019-12-05, stopped transmitting and responding to commands (NASA news 2020-01-03 checked on 2020-01-04)","Reentered, Was operational",—,não,"ASTERIA made a marginal detection of the known transiting exoplanet 55 Cancri e (∼ 2 R⊕), measuring a transit depth of 374 ± 170 ppm. This is the first detection of an exoplanet by a CubeSat.",https://arxiv.org/pdf/2005.14155.pdf,,NASA Jet Propulsion Laboratory,US,6U,Telescope to monitor a single start for two years to find transiting exoplanets.
DHFR,dhfr,https://www.nanosats.eu/sat/dhfr.html,2017-08-26,Reentry 2022-11-09. No signal? (No public news found. Comms failure in 2019 presentation. NORAD ID is unclear and possibly wrong in Space-Track. Using object number from Jonathan McDowell's Satcat),"Reentered, No signal",—,não,,,Comms failure.,DARPA,US,3U,DARPA High Frequency Receiver Experiment.
ISARA,isara,https://www.nanosats.eu/sat/isara.html,2017-11-12,Reentry 2022-02-23. Was operational (Public news on 2019-05-23),"Reentered, Operational",—,não,"First reflectarray antenna flown in space.
First high gain antenna integrated with solar panels (low mass delta).
First calibrated antenna gain measurement performed from space –33.4 dB peak.
First 100 Mbps CubeSat (3U) telecom downlink capability (from LEO).",,,NASA Jet Propulsion Laboratory,US,3U,Demonstrate deployable reflectarray and Ka-band communications.
MiRaTA,mirata,https://www.nanosats.eu/sat/mirata.html,2017-11-14,"Reentry 2025-10-23. Was operational until 2018-01-25, both radios lost. (CubeSat Developers Workshop 2018, listed as Failure in NASA's CubeSat Fleet Missions Database as of 2022-01-01)","Reentered, Was operational",A - sensoriamento remoto,sim,Marked as Failure in the NASA SmallSat/CubeSat Fleet Missions Database.,https://s3vi.ndc.nasa.gov/cubesat/,Lost contact with primary radio and then unsuccessful reprogram of backup radio was last contact.,MIT (Massachusetts Institute of Technology),US,3U,Validate new technologies in both passive microwave radiometry and GPS radio occultation.
MakerSat-0,makersat-0,https://www.nanosats.eu/sat/makersat-0.html,2017-11-18,"Semi-operational? Was operational until 2017-12-03, power budget problems. (Smallsat 2018)","Was operational, Semi-operational",—,não,,,Broken solar cells reduced power generation by 40% and power budget went negative until science mission stopped. Afterwards several beacons received per day when batteries partially charged.,Northwest Nazarene University,,1U,Test the in-space material properties of various 3D printed polymers.
CANYVAL-X 1U Jerry,canyval-x-jerry,https://www.nanosats.eu/sat/canyval-x-jerry.html,2018-01-12,"Reentry 2023-05-31. No signal (Unable to find any contact reports, official manuscript. Objects likely remained combined.)","Reentered, No signal",—,não,,,Not the best engineering decisions and ground station problems.,Yonsei University,,1U,Demonstrate CubeSat astronomy using virtual telescope alignment.
CANYVAL-X 2U Tom,canyval-x-tom,https://www.nanosats.eu/sat/canyval-x-tom.html,2018-01-12,"Reentry 2023-05-31. Was semi-operational until 2018-03-XX? (First beacon received on day 43, but telemetry and commanding not available, official manuscript. Objects likely remained combined.)","Reentered, Was semi-operational",—,não,,,Not the best engineering decisions and ground station problems.,Yonsei University,,2U,Demonstrate CubeSat astronomy using virtual telescope alignment.
MarCO 1,marco,https://www.nanosats.eu/sat/marco.html,2018-05-05,,Was operational,A - sensoriamento remoto,sim,MarCO-A Radio Occultation did not detect the Mars atmosphere or ionosphere during the flyby. An assessment of the MarCO flyby and RO data indicates that the MarCO 2-way data has a stable frequency residual and performance is in the same order of MRO 2-way data. Modeling results suggest that the 2-way MarCO radio signal could have been able to have a positive detection of the atmosphere and ionosphere comparable to MRO. Frequency residual measurements derived from MarCO X-band radio links confirm that the 1-way X-band data could have detected the neutral atmosphere but not the ionosphere.,http://www.intersmallsatconference.com/past/2020/B.4-Buccino/2020ISSC_MarCO_Occultation_v1.pdf,,NASA Jet Propulsion Laboratory,US,6U,First interplanetary CubeSat and relay data during Insight landing on Mars.
MarCO 2,marco,https://www.nanosats.eu/sat/marco.html,2018-05-05,,Was operational,A - sensoriamento remoto,sim,MarCO-A Radio Occultation did not detect the Mars atmosphere or ionosphere during the flyby. An assessment of the MarCO flyby and RO data indicates that the MarCO 2-way data has a stable frequency residual and performance is in the same order of MRO 2-way data. Modeling results suggest that the 2-way MarCO radio signal could have been able to have a positive detection of the atmosphere and ionosphere comparable to MRO. Frequency residual measurements derived from MarCO X-band radio links confirm that the 1-way X-band data could have detected the neutral atmosphere but not the ionosphere.,http://www.intersmallsatconference.com/past/2020/B.4-Buccino/2020ISSC_MarCO_Occultation_v1.pdf,,NASA Jet Propulsion Laboratory,US,6U,First interplanetary CubeSat and relay data during Insight landing on Mars.
BHUTAN-1,bhutan-1,https://www.nanosats.eu/sat/bhutan-1.html,2018-06-29,Reentry 2020-11-18. Was operational (Last SatNOGS report with AFSK data 2019-04-16 checked on 2019-05-26),"Reentered, Operational",A - sensoriamento remoto; B - coleta de plataformas (DCS/IoT),sim,"Strong CW.
Very few uplink success.
APRS beacon OK, but no uplink.",https://digitalcommons.usu.edu/cgi/viewcontent.cgi?article=5233&context=smallsat | https://digitalcommons.usu.edu/cgi/viewcontent.cgi?article=5233&context=smallsat | https://digitalcommons.usu.edu/cgi/viewcontent.cgi?article=5233&context=smallsat,,Kyushu Institute of Technology,Bhutan,1U,Amateur radio communications and educational training.
MAYA-1,maya-1,https://www.nanosats.eu/sat/maya-1.html,2018-06-29,Reentry 2020-11-20. Was operational (Last SatNOGS report with AFSK data 2019-04-29 checked on 2019-05-26),"Reentered, Operational",B - coleta de plataformas (DCS/IoT),sim,"Strong CW.
Very few uplink success.
APRS beacon OK, but no uplink.",https://digitalcommons.usu.edu/cgi/viewcontent.cgi?article=5233&context=smallsat | https://digitalcommons.usu.edu/cgi/viewcontent.cgi?article=5233&context=smallsat | https://digitalcommons.usu.edu/cgi/viewcontent.cgi?article=5233&context=smallsat,,University of the Philippines,Philippines,1U,Amateur radio communications and educational training.
UiTMSAT-1,uitmsat-1,https://www.nanosats.eu/sat/uitmsat-1.html,2018-06-29,Reentry 2020-11-20. Was operational (Last SatNOGS report with AFSK data 2019-03-31 checked on 2019-05-26),"Reentered, Operational",A - sensoriamento remoto; B - coleta de plataformas (DCS/IoT),sim,"Strong CW.
Very few uplink success.
APRS beacon OK, but no uplink.",https://digitalcommons.usu.edu/cgi/viewcontent.cgi?article=5233&context=smallsat | https://digitalcommons.usu.edu/cgi/viewcontent.cgi?article=5233&context=smallsat | https://digitalcommons.usu.edu/cgi/viewcontent.cgi?article=5233&context=smallsat,,Universiti Teknologi MARA (UiTM),Malaysia,1U,Amateur radio communications and educational training.
AUTCube2,autcube2,https://www.nanosats.eu/sat/autcube2.html,2018-10-29,No signal (Official news on the website 2018-12-09 and later),No signal,—,não,,,Satellite did not boot in space?,Aichi University of Technology,Japan,1U,Artificial star seen by the eye CubeSat seen with the Naked Eye.
Stars-AO,stars-ao,https://www.nanosats.eu/sat/stars-ao.html,2018-10-29,"Was semi-operational until 2019-05-10? (Website update on 2019-05-10, but European CubeSat Symposium 2019 presentation states negative power balance)",Was semi-operational,A(fraco) - câmera sem alvo declarado,não,,,Negative power balance causing regular resets and 4 months without contact.,Shizuoka University,,1U,Test super high sensitivity camera WAT-910BD made in WATEC.
Tongchuan-1,tongchuan-1,https://www.nanosats.eu/sat/tongchuan-1.html,2018-10-29,"Reentry 2025-01-06. Was operational? (Smallsat 2020, but no news found size last checked 2023-06-09)","Reentered, Operational",—,não,"On May 18 2018, the high voltage was turned on for the first time to enter the operating mode, and the space X-ray and charged particle-triggered tracks were successfully detected, indicating that the detector was operating normally, and the feasibility of applying the new generation of polarization detection technology to space astronomy was verified.",http://,,Spacety,China,6U,Pick up signals from gamma-ray bursts.
KickSat-2,kicksat-2,https://www.nanosats.eu/sat/kicksat-2.html,2018-11-17,"Reentry 2019-04-02. Was semi-operational. Antenna likely failed to deploy, but Kicksats were ejected.","Reentered, Semi-operational",—,não,,,"Antenna likely failed to deploy, but Kicksats were ejected.",Cornell University,,3U,Reflight of KickSat to carry and deploy 200 Sprites.
Audacy Zero,audacy-zero,https://www.nanosats.eu/sat/audacy-zero.html,2018-12-03,No signal (Public news as of 2019-05-10),No signal,—,não,,,We've isolated the problem to the omnidirectional antenna system.,Audacy,US,3U,Test in-house hardware to provide continuous communications between satellites and operator.
CSIM,csim,https://www.nanosats.eu/sat/csim.html,2018-12-03,"Reentry 2025-08-09. Was operational until 2022-02-01, possibly retired (SmallSat 2021 but decommissioned in February 2023 as per official website)","Reentered, Was operational, Retired, ?",—,não,CSIM operated for 4 years collecting solar spectral irradiance data despite SD card failures.,https://digitalcommons.usu.edu/cgi/viewcontent.cgi?article=5687&context=smallsat,,University of Colorado Boulder,US,6U,Observe the solar spectral irradiance and amateur radio transmissions.
Elysium-Star 2,elysium-star2,https://www.nanosats.eu/sat/elysium-star2.html,2018-12-03,"Deployment prohibited. Passive, but was sealed into the deployer (Read more from the SpaceNews article)","Deployment prohibited, Passive, On spacecraft",—,não,Not deployed from its dispenser.,https://spacenews.com/spaceflight-herded-64-cubesats-onto-a-single-falcon-9-it-has-the-scratch-marks-to-prove-it/,,Elysium Space,US,1U,"Carry loved one ashes, lock of hairs, or meaningful mementos and carries CUBIT identification tag."
ENOCH,enoch,https://www.nanosats.eu/sat/enoch.html,2018-12-03,Reentry 2021-12-21? Passive.,"Reentered, Passive",—,não,"Got a signal from the CUBIT on Enoch the day after launch, confirming that the satellite had been deployed. A month later, SRI detected the CUBIT signal from Enoch again, allowing them to link Enoch to a specific object in the CSpOC catalog.",https://spacenews.com/spaceflight-herded-64-cubesats-onto-a-single-falcon-9-it-has-the-scratch-marks-to-prove-it/,,LACMA (Los Angeles County Museum of Art),US,3U,CubeSat-size work of art to be launched into space and carries CUBIT identification tag.
Fox-1C,fox-1c,https://www.nanosats.eu/sat/fox-1c.html,2018-12-03,"Semi-operational, beacons being received, but no uplink (Last SatNOGS report with data 2023-06-09 last checked 2013-06-10)",Semi-operational,A - sensoriamento remoto,sim,,,Anomaly with her receive capability.,The Radio Amateur Satellite Corporation (AMSAT),US,1U,"FM repeater, camera and radiation experiment."
IRVINE02,irvine02,https://www.nanosats.eu/sat/irvine02.html,2018-12-03,"Was semi-operational until 2018-12-XX? (DK3WN heard on 2018-12-04, but very weak. Tweet on 2019-04-17 about team attempting to enable laser to track it. Checked 2019-05-26)","Was semi-operational, ?",A(fraco) - câmera sem alvo declarado,não,,,Antenna likely did not deploy based on weak signals.,University High School,US,1U,Demonstrate electric propulsion system plus camera for educational purposes.
ITASAT 1,itasat-1,https://www.nanosats.eu/sat/itasat-1.html,2018-12-03,"Semi-operational (Last SatNOGS report with changing data 2023-06-10, but the linked website is describing issues. Checked 2023-06-10)",Semi-operational,A - sensoriamento remoto; B - coleta de plataformas (DCS/IoT),sim,,,"Batteries not working in eclipse causing resets, which wipes uplinked configuration changes",Technological Institute of Aeronautics,Brazil,6U,Test Brazilian data collection transponder for the Brazilian Data Collection System and Argos System.
K2SAT,k2sat,https://www.nanosats.eu/sat/k2sat.html,2018-12-03,Reentry 2025-02-21. Was s semi-operational until 2018-12-24 (Only DK3WM report 2018-12-08),"Reentered, Was semi-operational",A(fraco) - câmera sem alvo declarado,não,,,Solar panel likely not deployed.,Republic of Korea Air Force Academy,South Korea,3U,Amateur radio missions plus camera to take photos.
MinXSS-2,minxss-2,https://www.nanosats.eu/sat/minxss-2.html,2018-12-03,"Was operational until 2019-01-07 (News on 2020-05-31, listed as Failure in NASA's CubeSat Fleet Missions Database as of 2022-01-01)",Was operational,—,não,Marked as Failure in the NASA SmallSat/CubeSat Fleet Missions Database.,https://s3vi.ndc.nasa.gov/cubesat/,Computer card on the cubesat failed.,University of Colorado Boulder,,3U,Better understand the energy distribution of solar flare soft X-ray (SXR) emissions and its impact on Earth’s atmosphere.
PW-Sat2,pw-sat2,https://www.nanosats.eu/sat/pw-sat2.html,2018-12-03,Reentry 2021-02-23. Was operational (Latest proof on social media on 2019-09-22),"Reentered, Operational",—,não,"Sail deployed, but degraded just after deployment - major damages within a week and slow degradation within the next few weeks. The reason isn't confirmed yet, but leading hypothesis is that temperature gradient between sail foil and arms leads to tension and breaking the foil.",https://twitter.com/PWSat2/status/1140151193051770881,,Warsaw University of Technology,Poland,2U,Demonstrate solar sail for deorbiting and sun sensor.
RAAF M1,raaf-m1,https://www.nanosats.eu/sat/raaf-m1.html,2018-12-03,No signal (Official LinkedIn post from March 2019),No signal,C - sinais cooperativos (AIS/ADS-B/RF),sim,,,"Unknown, but suspecting COTS radio",University of New South Wales (UNSW Canberra),Australia,3U,Demonstrate CubeSat platform technologies and collect AIS and ADS-B messages.
SNUSat-2,snusat-2,https://www.nanosats.eu/sat/snusat-2.html,2018-12-03,"Was semi-operational until 2018-12-10, a week? (DK3WN reports decoded packet 2018-12-08. DS1STU reports telemetry of high rotation 2018-12-08 and uplink confirmation on 2018-12-10 but no further news found. SatNOGS reports do not have waterfall or very short strange packets. Last checked 2023-06-10)","Was semi-operational, ?",A - sensoriamento remoto,sim,,,According to the telemetry SNUSAT-2 is under serious tumbling motion.,Seoul National University,,3U,Early-stage disaster monitoring and demonstrate in-house technologies.
CAT A,cat,https://www.nanosats.eu/sat/cat.html,2018-12-05,,"Reentered, Operational",—,não,"CAT mission has been successful in maintaining the desired in-track separation. The CAT spacecraft have never been below the 10-km separation range limit and only exceeded the 150-km separation range limit twice. First due to initial deployment velocity and delayed initiation of drag maneuvering. Second due to a series of untimely safe-mode and command lock-outs.
More frequent maneuver updates in combination with faster maneuver planning methods have been implemented based on lessons learned.
Primary CAT mission was successful and we look forward to a successful extended mission as well.",https://digitalcommons.usu.edu/smallsat/2020/all2020/115/ | https://digitalcommons.usu.edu/smallsat/2020/all2020/115/ | https://digitalcommons.usu.edu/smallsat/2021/all2021/148/,,Johns Hopkins APL,,3U,Key lessons learned from the ORS TECH and RAVAN missions are being applied to this mission.
CAT B,cat,https://www.nanosats.eu/sat/cat.html,2018-12-05,,"Reentered, Operational",—,não,"CAT mission has been successful in maintaining the desired in-track separation. The CAT spacecraft have never been below the 10-km separation range limit and only exceeded the 150-km separation range limit twice. First due to initial deployment velocity and delayed initiation of drag maneuvering. Second due to a series of untimely safe-mode and command lock-outs.
More frequent maneuver updates in combination with faster maneuver planning methods have been implemented based on lessons learned.
Primary CAT mission was successful and we look forward to a successful extended mission as well.",https://digitalcommons.usu.edu/smallsat/2020/all2020/115/ | https://digitalcommons.usu.edu/smallsat/2020/all2020/115/ | https://digitalcommons.usu.edu/smallsat/2021/all2021/148/,,Johns Hopkins APL,,3U,Key lessons learned from the ORS TECH and RAVAN missions are being applied to this mission.
TechEdSat-8,techedsat-8,https://www.nanosats.eu/sat/techedsat-8.html,2018-12-05,"Reentry 2020-04-20. Was operational until 2019-02-14, 2 weeks (CubeSat Developers Workshop 2019)","Reentered, Was operational",—,não,"Both versions of the BrainStack payload produced partially successful results; it was confirmed the TX2 payload activated, recorded a video, compressed the file, and wirelessly transferred the data to the S-band radio via Wi-Fi, determined through event logs and verified onboard file transfers. Unfortunately, in both cases the Lunar Radio did not perform as expected, preventing recovery of the full video file as an S-band downlink was never successfully maintained.",https://digitalcommons.usu.edu/cgi/viewcontent.cgi?article=5641&context=smallsat,Power system anomaly,NASA Ames Research Center,,6U,Further develop and demonstrate the Exo-Brake system through full recovery of a payload.
AeroCube-11A,aerocube-11,https://www.nanosats.eu/sat/aerocube-11.html,2018-12-16,,"Reentered, Operational",A - sensoriamento remoto,sim,"Results show good multispectral image quality from the CubeSat sensor, and illustrate the ability of R3 to detect vegetation and other features in a manner similar to Landsat, as well as the challenge in perfectly exposing all 6 VIS/NIR Landsat bands using our commercial 10-bit CMOS array.
We planned and accomplished a Landsat-8 near conjunction collection on 22 January, 2020 over France. These R3 data have not yet been transmitted via lasercom, due to star sensor degradation issues which have made closing the laser link difficult. These data may eventually be downlinked via the experimental software defined radio which was successfully brought online during the mission.",https://digitalcommons.usu.edu/cgi/viewcontent.cgi?article=4714&context=smallsat | https://digitalcommons.usu.edu/cgi/viewcontent.cgi?article=4714&context=smallsat,,Aerospace Corporation,,3U,Multispectral pushbroom imager and laser transmitter for downlink.
AeroCube-11B,aerocube-11,https://www.nanosats.eu/sat/aerocube-11.html,2018-12-16,,"Reentered, Operational",A - sensoriamento remoto,sim,"Results show good multispectral image quality from the CubeSat sensor, and illustrate the ability of R3 to detect vegetation and other features in a manner similar to Landsat, as well as the challenge in perfectly exposing all 6 VIS/NIR Landsat bands using our commercial 10-bit CMOS array.
We planned and accomplished a Landsat-8 near conjunction collection on 22 January, 2020 over France. These R3 data have not yet been transmitted via lasercom, due to star sensor degradation issues which have made closing the laser link difficult. These data may eventually be downlinked via the experimental software defined radio which was successfully brought online during the mission.",https://digitalcommons.usu.edu/cgi/viewcontent.cgi?article=4714&context=smallsat | https://digitalcommons.usu.edu/cgi/viewcontent.cgi?article=4714&context=smallsat,,Aerospace Corporation,,3U,Multispectral pushbroom imager and laser transmitter for downlink.
ALBus,albus,https://www.nanosats.eu/sat/albus.html,2018-12-16,"Reentry 2024-07-13? Was operational until 2018-12-17, about 4 hours. No signal had been reported before, but beacons were heard (Smallsat 2020)","Reentered, Was operational",—,não,"Beacon signal was seen very strong at the exact period of 15 seconds on the exact frequency of 400.4 MHz.
This signal reception validated the success criteria for a successful deployment of solar panels and antennas. Had the antennas failed to deploy, the radio would have most likely destroyed itself as the antennas, when stowed, are touching the CubeSat's metal chassis.
Unfortunately, that series of beacons that were received four hours after ALBus deployed was the first and last time a signal was head from it. ALBus was not able to get a first pass scheduled to begin the search until Monday, December 17, 2018.
Several attempts were made until government shutdown and afterwards, but search was called off early February 2019.",https://digitalcommons.usu.edu/smallsat/2020/all2020/9/ | https://digitalcommons.usu.edu/smallsat/2020/all2020/9/ | https://digitalcommons.usu.edu/smallsat/2020/all2020/9/ | https://digitalcommons.usu.edu/smallsat/2020/all2020/9/,,NASA Glenn Research Center,US,3U,Demonstrate efficient battery charging and 100 Watt distribution.
CeREs,ceres,https://www.nanosats.eu/sat/ceres.html,2018-12-16,"Reentry 2022-12-14? Was semi-operational until 2018-12-XX? (Indirect tweet from Jonathan McDowell
on 2019-03-04 and official presentation at Planetary CubeSats Symposum)","Reentered, Was semi-operational",—,não,Marked as Failure in the NASA SmallSat/CubeSat Fleet Missions Database.,https://s3vi.ndc.nasa.gov/cubesat/,,NASA Goddard Space Flight Center,,3U,"Study primary radiation belt energization, as well as loss electron spectra and microbursts."
CP11,cp11,https://www.nanosats.eu/sat/cp11.html,2018-12-16,Reentry 2024-05-18. No signal (Smallsat 2020),"Reentered, No signal",—,não,No signal heard and a likely failure mode has not been identified.,https://digitalcommons.usu.edu/cgi/viewcontent.cgi?article=4615&context=smallsat,"In depth failure mode analysis performed, but failure cause not identified.",California Polytechnic State University (Cal Poly),,3U,Study multi-frequency radio wave interference produced by the atmosphere at sunset near the equator.
NMTSat,nmtsat,https://www.nanosats.eu/sat/nmtsat.html,2018-12-16,Reentry 2023-11-01? No signal (Smallsat 2020 and tweet from Jonathan McDowell on 2019-03-04),"Reentered, No signal",—,não,"Failed to contact ground stations following launch. Tried to look for the optical signal from the ELROI on the cubesat based on the orbital elements of the various unidentified objects associated with the launch, but failed to see anything.",https://digitalcommons.usu.edu/cgi/viewcontent.cgi?article=4736&context=smallsat,,New Mexico Institute of Mining and Technology,,3U,Correlating state-of-health information from the spacecraft with space weather in LEO and ELROI Optical Satellite License Plate.
Shields-1,shields-1,https://www.nanosats.eu/sat/shields-1.html,2018-12-16,Reentry 2026-02-12. Was operational (Indirect tweet from Jonathan McDowell on 2019-03-04. SmallSat 2023 presentation.),"Reentered, Operational",—,não,Shields-1 (Z-Shield Vault): Performing over 4 Years in Polar Low-Earth Orbit.,https://digitalcommons.usu.edu/smallsat/2023/all2023/113/,,NASA Langley Research Center,US,3U,Raise the TRL of Atomic Number (Z) grade radiation shielding technologies.
ZACUBE-2,zacube-2,https://www.nanosats.eu/sat/zacube-2.html,2018-12-27,Reentry 2024-04-24. Was operational? (Latest announcement on social media on 2020-12-27. SatNOGS does not have reports with data. Checked on 2023-06-10),"Reentered, Operational, ?",A - sensoriamento remoto; C - sinais cooperativos (AIS/ADS-B/RF),sim,Images taken and X-band transmitter tested at 50 Mbps.,https://twitter.com/fsatispace/status/1177554181143584768,,Cape Peninsula University of Technology,,3U,Testbed for a ship-tracking payload (AIS) and imager for ocean color and fire tracking.
OrigamiSat-1,origamisat-1,https://www.nanosats.eu/sat/origamisat-1.html,2019-01-18,"Reentry 2022-04-30. Was operational until 2019-01-24, 5 days? UHF signal lost and 5.8 GHz attempts failed.","Reentered, Was operational",—,não,"Within 25 min from the release, House Keeping data in CW from the OrigamiSat-1 were received by an amateur radio operator in Japan, reported by Twitter.
At 22:04JST on the same day, an uplink command from the Tokyo Tech ground station to stop the nichrome cutter for the deployment antenna was successfully responded by the satellite.
There were two approximately 24-h communication loss before January 24, 2019. When the data were obtained, the battery voltages were normal. And at 20:11JST on the seventh day after the launch, the signal from the satellite was lost during the uplink/downlink operation above the Tokyo Tech ground station.
The signal has not been heard since. As a result, none of the main three satellite missions have been successfully carried out yet.
The two about 24-h signal losses are possibly caused by a program bug in COBC, identified after the launch. There was a bug in the satellite mode change. When the satellite mode changes from Nominal to Saving mode at 7.5V, the RX and TX are not properly turned on because of too short command delays in the COBC program. But the satellite can be operated still, because of a once-a-day COBC reset.
Long-time signal loss over 13 months has not been explained clearly. It is caused by either power system, RX/TX, or COBC.",,"Suspect that power system or main microcomputer problem, based on both of 430MHz and 5.84GHz downlink being disabled.",Tokyo Institute of Technology,,3U,Membrane deployment mission and amateur radio mission.
Xiaoxiang-1 03,xiaoxiang-1-03,https://www.nanosats.eu/sat/xiaoxiang-1-03.html,2019-01-21,Reentry 2024-01-08. Was operational? (Official article from Spacety on 2019-09-02),"Reentered, Operational",A - sensoriamento remoto,sim,"Second country in the world to carry out ionic liquid microelectric propulsion space verification tests. Has assisted customers to complete software radio experiments, ionic liquid microelectric propulsion space verification tests, self-developed off-orbit sail experiments, and very low-cost imaging experiments of spaceborne cameras.",https://www.weibo.com/ttarticle/p/show?id=2309404365385536247134#_0,,Spacety,China,6U,Full-color miniature remote sensing camera and deorbit drag sail.
M6P,m6p,https://www.nanosats.eu/sat/m6p.html,2019-04-01,Reentry 2023-07-20. Was operational (Results reports on 2019-06-20),"Reentered, Operational",B - coleta de plataformas (DCS/IoT),sim,BTD-1 demonstration for Blink Astro concluded in September 2019 with primary goals achieved.,https://www.linkedin.com/posts/blink-astro-llc_iot-cubesat-spacega-activity-6583712358147911680-G1uh/,,NanoAvionics,Lithuania,6U,Hosted payload rideshare mission. LoRaWAN IoT network in space. Payloads from Lacuna Space and Blink Astro.
AeroCube-10A,aerocube-10,https://www.nanosats.eu/sat/aerocube-10.html,2019-04-17,,"Reentered, Operational",—,não,"With some technical panache, one of The Aerospace Corporation’s CubeSats maneuvered itself within 22 meters of its sibling CubeSat and snapped a series of photos while orbiting at 17,000 miles per hour.
This incredibly difficult technology demonstration, performed by a satellite the size of a tissue box, paves the way for future inspection or servicing missions. AeroCube-10 is by far the smallest spacecraft to have accomplished a rendezvous and proximity operation so close.
Jonathan McDowell is reporting only 5 passive subsats were deployed.",https://aerospace.org/article/cubesats-get-close-proximity-operation-interesting-implications | https://aerospace.org/article/cubesats-get-close-proximity-operation-interesting-implications | https://twitter.com/planet4589/status/1660350695424311297,,Aerospace Corporation,,1.5U,Demonstrate satellite-to-satellite pointing and deployment of small atmospheric probes.
AeroCube-10B,aerocube-10,https://www.nanosats.eu/sat/aerocube-10.html,2019-04-17,,"Reentered, Operational",—,não,"With some technical panache, one of The Aerospace Corporation’s CubeSats maneuvered itself within 22 meters of its sibling CubeSat and snapped a series of photos while orbiting at 17,000 miles per hour.
This incredibly difficult technology demonstration, performed by a satellite the size of a tissue box, paves the way for future inspection or servicing missions. AeroCube-10 is by far the smallest spacecraft to have accomplished a rendezvous and proximity operation so close.
Jonathan McDowell is reporting only 5 passive subsats were deployed.",https://aerospace.org/article/cubesats-get-close-proximity-operation-interesting-implications | https://aerospace.org/article/cubesats-get-close-proximity-operation-interesting-implications | https://twitter.com/planet4589/status/1660350695424311297,,Aerospace Corporation,,1.5U,Demonstrate satellite-to-satellite pointing and deployment of small atmospheric probes.
KrakSat,kraksat,https://www.nanosats.eu/sat/kraksat.html,2019-04-17,"Reentry 2022-01-17. Was operational until 2019-07-30, 14 days after battery dropped to critical level. Was quiet from deployment on 2019-07-03 to 2019-07-16 after which two-way communications was established, but mission objectives not completed.","Reentered, Was operational",—,não,Main experiment of Ferrofluid Reaction Wheel not started due to negative power budgets and various cascading problems.,https://www.researchgate.net/publication/337874738_KRAKsat_Satellite_Mission_-_Lessons_Learned_EN,Power supply (negative power budget) problems causing endless loop of restarts. Also hysteresis and EPS problems.,AGH University of Science and Technology,Poland,1U,Demostrate ferrofluid based attitude control.
NepaliSat-1,nepalisat-1,https://www.nanosats.eu/sat/nepalisat-1.html,2019-04-17,Reentry 2021-10-03. Was operational (Last JA0CAW reports from 2019-06-22 checked on 2019-06-24),"Reentered, Operational",A(fraco) - câmera sem alvo declarado; B - coleta de plataformas (DCS/IoT),sim,Full mission success.,https://digitalcommons.usu.edu/cgi/viewcontent.cgi?article=5233&context=smallsat,,Kyushu Institute of Technology,Nepal,1U,Remote Data Collection based on low powered LoRa modulation for demonstration.
Raavana-1,raavana-1,https://www.nanosats.eu/sat/raavana-1.html,2019-04-17,Reentry 2021-10-03. Was operational (Last JA0CAW reports from 2019-06-22 checked on 2019-06-24),"Reentered, Operational",A(fraco) - câmera sem alvo declarado; B - coleta de plataformas (DCS/IoT),sim,Full mission success.,https://digitalcommons.usu.edu/cgi/viewcontent.cgi?article=5233&context=smallsat,,Kyushu Institute of Technology,Sri Lanka,1U,Remote Data Collection based on low powered LoRa modulation for demonstration.
Seeker 1.0,seeker,https://www.nanosats.eu/sat/seeker.html,2019-04-17,"Reentry 2023-12-05. Was operational until 2019-09-17, 1 day as planned? (Website as 2020-04-09)","Reentered, Was operational",A(fraco) - câmera sem alvo declarado,não,"Seeker was deployed in September 2019, and collected over 100 images of the Cygnus spacecraft.",https://sites.utexas.edu/tsl/seeker/,,NASA Johnson Space Center,US,3U,Free-flying robot poised to make its first test inspection in orbit with the Cygnus station cargo resupply vehicle.
SpooQy-1,spooqy-1,https://www.nanosats.eu/sat/spooqy-1.html,2019-04-17,Reentry 2021-10-16. Was operational (Press release about handing operations over to SpeQtral on 2020-03-28),"Reentered, Operational",—,não,The operation of a polarization entangled photon-pair source on board a CubeSat in LEO has been reported. Entangled photon-pair production was observed over a temperature range from 16C to 21.5C.,https://digitalcommons.usu.edu/cgi/viewcontent.cgi?article=5293&context=smallsat,,National University of Singapore,Singapore,3U,Demonstrate the generation of polarisation-entangled photon pairs in space.
Uguisu,uguisu,https://www.nanosats.eu/sat/uguisu.html,2019-04-17,Reentry 2021-10-07. Was operational (Last JA0CAW reports from 2019-06-22 checked on 2019-06-24),"Reentered, Operational",A(fraco) - câmera sem alvo declarado; B - coleta de plataformas (DCS/IoT),sim,Full mission success.,https://digitalcommons.usu.edu/cgi/viewcontent.cgi?article=5233&context=smallsat,,Kyushu Institute of Technology,Japan,1U,Remote Data Collection based on low powered LoRa modulation for demonstration of remote data collection plus camera.
E-TBEx A,tbex,https://www.nanosats.eu/sat/tbex.html,2019-06-25,,"Reentered, Operational",—,não,"Radio instabilities prevented the satellites from contacting MXL’s FXB station, since the satellites were not transmitting over the FXB, though they were beaconing over other locations. The ability to observe the satellites using stations elsewhere on the planet directly enabled the recovery of the spacecraft by allowing the MXL team to confirm the spacecraft was alive, identify the anomaly causing the spacecraft radio software to crash, and finally to correct it.",https://digitalcommons.usu.edu/cgi/viewcontent.cgi?article=4763&context=smallsat,,University of Michigan,,3U,Study how the dynamics and processes in the troposphere can cause variability in the behavior of the upper atmosphere and ionosphere.
E-TBEx B,tbex,https://www.nanosats.eu/sat/tbex.html,2019-06-25,,"Reentered, Operational",—,não,"Radio instabilities prevented the satellites from contacting MXL’s FXB station, since the satellites were not transmitting over the FXB, though they were beaconing over other locations. The ability to observe the satellites using stations elsewhere on the planet directly enabled the recovery of the spacecraft by allowing the MXL team to confirm the spacecraft was alive, identify the anomaly causing the spacecraft radio software to crash, and finally to correct it.",https://digitalcommons.usu.edu/cgi/viewcontent.cgi?article=4763&context=smallsat,,University of Michigan,,3U,Study how the dynamics and processes in the troposphere can cause variability in the behavior of the upper atmosphere and ionosphere.
Stangsat,stangsat,https://www.nanosats.eu/sat/stangsat.html,2019-06-25,"Reentry 2021-11-06. Was operational until 2019-06-26, 1 hour, only during launch as planned? (Results or confirmation not found)","Reentered, Was operational, ?",—,não,,,Was planned to be operational only during launch.,Merritt Island High School,US,1U,Primary mission is to measure shock and vibration data during launch.
TEPCE A,tepce,https://www.nanosats.eu/sat/tepce.html,2019-06-25,,"Reentered, Operational",—,não,"Jonathan McDowell reported that change in decay rate on 2020-11-17 suggests tether was deployed.
The end-masses were separated on November 15, 2019. The exposed tether increased the area for TEPCE, which resulted in a signiﬁcant increase in the decay rate. The last element set published was on February 2, 2020, which was 78 days after separation of the end-masses. As seen in Fig. 39, the last few element sets exhibited marked increase in decay. The date of the last element set provided by Space-track.org was February 2, 2020, which indicated that was the date TEPCE reentered the atmosphere. The enormous drag produced by the tether shortened the life of TEPCE by some 6 years. It is well known that electrodynamics can further decelerate the orbit of a tethered satellite. Many papers have been published on the deceleration eﬀects of electrodynamics thrusting, [9].
The communications and battery-life issues discussed in previous sections severely limited electrody-namic tether operations once TEPCE‘s tether was deployed. Nonetheless, TEPCE was able to return some interesting physical measurements. Since Stimpy was basically nonoperational after tether deployment, tests in which a bias voltage was to have been applied to its collector tape could not be conducted; in fact, the collector tape was never made part of the electrodynamic circuit.
Presentation in November 2023 shared additional details:
ACS Showed TEPCE was Tumbling End-Over-End at a Rate of 4.4 Revolutions per. Far Above the Maximum Acceptable Rate. Magnetorquers Engaged to Slow Tumble Below One RPM.
TEPCE’s Orbit Encountered the South Atlantic Anomaly Causing Frequent System Resets.
At 0147 EST on November 16, 2019 the Command was Given to Deploy the Tether. Acknowledgement was Not Obtained. Increase in Rotation About the Roll Axis was Consistent with Stacer Unwinding per Prelaunch Tests. A Sixfold Increase to the Drag Term on November 17, 2019, Further Confirmed Separation.
On November 22, 2019, Commands were Given to Deploy the Impedance Probes (iProbes) and Collector Tapes. Confirmation was Received from Ren. Confirmation was Not Received From Stimpy.
Imagery on November 21, 2019, Confirmed Separation but Showed Separation of Only About 270 m.
Further Imagery on November 27, 2019, Showed a Separation of 450 m. Also Showed an Anomalous Reflective Area in the Center of the Tether Suspected to Be a Snag in the Tether or a Rebound.
Possible Causes:
Braking Hooks Did Not Release
Braking Hooks Did Not Slow Release
Snag of a Piece of Hardware
Memory Effect Within the Tether.
TEPCE Suffered From Varying Communication Issues
Communication Difficulties Between the TMOC and RGS Computers (Resolved Prior to Launch).
Difficulties Closing the Link With the Satellite.
Tracking Issues with the Ground Station.
Power Management Issues.
Closing the Downlink With Stimpy Became Very Difficult Post-tether Deployment.
Gravity Gradient Caused Stimpy to Remain at a Higher Altitude.
It Was Hypothesized That the Tether May Have Modified the Antenna Pattern .
Cause Could Not Be Definitively Determined.
Operations Team Made 1,230 Communication Links with Ren, But Only 41 to Stimpy.
Tests Involving Stimpy’s Collection Tape Were Not Viable.
Tests Utilizing Ren Were Conducted
Tether Was Conductive
Ren Was Situated on the Negative End of the Tether.
Ignition of Electron-Emitting Filament Allowed Flow in the Electrodynamic Circuit Driven by the Naturally Occurring Potential Drop in the Tether
On December 6, 2019 Ren Was Able to Collect Data for a Significant Portion of Two Orbits.
Due to Natural Negative Bias on Ren, the iProbe Was Not Able to Measure Electron Density.
Electron Density Estimates Based on International Reference Ionosphere (IRI) Models Were Used and Behavior of Current in the Electrodynamic Circuit Was Consistent With the Estimated Level of Variation.",https://twitter.com/planet4589/status/1224919620647313412 | https://apps.dtic.mil/sti/pdfs/AD1161973.pdf | https://apps.dtic.mil/sti/pdfs/AD1161973.pdf | https://www.nasa.gov/wp-content/uploads/2023/11/tepce-brunner-nasa-ssvi.pdf?emrc=4dceb7 | https://www.nasa.gov/wp-content/uploads/2023/11/tepce-brunner-nasa-ssvi.pdf?emrc=4dceb7 | https://www.nasa.gov/wp-content/uploads/2023/11/tepce-brunner-nasa-ssvi.pdf?emrc=4dceb7 | https://www.nasa.gov/wp-content/uploads/2023/11/tepce-brunner-nasa-ssvi.pdf?emrc=4dceb7 | https://www.nasa.gov/wp-content/uploads/2023/11/tepce-brunner-nasa-ssvi.pdf?emrc=4dceb7 | https://www.nasa.gov/wp-content/uploads/2023/11/tepce-brunner-nasa-ssvi.pdf?emrc=4dceb7 | https://www.nasa.gov/wp-content/uploads/2023/11/tepce-brunner-nasa-ssvi.pdf?emrc=4dceb7 | https://www.nasa.gov/wp-content/uploads/2023/11/tepce-brunner-nasa-ssvi.pdf?emrc=4dceb7 | https://www.nasa.gov/wp-content/uploads/2023/11/tepce-brunner-nasa-ssvi.pdf?emrc=4dceb7 | https://www.nasa.gov/wp-content/uploads/2023/11/tepce-brunner-nasa-ssvi.pdf?emrc=4dceb7 | https://www.nasa.gov/wp-content/uploads/2023/11/tepce-brunner-nasa-ssvi.pdf?emrc=4dceb7 | https://www.nasa.gov/wp-content/uploads/2023/11/tepce-brunner-nasa-ssvi.pdf?emrc=4dceb7 | https://www.nasa.gov/wp-content/uploads/2023/11/tepce-brunner-nasa-ssvi.pdf?emrc=4dceb7 | https://www.nasa.gov/wp-content/uploads/2023/11/tepce-brunner-nasa-ssvi.pdf?emrc=4dceb7 | https://www.nasa.gov/wp-content/uploads/2023/11/tepce-brunner-nasa-ssvi.pdf?emrc=4dceb7 | https://www.nasa.gov/wp-content/uploads/2023/11/tepce-brunner-nasa-ssvi.pdf?emrc=4dceb7 | https://www.nasa.gov/wp-content/uploads/2023/11/tepce-brunner-nasa-ssvi.pdf?emrc=4dceb7 | https://www.nasa.gov/wp-content/uploads/2023/11/tepce-brunner-nasa-ssvi.pdf?emrc=4dceb7 | https://www.nasa.gov/wp-content/uploads/2023/11/tepce-brunner-nasa-ssvi.pdf?emrc=4dceb7 | https://www.nasa.gov/wp-content/uploads/2023/11/tepce-brunner-nasa-ssvi.pdf?emrc=4dceb7 | https://www.nasa.gov/wp-content/uploads/2023/11/tepce-brunner-nasa-ssvi.pdf?emrc=4dceb7 | https://www.nasa.gov/wp-content/uploads/2023/11/tepce-brunner-nasa-ssvi.pdf?emrc=4dceb7 | https://www.nasa.gov/wp-content/uploads/2023/11/tepce-brunner-nasa-ssvi.pdf?emrc=4dceb7 | https://www.nasa.gov/wp-content/uploads/2023/11/tepce-brunner-nasa-ssvi.pdf?emrc=4dceb7 | https://www.nasa.gov/wp-content/uploads/2023/11/tepce-brunner-nasa-ssvi.pdf?emrc=4dceb7 | https://www.nasa.gov/wp-content/uploads/2023/11/tepce-brunner-nasa-ssvi.pdf?emrc=4dceb7 | https://www.nasa.gov/wp-content/uploads/2023/11/tepce-brunner-nasa-ssvi.pdf?emrc=4dceb7 | https://www.nasa.gov/wp-content/uploads/2023/11/tepce-brunner-nasa-ssvi.pdf?emrc=4dceb7 | https://www.nasa.gov/wp-content/uploads/2023/11/tepce-brunner-nasa-ssvi.pdf?emrc=4dceb7 | https://www.nasa.gov/wp-content/uploads/2023/11/tepce-brunner-nasa-ssvi.pdf?emrc=4dceb7,,US Naval Research Laboratory,,1.5U,Joined by a 1 km tether to test electrodynamic tether propulsion.
TEPCE B,tepce,https://www.nanosats.eu/sat/tepce.html,2019-06-25,,"Reentered, Operational",—,não,"Jonathan McDowell reported that change in decay rate on 2020-11-17 suggests tether was deployed.
The end-masses were separated on November 15, 2019. The exposed tether increased the area for TEPCE, which resulted in a signiﬁcant increase in the decay rate. The last element set published was on February 2, 2020, which was 78 days after separation of the end-masses. As seen in Fig. 39, the last few element sets exhibited marked increase in decay. The date of the last element set provided by Space-track.org was February 2, 2020, which indicated that was the date TEPCE reentered the atmosphere. The enormous drag produced by the tether shortened the life of TEPCE by some 6 years. It is well known that electrodynamics can further decelerate the orbit of a tethered satellite. Many papers have been published on the deceleration eﬀects of electrodynamics thrusting, [9].
The communications and battery-life issues discussed in previous sections severely limited electrody-namic tether operations once TEPCE‘s tether was deployed. Nonetheless, TEPCE was able to return some interesting physical measurements. Since Stimpy was basically nonoperational after tether deployment, tests in which a bias voltage was to have been applied to its collector tape could not be conducted; in fact, the collector tape was never made part of the electrodynamic circuit.
Presentation in November 2023 shared additional details:
ACS Showed TEPCE was Tumbling End-Over-End at a Rate of 4.4 Revolutions per. Far Above the Maximum Acceptable Rate. Magnetorquers Engaged to Slow Tumble Below One RPM.
TEPCE’s Orbit Encountered the South Atlantic Anomaly Causing Frequent System Resets.
At 0147 EST on November 16, 2019 the Command was Given to Deploy the Tether. Acknowledgement was Not Obtained. Increase in Rotation About the Roll Axis was Consistent with Stacer Unwinding per Prelaunch Tests. A Sixfold Increase to the Drag Term on November 17, 2019, Further Confirmed Separation.
On November 22, 2019, Commands were Given to Deploy the Impedance Probes (iProbes) and Collector Tapes. Confirmation was Received from Ren. Confirmation was Not Received From Stimpy.
Imagery on November 21, 2019, Confirmed Separation but Showed Separation of Only About 270 m.
Further Imagery on November 27, 2019, Showed a Separation of 450 m. Also Showed an Anomalous Reflective Area in the Center of the Tether Suspected to Be a Snag in the Tether or a Rebound.
Possible Causes:
Braking Hooks Did Not Release
Braking Hooks Did Not Slow Release
Snag of a Piece of Hardware
Memory Effect Within the Tether.
TEPCE Suffered From Varying Communication Issues
Communication Difficulties Between the TMOC and RGS Computers (Resolved Prior to Launch).
Difficulties Closing the Link With the Satellite.
Tracking Issues with the Ground Station.
Power Management Issues.
Closing the Downlink With Stimpy Became Very Difficult Post-tether Deployment.
Gravity Gradient Caused Stimpy to Remain at a Higher Altitude.
It Was Hypothesized That the Tether May Have Modified the Antenna Pattern .
Cause Could Not Be Definitively Determined.
Operations Team Made 1,230 Communication Links with Ren, But Only 41 to Stimpy.
Tests Involving Stimpy’s Collection Tape Were Not Viable.
Tests Utilizing Ren Were Conducted
Tether Was Conductive
Ren Was Situated on the Negative End of the Tether.
Ignition of Electron-Emitting Filament Allowed Flow in the Electrodynamic Circuit Driven by the Naturally Occurring Potential Drop in the Tether
On December 6, 2019 Ren Was Able to Collect Data for a Significant Portion of Two Orbits.
Due to Natural Negative Bias on Ren, the iProbe Was Not Able to Measure Electron Density.
Electron Density Estimates Based on International Reference Ionosphere (IRI) Models Were Used and Behavior of Current in the Electrodynamic Circuit Was Consistent With the Estimated Level of Variation.",https://twitter.com/planet4589/status/1224919620647313412 | https://apps.dtic.mil/sti/pdfs/AD1161973.pdf | https://apps.dtic.mil/sti/pdfs/AD1161973.pdf | https://www.nasa.gov/wp-content/uploads/2023/11/tepce-brunner-nasa-ssvi.pdf?emrc=4dceb7 | https://www.nasa.gov/wp-content/uploads/2023/11/tepce-brunner-nasa-ssvi.pdf?emrc=4dceb7 | https://www.nasa.gov/wp-content/uploads/2023/11/tepce-brunner-nasa-ssvi.pdf?emrc=4dceb7 | https://www.nasa.gov/wp-content/uploads/2023/11/tepce-brunner-nasa-ssvi.pdf?emrc=4dceb7 | https://www.nasa.gov/wp-content/uploads/2023/11/tepce-brunner-nasa-ssvi.pdf?emrc=4dceb7 | https://www.nasa.gov/wp-content/uploads/2023/11/tepce-brunner-nasa-ssvi.pdf?emrc=4dceb7 | https://www.nasa.gov/wp-content/uploads/2023/11/tepce-brunner-nasa-ssvi.pdf?emrc=4dceb7 | https://www.nasa.gov/wp-content/uploads/2023/11/tepce-brunner-nasa-ssvi.pdf?emrc=4dceb7 | https://www.nasa.gov/wp-content/uploads/2023/11/tepce-brunner-nasa-ssvi.pdf?emrc=4dceb7 | https://www.nasa.gov/wp-content/uploads/2023/11/tepce-brunner-nasa-ssvi.pdf?emrc=4dceb7 | https://www.nasa.gov/wp-content/uploads/2023/11/tepce-brunner-nasa-ssvi.pdf?emrc=4dceb7 | https://www.nasa.gov/wp-content/uploads/2023/11/tepce-brunner-nasa-ssvi.pdf?emrc=4dceb7 | https://www.nasa.gov/wp-content/uploads/2023/11/tepce-brunner-nasa-ssvi.pdf?emrc=4dceb7 | https://www.nasa.gov/wp-content/uploads/2023/11/tepce-brunner-nasa-ssvi.pdf?emrc=4dceb7 | https://www.nasa.gov/wp-content/uploads/2023/11/tepce-brunner-nasa-ssvi.pdf?emrc=4dceb7 | https://www.nasa.gov/wp-content/uploads/2023/11/tepce-brunner-nasa-ssvi.pdf?emrc=4dceb7 | https://www.nasa.gov/wp-content/uploads/2023/11/tepce-brunner-nasa-ssvi.pdf?emrc=4dceb7 | https://www.nasa.gov/wp-content/uploads/2023/11/tepce-brunner-nasa-ssvi.pdf?emrc=4dceb7 | https://www.nasa.gov/wp-content/uploads/2023/11/tepce-brunner-nasa-ssvi.pdf?emrc=4dceb7 | https://www.nasa.gov/wp-content/uploads/2023/11/tepce-brunner-nasa-ssvi.pdf?emrc=4dceb7 | https://www.nasa.gov/wp-content/uploads/2023/11/tepce-brunner-nasa-ssvi.pdf?emrc=4dceb7 | https://www.nasa.gov/wp-content/uploads/2023/11/tepce-brunner-nasa-ssvi.pdf?emrc=4dceb7 | https://www.nasa.gov/wp-content/uploads/2023/11/tepce-brunner-nasa-ssvi.pdf?emrc=4dceb7 | https://www.nasa.gov/wp-content/uploads/2023/11/tepce-brunner-nasa-ssvi.pdf?emrc=4dceb7 | https://www.nasa.gov/wp-content/uploads/2023/11/tepce-brunner-nasa-ssvi.pdf?emrc=4dceb7 | https://www.nasa.gov/wp-content/uploads/2023/11/tepce-brunner-nasa-ssvi.pdf?emrc=4dceb7 | https://www.nasa.gov/wp-content/uploads/2023/11/tepce-brunner-nasa-ssvi.pdf?emrc=4dceb7 | https://www.nasa.gov/wp-content/uploads/2023/11/tepce-brunner-nasa-ssvi.pdf?emrc=4dceb7 | https://www.nasa.gov/wp-content/uploads/2023/11/tepce-brunner-nasa-ssvi.pdf?emrc=4dceb7 | https://www.nasa.gov/wp-content/uploads/2023/11/tepce-brunner-nasa-ssvi.pdf?emrc=4dceb7,,US Naval Research Laboratory,,1.5U,Joined by a 1 km tether to test electrodynamic tether propulsion.
ACRUX-1,acrux-1,https://www.nanosats.eu/sat/acrux-1.html,2019-06-29,Reentry 2022-06-17. Was semi-operational? Rarely beacon packets with the last one on 2020-02-02 as checked on 2020-04-04.,"Reentered, Semi-operational",—,não,"Transmitted beacon until battery ran empty and now occasional beacons, but no uplink established.",https://www.melbournespace.com.au/post/the-acrux-1-resurrection,"Rare packets, but no uplink established and negative power balance. Initially sent beacon until battery ran empty.",Melbourne Space Program,,1U,Educational training and demonstrate CubeSat platform technologies.
NSLSat 1,nslcomm-nslsat,https://www.nanosats.eu/sat/nslcomm-nslsat.html,2019-07-05,,"Reentered, Operational",—,não,"In February 2023,
BeetleSat has announced the successful deployment of its lightweight, very-high data rate, expandable antenna in space. The in-orbit deployment of BeetleSat’s 60 cm expandable antenna from a 6U CubeSat is a significant milestone in the development of the BeetleSat constellation and proves the viability of its proprietary technology.
Two way communications and files transfer already performed successfully with the Antenna and SDR Payload.",https://spacewatch.global/2023/02/beetlesat-deploys-leo-satellite-expandable-antenna-in-space/ | https://digitalcommons.usu.edu/smallsat/2023/all2023/71/,,BeetleSat (NSLComm),Israel,6U,Demonstrator for SkyFi constellation. Test the deployable antenna and high power payload of 1 Gbps downlink.
TTU101,ttu100,https://www.nanosats.eu/sat/ttu100.html,2019-07-05,,"Reentered, Semi-operational, ?",A - sensoriamento remoto,sim,"Last signal was given by the satellite 2024-08-11 at 20:41 and on the night of August 12, 2024, the satellite burned up in the atmosphere.",https://www.facebook.com/tudengisatelliit/posts/pfbid0DvV9PuWf16UvxaX6w9QZmjMys4MUcXvCND6HpQjyG2ZL7yYVpetQb8rhTwVASWiYl,,Tallinn University of Technology,Estonia,1U,Educational training and demonstrate CubeSat platform plus cameras and X-band communications.
AeroCube-15A,aerocube-15,https://www.nanosats.eu/sat/aerocube-15.html,2019-11-02,,"Reentered, Operational",A - sensoriamento remoto,sim,"At present, the program has focused on calibrating the CubeSats’ sensors and observation tasking has been minimal.
Careful preparation of both an on-orbit spacecraft test plan and flight experiment plan allowed the first year of operations, described in our second paper, to fulfill the program’s requirements for success.2 Calibration of the visible and infrared sensors using bright standard stars was demonstrated. Laser pointing was aligned on orbit between spacecraft to speed up laser communications operations. A novel 1.4µm SWIR band was characterized for Earth observation for the first time. The ability of the SWIR sensor to observe gas flares, terrestrial and cloud backgrounds, rockets, severe weather, wildfires other IR targets was accomplished. Initial stereo observations were also carried out along with other spacecraft ConOps. A data pipeline was finalized which processed the Rogue-a,b sensor data and associated metadata into convenient standard formats for exploitation.
We were able to continue operations beyond one year, and an extended operations plan was pursued. The next year on-orbit focused on adding to our observations of space launches, additional IR targets and backgrounds. Sensor settings were honed to better reveal wildfire activity in the 1.4µm SWIR band as well as to obtain multiple, well-exposed multi-minute orbital data sets on storms and Earth backgrounds. Unique staring sensor data were acquired for large wildfires, hurricanes, and tornadic thunderstorms. Nighttime sensor data were collected, including from our narrow-field-of-view star sensor. We described highlights from these environmental observations in our third paper.3 Additional rocket observations gathered during this second year of operations were not fully analyzed and published until this paper.
Our focus shifted to data exploitation in our final year of spacecraft operations. We continued collecting data with an emphasis on rocket observations, especially daytime observations, for which opportunities had previously been elusive. We eventually succeeded in observing several launches under daylit conditions. Our entire rocket observation experiment series is described in this paper, showing our successes in tracking Falcon 9, Soyuz, Long March, and Atlas V space launches from different types of orbital geometries against Earth and space backgrounds. Data from both the rocket experiments, and the environmental observations, were used to study a variety of detection algorithms, and used to develop pointing-based and image-based registration approaches for deeper analysis.
Operations continued until the failure of Rogue-Betas’s onboard flash memory storage card on November 30, 2022, and the reentry of Rogue-Alpha on February 7, 2023 (Rogue Beta reentered on February 10, 2023).",https://digitalcommons.usu.edu/smallsat/2021/all2021/149/ | https://digitalcommons.usu.edu/cgi/viewcontent.cgi?article=5794&context=smallsat | https://digitalcommons.usu.edu/cgi/viewcontent.cgi?article=5794&context=smallsat | https://digitalcommons.usu.edu/cgi/viewcontent.cgi?article=5794&context=smallsat | https://digitalcommons.usu.edu/cgi/viewcontent.cgi?article=5794&context=smallsat,,Aerospace Corporation,US,3U,Payload consists of a custom-designed telescope combined with a commercially available camera core.
AeroCube-15B,aerocube-15,https://www.nanosats.eu/sat/aerocube-15.html,2019-11-02,,"Reentered, Was operational",A - sensoriamento remoto,sim,"At present, the program has focused on calibrating the CubeSats’ sensors and observation tasking has been minimal.
Careful preparation of both an on-orbit spacecraft test plan and flight experiment plan allowed the first year of operations, described in our second paper, to fulfill the program’s requirements for success.2 Calibration of the visible and infrared sensors using bright standard stars was demonstrated. Laser pointing was aligned on orbit between spacecraft to speed up laser communications operations. A novel 1.4µm SWIR band was characterized for Earth observation for the first time. The ability of the SWIR sensor to observe gas flares, terrestrial and cloud backgrounds, rockets, severe weather, wildfires other IR targets was accomplished. Initial stereo observations were also carried out along with other spacecraft ConOps. A data pipeline was finalized which processed the Rogue-a,b sensor data and associated metadata into convenient standard formats for exploitation.
We were able to continue operations beyond one year, and an extended operations plan was pursued. The next year on-orbit focused on adding to our observations of space launches, additional IR targets and backgrounds. Sensor settings were honed to better reveal wildfire activity in the 1.4µm SWIR band as well as to obtain multiple, well-exposed multi-minute orbital data sets on storms and Earth backgrounds. Unique staring sensor data were acquired for large wildfires, hurricanes, and tornadic thunderstorms. Nighttime sensor data were collected, including from our narrow-field-of-view star sensor. We described highlights from these environmental observations in our third paper.3 Additional rocket observations gathered during this second year of operations were not fully analyzed and published until this paper.
Our focus shifted to data exploitation in our final year of spacecraft operations. We continued collecting data with an emphasis on rocket observations, especially daytime observations, for which opportunities had previously been elusive. We eventually succeeded in observing several launches under daylit conditions. Our entire rocket observation experiment series is described in this paper, showing our successes in tracking Falcon 9, Soyuz, Long March, and Atlas V space launches from different types of orbital geometries against Earth and space backgrounds. Data from both the rocket experiments, and the environmental observations, were used to study a variety of detection algorithms, and used to develop pointing-based and image-based registration approaches for deeper analysis.
Operations continued until the failure of Rogue-Betas’s onboard flash memory storage card on November 30, 2022, and the reentry of Rogue-Alpha on February 7, 2023 (Rogue Beta reentered on February 10, 2023).",https://digitalcommons.usu.edu/smallsat/2021/all2021/149/ | https://digitalcommons.usu.edu/cgi/viewcontent.cgi?article=5794&context=smallsat | https://digitalcommons.usu.edu/cgi/viewcontent.cgi?article=5794&context=smallsat | https://digitalcommons.usu.edu/cgi/viewcontent.cgi?article=5794&context=smallsat | https://digitalcommons.usu.edu/cgi/viewcontent.cgi?article=5794&context=smallsat,,Aerospace Corporation,US,3U,Payload consists of a custom-designed telescope combined with a commercially available camera core.
HARP,harp,https://www.nanosats.eu/sat/harp.html,2019-11-02,Reentry 2022-04-04. Was operational (Official news on 2020-05-12),"Reentered, Operational",A - sensoriamento remoto,sim,"The Hyper-Angular Rainbow Polarimeter (HARP) CubeSat achieved “first light” on April 16. The tiny satellite sent back its very first image over Europe with bright splashes of colors defining clouds and aerosols, which are tiny particles in the atmosphere. HARP’s measurements help us better understand how clouds and aerosols impact weather, climate and air quality.",https://www.nasa.gov/image-feature/goddard/2020/tiny-nasa-satellite-captures-first-image-of-clouds-and-aerosols,,University of Maryland,US,3U,Measure the microphysical properties of cloud water and ice particles and validate new polarimeter instrument.
HuskySat-1,huskysat-1,https://www.nanosats.eu/sat/huskysat-1.html,2019-11-02,Reentry 2023-04-12. Was semi-operational and back alive in December 2021? Was operational until 2020-07-XX? (Confirmation by the team and many reports with telemetry on Twitter as of 2020-04-10 but SatNOGS telemetry data is strangely repetitive. Last checked 2023-06-09),"Reentered, Semi-operational, Was operational, ?",A(fraco) - câmera sem alvo declarado,não,"On the first active pass over Seattle, just 2 hours after deployment, students used the UW ground station to command the satellite to change operational modes.
Over the first weekend, the camera payload took and transmitted the first pictures from space! The camera included collaboration with Raisbeck Aviation High School and nonprofit Quick2Space.",https://www.linkedin.com/pulse/uw-huskysat-1-contact-established-paige-northway/ | https://www.linkedin.com/pulse/uw-huskysat-1-contact-established-paige-northway/,Heat issue due to full illumination?,University of Washington,,3U,Demonstrate propulsion and high-speed transmission for a Moon mission.
Phoenix CubeSat,phoenix-cubesat,https://www.nanosats.eu/sat/phoenix-cubesat.html,2019-11-02,"Reentry 2022-06-12. Was semi-operational. Was operational until 2020-02-20, 1 day? 2-way comms possible, but science mission is not due to OBC failure (Smallsat 2020 and official website visited on 2020-09-25)","Reentered, Semi-operational, Was operational",A - sensoriamento remoto,sim,"Phoenix's beacon was heard for the first time at a ground station located in Indonesia. Amateur operators continued to hear its health beacon throughout the day by tracking the ISS, including the Phoenix operations team, using the ASU ground station. The team was also able to perform a successful schedule uplink to collect more telemetry from the ADCS, which marked the first CubeSat operation from the university!
Since deployment day, it has been difficult to hear from the spacecraft. During Phoenix's last pass of the day over the ASU ground station, the spacecraft went into an error state, which we believe depleted the battery below the voltage cutoff level. This would have cut power to the rest of the hardware, preventing the Phoenix from transmitting its health beacon, responding to our commands, or tracking the sun to generate more power.
It was discovered that while the AX100 transceiver was operational, the OBC did not respond to any packets beyond short ping commands. Further, ping communication only occurred successfully during daytime passes. This suggested that Phoenix was likely not tracking the sun using the ADCS, preventing the battery from charging sufficiently to power the spacecraft during eclipses.
Upon further investigation into the error state, the anomalous stream of packets was linked to a syn-ack packet flood. Benchtop testing with an engineering model of the AX100 transceiver and conversations with the vendor indicate that a single bit flip in the packet checksum could have enabled the Reliable Data Protocol (RDP). This would have introduced the syn-ack stream in an effort to verify a link between the ground station and the spacecraft, resulting in a gradual drain of the battery level. However, while the packet stream issue is considered resolved, it is still unclear as to why we can only receive CSP ping packet responses from the OBC after the power reset.
Although Phoenix’s science objective was not achieved, the spacecraft can still be utilized for other purposes. The ability to conduct two-way communications allows the spacecraft to be useful for calibrating ground stations to communicate with CubeSats in LEO.",http://phxcubesat.asu.edu/ | http://phxcubesat.asu.edu/ | http://phxcubesat.asu.edu/ | http://phxcubesat.asu.edu/ | http://phxcubesat.asu.edu/,"Uplink established, but bit flip in the radio and resulting stream of packets at the end of the first day depleted battery below voltage cutoff level. Afterwards OBC only responds to pings in daylight and the cause is unknown.",Arizona State University,US,3U,Thermal imaging of cities to study spatial and temporal changes.
MakerSat1,makersat1,https://www.nanosats.eu/sat/makersat1.html,2019-12-05,"Reentry 2022-10-29? Was operational (Smallsat 2020) However, 2019-071N re-entered 2023-05-31.","Reentered, Operational",—,não,"It is the first satellite specifically designed to be 3D printed and easily snap-assembled in microgravity. Its structural frame was 3D printed on the ISS AMF printer in August 2017.
Unfortunately in our case, we were not permitted to proceed with planned orbital assembly of MakerSat-1, due to the process of manual CubeSat deployer loading on station being disallowed by NASA’s Safety Panel.
In late 2019, MakerSat-1 was loaded in a SEOPS Hypergiant Slingshot deployer and then launched to the ISS aboard SpaceX CRS-19 Dragon on Dec. 5, 2019.
On Jan. 31, 2020, this deployer was mounted on the hatchdoor of the Cygnus NG-12 spacecraft, unberthed from ISS, and raised to a 300 mile high orbit.
In the four months following deployment, MakerSat-1 has been carrying out research on the durability of 3D printed polymer samples in the orbital space environment. The results of this science data are reported here.",https://digitalcommons.usu.edu/smallsat/2020/all2020/45/ | https://digitalcommons.usu.edu/smallsat/2020/all2020/45/ | https://digitalcommons.usu.edu/smallsat/2020/all2020/45/ | https://digitalcommons.usu.edu/smallsat/2020/all2020/45/ | https://digitalcommons.usu.edu/smallsat/2020/all2020/45/,,Northwest Nazarene University,US,1U,"Printed, assembled, charged, tested, and deployed from the ISS."
QARMAN,qarman,https://www.nanosats.eu/sat/qarman.html,2019-12-05,Reentry 2022-02-06. Was operational until 2020-07-14 (IAC 2022 paper),"Reentered, Was operational",—,não,,,"UHF transceiver malfunction and battery thermal failure as
potential failure root causes.",VKI (von Karman Institute),Belgium,3U,Demonstrate the usability of a CubeSat platform as an atmospheric entry vehicle.
SORTIE,sortie,https://www.nanosats.eu/sat/sortie.html,2019-12-05,Reentry 2022-09-18. Was operational (Smallsat 2020),"Reentered, Operational",—,não,"Checkout of observatory functionality (e.g., pointing, communications, power generation, thermal stability, heater functionality) has been completed. Prior to the commencement of nominal operations, the science team is completing the check-out phase of the science sensor performance, followed by commissioning. The uPLP is operating nominally. The IVM is operating nominally. The following highlights the activity of the IVM team to date as part of the checkout (early ops) phase.",https://digitalcommons.usu.edu/smallsat/2020/all2020/48/,,"Orion Space Solutions (ASTRA, Atmosphericc & Space Technology Research Associates)",,6U,Advance understanding of ionospheric irregularities and the roles of various drivers in their formation.
NOOR 1-A,noor,https://www.nanosats.eu/sat/noor.html,2019-12-06,,"Reentered, No signal",—,não,Successfully deployed its quadruple deployable solar panel and the customer operator confirmed reception of spacecraft signal.,http://www.albaorbital.com/new-blog/2020/4/10/unicorn-2c-noor-1b-success-on-orbit,,Stara Space,US,PocketQube 3p,Proof of concept for an eventual constellation
NOOR 1-B,noor,https://www.nanosats.eu/sat/noor.html,2019-12-06,,"Reentered, Was semi-operational, ?",—,não,Successfully deployed its quadruple deployable solar panel and the customer operator confirmed reception of spacecraft signal.,http://www.albaorbital.com/new-blog/2020/4/10/unicorn-2c-noor-1b-success-on-orbit,,Stara Space,US,PocketQube 3p,Proof of concept for an eventual constellation
SMOG-P,smog-p,https://www.nanosats.eu/sat/smog-p.html,2019-12-06,Reentry 2020-09-28. Was operational (Spectrum data map last checked 2020-09-04),"Reentered, Operational",C - sinais cooperativos (AIS/ADS-B/RF),sim,Map of the collected spectrum data.,https://gnd.bme.hu/smogmap/?fbclid=IwAR3x02cppJ0lJmuvMjlTwkMUsbJ5MEjVXJhE15QRdvo57H5HyQFhbKhF5wA,,Budapest University of Technology and Economics,,PocketQube 2p,Spectrum monitoring payload to make a global map of spectrum usage.
Pathfinder Risk Reduction,ptd-0,https://www.nanosats.eu/sat/ptd-0.html,2019-12-11,Reentry 2024-09-24. Was operational (Press release on 2020-01-14),"Reentered, Operational",A - sensoriamento remoto; B - coleta de plataformas (DCS/IoT),sim,"Inaugural flight of Tyvak's next-generation spacecraft systems, which performed beyond expectations.
Lockheed Martin launched the Pony Express 1 mission as a hosted payload on Tyvak-0129, a next-generation Tyvak 6U spacecraft. Early on-orbit data show Pony Express 1 is performing its important pathfinding mission very well.",https://www.c4isrnet.com/battlefield-tech/space/2020/01/28/lockheed-martin-experiments-with-a-mesh-network-in-space/ | https://www.c4isrnet.com/battlefield-tech/space/2020/01/28/lockheed-martin-experiments-with-a-mesh-network-in-space/,,NASA Ames Research Center,US,6U,Demonstrating next-generation Tyvak 6U spacecraft and flying Pony Express hosted payload from Lockheed Martin.
ANGELS,angels,https://www.nanosats.eu/sat/angels.html,2019-12-18,Reentry 2026-04-28. Was operational (No hardware or software anomalies as per SmallSat 2022 paper as of 2022-12-25),"Reentered, Operational",B - coleta de plataformas (DCS/IoT),sim,"On the back of this success, CNES and Hemeria have signed an agreement to extend the satellite’s lifetime for a further two and a half years.",https://www.hemeria-group.com/wp-content/uploads/2021/12/cp_hemeria_cnes_kineis_tas_angels_uk.pdf,,CNES,,12U,"Argos Neo instrument to collect and locate low-power messages sent by the 20,000 Argos transmitters operating around the globe."
TechEdSat-10,techedsat-10,https://www.nanosats.eu/sat/techedsat-10.html,2020-02-14,"Reentry 2021-03-15. Was operational? (No public sources found directly stating it is operational as of 2020-12-15, but exo-brake was deployed right after launch as seen from photos)","Reentered, Operational, ?",—,não,"Successfully demonstrated Exo Brake modulation effect on drag, along with all payloads and avionics.
Both versions of the Brainstack payload produced partially successful results; it was confirmed the TX2 payload activated, recorded a video, compressed the file, and wirelessly transferred the data to the S-band radio via Wi-Fi, determined through event logs and verified onboard file transfers. Unfortunately, in both cases the Lunar Radio did not perform as expected, preventing recovery of the full video file as an S-band downlink was never successfully maintained. However, due to the flexible nature of the onboard Wi-Fi network, TES-10 was able to transmit several frames of video by rerouting data from the Lunar Radio to the several Iridium short-burst data (SBD) modems in the core avionics stack.",http://mstl.atl.calpoly.edu/~workshop/archive/2023/presentations/2023_Day1_Session1_Brock_MooneyRivki_TechEdSat.pdf | https://digitalcommons.usu.edu/cgi/viewcontent.cgi?article=5641&context=smallsat,,NASA Ames Research Center,US,3U,"High temperature, accurate deorbit reentry nanosatellite."
Quetzal-1,quetzal-1,https://www.nanosats.eu/sat/quetzal-1.html,2020-03-07,Reentry 2022-03-01. Was operational until 2020-11-XX. (Paper published on 2023-12-06),"Reentered, Was operational",A - sensoriamento remoto,sim,"Design and On-Orbit Performance of the Attitude Determination and Passive Control System for the Quetzal-1 CubeSat.
Academic development and space operations of a multispectral imaging payload for 1U CubeSats
The first decoded beacon was received ∼1 h later at 16:43:55 UTC, marking the start of the commissioning phase of the satellite.
The commissioning phase lasted from deployment through June 2020 and did not yet include payload checks. Health data received from the satellite confirmed that the EPS subsystem was able to adequately harvest, store, and distribute the energy required for nominal operations on orbit.4 The telemetry also confirmed that the ADCS had successfully detumbled the satellite, and that the average angle between the camera boresight and Nadir was 48.06 deg0.88 deg (99% CI) when the satellite was passing over Guatemala. This angle was deemed adequate to capture pictures of the Earth’s surface with the on-board camera, based on the payload’s optical design.
After the commissioning phase of the mission, communication tests were performed to determine the most effective way of commanding the satellite during payload operations. It was determined that each command needed to be sent as a batch of six repeating command packets. This maximized the probability that the command would be successfully received by the omnidirectional antennas of the satellite. It was determined that passes with a maximum elevation >40 deg were adequate to execute picture capture and download processes. The satellite could be easily commanded at elevations >30 deg. At lower elevations, the communication link became irregular.
The watchdog reset timer that rebooted the OBC every 2 h ensured that the satellite always returned to its nominal configuration even if the reconfiguration commands sent after picture download were not successfully received by the satellite due to low elevation, or otherwise.
The piezoelectric motor rotated ∼1812 times in space. This estimate was calculated by counting the times it rotated when it reconfigured itself to its 0 deg position after an OBC watchdog timer reset, and adding the successful payload operations detailed in the next section.
A total of 20 pictures were captured and 16 of those were downloaded. Five were all-black images due to reduced lighting during eclipse conditions, another five were all-white images showing little to no details, suggesting a potential limitation on the camera’s AEC capabilities.
Quetzal-1 mission reached its end of mission due to battery failure following repeated subzero temperature exposures. Although the battery heaters showed appropriate performance during the life of the satellite, it is believed the OBC failed to command the heater to activate as a result of a Payload-OBC I2C bus hang, based on preflight testing.",https://jossonline.com/storage/2023/05/Final-Alvarez-Design-and-On-Orbit-Performance-of-the-Attitude-Determination-and-Passive-Control-System-for-the-Quetzal-1-CubeSat.pdf | https://www.spiedigitallibrary.org/journals/journal-of-applied-remote-sensing/volume-17/issue-04/047501/Academic-development-and-space-operations-of-a-multispectral-imaging-payload/10.1117/1.JRS.17.047501.full?SSO=1 | https://www.spiedigitallibrary.org/journals/journal-of-applied-remote-sensing/volume-17/issue-04/047501/Academic-development-and-space-operations-of-a-multispectral-imaging-payload/10.1117/1.JRS.17.047501.full?SSO=1 | https://www.spiedigitallibrary.org/journals/journal-of-applied-remote-sensing/volume-17/issue-04/047501/Academic-development-and-space-operations-of-a-multispectral-imaging-payload/10.1117/1.JRS.17.047501.full?SSO=1 | https://www.spiedigitallibrary.org/journals/journal-of-applied-remote-sensing/volume-17/issue-04/047501/Academic-development-and-space-operations-of-a-multispectral-imaging-payload/10.1117/1.JRS.17.047501.full?SSO=1 | https://www.spiedigitallibrary.org/journals/journal-of-applied-remote-sensing/volume-17/issue-04/047501/Academic-development-and-space-operations-of-a-multispectral-imaging-payload/10.1117/1.JRS.17.047501.full?SSO=1 | https://www.spiedigitallibrary.org/journals/journal-of-applied-remote-sensing/volume-17/issue-04/047501/Academic-development-and-space-operations-of-a-multispectral-imaging-payload/10.1117/1.JRS.17.047501.full?SSO=1 | https://www.spiedigitallibrary.org/journals/journal-of-applied-remote-sensing/volume-17/issue-04/047501/Academic-development-and-space-operations-of-a-multispectral-imaging-payload/10.1117/1.JRS.17.047501.full?SSO=1 | https://www.spiedigitallibrary.org/journals/journal-of-applied-remote-sensing/volume-17/issue-04/047501/Academic-development-and-space-operations-of-a-multispectral-imaging-payload/10.1117/1.JRS.17.047501.full?SSO=1,Battery failure following repeated subzero temperature exposures. OBC likely failed to enable the heater.,University of the Valley of Guatemala,,1U,Educational training and take pictures of Earth plus amateur radio communications.
OrCa1,orca1,https://www.nanosats.eu/sat/orca1.html,2020-03-26,Reentry 2022-09-28. Passive (No other public information found as of 2020-04-10. SmallSat 2023 paper on OrCa1.),"Reentered, Passive",—,não,"Unfortunately, after deployment, the OrCa1 spacecraft was never subsequently tracked, so no data has been gathered on OrCa1 to date. While OrCa1 may still ultimately be tracked, this paper describes the follow-on effort, the Orbital Calibration 2 (OrCa2) mission.",https://digitalcommons.usu.edu/cgi/viewcontent.cgi?article=5560&context=smallsat,,Georgia Institute of Technology (Georgia Tech),US,12U,Second CubeSat in GTO. Test orbital debris tracking technologies.
Tyvak-0172,tyvak-0172,https://www.nanosats.eu/sat/tyvak-0172.html,2020-08-30,"Reentry 2026-04-06. Was semi-operational? (Propulsion failed and did not reach nominal operational altitude, but otherwise likely operational)","Reentered, Semi-operational, ?",—,não,,,Propulsion from a supplier failed.,EchoStar,US,6U,Two tiny S-band satellites to jumpstart a low-Earth-orbit constellation using spectrum gained through its acquisition of Helios Wire.
AMICal Sat,amical-sat,https://www.nanosats.eu/sat/amical-sat.html,2020-09-03,Reentry 2025-01-14. Was operational (Official post on social media and SatNOGS dashboard as of 2020-09-24),"Reentered, Operational",A - sensoriamento remoto,sim,"AMICal Sat became our longest-serving satellite, remaining responsive for more than 5 years.",https://www.linkedin.com/posts/satrev-s-a_spaceexploration-satellitetechnology-cubesat-activity-7293237721819484161-TZ15?utm_source=share&utm_medium=member_desktop&rcm=ACoAAAt6RjABfKWEquksacZ3EVEQFZa3Fpq53uM,,CSUG-IPAG (Univ. Grenoble Alpes),,2U,Observation of the northern and southern lights. Auroral Sparse RGB imaging. Limb and Nadir sighting.
TTU100,ttu100,https://www.nanosats.eu/sat/ttu100.html,2020-09-03,,"Reentered, Semi-operational, ?",A - sensoriamento remoto,sim,"Last signal was given by the satellite 2024-08-11 at 20:41 and on the night of August 12, 2024, the satellite burned up in the atmosphere.",https://www.facebook.com/tudengisatelliit/posts/pfbid0DvV9PuWf16UvxaX6w9QZmjMys4MUcXvCND6HpQjyG2ZL7yYVpetQb8rhTwVASWiYl,,Tallinn University of Technology,Estonia,1U,Educational training and demonstrate CubeSat platform plus cameras and X-band communications.
Tyvak-0171,tyvak-0171,https://www.nanosats.eu/sat/tyvak-0171.html,2020-09-03,"Reentry 2024-02-10. Was semi-operational? (Propulsion failed and did not reach nominal operational altitude, but otherwise likely operational)","Reentered, Semi-operational, ?",—,não,,,Propulsion from a supplier failed.,EchoStar,US,6U,Two tiny S-band satellites to jumpstart a low-Earth-orbit constellation using spectrum gained through its acquisition of Helios Wire.
LacunaSat-3,lacunasat,https://www.nanosats.eu/sat/lacunasat.html,2020-09-28,,"Reentered, Operational",B - coleta de plataformas (DCS/IoT),sim,"After a successful launch in March 2021, Open Cosmos was able to establish contact with the satellite at the first pass and following a period of commissioning, the LS2 satellite quickly began collecting and transmitting data, connecting to Open Cosmos ground stations to download the data every 12 hours. With this frequency of revisit, Lacuna Space was able to provide customers with an automated process of tracking and monitoring their remote assets on a daily basis and providing very high levels of reliability with an uptime exceeding 99.7%.",https://www.open-cosmos.com/news/ls2-bringing-connectivity-to-remote-locations,,Lacuna Space,UK,3U,Innovative Internet-of-Things (‘IoT’) connectivity-via-satellite payload demonstrator.
Yarilo N1,yarilo,https://www.nanosats.eu/sat/yarilo.html,2020-09-28,,"Reentered, Operational",A(fraco) - câmera sem alvo declarado,não,"No more than 20% of radio packets are decrypted on the MCC. The main reason is a drop in the output power of the transmitter during transmitting a radio package. The reason is the degradation of the output microwave switch that the antenna between the power amplifier and the receiving path. Due to degradation, the SWR of the line deteriorated and the signal reflected from the microwave switch leads to self-excitation of the power amplifier, followed by a sharp increase in power consumption and a drawdown of the power supply voltage, which leads to a decrease in the output power of the amplifier. The process is repeated.
The magnetic orientation system is functioning, but the solar orientation is not built. There is not enough data to analyze the causes yet.
The orientation system on the flywheel engines did not turn on.
The operability of both technological cameras was confirmed after ~11 months of flight (Fig. 15). The data is transmitted in full but is damaged when transmitted over the radio channel. The selected format for storing and transferring photos is wrong (JPG). We plan to update the onboard software for data transmission in RAW format","https://iafastro.directory/iac/proceedings/IAC-21/IAC-21/E2/4/manuscripts/IAC-21,E2,4,8,x65729.pdf | https://iafastro.directory/iac/proceedings/IAC-21/IAC-21/E2/4/manuscripts/IAC-21,E2,4,8,x65729.pdf | https://iafastro.directory/iac/proceedings/IAC-21/IAC-21/E2/4/manuscripts/IAC-21,E2,4,8,x65729.pdf | https://iafastro.directory/iac/proceedings/IAC-21/IAC-21/E2/4/manuscripts/IAC-21,E2,4,8,x65729.pdf",,Bauman Moscow State Technical University,Russia,1.5U,Continuous monitoring of solar activity and a solar sail for orbit control.
Yarilo N2,yarilo,https://www.nanosats.eu/sat/yarilo.html,2020-09-28,,"Reentered, Operational",A(fraco) - câmera sem alvo declarado,não,"No more than 20% of radio packets are decrypted on the MCC. The main reason is a drop in the output power of the transmitter during transmitting a radio package. The reason is the degradation of the output microwave switch that the antenna between the power amplifier and the receiving path. Due to degradation, the SWR of the line deteriorated and the signal reflected from the microwave switch leads to self-excitation of the power amplifier, followed by a sharp increase in power consumption and a drawdown of the power supply voltage, which leads to a decrease in the output power of the amplifier. The process is repeated.
The magnetic orientation system is functioning, but the solar orientation is not built. There is not enough data to analyze the causes yet.
The orientation system on the flywheel engines did not turn on.
The operability of both technological cameras was confirmed after ~11 months of flight (Fig. 15). The data is transmitted in full but is damaged when transmitted over the radio channel. The selected format for storing and transferring photos is wrong (JPG). We plan to update the onboard software for data transmission in RAW format","https://iafastro.directory/iac/proceedings/IAC-21/IAC-21/E2/4/manuscripts/IAC-21,E2,4,8,x65729.pdf | https://iafastro.directory/iac/proceedings/IAC-21/IAC-21/E2/4/manuscripts/IAC-21,E2,4,8,x65729.pdf | https://iafastro.directory/iac/proceedings/IAC-21/IAC-21/E2/4/manuscripts/IAC-21,E2,4,8,x65729.pdf | https://iafastro.directory/iac/proceedings/IAC-21/IAC-21/E2/4/manuscripts/IAC-21,E2,4,8,x65729.pdf",,Bauman Moscow State Technical University,Russia,1.5U,Continuous monitoring of solar activity and a solar sail for orbit control.
SPOC,spoc,https://www.nanosats.eu/sat/spoc.html,2020-10-03,Reentry 2022-06-25. Was operational until 2020-12-14? (SatNOGS reports with data end on 2020-12-13 and Twitter post asking for help),"Reentered, Was operational",A - sensoriamento remoto,sim,,,"However, around December 9, temperature on the battery board and the CMC began to spike. On December 14, the last telemetry frame was received from SPOC by SatNOGS ground station EU1XX. SPOC’s last known state was Safe Reboot Mode on the Failsafe software image. Our best interpretation of these results is that a solar flare taking place on December 14 (the tenth largest of 2020) caused a single-event upset (SEU) or single-event latch-up (SEL), damaging hardware components on the electrical power system (EPS).",University of Georgia,US,2U,Perform the first moderate resolution multispectral analysis of coastal ecosystems and ocean color.
Dragracer 1,dragracer,https://www.nanosats.eu/sat/dragracer.html,2020-11-20,,"Reentered, Operational",—,não,The satellite with the drag tape burned upon reentry to Earth’s atmosphere after eight months. The satellite without tape will naturally de-orbit which is estimated to take at least seven years,https://spacenews.com/millennium-space-in-an-experiment-de-orbited-a-satellite-in-eight-months/,,TriSept,US,6U (1/2 12U XL),Test a deployable conductive tape by Tethers Unlimited for deorbiting.
Dragracer 2,dragracer,https://www.nanosats.eu/sat/dragracer.html,2020-11-20,,Operational,—,não,The satellite with the drag tape burned upon reentry to Earth’s atmosphere after eight months. The satellite without tape will naturally de-orbit which is estimated to take at least seven years,https://spacenews.com/millennium-space-in-an-experiment-de-orbited-a-satellite-in-eight-months/,,TriSept,US,6U (1/2 12U XL),Test a deployable conductive tape by Tethers Unlimited for deorbiting.
Mandrake 1,mandrake-1,https://www.nanosats.eu/sat/mandrake-1.html,2020-11-20,Reentry 2024-03-28. Was operational? (News about operations from 2021-05-12),"Reentered, Operational",—,não,"he fully operational orbital platform, launched Fall 2020, affords risk buy-down for future Blackjack payloads and has shown success executing a tactical maritime experiment demonstrating engineering complexities such as mission autonomy, over-the-air (OTA) updates, massless payload deployment, and sensor edge processing and exploitation, all of which are enabled by the SEAKR payload incorporating a high-performance multi-core Advanced RISC Machines (ARM) processor and multiple Graphic Processing Units (GPUs).",https://www.seakr.com/seakr-mandrake-i-delivers-success-for-darpa-blackjack-on-orbit-tech-demonstration/,,DARPA,US,6U,
Q-PACE,q-pace,https://www.nanosats.eu/sat/q-pace.html,2021-01-17,Reentry 2024-01-19? No signal (Statement on SpaceNews),"Reentered, No signal",A(fraco) - câmera sem alvo declarado,não,Marked as Failure in the NASA SmallSat/CubeSat Fleet Missions Database.,https://s3vi.ndc.nasa.gov/cubesat/,,University of Central Florida,US,3U,Producing tens of thousands of collisions simulating the first steps in planet formation.
RadFXSat-2,radfxsat-2,https://www.nanosats.eu/sat/radfxsat-2.html,2021-01-17,"Reentry 2024-04-24. Was semi-operational (Beacon not heard strongly, but transponder is partially operational for public at reduced signal strength as of 2021-08-18. Working but weak signals as per SmallSat 2023 presentation)","Reentered, Semi-operational",—,não,"FoxTelem has received SEU data from RadFxSat-2 since approximately July 23, 2021 (the six-month gap between launch and first data packet delivery will be discussed in the following section). The REM experiment was dead-on-arrival, so only the LEP and LEPF experiments have recorded data. Results up to January 8, 2023, are presented.
The RadFxSat-2 satellite has provided the first on-orbit SEU data for a FinFET-based SRAM, producing rates that leave the authors optimistic for FinFET usage in LEO. Although technology below the 65 nm scale is more susceptible to low-energy protons, SEU rates within a proton-heavy environment such as LEO may still be within acceptable limits for many missions, especially if error-correction mechanisms are enabled.
As mentioned previously, there was a 6-month delay from the RadFxSat-2’s launch and reception of telemetry. This was due to communication issues with the satellite – extensive recovery attempts during this time produced no results, and the satellite’s telemetry downlink was feared to be dead-on-arrival.
RadFxSat-2 signals were, in fact, transmitting, but the signals were very weak. Extremely sensitive amateur radio satellite ground stations (namely, the Dwingloo 25m radio telescope, owned by ASTRON) listening on RadFxSat-2’s TLM downlink frequency picked up on telemetry frames from the satellite, allowing for communication debugging. Details of the debugging steps were published in The AMSAT Journal. It is hypothesized that a dual power amplifier chip onboard shorted which, coupled with an antenna that did not fully deploy, resulted in weak signal.25 The capable ground stations were used to execute uplink commands to the satellite and turn on the radiation experiments, initiating experiment telemetry downlink at extremely weak power levels.",https://digitalcommons.usu.edu/smallsat/2023/all2023/50/ | https://digitalcommons.usu.edu/smallsat/2023/all2023/50/ | https://digitalcommons.usu.edu/smallsat/2023/all2023/50/ | https://digitalcommons.usu.edu/smallsat/2023/all2023/50/,"It is hypothesized that a dual power amplifier chip onboard shorted which, coupled with an antenna that did not fully deploy, resulted in weak signal.",Vanderbilt University,,3U,"Demonstrate a short interval, cost-effective, on-orbit platform for qualification of components for space."
TechEdSat-7,techedsat-7,https://www.nanosats.eu/sat/techedsat-7.html,2021-01-17,Reentry 2022-05-04. Was operational until ? (NASA news about mission start and marked as Complete in the NASA database),"Reentered, Was operational, ?",—,não,Successfully demonstrated hydrogen inflation Exo Brake design and new TES avionics.,http://mstl.atl.calpoly.edu/~workshop/archive/2023/presentations/2023_Day1_Session1_Brock_MooneyRivki_TechEdSat.pdf,,NASA Ames Research Center,,2U,Further develop the Exo-Brake system and demonstrate CubeSat Identity Tag (CUBIT) by DARPA.
IDEASSat,ideassat,https://www.nanosats.eu/sat/ideassat.html,2021-01-24,"Reentry 2024-12-14. Was operational (SmallSat 2021, UHF communications blackout started 2021-02-15 and continued until 2021-04-02)","Reentered, Operational",—,não,,,Some UHF transceiver issues and partial solar panel deployment.,National Central University,Taiwan,3U,Measure ionospheric structure and plasma irregularities for radio communications monitoring. Compact ionosphere probe.
Lemur-2 132 Mango1,lemur-mango,https://www.nanosats.eu/sat/lemur-mango.html,2021-01-24,Reentry 2024-05-09. Was operational.,"Reentered, Operational",C - sinais cooperativos (AIS/ADS-B/RF),sim,"Successful on-orbit performance marks another major milestone for Jacobs in advanced, affordable space radar payloads for military, civil and commercial customers. Mango One has successfully completed payload checkout and begun performing radio frequency (RF) survey missions using the modular and scalable Jacobs next generation active electronically scanned arrays (AESA) and advanced RF payload control electronics. Additional demonstrations of radar and communications capabilities will continue.",https://invest.jacobs.com/investors/Press-Release-Details/2021/Jacobs-Mango-One-Satellite-on-Orbit-Laying-Pathway-for-Next-Generation-Affordable-Space-Solutions/default.aspx?,,Spire,US,3U,"Demonstrate and qualify radar, communications and intelligence capabilities in space."
"PIXL-1,",pixl-1,https://www.nanosats.eu/sat/pixl-1.html,2021-01-24,Operational (eoPortal was provided with confirmation and press release on 2023-10-30),Operational,—,não,"During the PIXL-1 mission, DLR was able to demonstrate complete end-to-end transmission, from image acquisition and data transfer by laser to processing on the ground, marking a significant first.
The technology has been transferred to industry and is now being marketed by TESAT with the name 'CubeLCT' / 'SCOT20'
.
With a data rate of 100 megabits per second, the laser terminal's speed far surpasses the transmission capabilities of comparable radio systems. In addition to the high data rate, laser light as a transmission medium is unaffected by electromagnetic interference. Channel crosstalk, as often occurs with conventional radio channels, does not exist with laser transmission. This means that laser transmission channels do not require lengthy approval procedures on the part of the Federal Network Agency (Bundesnetzagentur; BNetzA) or the International Telecommunication Union (ITU).
German space control center commands small satellite with next-generation software via Cubesat Space protocol, 2024-03-15.
Some challenges:
After stabilizing the star tracker, further experiments showed that the star tracker cannot operate in some specific sky regions at all.
During the PIXL-1 mission it was not possible to frequently download GPS-data from CubeL, because of a limited power budget.
On the 13th of June 2023 DLR could for the first time establish a stable tracking connection between the OGSOP-NG and O4C. After a short bad weather period, this success could be repeated on the 25th of June.",https://www.dlr.de/en/latest/news/2023/04/demonstration-of-data-transmission-from-a-microsatellite-by-laser | https://www.dlr.de/en/latest/news/2023/04/demonstration-of-data-transmission-from-a-microsatellite-by-laser | https://www.dlr.de/en/latest/news/2023/04/demonstration-of-data-transmission-from-a-microsatellite-by-laser | https://www.dlr.de/de/blog/archiv/2024/deutsches-raumfahrtkontrollzentrum-kommandiert-kleinsatellit-mit-software-der-naechsten-generation-via-cubesat-space-protokoll | https://az659834.vo.msecnd.net/eventsairwesteuprod/production-atpi-public/55240b1565c44418aa7c7d67ebdf9c5e | https://az659834.vo.msecnd.net/eventsairwesteuprod/production-atpi-public/55240b1565c44418aa7c7d67ebdf9c5e | https://az659834.vo.msecnd.net/eventsairwesteuprod/production-atpi-public/55240b1565c44418aa7c7d67ebdf9c5e,,DLR (German Aerospace Center),Germany,3U,Demonstration of the OSIRIS optical demonstration payload for CubeSats.
UVSQ-Sat,uvsq-sat,https://www.nanosats.eu/sat/uvsq-sat.html,2021-01-24,Reentry 2024-10-30. Was operational (Post on LinkedIn in 2022-02-31),"Reentered, Operational",B - coleta de plataformas (DCS/IoT),sim,"UVSQ-SAT, still fully operational, celebrates its third anniversary, 2024-01-24.
Joined in April 2023 by a second nano-satellite, INSPIRE-Sat 7, it continues its data collection mission. A third Cube-Sat, UVSQ-sat NG, will be launched in 2025 to join this first constellation of university nano-satellites dedicated to the observation of essential climate variables.
In three years, UVSQ-Sat has:
Completed more than 15,000 laps around the Earth.
Made more than 5,000 passes over the LATMOS based in Guyancourt (78), i.e. 5 passes per day.
Mobilized more than 70 radio amateurs, university space centers or companies that regularly monitor this satellite all over the world.
Provided over 20 million telemetry measurements.
Delivers over 3 million scientific data points – including Solar Reflected Flux (OSR) and Earth IR Flux (OLR).",https://www.uvsq.fr/24-janvier-2021-24-janvier-2024-uvsq-sat-fete-son-troisieme-anniversaire-en-orbite | https://www.uvsq.fr/24-janvier-2021-24-janvier-2024-uvsq-sat-fete-son-troisieme-anniversaire-en-orbite | https://www.uvsq.fr/24-janvier-2021-24-janvier-2024-uvsq-sat-fete-son-troisieme-anniversaire-en-orbite | https://www.uvsq.fr/24-janvier-2021-24-janvier-2024-uvsq-sat-fete-son-troisieme-anniversaire-en-orbite | https://www.uvsq.fr/24-janvier-2021-24-janvier-2024-uvsq-sat-fete-son-troisieme-anniversaire-en-orbite | https://www.uvsq.fr/24-janvier-2021-24-janvier-2024-uvsq-sat-fete-son-troisieme-anniversaire-en-orbite | https://www.uvsq.fr/24-janvier-2021-24-janvier-2024-uvsq-sat-fete-son-troisieme-anniversaire-en-orbite,,University of Versailles Saint-Quentin-en-Yvelines (UVSQ),France,1U,Measure solar radiation and educational mission.
GuaraniSat-1,guaranisat-1,https://www.nanosats.eu/sat/guaranisat-1.html,2021-02-20,"Reentry 2022-07-05. Was operational, but 2 of 3 had solar panel failures and negative power budget (Signals reported on Twitter and SatNOGS as of 2021-03-27)","Reentered, Operational, ?",A(fraco) - câmera sem alvo declarado; B - coleta de plataformas (DCS/IoT),sim,"Full mission success.
Loss of two satellites due to power shortage.",https://digitalcommons.usu.edu/cgi/viewcontent.cgi?article=5233&context=smallsat | https://digitalcommons.usu.edu/cgi/viewcontent.cgi?article=5233&context=smallsat,,Kyushu Institute of Technology,Paraguay,1U,Educational and amateur radio mission.
IT-SPINS,it-spins,https://www.nanosats.eu/sat/it-spins.html,2021-02-20,Reentry 2024-02-28. Was semi-operational? (Some communications issues due to spin but telemetry packets being received as per official website and should get better in the future as per CDW2022 presentation),"Reentered, Semi-operational",A(fraco) - câmera sem alvo declarado,não,,,"Communications issues, 1 in 50 attempts is successful. ADCS issues caused high spin.",Montana State University,,3U,Provide the first two-dimensional (2D) tomographic imaging addressing the basic nature of the nocturnal ionosphere.
Maya-2,maya-2,https://www.nanosats.eu/sat/maya-2.html,2021-02-20,"Reentry 2022-07-05. Was operational, but 2 of 3 had solar panel failures and negative power budget (Signals reported on Twitter and SatNOGS as of 2021-03-27)","Reentered, Operational, ?",A(fraco) - câmera sem alvo declarado; B - coleta de plataformas (DCS/IoT),sim,"Full mission success.
Loss of two satellites due to power shortage.",https://digitalcommons.usu.edu/cgi/viewcontent.cgi?article=5233&context=smallsat | https://digitalcommons.usu.edu/cgi/viewcontent.cgi?article=5233&context=smallsat,Two BIRDS-4 had one solar panel failure and negative power budget. Need to confirm which ones.,Kyushu Institute of Technology,Philippines,1U,Educational and amateur radio mission.
Tsuru,tsuru,https://www.nanosats.eu/sat/tsuru.html,2021-02-20,"Reentry 2022-07-05. Was operational, but 2 of 3 had solar panel failures and negative power budget (Signals reported on Twitter and SatNOGS as of 2021-03-27)","Reentered, Operational, ?",A(fraco) - câmera sem alvo declarado; B - coleta de plataformas (DCS/IoT),sim,"Full mission success.
Loss of two satellites due to power shortage.",https://digitalcommons.usu.edu/cgi/viewcontent.cgi?article=5233&context=smallsat | https://digitalcommons.usu.edu/cgi/viewcontent.cgi?article=5233&context=smallsat,Two BIRDS-4 had one solar panel failure and negative power budget. Need to confirm which ones.,Kyushu Institute of Technology,Japan,1U,Educational and amateur radio mission.
GRBAlpha,grbalpha,https://www.nanosats.eu/sat/grbalpha.html,2021-03-22,Reentry 2025-06-09. Was operational (Official news on social media and SatNOGS reports),"Reentered, Operational",—,não,"Initial rotation rates were over 18 degrees per second, but slowing down with only passive attitude control.
First gamma-ray burst detected.",https://twitter.com/needronix/status/1376979407546507264?s=20 | https://gcn.gsfc.nasa.gov/gcn3/30624.gcn3,,Technical University of Kosice,,1U,Educational mission with digipeater and testing gamma-ray burst sensor.
LacunaSat-2b,lacunasat,https://www.nanosats.eu/sat/lacunasat.html,2021-03-22,,"Reentered, Operational",B - coleta de plataformas (DCS/IoT),sim,"After a successful launch in March 2021, Open Cosmos was able to establish contact with the satellite at the first pass and following a period of commissioning, the LS2 satellite quickly began collecting and transmitting data, connecting to Open Cosmos ground stations to download the data every 12 hours. With this frequency of revisit, Lacuna Space was able to provide customers with an automated process of tracking and monitoring their remote assets on a daily basis and providing very high levels of reliability with an uptime exceeding 99.7%.",https://www.open-cosmos.com/news/ls2-bringing-connectivity-to-remote-locations,,Lacuna Space,UK,3U,Innovative Internet-of-Things (‘IoT’) connectivity-via-satellite payload demonstrator.
NANOSATC-BR2,nanosatc-br2,https://www.nanosats.eu/sat/nanosatc-br2.html,2021-03-22,"Reentry 2025-01-15. Was semi-operational until 2021-05-02 (Beacons decoded, but uplink was challenging and then communcation bus locked up, according to official information request by Brazilian Space)","Reentered, Was semi-operational",—,não,,,"Temperatures well below the nominal range caused significant fluctuations in uplink and downlink frequencies. On May 2, telemetry frame started to be repeated due to lock of the communication bus likely due to the high solar activity.",National Institute for Space Research,Brazil,2U,"Langmuir probe, attitude determination system."
RAAF M2 A,raaf-m2,https://www.nanosats.eu/sat/raaf-m2.html,2021-03-22,,"Reentered, Operational",A(fraco) - câmera sem alvo declarado; C - sinais cooperativos (AIS/ADS-B/RF),sim,"Successfully commissioned several of our mostly in-house subsystems:
The attitude determination and control system (ADCS)
The software-defined radio (SDR)
The supervisor and GPS
The engineering camera
In addition, we’ve deployed the first of four deployable solar arrays on each of the spacecraft using our in-house burn wire mechanisms. The graphs below show the power generated by the solar cells before and after exposure to sunlight (top), and the dynamic response of the spacecraft due to the impulse of the deployment recorded by the ADCS sensors (bottom) for M2-B.
Operations for the coming weeks will be focused on rehearsing for the much awaited controlled separation, aka ""divorce"", of the two spacecraft!
In May 2021, successfully performed on board artificial intelligence inferencing (correctly recognising hand-written characters on pre-loaded images), to test the functionality of the AI environment and pipeline using the NVIDIA Jetson TX2 edge-computer on one of the two M2 satellites.
This is a necessary step before separating the two spacecraft from each other (currently joined, see the image) and, as the mission unfolds, coupling our AI algorithms and on-board sensors to perform tasks such as cloud detection and maritime surveillance.
In September 2021, the spacecraft were separated.",https://www.linkedin.com/feed/update/urn:li:activity:6793001131409846272/ | https://www.linkedin.com/feed/update/urn:li:activity:6793001131409846272/ | https://www.linkedin.com/feed/update/urn:li:activity:6793001131409846272/ | https://www.linkedin.com/feed/update/urn:li:activity:6793001131409846272/ | https://www.linkedin.com/feed/update/urn:li:activity:6793001131409846272/ | https://www.linkedin.com/feed/update/urn:li:activity:6793001131409846272/ | https://www.linkedin.com/feed/update/urn:li:activity:6793001131409846272/ | https://www.linkedin.com/feed/update/urn:li:activity:6805732956343275520/ | https://www.linkedin.com/feed/update/urn:li:activity:6805732956343275520/ | https://www.linkedin.com/feed/update/urn:li:activity:6845888471043854336/,,University of New South Wales (UNSW Canberra),Australia,6U (1/2 12U),Deliver to the RAAF AIS / ADS-B capability across the globe using COTS AIS and ADS-B systems.
RAAF M2 B,raaf-m2,https://www.nanosats.eu/sat/raaf-m2.html,2021-03-22,,"Reentered, Operational",A(fraco) - câmera sem alvo declarado; C - sinais cooperativos (AIS/ADS-B/RF),sim,"Successfully commissioned several of our mostly in-house subsystems:
The attitude determination and control system (ADCS)
The software-defined radio (SDR)
The supervisor and GPS
The engineering camera
In addition, we’ve deployed the first of four deployable solar arrays on each of the spacecraft using our in-house burn wire mechanisms. The graphs below show the power generated by the solar cells before and after exposure to sunlight (top), and the dynamic response of the spacecraft due to the impulse of the deployment recorded by the ADCS sensors (bottom) for M2-B.
Operations for the coming weeks will be focused on rehearsing for the much awaited controlled separation, aka ""divorce"", of the two spacecraft!
In May 2021, successfully performed on board artificial intelligence inferencing (correctly recognising hand-written characters on pre-loaded images), to test the functionality of the AI environment and pipeline using the NVIDIA Jetson TX2 edge-computer on one of the two M2 satellites.
This is a necessary step before separating the two spacecraft from each other (currently joined, see the image) and, as the mission unfolds, coupling our AI algorithms and on-board sensors to perform tasks such as cloud detection and maritime surveillance.
In September 2021, the spacecraft were separated.",https://www.linkedin.com/feed/update/urn:li:activity:6793001131409846272/ | https://www.linkedin.com/feed/update/urn:li:activity:6793001131409846272/ | https://www.linkedin.com/feed/update/urn:li:activity:6793001131409846272/ | https://www.linkedin.com/feed/update/urn:li:activity:6793001131409846272/ | https://www.linkedin.com/feed/update/urn:li:activity:6793001131409846272/ | https://www.linkedin.com/feed/update/urn:li:activity:6793001131409846272/ | https://www.linkedin.com/feed/update/urn:li:activity:6793001131409846272/ | https://www.linkedin.com/feed/update/urn:li:activity:6805732956343275520/ | https://www.linkedin.com/feed/update/urn:li:activity:6805732956343275520/ | https://www.linkedin.com/feed/update/urn:li:activity:6845888471043854336/,,University of New South Wales (UNSW Canberra),Australia,6U (1/2 12U),Deliver to the RAAF AIS / ADS-B capability across the globe using COTS AIS and ADS-B systems.
WildTrackCube – SIMBA,wildtrackcube,https://www.nanosats.eu/sat/wildtrackcube.html,2021-03-22,Reentry 2024-08-14. Was operational? (IAC 2022 paper and many SatNOGS reports last checked on 2021-03-27),"Reentered, Operational",A - sensoriamento remoto; B - coleta de plataformas (DCS/IoT),sim,"The telemetry on WildTrackCube-SIMBA is gathered every 60 seconds continuously.
The LEDs on-board WildTrackCube-SIMBA have been observed from ground on several occasions and have been used for early object recognition.
Spacecraft in action during detumbling, where the angular velocity was decreased from 50 deg/s to almost 0.
The 25-deg FOV camera has already been used to shoot pictures of the Earth, with two examples shown in Figure 10 and Figure 11. The first in particular contains images of human-made structures, clearly visible in the lower right corner.
The receiver was tested in several configurations, with the objective of finding the optimal one for reception of low power devices on ground.","https://iafastro.directory/iac/proceedings/IAC-22/IAC-22/B4/3/manuscripts/IAC-22,B4,3,12,x73652.pdf | https://iafastro.directory/iac/proceedings/IAC-22/IAC-22/B4/3/manuscripts/IAC-22,B4,3,12,x73652.pdf | https://iafastro.directory/iac/proceedings/IAC-22/IAC-22/B4/3/manuscripts/IAC-22,B4,3,12,x73652.pdf | https://iafastro.directory/iac/proceedings/IAC-22/IAC-22/B4/3/manuscripts/IAC-22,B4,3,12,x73652.pdf | https://iafastro.directory/iac/proceedings/IAC-22/IAC-22/B4/3/manuscripts/IAC-22,B4,3,12,x73652.pdf",,Sapienza University of Rome,Italy,1U,System for Improving monitoring the behaviour of animals and amateur radio mission.
CNCE1,cnce-block-1,https://www.nanosats.eu/sat/cnce-block-1.html,2021-06-30,,"Reentered, Retired, Operational",—,não,"Space Micro Inc., powered by Voyager Space, today announced the successful performance of its Software Defined Radios (SDRs) on Missile Defense Agency’s (MDA) CubeSat Networked Communications Experiment (CNCE) Block 1. Initially launched in June 2021 and completed in March 2022, CNCE Block 1, which is part of MDA’s Nanosat Testbed Initiative (NTI), used small, low-cost satellites to demonstrate networked radio communications between nanosatellites while in orbit
.
MDA retired the Block 1 satellites in March 2022 and they will de-orbit and burn up harmlessly in the atmosphere.",https://voyagerspace.com/2022/08/23/voyagers-space-micro-software-defined-radio-supports-success-of-missile-defense-agencys-cubesat-networked-communications-experiment/ | https://voyagerspace.com/2022/08/23/voyagers-space-micro-software-defined-radio-supports-success-of-missile-defense-agencys-cubesat-networked-communications-experiment/,,Missile Defense Agency,US,3U,The cubesats will mimic two suborbital missile interceptor vehicles and test communications between them.
CNCE3,cnce-block-1,https://www.nanosats.eu/sat/cnce-block-1.html,2021-06-30,,"Reentered, Retired, Operational",—,não,"Space Micro Inc., powered by Voyager Space, today announced the successful performance of its Software Defined Radios (SDRs) on Missile Defense Agency’s (MDA) CubeSat Networked Communications Experiment (CNCE) Block 1. Initially launched in June 2021 and completed in March 2022, CNCE Block 1, which is part of MDA’s Nanosat Testbed Initiative (NTI), used small, low-cost satellites to demonstrate networked radio communications between nanosatellites while in orbit
.
MDA retired the Block 1 satellites in March 2022 and they will de-orbit and burn up harmlessly in the atmosphere.",https://voyagerspace.com/2022/08/23/voyagers-space-micro-software-defined-radio-supports-success-of-missile-defense-agencys-cubesat-networked-communications-experiment/ | https://voyagerspace.com/2022/08/23/voyagers-space-micro-software-defined-radio-supports-success-of-missile-defense-agencys-cubesat-networked-communications-experiment/,,Missile Defense Agency,US,3U,The cubesats will mimic two suborbital missile interceptor vehicles and test communications between them.
LINCS1 A,lincs,https://www.nanosats.eu/sat/lincs.html,2021-06-30,,"Reentered, No signal, ?",—,não,SDA said in a statement Feb. 4 that there were “challenges communicating with the LINCS sats.,https://spacenews.com/space-development-agency-general-atomics-eye-options-after-setback-in-laser-comms-experiment/,,Space Development Agency,US,12U,Optical communications terminals that use lasers to beam data across space.
LINCS2 B,lincs,https://www.nanosats.eu/sat/lincs.html,2021-06-30,,"Reentered, No signal, ?",—,não,SDA said in a statement Feb. 4 that there were “challenges communicating with the LINCS sats.,https://spacenews.com/space-development-agency-general-atomics-eye-options-after-setback-in-laser-comms-experiment/,,Space Development Agency,US,12U,Optical communications terminals that use lasers to beam data across space.
PACE-1,pace-1,https://www.nanosats.eu/sat/pace-1.html,2021-06-30,"No signal? (No reports found and object not identified in Space-Track as of 2021-08-17, listed as Failure in NASA's CubeSat Fleet Missions Database as of 2022-01-01)","No signal, ?",—,não,Marked as Failure in the NASA SmallSat/CubeSat Fleet Missions Database.,https://s3vi.ndc.nasa.gov/cubesat/,,NASA Ames Research Center,,6U,Perform a set of experiments to demonstrate the Advanced Development Projects (ADP) technology.
TROPICS Pathfinder,tropics,https://www.nanosats.eu/sat/tropics.html,2021-06-30,,"Reentered, Operational, ?",A - sensoriamento remoto,sim,"As of August 2023, the satellites have been undergoing tests of their main instruments, microwave radiometers to collect temperature and humidity data on tropical storms.
In addition to the high frequency of observations, the TROPICS satellites provide high-quality data. Blackwell said the precipitation rain rate estimate derived from TROPICS Pathfinder data is better than state-of-the-art instruments on much larger spacecraft.
Within four weeks of receiving MIT LL’s purchase order, ATLAS had completed spacecraft integration and TROPICS was declared operational on ATLAS’ Global Federated Network—a process that typically takes ground segment providers several months or more to perform.",https://spacenews.com/tropics-cubesat-constellation-ready-for-hurricane-season/ | https://spacenews.com/tropics-cubesat-constellation-ready-for-hurricane-season/ | https://www.satelliteevolution.com/post/atlas-space-operations-completes-rapid-onboarding-of-critical-tropics-spacecraft,,MIT (Massachusetts Institute of Technology),US,3U,Provide rapid-refresh microwave measurements over the tropics for weather prediction.
Tyvak-0173,tyvak-0173,https://www.nanosats.eu/sat/tyvak-0173.html,2021-06-30,Operational (News on 2021-12-06 about propulsion),Operational,—,não,"Performed 110 km in altitude orbit raise from TLEs as reported by Jonathan McDowell.
The orbit raising required about 65 meters per second.
Jonathan McDowell reported on 2021-12-03 that new TLE out today for Echostar EG-3 (48892) shows it in a 650 x 677 km x 96.0 deg orbit - first TLE in a month, Nov 3 it was in a 644 x 666 x 97.5 deg orbit, corresponding to a 1.5 deg inclination change. It is about 200 m/s.",https://twitter.com/planet4589/status/1417672513451175937?s=20 | https://spacenews.com/stellar-exploration-propels-echostar-nanosatellite/ | https://twitter.com/planet4589/status/1466568960032358400,,EchoStar,US,16U,Two tiny S-band satellites to jumpstart a low-Earth-orbit constellation using spectrum gained through its acquisition of Helios Wire.
W-Cube,w-cube,https://www.nanosats.eu/sat/w-cube.html,2021-06-30,Reentry 2025-10-01. Was operational (Official news as of 2021-09-01),"Reentered, Operational",—,não,"In October 2025, announced the conclusion of its W-Cube mission, a 3U CubeSat that became the first to transmit a 75 GHz (W-band) signal from space to a ground station.",https://kuvaspace.com/en/resources/w-cube-mission-complete-kuva-space-achieves-first-75-ghz-signal-in-orbit-paving-the-way-for-faster-satellite-connectivity,,ESA (European Space Agency),,3U,Demonstrate the use of the 75-GHz frequency W-band for future telecommunications satellites.
LEDSAT,ledsat,https://www.nanosats.eu/sat/ledsat.html,2021-08-17,Reentry 2025-10-15. Was operational (IAC 2022 paper last checked on 2022-12-26),"Reentered, Operational",B - coleta de plataformas (DCS/IoT),sim,"The CubeSat switched on successfully after the deployment and all the parameters received through the telemetry were nominal. The LEDs payload was successfully switched on and observed by the S5Lab optical ground station network just 3 days after the deployment, proving the capability to detect the LEDs from ground.","https://iafastro.directory/iac/proceedings/IAC-22/IAC-22/B4/3/manuscripts/IAC-22,B4,3,12,x73652.pdf",,Sapienza University of Rome,Italy,1U,Equipped with LEDs and retroreflectors for optical tracking from ground.
RADCUBE,radcube,https://www.nanosats.eu/sat/radcube.html,2021-08-17,Reentry 2024-08-20. Was operational (Posts on social media as of 2021-11-11),"Reentered, Operational",—,não,"ESA’s latest CubeSat – RadCube, for surveying space weather in low-Earth orbit – has completed its rigorous commissioning phase, culminating in the extension of a magnetometer boom longer than the miniature satellite itself.
In Flight Performance of the MAGIC MagnetoresistiveMagnetometer on the RadCube CubeSat, 2025.",https://www.esa.int/ESA_Multimedia/Images/2021/11/RadCube_reaches_out#.YY1Oxu4iPyM.link | https://link.springer.com/epdf/10.1007/s11214-025-01170-w?sharing_token=mhsXHQX-waH536ZifT_xhve4RwlQNchNByi7wbcMAY5WjG7XU5oLW5SH1AxTAoic_-5lJ7BDfASS6MV7nnzR04Q8ST90OgT7-w4HBAqL0zOlTJ6AmMBoi0RDLdamkjHXktgAsYAo_PIxhGv0QJlwCo4gFPvuV1qD8ew3370KQ9Y%3D,,C3S,Hungary,3U,Real-time monitoring of the cosmic radiation and space weather environment.
Sunstorm,sunstorm,https://www.nanosats.eu/sat/sunstorm.html,2021-08-17,Reentry 2024-09-05. Was operational? (Official post on ESA website on 2022-11-17 but possibly retired in September 2022),"Reentered, Operational, Retired",—,não,"The SUNSTORM satellite’s XFM instrument is capable of measuring high-energy electrons and detected even a 10 times higher electron flow values than normally in the SUNSTORM satellite’s 540 km high orbit well in advance of the geomagnetic storm which hit the Starlinks. In short, the satellite’s measurements showed that the eruption in question was both exceptionally long-lasting and clearly more energetic than normally. These properties are not detected with currently used instruments. This added information would have been crucial in predicting the magnitude of the upcoming geomagnetic storm.",https://kuvaspace.com/2022/09/22/sunstorm-mission-completed/,,ESA (European Space Agency),,2U,Solar X-ray Flux Monitor to monitor solar x-ray flares.
Binar 1,binar,https://www.nanosats.eu/sat/binar.html,2021-08-29,"Reentry 2022-09-30. Was semi-operational until 2021-11-02 (First heard about 2 weeks after launch when secondary beacon was commanded on, but final recorded transmission on that date according to SmallSat 2022 paper)","Reentered, Semi-operational, ?",B - coleta de plataformas (DCS/IoT),sim,"5 days passed and we resided ourselves to the fact that maybe we couldn’t reach Binar. Then… 2 weeks later we heard back from the satellite after successfully enabling a secondary beacon!! So now what? Where do we go from here? We take what we learn and improve it for the next mission.
For example, we assumed the radio module we tested on the ground worked the same as the one we sent to space—but that wasn’t the case, leading to some frantic last-minute changes that eventually meant we didn’t get the images or data we hoped for from orbit.",https://digitalcommons.usu.edu/smallsat/2022/all2022/56/ | https://www.thespacereview.com/article/4486/1,"No signal until COTS communication system was put into its own beacon mode, which depleted the battery after 11.5 days. Most likely adapter board failure.",Curtin University,,1U,Test CubeSat technologies for deep space missions.
CAPSat,capsat,https://www.nanosats.eu/sat/capsat.html,2021-08-29,"Reentry 2023-01-31. Was operational until 2021-11-XX, about 1 month? (Post about file download on official website on 2021-11-08 but SmallSat2022 paper said that functionality was lost after launch as of 2022-12-24)","Reentered, Was operational",—,não,"CAPSat, however, lost its functionality after launch, in-orbit laser annealing therefore could not be implemented.",https://digitalcommons.usu.edu/cgi/viewcontent.cgi?article=5206&context=smallsat,,University of Illinois Urbana-Champaign,US,3U,Investigate attitude control with strain-actuated deployable panels plus active thermal system.
CUAVA-1,cuava-1,https://www.nanosats.eu/sat/cuava-1.html,2021-08-29,Reentry 2022-09-02. No signal (No confirmation found as of 2021-12-29 and official website had been quiet after the deployment. SmallSat 2023 presentation),"Reentered, No signal",A - sensoriamento remoto,sim,"As discussed in some of the highlighted failure root causes include:
the high computational burden imposed by the operating system on OnBoard Computer (OBC);
a vulnerable SD card and boot sequence;
last minute double tie-down requirement for antennas imposed by the launcher;
Electrical Power System (EPS) compatibility issue with the rest of the satellite bus;
potential current leakage from a payload switched ON at boot;
not enough margin for the solar panel sizing;
insufficient testing time (and COVID impact);
Some of the risk mitigation strategies are listed as below:
introduce a payload computer to reduce the computational burden on the OBC;
move the graphical software interface off-line to the ground station computer with the revised software operation system;
implement a recovery and dual boot sequence;
change the EPS subsystem for better capability and reliability;
additional power margin added during solar panel sizing
These changes address and should resolve the CUAVA1 risks identified above.",https://digitalcommons.usu.edu/cgi/viewcontent.cgi?article=5558&context=smallsat | https://digitalcommons.usu.edu/cgi/viewcontent.cgi?article=5558&context=smallsat | https://digitalcommons.usu.edu/cgi/viewcontent.cgi?article=5558&context=smallsat | https://digitalcommons.usu.edu/cgi/viewcontent.cgi?article=5558&context=smallsat | https://digitalcommons.usu.edu/cgi/viewcontent.cgi?article=5558&context=smallsat | https://digitalcommons.usu.edu/cgi/viewcontent.cgi?article=5558&context=smallsat | https://digitalcommons.usu.edu/cgi/viewcontent.cgi?article=5558&context=smallsat | https://digitalcommons.usu.edu/cgi/viewcontent.cgi?article=5558&context=smallsat | https://digitalcommons.usu.edu/cgi/viewcontent.cgi?article=5558&context=smallsat | https://digitalcommons.usu.edu/cgi/viewcontent.cgi?article=5558&context=smallsat | https://digitalcommons.usu.edu/cgi/viewcontent.cgi?article=5558&context=smallsat | https://digitalcommons.usu.edu/cgi/viewcontent.cgi?article=5558&context=smallsat | https://digitalcommons.usu.edu/cgi/viewcontent.cgi?article=5558&context=smallsat | https://digitalcommons.usu.edu/cgi/viewcontent.cgi?article=5558&context=smallsat | https://digitalcommons.usu.edu/cgi/viewcontent.cgi?article=5558&context=smallsat,Various theories listed.,University of Sydney,Australia,3U,Educational mission and multiple radio amateur community activities including W-band (76 GHz) transmitter.
CuPID,cupid,https://www.nanosats.eu/sat/cupid.html,2021-09-27,"Was operational until ? (Press release about start, but marked as Failure in the NASA CubeSat Fleet Missions database)","Was operational, ?",A(fraco) - câmera sem alvo declarado,não,Marked as Failure in the NASA SmallSat/CubeSat Fleet Missions Database.,https://s3vi.ndc.nasa.gov/cubesat/,,Boston University,US,6U,Carry a miniaturized soft x-ray imaging telescope.
CUTE,cute,https://www.nanosats.eu/sat/cute.html,2021-09-27,Reentry 2026-07-17. Was operational (Twitter post on 2022-09-25 and SmallSat 2022 paper as of 2022-12-24. SmallSat 2023 presentation SpaceNews article 2023-12-12. SmallSat 2024 presentation.),"Reentered, Operational",—,não,"CUTE captured ~50 scientifically viable transits from 6 exoplanets despite frequent sun-point regressions.
The first NASA-funded small satellite for exoplanet science is continuing to gather data well beyond its expected lifetime. CUTE was designed to operate in space for at least eight months. Twenty-seven months later, the satellite’s onboard instruments still are observing the dramatic atmospheric loss of “hot jupiters,” gas giants orbiting very close to bright stars. CUTE remains operational more than two years after launch thanks to ingenuity and luck.
Since its launch, CUTE has experienced an unusually high frequency of ADCS-driven safe mode events, occurring up to three times per week. An investigation into the issue revealed the frequent safe mode events to be due to a timing issue of the Inertial Measurement Unit (IMU) information packets before being sent to the Guidance, Navigation and Control system (GNC). This issue is described as a “glitch” due to the sudden jump discontinuity in certain spacecraft telemetry data following an IMU timing issue. Telemetry analysis revealed significant discrepancies between commanded and reported attitude quaternions, casting doubt on the spacecraft's reported attitude and telemetry values during these glitch events. By conducting a thorough analysis of Sun sensor photodiode counts, battery cycles, spacecraft body rate, and magnetic field vectors, we concluded that the spacecraft's reported quaternions did not accurately reflect its actual orientation following the glitch events. The team utilized basic attitude determination methods, such as integrating the spacecraft's body rate, to further approximate its attitude around the glitches. This calculated attitude revealed that, at times, the glitch was causing the spacecraft's telescope to partially orient towards the Sun, likely leading to the degradation of the primary science instrument over time.
Since launch, the sensitivity of CUTE’s optics have fallen faster than expected. CUTE’s telescope optics are coated with Aluminum and protected with a thin layer of MgF2 to prevent or slow the rate of the formation of Al2O3, which absorbs UV light rather than reflecting it. Exposure to UV light, such as that coming from the Sun, can significantly accelerate the growth of an Al2O3 layer (Robert F. Berg, 2023). As the glitches cause the CUTE primary mirror to be exposed to the Sun, the CUTE team suspects that these glitches are the driving factor of the accelerated degradation of the instrument’s sensitivity. This reduces the number of astronomical objects available for CUTE to observe. Nonetheless, it is also possible that CUTE’s loss of effective area could be due to the use of a bare-Al grating, rather than an MgF2-protected grating, or other sources of contamination and degradation.",https://digitalcommons.usu.edu/cgi/viewcontent.cgi?article=5687&context=smallsat | https://spacenews.com/cubesat-offers-template-for-future-astronomy-missions/ | https://digitalcommons.usu.edu/smallsat/2024/all2024/11/ | https://digitalcommons.usu.edu/smallsat/2024/all2024/11/,Some decrease in sensitivity of optics.,University of Colorado Boulder,US,6U,Characterize the composition and mass-loss rates of exoplanet atmospheres.
LICIACube,liciacube,https://www.nanosats.eu/sat/liciacube.html,2021-11-24,Operational (Deployed from DART on 2022-09-26 and successfully took images of the Dimorphos impact as per official news on 2022-09-27 as of 2022-12-25. SmallSat 2023 paper does not say if still operated.),"Operational, ?",A(fraco) - câmera sem alvo declarado,não,"Challenges and Lessons:
Performance of the propulsion system: Overall good. Only 2 orbital maneuvers to reach the target.
Transponder: Overall really good accuracies. As good as any other large S/C.
Challenge: Residual Doppler bias potentially inducing errors in the solution.
Well characterized through the range data.
Large non-gravitational accelerations.
We needed to change the strategy of the stochastics during the operations.
More desaturation maneuvers were required.
Payload had some unexpected problems with the lenses.
Required severe postprocessing. Not good for NAV. OK for science.
Given the platform limitations related to the COTS hardware employed, the navigation process is challenging when dealing with strong navigation requirements.
Not optimal systems, not redundant, they are cheaper.
[DART released LICIACube 360 hours before the impact on the asteroid, which was piggybacked during its travel. In this framework, the LICIACube spacecraft was able to obtain multiple images of the DART impact ejecta plume over a span of 15 minutes, being successful in its scientific objectives [1]:](https://digitalcommons.usu.edu/smallsat/2023/all2023/66/)
testifying the DART impact;
obtaining multiple (at least 3) images of the ejecta plume taken over a span of time and phase angle, that, with reasonable expectations concerning the ejecta mass and particle size distribution, could potentially:
allow measurement of the motion of the slow (<5 m/s) ejecta: this requirement was intended as the possibility to acquire images at spatial scale better than 5 m/pixel, with the possibility to distinguish the movements of the slowest particles of the plume by the sequence of images.
allow estimation of the structure of the plume, measuring the evolution of the dust distribution;
obtaining multiple (at least 3) images of the DART impact site with a sufficient resolution to allow measurements of the size and morphology of the crater. These images were taken sufficiently late after the impact that the plume can be reasonably expected to have cleared;
obtaining multiple (at least 3) images of Dimorphos showing the non-impact hemisphere, hence increasing the accuracy of the shape and volume determination.",http://www.intersmallsatconference.com/past/2023/A.5%20-%20Gomez.zip | http://www.intersmallsatconference.com/past/2023/A.5%20-%20Gomez.zip | http://www.intersmallsatconference.com/past/2023/A.5%20-%20Gomez.zip | http://www.intersmallsatconference.com/past/2023/A.5%20-%20Gomez.zip | http://www.intersmallsatconference.com/past/2023/A.5%20-%20Gomez.zip | http://www.intersmallsatconference.com/past/2023/A.5%20-%20Gomez.zip | http://www.intersmallsatconference.com/past/2023/A.5%20-%20Gomez.zip | http://www.intersmallsatconference.com/past/2023/A.5%20-%20Gomez.zip | http://www.intersmallsatconference.com/past/2023/A.5%20-%20Gomez.zip | http://www.intersmallsatconference.com/past/2023/A.5%20-%20Gomez.zip | http://www.intersmallsatconference.com/past/2023/A.5%20-%20Gomez.zip | http://www.intersmallsatconference.com/past/2023/A.5%20-%20Gomez.zip | https://digitalcommons.usu.edu/smallsat/2023/all2023/66/ | https://digitalcommons.usu.edu/smallsat/2023/all2023/66/ | https://digitalcommons.usu.edu/smallsat/2023/all2023/66/ | https://digitalcommons.usu.edu/smallsat/2023/all2023/66/ | https://digitalcommons.usu.edu/smallsat/2023/all2023/66/ | https://digitalcommons.usu.edu/smallsat/2023/all2023/66/,,Italian Space Agency,Italy,6U,"After traveling 16 months on DART, will be released in order to monitor all effects of the impact."
DAILI,daili,https://www.nanosats.eu/sat/daili.html,2021-12-21,"Reentry 2022-06-26. Was operational until 2022-05-XX, 5 months (Marked as Failure in the NASA CubeSat Fleet Missions database)","Reentered, Was operational, ?",—,não,"Marked as Failure in the NASA SmallSat/CubeSat Fleet Missions Database.
DAILI operated for 5 months; Data was successfully collected; all technical developments worked as designed especially the new and unique earthshade; data was collected of this phenomenology, including during two geomagnetic storms; the data from the storms showed unusual atmospheric density changes that currently the subject of continued scientific investigation; a bus RW failure stopped the mission.",https://s3vi.ndc.nasa.gov/cubesat/,Reaction wheel failure after 5 months.,Aerospace Corporation,,6U (1x6U),Studies dynamic changes in Earth's neutral/ionosphere density in the ~140 km - 290 km altitude region.
GASPACS,gaspacs,https://www.nanosats.eu/sat/gaspacs.html,2021-12-21,Reentry 2022-05-23. Was operational (Official Twitter on 2022-05-24),"Reentered, Operational",—,não,"GASPACS has now been in space for a month! A summary of the mission so far:
Deployed from the International Space Station on January 26.
Played The Scotsman all over the world.
Confirmed AeroBoom deployment, completing the primary mission objective in less than 24 hours .
Lost two solar panels due to a space weather event on January 29. We believe that the event disrupted the MPPT EPS system, which cannot reset according to the manufacturer.
Took and transmitted seven incredible pictures from space.
Confirmed passive stabilization from the AeroBoom, completing the secondary mission objective.
The GASPACS mission lasted 117 days between deployment on January 26, 2022, and reentry on May 23, 2022. Despite facing numerous challenges and roadblocks along the way, GASPACS completed all its mission objectives and was widely acknowledged a great success.",https://www.linkedin.com/feed/update/urn:li:activity:6903604133233053696/?updateEntityUrn=urn%3Ali%3Afs_feedUpdate%3A%28V2%2Curn%3Ali%3Aactivity%3A6903604133233053696%29 | https://www.linkedin.com/feed/update/urn:li:activity:6903604133233053696/?updateEntityUrn=urn%3Ali%3Afs_feedUpdate%3A%28V2%2Curn%3Ali%3Aactivity%3A6903604133233053696%29 | https://www.linkedin.com/feed/update/urn:li:activity:6903604133233053696/?updateEntityUrn=urn%3Ali%3Afs_feedUpdate%3A%28V2%2Curn%3Ali%3Aactivity%3A6903604133233053696%29 | https://www.linkedin.com/feed/update/urn:li:activity:6903604133233053696/?updateEntityUrn=urn%3Ali%3Afs_feedUpdate%3A%28V2%2Curn%3Ali%3Aactivity%3A6903604133233053696%29 | https://www.linkedin.com/feed/update/urn:li:activity:6903604133233053696/?updateEntityUrn=urn%3Ali%3Afs_feedUpdate%3A%28V2%2Curn%3Ali%3Aactivity%3A6903604133233053696%29 | https://www.linkedin.com/feed/update/urn:li:activity:6903604133233053696/?updateEntityUrn=urn%3Ali%3Afs_feedUpdate%3A%28V2%2Curn%3Ali%3Aactivity%3A6903604133233053696%29 | https://www.linkedin.com/feed/update/urn:li:activity:6903604133233053696/?updateEntityUrn=urn%3Ali%3Afs_feedUpdate%3A%28V2%2Curn%3Ali%3Aactivity%3A6903604133233053696%29 | https://www.usu.edu/physics/gas/projects/gaspacs,,Utah State University,US,1U,Deploy and rigidize a 1 meter long inflatable UV cured boom.
Delfi-PQ 1,delfi-pq-1,https://www.nanosats.eu/sat/delfi-pq-1.html,2022-01-13,Reentry 2024-01-06. Was operational until the end.,"Reentered, Operational",—,não,"Operated till the end, last packet received on 2024-01-06.",https://x.com/DelfiSpace/status/1745588651545837723?s=20,,Delft University of Technology,Netherlands,PocketQube 3p,Demonstrate PocketQube platform technologies.
EASAT-2,easat-2,https://www.nanosats.eu/sat/easat-2.html,2022-01-13,Reentry 2024-05-23. Was semi-operational? (Antennas not deployed as per Félix EA4GQS),"Reentered, Semi-operational",B - coleta de plataformas (DCS/IoT),sim,,,"Antennas not deployed, very weak signals.",AMSAT-EA,,PocketQube 1.5p,Provide radio amateurs a LEO orbital linear transponder so bidirectional communications are possible in its footprint.
Hades,hades,https://www.nanosats.eu/sat/hades.html,2022-01-13,Reentry 2024-05-27. Was semi-operational? (Antennas not deployed as per Félix EA4GQS),"Reentered, Semi-operational",A(fraco) - câmera sem alvo declarado; B - coleta de plataformas (DCS/IoT),sim,,,"Antennas not deployed, very weak signals.",AMSAT-EA,,PocketQube 1.5p,Amateur communications implementing a Bend-Pipe type repeater and with Store & Forward capabilities.
HYPSO-1,hypso,https://www.nanosats.eu/sat/hypso.html,2022-01-13,Operational (Blog post on the website and last checked on 2022-05-26),Operational,A - sensoriamento remoto,sim,"Payload is alive!
When we enter 2024, our first research satellite, the HYPSO-1, soon pass the two-year orbit mark! We have collected over 2000 observations and are continuously developing both the on-board software and the data processing and distribution pipeline for data sharing.
In addition to the ongoing HYPSO-1 operation, our team has also delivered the two payloads for our next satellite: HYPSO-2. Back in August 2022, we shipped an upgraded hyperspectral camera and a software-defined radio to be integrated at Kongsberg NanoAvionics. The integration and environmental tests finished in December, and some of our team went to Vilnius for final testing and “goodbyes”.",https://www.ntnu.edu/web/smallsat/blog/-/blogs/payload-is-alive- | https://www.linkedin.com/posts/ntnu-hypso_we-now-have-only-a-few-days-left-of-2023-activity-7143592038846951425-ZGQC/ | https://www.linkedin.com/posts/ntnu-hypso_we-now-have-only-a-few-days-left-of-2023-activity-7143592038846951425-ZGQC/,,Norwegian University of Science and Technology (NTNU),US,6U,Hyperspectral imager to monitor algal blooms and other biological activity in the ocean.
IRIS-A,iris-a,https://www.nanosats.eu/sat/iris-a.html,2022-01-13,Reentry 2025-06-10. Was operational (Numerous amateur radio reports last checked on 2022-05-26),"Reentered, Operational",B - coleta de plataformas (DCS/IoT),sim,"Taiwan's first locally made global positioning system (GPS) receiver for satellite missions has functioned normally and passed key environmental tests during nearly two months in space, raising hopes for Taiwan's home-grown satellite development program.",https://focustaiwan.tw/sci-tech/202203110012,,National Cheng Kung University,Taiwan,2U,Test technology to improve the quality of downlink signals.
LabSat,labsat,https://www.nanosats.eu/sat/labsat.html,2022-01-13,Reentry 2024-09-10. Was semi-operational? (Official post on Twitter about achieving communication from 2022-01-28 but IAC 2022 paper confirmed that experiments could not be carried out due to power and comms issues as of 2022-12-24),"Reentered, Was semi-operational, ?",—,não,"Unfortunately, due to problems with communication and power supply, the planned biological experiments could not be carried out.","https://iafastro.directory/iac/proceedings/IAC-22/IAC-22/A1/IPB/manuscripts/IAC-22,A1,IPB,30,x72038.pdf","Unfortunately, due to problems with communication and power supply, the planned biological experiments could not be carried out.",Wroclaw University of Science and Technology,,3U,"Researching the behavior of cancer cells and T lymphocytes, as well as the growth of fungi."
Lemur-2 151 Krywe,lemur-2-adler-1,https://www.nanosats.eu/sat/lemur-2-adler-1.html,2022-01-13,Reentry 2023-06-10. Was operational,"Reentered, Operational",—,não,"The first signal detected by the cubesat “ADLER-1”, developed by the Austrian Space Forum (ÖWF) together with Spire Global Inc. and Findus Venture Gmbh, originates from an extraterrestrial object or a micrometeoroid with an estimated velocity of 54,000-72,000 km/h.
The first signal was detected in early May. Of the 70,000 signals detected so far, one signal shape has changed significantly, ultimately indicating this high velocity. At the time of detection, the ADLER-1 cubesat was at an altitude of 479 kilometers above the Atlantic Ocean.",https://adler.oewf.org/2022/05/09/adler-1-successfully-detects-first-object/ | https://adler.oewf.org/2022/05/09/adler-1-successfully-detects-first-object/,,Austrian Space Forum (OeWF),Austria,3U,Study the (micro) space debris environment in LEO to complement the models by an active short-range radar as well as a deployable piezoelectric array.
PAN A,pan,https://www.nanosats.eu/sat/pan.html,2022-01-13,,"Reentered, Semi-operational, ?",—,não,"Outcome: minimal success
No “infant mortality”
Near-continuous communications (by implication, power positive) through atmospheric entry in May 2022
After separation from the LV, telemetry confirmed fundamental health, status, and performance of key subsystems.
Anomaly
A late, uninformed, and unapproved software change made the low-power safe- hold mode a very high-power state.
Consequently, when the spacecraft began charging its batteries after separation in safe-hold mode, the power drain caused repeated reboots of the flight computer (a two-fault response scenario).
Ultimately, the spacecraft never was able to enter normal mode to demonstrate rendezvous.",https://www3.nasa.gov/sites/default/files/atoms/files/pan_2023_05_10.pdf | https://www3.nasa.gov/sites/default/files/atoms/files/pan_2023_05_10.pdf | https://www3.nasa.gov/sites/default/files/atoms/files/pan_2023_05_10.pdf | https://www3.nasa.gov/sites/default/files/atoms/files/pan_2023_05_10.pdf | https://www3.nasa.gov/sites/default/files/atoms/files/pan_2023_05_10.pdf | https://www3.nasa.gov/sites/default/files/atoms/files/pan_2023_05_10.pdf | https://www3.nasa.gov/sites/default/files/atoms/files/pan_2023_05_10.pdf | https://www3.nasa.gov/sites/default/files/atoms/files/pan_2023_05_10.pdf,,Cornell University,US,3U,Technology demonstration to launch two 3U CubeSats that will autonomously rendezvous and dock in LEO.
PAN B,pan,https://www.nanosats.eu/sat/pan.html,2022-01-13,,"Reentered, Semi-operational, ?",—,não,"Outcome: minimal success
No “infant mortality”
Near-continuous communications (by implication, power positive) through atmospheric entry in May 2022
After separation from the LV, telemetry confirmed fundamental health, status, and performance of key subsystems.
Anomaly
A late, uninformed, and unapproved software change made the low-power safe- hold mode a very high-power state.
Consequently, when the spacecraft began charging its batteries after separation in safe-hold mode, the power drain caused repeated reboots of the flight computer (a two-fault response scenario).
Ultimately, the spacecraft never was able to enter normal mode to demonstrate rendezvous.",https://www3.nasa.gov/sites/default/files/atoms/files/pan_2023_05_10.pdf | https://www3.nasa.gov/sites/default/files/atoms/files/pan_2023_05_10.pdf | https://www3.nasa.gov/sites/default/files/atoms/files/pan_2023_05_10.pdf | https://www3.nasa.gov/sites/default/files/atoms/files/pan_2023_05_10.pdf | https://www3.nasa.gov/sites/default/files/atoms/files/pan_2023_05_10.pdf | https://www3.nasa.gov/sites/default/files/atoms/files/pan_2023_05_10.pdf | https://www3.nasa.gov/sites/default/files/atoms/files/pan_2023_05_10.pdf | https://www3.nasa.gov/sites/default/files/atoms/files/pan_2023_05_10.pdf,,Cornell University,US,3U,Technology demonstration to launch two 3U CubeSats that will autonomously rendezvous and dock in LEO.
TechEdSat-13,techedsat-13,https://www.nanosats.eu/sat/techedsat-13.html,2022-01-13,"Reentry 2024-07-13. Was operational (Presentations at CDW2022, CDW2023 and SmallSat 2023)","Reentered, Operational",—,não,"Mission is ongoing and active as of Spring 2023 at 468km, decaying at 162 m/day
.
Overall, the Loihi-1 neuromorphic processor has performed well on board TechEdSat-13 and has achieved comprehensive success per the initial mission criteria. It should be noted this experiment is ongoing, with TES-13 still active and on orbit as of August 2023, with testing now focused on extended experimental runs during the solar events occurring over the summer of 2023. As of this writing, no significant SEE events have been noted, even with this complex-architecture COTS 14nm processor only protected by two millimeters of aluminum. Summary packets stating pass/fail results and top-level system health logs have been received via Iridium SBD, and full BrainStack execution log files have been received through now successful Lunar Radio S-Band downlink opportunities",http://mstl.atl.calpoly.edu/~workshop/archive/2023/presentations/2023_Day1_Session1_Brock_MooneyRivki_TechEdSat.pdf | https://digitalcommons.usu.edu/cgi/viewcontent.cgi?article=5641&context=smallsat,,NASA Ames Research Center,US,3U,Test several technologies intended to help better track and identify CubeSats.
VZLUSAT-2,vzlusat-2,https://www.nanosats.eu/sat/vzlusat-2.html,2022-01-13,Reentry 2025-11-30. Was operational (News on 2022-02-16),"Reentered, Operational",A - sensoriamento remoto,sim,"The first part of commissioning included verification of the satellite platform systems, i.e., the power supply system, the UHF radio communication, and the on-board computer. Initial values of the satellite temperature indicated that the satellite was cooled down to -10 ° C, which was caused by its 11-day stay inside the deployer. After turning the satellite systems on, the temperature inside the satellite increased to operating temperature in the 0 ° C to + 10 ° C range.
In the second week after the deployment, gamma-ray burst detector for Masaryk University in Brno and Konkoly Observatory and X-ray solar cameras from Rigaku Innovative Technologies Europe and ADVACAM were turned on. Both devices have successfully performed the first measurements and are now also awaiting gradual commissioning.",https://www.vzlu.cz/the-main-systems-of-the-vzlusat-2-nanosatellite-put-into-operation/?lang=en | https://www.vzlu.cz/the-main-systems-of-the-vzlusat-2-nanosatellite-put-into-operation/?lang=en,,University of West Bohemia,Czechia,3U,Experimental Earth-observation camera and high-energy particle detectors.
QubeSat,qubesat,https://www.nanosats.eu/sat/qubesat.html,2022-02-10,Launch failure,Launch failure,—,não,"Launched on the failed Astra LV 0008. Quantum Gyro payload was dead on delivery. Team rated only 5% chance of success, but 5% in space is better than 0% from the ground.",http://mstl.atl.calpoly.edu/~workshop/archive/2023/presentations/2023_Day1_Session3_Pham.pdf,,"University of California, Berkeley",,2U,Test and characterize the effects of space on quantum gyroscopes based on nitrogen-vacancy centers in diamond.
INSPIRESat-1,inspiresat-1,https://www.nanosats.eu/sat/inspiresat-1.html,2022-02-14,Reentry 2026-05-02. Was operational (SmallSat 2023 presentation),"Reentered, Operational",A - sensoriamento remoto,sim,"First contact was established with the spacecraft 45 minutes after launch. The first science instruments were turned on by February 27th. DAXSS has now observed multiple solar flares in the current increasing phase of solar cycle 25 for a period of 16 months.
The IS-1 spacecraft completed its primary mission when it completed six months of science operations by August 30th, 2022 to achieve comprehensive success. The spacecraft has measured many solar flare events within 15 month on-orbit period and ionosphere plasma measurements during the brief eclipse period the spacecraft encountered between May-August, 2022.
The SD-cards are big enough that the first 15 months of observations are still on-board and available for downlink. The amount of the DAXSS science packets downlink has been limited so far because UHF communication has only been used for the prime mission, but more (even all) of the data is anticipated to be downlinked once reliable S-band radio is commissioned.
Spacecraft Anomalies
In 15 months of operations, the spacecraft has encountered multiple ADCS resets assumed to be due to Single Event Upsets (SEU’s).
The DAXSS instrument has shown two instances of anomalously high current draws which were isolated to the OBC of the instrument caused by SEU’s. Power cycling the instrument cleared these upsets. The spacecraft also experienced a hang up on the I2C line when the S-Band transmitter was switched on. Since primary science mission could be achieved by data downlink over UHF, it was decided to commission S-Band after the primary mission duration of 6 months. This has since been resolved by not beaconing on the UHF when S-band is in transmit mode. The UHF beaconing was causing noise in the I2C causing it to hang-up. However science data downlink over S-band has not been consistently done resulting large volume of science data still needing to be downloaded.
Since October 2022, the spacecraft has had multiple issues with the on-board SD cards which include anomalous read pointer values for the science data partitions, Sd cards not being written to etc. Currently science data is being written to the 16 MB onboard flash memory and science data is downlinked daily before being over written. The SD Cards can still be read from and science data recorded previously is still being downlinked.",https://digitalcommons.usu.edu/smallsat/2023/all2023/54/ | https://digitalcommons.usu.edu/smallsat/2023/all2023/54/ | https://digitalcommons.usu.edu/smallsat/2023/all2023/54/ | https://digitalcommons.usu.edu/smallsat/2023/all2023/54/ | https://digitalcommons.usu.edu/smallsat/2023/all2023/54/ | https://digitalcommons.usu.edu/smallsat/2023/all2023/54/,,Indian Institute of Space Science and Technology,India,8.6 kg,"Ionospheric measurements, establish educational program and constellation of space weather satellites."
OreSat0,oresat0,https://www.nanosats.eu/sat/oresat0.html,2022-03-14,"Reentry 2024-09-29. Was operational until 2022-03-30, 2 weeks? (SATNOGS reports with data stop 2022-03-30 last checked on 2022-07-23)","Reentered, Was operational, ?",—,não,Manifested commercially. Successful mission thanks to massive descope.,http://mstl.atl.calpoly.edu/~workshop/archive/2023/presentations/2023_Day1_Session3_Pham.pdf,,Portland State University,,1U,Provide flight heritage to spacecraft bus and predecessor to the next satellite.
Alfa Crux,alfa-crux,https://www.nanosats.eu/sat/alfa-crux.html,2022-04-01,Reentry 2024-04-05. Was operational (Numerous reports with data on SatNOGS and a publication as of 2022-12-21. IAC 2023 paper.),"Reentered, Operational",—,não,The results of AlfaCrux magnetometer telemetry processing revealed that the CubeSat attitude motion is affected by quite strong residual magnetic dipole. Its value should be estimated in real-time for better onboard estimation of the attitude motion for future missions. The paper demonstrated the results of successful application of the differential evolution algorithm for motion reconstruction. The AlfaCrux motion is characterized as passive magnetic stabilization.,"https://iafastro.directory/iac/proceedings/IAC-23/IAC-23/B4/IP/manuscripts/IAC-23,B4,IP,2,x79659.pdf",,University of Brasilia,Brazil,1U,Research and experiments to be carried out in the communications field.
BDSAT,bdsat,https://www.nanosats.eu/sat/bdsat.html,2022-04-01,"Reentry 2024-04-18. Was operational until 2022-04-XX, 1 week?","Reentered, Was operational",—,não,,,Problem in the software code that caused the communication failure.,Central European Institute of Technology (CEITEC),Czechia,1U,Amateur radio mission and test of pressure sensors and supercapacitor bank.
Zhixing-3A,zhixing-3a,https://www.nanosats.eu/sat/zhixing-3a.html,2022-05-09,Reentry 2023-02-12. Was operational (Official post on Smart Satellite website on 2022-12-01),"Reentered, Operational",A - sensoriamento remoto,sim,"After more than 10 days of multi-station measurement and control confirmation, the satellite measurement and control uplink and downlink are normal, the energy on the satellite is sufficient and stable, and the thermal design meets expectations. The platform function tests such as independent attitude and orbit determination, ground/sun maneuvering, and station-to-station data transmission have been completed. Others New technology verification and load performance tests have also been completed one after another, and the satellite is currently in normal operation.
Through the Zhixing-3A satellite and the Zhixing-1A satellite that was already in orbit in the early stage, Zhixing Space has fully verified the overall design of the satellite, the design of satellite affairs and attitude control software, and the design capabilities of ground operation and control software. The engineering application of the launched Zhixing X series radar satellites has laid a solid foundation.",http://www.smartsatellite.com/details?article_id=129 | http://www.smartsatellite.com/details?article_id=129,,Smart Satellite,,6U,Technology demonstration for the SAR constellation.
BroncoSat-1,broncosat-1,https://www.nanosats.eu/sat/broncosat-1.html,2022-05-25,Reentry 2024-11-19? No signal (DoA as per CubeSat Developers Workshop 2023 and object still not identified on Space-Track as of 2022-12-21),"Reentered, No signal",—,não,"Satellite was DoA due to failure of COTS
comms system.",,"Satellite was DoA due to failure of COTS
comms system.",Cal Poly Pomona (Bronco Space),US,1.5U,Demonstrating NVIDIA Jetson Nano GPU as secondary flight computer.
CPOD A,cpod,https://www.nanosats.eu/sat/cpod.html,2022-05-25,,"Reentered, Retired, Operational",—,não,"CPOD ultimately achieved rendezvous and passively safe formation flying. Docking was not exercised due to fuel depletion brought about by challenges associated with the outdated hardware. Operations concluded in May 2023 and the vehicles were decommissioned in June 2023.
Key Accomplishments
5 major experiments yielding rendezvous and passively safe formations
3 guidance algorithms validated on-orbit for autonomous RPO
Exceptional robustness to disturbance forces
Key Lesson Learned
Primary performance bottleneck: propulsion system reliability
Dynamic modeling will improve performance with existing hardware
Improved hardware will further increase performance and flexibility
Reduced Solar Power Generation
Both vehicles lost 5-10 W of generation capacity
Likely due to an inaccurate integrated circuit spec
Risk known before launch; redesigned MPPT rolled out to other vehicles, but did not fit in 3U CPOD bus
Disturbances from Cold Gas Prop System
Rebuilds by system vendor reduced total Δv
2 thrusters stuck open on one vehicle
Plenum pressure varied widely (up to 75% error)⟹ Thrust force likely varied widely
The CPOD mission ultimately achieved autonomous rendezvous of a 3U CubeSat to an RSO using its RPO architecture. On-orbit experiments specifically validated an SCP algorithm for exceptionally fuel efficient semi-autonomous rendezvous from long distances, a nonlinear MPC algorithm for fully autonomous rendezvous, and a linear MPC algorithm for ingress to a passively safe flying formation.
The limiting factors in on-orbit experiments stemmed largely from hardware systems that were obsolete at launch due to many years of logistical launch delay. The experience of confronting these challenges in the years preceding CPOD launch generated insights into pain points that have improved subsequent missions. Additionally, while the on-orbit hardware challenges limited the scope of experiments, they also stress-tested the robustness of the RPO architecture and revealed its strong disturbance rejection capabilities
.
Marked as Failure in the NASA SmallSat/CubeSat Fleet Missions Database.",https://digitalcommons.usu.edu/smallsat/2023/all2023/119/ | https://digitalcommons.usu.edu/smallsat/2023/all2023/119/ | https://digitalcommons.usu.edu/smallsat/2023/all2023/119/ | https://digitalcommons.usu.edu/smallsat/2023/all2023/119/ | https://digitalcommons.usu.edu/smallsat/2023/all2023/119/ | https://digitalcommons.usu.edu/smallsat/2023/all2023/119/ | https://digitalcommons.usu.edu/smallsat/2023/all2023/119/ | https://digitalcommons.usu.edu/smallsat/2023/all2023/119/ | https://digitalcommons.usu.edu/smallsat/2023/all2023/119/ | https://digitalcommons.usu.edu/smallsat/2023/all2023/119/ | https://digitalcommons.usu.edu/smallsat/2023/all2023/119/ | https://digitalcommons.usu.edu/smallsat/2023/all2023/119/ | https://digitalcommons.usu.edu/smallsat/2023/all2023/119/ | https://digitalcommons.usu.edu/smallsat/2023/all2023/119/ | https://digitalcommons.usu.edu/smallsat/2023/all2023/119/ | https://digitalcommons.usu.edu/smallsat/2023/all2023/119/ | https://digitalcommons.usu.edu/smallsat/2023/all2023/119/ | https://digitalcommons.usu.edu/smallsat/2023/all2023/119/ | https://s3vi.ndc.nasa.gov/cubesat/,,Tyvak,,3U,Demonstrate proximity operations and docking between CubeSats.
CPOD B,cpod,https://www.nanosats.eu/sat/cpod.html,2022-05-25,,"Reentered, Retired, Operational",—,não,"CPOD ultimately achieved rendezvous and passively safe formation flying. Docking was not exercised due to fuel depletion brought about by challenges associated with the outdated hardware. Operations concluded in May 2023 and the vehicles were decommissioned in June 2023.
Key Accomplishments
5 major experiments yielding rendezvous and passively safe formations
3 guidance algorithms validated on-orbit for autonomous RPO
Exceptional robustness to disturbance forces
Key Lesson Learned
Primary performance bottleneck: propulsion system reliability
Dynamic modeling will improve performance with existing hardware
Improved hardware will further increase performance and flexibility
Reduced Solar Power Generation
Both vehicles lost 5-10 W of generation capacity
Likely due to an inaccurate integrated circuit spec
Risk known before launch; redesigned MPPT rolled out to other vehicles, but did not fit in 3U CPOD bus
Disturbances from Cold Gas Prop System
Rebuilds by system vendor reduced total Δv
2 thrusters stuck open on one vehicle
Plenum pressure varied widely (up to 75% error)⟹ Thrust force likely varied widely
The CPOD mission ultimately achieved autonomous rendezvous of a 3U CubeSat to an RSO using its RPO architecture. On-orbit experiments specifically validated an SCP algorithm for exceptionally fuel efficient semi-autonomous rendezvous from long distances, a nonlinear MPC algorithm for fully autonomous rendezvous, and a linear MPC algorithm for ingress to a passively safe flying formation.
The limiting factors in on-orbit experiments stemmed largely from hardware systems that were obsolete at launch due to many years of logistical launch delay. The experience of confronting these challenges in the years preceding CPOD launch generated insights into pain points that have improved subsequent missions. Additionally, while the on-orbit hardware challenges limited the scope of experiments, they also stress-tested the robustness of the RPO architecture and revealed its strong disturbance rejection capabilities
.
Marked as Failure in the NASA SmallSat/CubeSat Fleet Missions Database.",https://digitalcommons.usu.edu/smallsat/2023/all2023/119/ | https://digitalcommons.usu.edu/smallsat/2023/all2023/119/ | https://digitalcommons.usu.edu/smallsat/2023/all2023/119/ | https://digitalcommons.usu.edu/smallsat/2023/all2023/119/ | https://digitalcommons.usu.edu/smallsat/2023/all2023/119/ | https://digitalcommons.usu.edu/smallsat/2023/all2023/119/ | https://digitalcommons.usu.edu/smallsat/2023/all2023/119/ | https://digitalcommons.usu.edu/smallsat/2023/all2023/119/ | https://digitalcommons.usu.edu/smallsat/2023/all2023/119/ | https://digitalcommons.usu.edu/smallsat/2023/all2023/119/ | https://digitalcommons.usu.edu/smallsat/2023/all2023/119/ | https://digitalcommons.usu.edu/smallsat/2023/all2023/119/ | https://digitalcommons.usu.edu/smallsat/2023/all2023/119/ | https://digitalcommons.usu.edu/smallsat/2023/all2023/119/ | https://digitalcommons.usu.edu/smallsat/2023/all2023/119/ | https://digitalcommons.usu.edu/smallsat/2023/all2023/119/ | https://digitalcommons.usu.edu/smallsat/2023/all2023/119/ | https://digitalcommons.usu.edu/smallsat/2023/all2023/119/ | https://s3vi.ndc.nasa.gov/cubesat/,,Tyvak,,3U,Demonstrate proximity operations and docking between CubeSats.
Foresail-1,foresail-1,https://www.nanosats.eu/sat/foresail-1.html,2022-05-25,"Reentry 2023-04-01? Was operational until 2022-06-XX, 2 weeks? (Social media posts on Twitter about receiving first beacons but press release about losing contact in June from 2022-11-04 and object still not identified on Space-Track as of 2022-12-19)","Reentered, Was operational",A - sensoriamento remoto,sim,,,Connection was suddenly lost after the satellite's transmitter power was increased in June.,Finnish Centre of Excellence for Sustainable Space,,3U,Particle detector to measure electrons and protons and Electrostatic Plasma Brake deorbiting experiment.
Hatchling,hatchling,https://www.nanosats.eu/sat/hatchling.html,2022-05-25,Reentry 2024-04-11. No signal (Antennas are thought to have not been deployed as reported on official Twitter on 2022-10-31 as of 2022-12-20),"Reentered, No signal",—,não,,,Antennas are thought to have been stuck while trapped on Vigoride.,Care Weather,US,PocketQube 1p,"Early pathfinder mission for future cubesat constellation, which will map global oceanic vector winds on an hourly basis."
Platform-1,platform-1,https://www.nanosats.eu/sat/platform-1.html,2022-05-25,"Reentry 2025-09-25. Was operational (Social media post on LinkedIn on September 2022 as of 2022-12-21, but no packets on TinyGS)","Reentered, Operational",A - sensoriamento remoto,sim,"In order to provide a stable CubeSat as a Service, the Mission Control System has continuously improved and operated with 184 successful jobs uploaded from the ground and executed dynamically in space.
As of 2023-03-14:
110+ GB data downloaded.
6520+ telecommands.
1293+ passes.
155+ ML script executions.
4 ground stations.",https://digitalcommons.usu.edu/cgi/viewcontent.cgi?article=5798&context=smallsat,,EnduroSat,Bulgaria,6U,Technology demonstrations and commercial payloads.
PTD-3 TBIRD,ptd-3,https://www.nanosats.eu/sat/ptd-3.html,2022-05-25,Reentry 2024-09-14. Was operational (Press release on 2022-12-05 of successful laser transmission test as of 2022-12-21. SmallSat 2023 presentation.),"Reentered, Operational",—,não,"The demonstration connected the TeraByte InfraRed Delivery (TBIRD) laser communications payload aboard NASA’s Pathfinder Technology Demonstrator 3 Satellite (PTD-3) to the ground, transmitting 1.4 TB of test data in a single ground station pass lasting less than 5 minutes. TBIRD is a NASA Space Communications and Navigation payload developed by the MIT Lincoln Laboratory.
NASA’s Pathfinder Technology Demonstrator (PTD) mission series tests the operation of a variety of novel satellite technologies to provide significant enhancement to the performance of versatile spacecraft. Terran Orbital designed, built, integrated, and operated the spacecraft for the first PTD satellite, PTD-1, to demonstrate a propulsion system with a water-based propellant generated via water electrolysis. PTD-3 is also a Terran Orbital-developed satellite with added components to support the TBIRD payload. This optical communication technology demonstration aims to advance the state of the art for high-speed, direct-to-Earth transmission of data from low Earth-orbiting satellites to ground stations, targeting downlink at the unprecedented rate of 200 gigabits per second. Fast, error-free transfer of extremely high volumes of data may transform the operations and missions of scientific, commercial, and defense satellites.
Pathfinder Technology Demonstrator 3 (PTD-3) satellite enabled a successful 200 gigabits per second space-to-ground optical link. The NASA satellite hosts the TeraByte InfraRed Delivery (TBIRD) payload funded by NASA Space Communications and Navigation (SCaN) and developed by MIT Lincoln Laboratory. Previously, Terran Orbital aided TBIRD’s data transmission of 1.4 terabytes of test data to a single ground station in a pass that lasted less than five minutes – a record breaker at the time in terms of both speed and data transmission quantity. The 200 gigabits per second space-to-ground optical link broke this record.
Key achievements:
~5-urad Cubesat closed-loop body pointing
100 & 200 Gbps downlinks from LEO
Downlinked >1 Terabyte error-free in a variety of atmospheric conditions
Validated use of terrestrial COTS components in space
Performed end-to-end transfer from space buffer to ground buffer at 100 Gbps",https://terranorbital.com/terran-orbital-aids-successful-demonstration-of-record-breaking-1-4-terabyte-single-pass-optical-downlink-for-nasas-pathfinder-technology-demonstrator-3-satellite/ | https://terranorbital.com/terran-orbital-aids-successful-demonstration-of-record-breaking-1-4-terabyte-single-pass-optical-downlink-for-nasas-pathfinder-technology-demonstrator-3-satellite/ | https://terranorbital.com/another-record-terran-orbital-developed-ptd-3-enables-200-gigabits-per-second-space-to-ground-optical-link/ | https://digitalcommons.usu.edu/smallsat/2023/all2023/68/ | https://digitalcommons.usu.edu/smallsat/2023/all2023/68/ | https://digitalcommons.usu.edu/smallsat/2023/all2023/68/ | https://digitalcommons.usu.edu/smallsat/2023/all2023/68/ | https://digitalcommons.usu.edu/smallsat/2023/all2023/68/ | https://digitalcommons.usu.edu/smallsat/2023/all2023/68/,,NASA Ames Research Center,,6U,Demonstrate a new laser communications system from MIT Lincoln Laboratory.
SBUDNIC,sbudnic,https://www.nanosats.eu/sat/sbudnic.html,2022-05-25,"Reentry 2023-08-10. No signal (Press release about autonomous drag sail deployment on 2023-03-17 but no signal and no reports on Twitter, SATNOGS or TinyGS as of 2022-04-15)","Reentered, No signal, Was semi-operational",A(fraco) - câmera sem alvo declarado,não,"Analysis of orbital tracking data shows that the drag device, and by extension almost all major subsystems, successfully self-initialized, deployed, and functioned once SBUDNIC was placed into its selected 550km polar orbit by a D-Orbit ION orbital tug. Deployment was then verified from the ground by comparing SBUDNIC’s observed orbital decay with predicted orbital decay of the satellite over time, comparing SBUDNIC’s altitude to that of the other 3U cubesats deployed at comparable altitudes and orbits as part of SpaceX’s Transporter 5 mission, and by radar measurement of the cross-sectional area of the satellite.",https://drive.google.com/file/d/1U31NAByubQDmMWqCFpWdiLrC0t6qQXnE/view,,Brown University,US,3U,Testing the limits of how quickly and efficiently a 3U CubeSat can be developed using parts that have never been to space before.
SelfieSat,selfiesat,https://www.nanosats.eu/sat/selfiesat.html,2022-05-25,Reentry 2024-09-06. Was operational (Two-way communications established about 2 months after deployment and first image downloaded in December as of 2022-12-20),"Reentered, Operational",A(fraco) - câmera sem alvo declarado,não,"SelfieSat has captured its first selfie in space. Unfortunately, the LCD display has loosened, making it a bit more difficult to display images. Operations team is now working closely with ADCS to find a solution and flip the LCD display back into place.
After capturing and downlinking more than 200 pictures in space, the operations team in Orbit successfully updated the onboard computers' software on SelfieSat. The update solved a bug that improved the command system for easier SelfieSat operation and implemented other minor corrections. SelfieSat is orbiting Earth at an altitude of 480km and is predicted to deorbit by the end of this year. It is truly inspiring to see that our first-ever satellite is still behaving as if it was launched yesterday - even though it has now been in space for close to 2 years!",https://www.linkedin.com/feed/update/urn:li:activity:7035715021003177984/?updateEntityUrn=urn%3Ali%3Afs_feedUpdate%3A%28V2%2Curn%3Ali%3Aactivity%3A7035715021003177984%29 | https://www.linkedin.com/posts/orbit-ntnu_mission-update-for-selfiesat-after-capturing-activity-7168277287329636352-DZRX?utm_source=share&utm_medium=member_desktop,,Norwegian University of Science and Technology (NTNU),,2U,Display a selfie and robotic arm with a camera will photograph the screen with the Earth in its background.
TROPICS 1,tropics,https://www.nanosats.eu/sat/tropics.html,2022-06-12,,Launch failure,A - sensoriamento remoto,sim,"As of August 2023, the satellites have been undergoing tests of their main instruments, microwave radiometers to collect temperature and humidity data on tropical storms.
In addition to the high frequency of observations, the TROPICS satellites provide high-quality data. Blackwell said the precipitation rain rate estimate derived from TROPICS Pathfinder data is better than state-of-the-art instruments on much larger spacecraft.
Within four weeks of receiving MIT LL’s purchase order, ATLAS had completed spacecraft integration and TROPICS was declared operational on ATLAS’ Global Federated Network—a process that typically takes ground segment providers several months or more to perform.",https://spacenews.com/tropics-cubesat-constellation-ready-for-hurricane-season/ | https://spacenews.com/tropics-cubesat-constellation-ready-for-hurricane-season/ | https://www.satelliteevolution.com/post/atlas-space-operations-completes-rapid-onboarding-of-critical-tropics-spacecraft,,MIT (Massachusetts Institute of Technology),US,3U,Provide rapid-refresh microwave measurements over the tropics for weather prediction.
TROPICS 2,tropics,https://www.nanosats.eu/sat/tropics.html,2022-06-12,,Launch failure,A - sensoriamento remoto,sim,"As of August 2023, the satellites have been undergoing tests of their main instruments, microwave radiometers to collect temperature and humidity data on tropical storms.
In addition to the high frequency of observations, the TROPICS satellites provide high-quality data. Blackwell said the precipitation rain rate estimate derived from TROPICS Pathfinder data is better than state-of-the-art instruments on much larger spacecraft.
Within four weeks of receiving MIT LL’s purchase order, ATLAS had completed spacecraft integration and TROPICS was declared operational on ATLAS’ Global Federated Network—a process that typically takes ground segment providers several months or more to perform.",https://spacenews.com/tropics-cubesat-constellation-ready-for-hurricane-season/ | https://spacenews.com/tropics-cubesat-constellation-ready-for-hurricane-season/ | https://www.satelliteevolution.com/post/atlas-space-operations-completes-rapid-onboarding-of-critical-tropics-spacecraft,,MIT (Massachusetts Institute of Technology),US,3U,Provide rapid-refresh microwave measurements over the tropics for weather prediction.
MIMAN,miman,https://www.nanosats.eu/sat/miman.html,2022-06-21,Semi-operational? First contact achieved 48 days after launch and then issues with large rotation speed and battery charging as reported on 2022-08-26 and 2022-11-10 as of 2022-12-20),"Semi-operational, ?",A - sensoriamento remoto,sim,,,First communication took place 48 days after deployment but then issue with large rotational speed and battery charging.,Yonsei University,South Korea,3U,Multi-spectral Imaging for Monitoring Aerosol by Nanosatellite.
Snuglite-II,snuglite-2,https://www.nanosats.eu/sat/snuglite-2.html,2022-06-21,"Was operational until 2022-07-11, 8 days? (News on official website 2022-07-22 but unclear SatNOGS reports with limited data seem to be continuing as of 2022-12-20)",Was operational,A - sensoriamento remoto,sim,,,Problem with antenna and communication module data transmission and reception due to an error in the electrical part of the satellite continuously from the initial ejection.,Seoul National University,South Korea,3U,Educational amateur radio mission with GPS receiver demonstration.
CAPSTONE,capstone,https://www.nanosats.eu/sat/capstone.html,2022-06-28,Operational (There have been challenges but latest press releases and news have been positive as of 2024-12-23),Operational,—,não,"~4 months in deep space to arrive at its target insertion into the NRHO via a low-energy, deep space transfer using a hydrazine propulsion system. Insertion into the NRHO occurred on November 13, 2022. Scheduled to orbit this area around the Moon for up to 18 months to understand the characteristics of the orbit and perform technology demonstrations.
CAPSTONE has successfully operated in the NRHO since 11/13/22 (167 days)
All six(6) Orbital Maintenance Maneuvers (OMM’s) have successfully executed as planned. Multiple planned OMM’s have been cancelled cancelled due to process of stepping down DV to find a lower bound threshold.
OMM cadence reduced due to minimum OMM DV based on the updated Terran controller implemented for the post-TCM-3 valve anomaly.
Due to updated maneuver performance, further threshold reductions are expected to reduce the minimum OMM < 5 cm/sec.
Two anomalies has occurred since NRHO insertion: Loss of commanding on uplink occurred on Jan. 26th and Feb 17. Suspect SEU on the Iris firmware as the root cause. Commanding restored on Feb 6th and Mar 1st when Command Loss Timer reset the spacecraft.
First CAPS pass attempt occurred on 18 Jan. LRO received a signal, but no ranging data was observed. Two additional passes have been successfully executed with data collected but the ranging data was now well characterized.
Next CAPS pass attempt (lower range to LRO) is planned for 5/9/23. Working the TUI on adjustments to the ranging modulation to improve the measurement quality.
CAPS SW Version 0.5 continues development and will be part of potential in flight SW updates to improve the accuracy of the navigation estimate and correct issues observed in the initial experiment’s results.
CAPSTONE working well more than a year after launch (SpaceNews, 2023-07-24)
The Cislunar Autonomous Positioning System Technology Operations and Navigation Experiment (CAPSTONE) spacecraft, owned by Colorado startup Advanced Space.
A year after its launch, a privately owned, NASA-funded cubesat orbiting the moon continues to work well, providing data to support the agency’s Artemis lunar exploration efforts.
CAPSTONE has completed a six-month primary mission in that orbit and is now in an “enhanced” mission slated to last at least a year. “For us, the enhanced mission really just gets into focusing in on some more of the automation experiments and trying to collect more data.
Celebrates the one-year milestone of the CAPSTONE mission in a lunar Near Rectilinear Halo Orbit (NRHO). CAPSTONE, designed, built, and integrated by Terran Orbital and owned by Advanced Space, has demonstrated significant achievements during its mission.
Key features of CAPSTONE include its alignment with Terran Orbital’s Voyager platform specifications, producing over 100W of peak power, incorporating redundant avionics for enhanced reliability, and featuring Stellar Exploration’s robust propulsion system.
The CAPSTONE mission has achieved numerous milestones, including over 56 successful revolutions in a lunar NRHO, 25 independent maneuvers utilizing over 98 m/s of deltaV, and demonstrating advanced propulsion capabilities in a nanosatellite form factor.
Furthermore, the dedicated CAPSTONE team overcame tremendous adversity when resolving an anomaly that caused the spacecraft to tumble at over 110deg/s, requiring over a month of recovery efforts to bring CAPSTONE back to a nominal operational state.
Throughout its mission, CAPSTONE has established more than 350 Deep Space Network (DSN) contacts, with over 70 involving collaboration with Morehead State University.
CAPSTONE™ To Host Additional Experiments to Support Technology Shortfalls for Cislunar Space, 2025-04-02.
Advanced Space is expanding the
CAPSTONE™
program in collaboration with NASA to host a new suite of experiments. These onboard experiments will further demonstrate spacecraft autonomy, cislunar navigation and interoperable standards-based communications technologies.
These CAPSTONE™ experiments will continue to mature and de-risk critical technologies and operations in this challenging domain. This additional experimentation phase will support NASA technology development for identified shortfalls to increase the Technology Readiness Level (TRL) in these flight and ground technologies to support future flight programs. These specific experiments will leverage the lessons learned from this highly successful mission to help enable our country’s goal to lead lunar, Mars, and deep-space exploration.",http://www.intersmallsatconference.com/past/2023/A.3%20-%20Gardner.zip | http://www.intersmallsatconference.com/past/2023/A.3%20-%20Gardner.zip | http://www.intersmallsatconference.com/past/2023/A.3%20-%20Gardner.zip | http://www.intersmallsatconference.com/past/2023/A.3%20-%20Gardner.zip | http://www.intersmallsatconference.com/past/2023/A.3%20-%20Gardner.zip | http://www.intersmallsatconference.com/past/2023/A.3%20-%20Gardner.zip | http://www.intersmallsatconference.com/past/2023/A.3%20-%20Gardner.zip | http://www.intersmallsatconference.com/past/2023/A.3%20-%20Gardner.zip | http://www.intersmallsatconference.com/past/2023/A.3%20-%20Gardner.zip | https://spacenews.com/capstone-working-well-more-than-a-year-after-launch/ | https://spacenews.com/capstone-working-well-more-than-a-year-after-launch/ | https://spacenews.com/capstone-working-well-more-than-a-year-after-launch/ | https://spacenews.com/capstone-working-well-more-than-a-year-after-launch/ | https://terranorbital.com/terran-orbital-celebrates-capstone-spacecrafts-one-year-in-near-rectilinear-halo-orbit/ | https://terranorbital.com/terran-orbital-celebrates-capstone-spacecrafts-one-year-in-near-rectilinear-halo-orbit/ | https://terranorbital.com/terran-orbital-celebrates-capstone-spacecrafts-one-year-in-near-rectilinear-halo-orbit/ | https://terranorbital.com/terran-orbital-celebrates-capstone-spacecrafts-one-year-in-near-rectilinear-halo-orbit/ | https://terranorbital.com/terran-orbital-celebrates-capstone-spacecrafts-one-year-in-near-rectilinear-halo-orbit/ | https://advancedspace.com/missions/capstone/,,NASA Ames Research Center,US,12U,Demonstrate spacecraft-to-spacecraft navigation and enter Lunar near-reactilinear halo orbit to verify its feasibility for the Gateway lunar orbiting outpost.
CTIM FD,ctim-fd,https://www.nanosats.eu/sat/ctim-fd.html,2022-07-02,Reentry 2023-12-07. Was operational (News on 2022-12-05 about preparing first results as of 2022-12-20. SmallSat 2023 presentation.),"Reentered, Operational",—,não,CTIM solar science collection has improved by 10% over the mission lifetime.,https://digitalcommons.usu.edu/cgi/viewcontent.cgi?article=5687&context=smallsat,,University of Colorado Boulder,US,6U,Demonstrate next-generation Compact Total Irradiance Monitor that will help to provide an understanding of Earth’s climate change.
GPX-2,gpx-2,https://www.nanosats.eu/sat/gpx-2.html,2022-07-02,Reentry 2024-05-11? Was operational (Reported to be operational by an ex-team member and only confirmation found as of 2022-12-20. SmallSat 2023 presentation.),"Reentered, Operational",—,não,"Table (missing from the paper) contains the temperature values for temperatures on 1 August 2022, about a month after launch, and then for 22 December 2022, almost 6 months after launch. This captures the temperatures experienced by the spacecraft during a time of low solar flux and a time of high solar flux.
Following the launch, the thermal model was modified with temperature measurements placed in locations near the actual flight thermistors. This allowed for evaluating predictions from the thermal model that would match with the flight thermistors. Cases were run with orbital parameter matching ephemeris data collected form the NORAD database that tracks all satellites on the day that the on-orbit temperatures were collected for 1 August 2022. The temperatures that were collected from orbit are within the range predicted from the thermal model.",https://digitalcommons.usu.edu/smallsat/2023/all2023/60/ | https://digitalcommons.usu.edu/smallsat/2023/all2023/60/,,NASA Langley Research Center,,6U,Novel test-bed for Commercial Off-the-Shelf (COTS) differential global positioning systems (dGPS).
Recurve,recurve,https://www.nanosats.eu/sat/recurve.html,2022-07-02,Reentry 2024-08-02. Was operational until 2022-08-29 (SmallSat 2023 presentation),"Reentered, Was operational",—,não,"Recurve only survived on orbit for about two months. In that time, it was highly effective: the team and systems worked quickly and effectively to perform spacecraft commissioning, and payload operations, which led to data collection to achieve mission goals. But still, the mission only lasted two months. Other SSP missions, with more challenged implementations and less system testing, had survived on-orbit generally greater than six months (note that none historically had system wide component environmental characterization; some had vendor specific component characterization). Admittedly, the SSP team was a bit surprised and unhappy with this outcome even though the mission was fully successful (and even hit some stretch goal items). Why, if the implementation and operations were generally very smooth, did the system not last?
Globalstar satellite communication beacons indicated that vehicle successfully exited Separation mode; that was the end of alignment with the optimal scenario. The vehicle began losing power, indicated by the battery voltage decreasing, even in illumination. The cause was that the solar panel did not successfully deploy. After the 35th pass, a beacon came in with substantial voltage on the wing solar panels and temperature increases on the inner side of the panels. This telemetry indicated that the panels deployed! The team was able to utilize the high downlink rate to catch up on telemetry over the next few passes, verifying a deployed panel state based on both power and IMU telemetry.
Recurve launched on July 2, at which time the downlink experimentation license was not granted. This was a calculated risk taken by AFRL assuming that the spacecraft lifetime would be long enough to wait until licensing was given and still perform the experiment. Frequency licensing for spacecraft-to-ground downlink was granted on August 9, 2022, 38 days following launch. On the evening of August 9, at 2313 local, the team communicated over the experimental frequencies just 12 hours after approval was granted during the very first window of opportunity. Over the course of the next three weeks, the team would complete 70 experiments with the payload leading to mission success prior to end-of-life (as described in later sections). While the spacecraft had a limited lifetime, which was experimentally even shorter due to licensing trials, the operations team met full mission success through smart design decisions and operations planning.
The last successful command/control pass with Recurve occurred the morning (~1000 UTC) of August 29, 2022. Recurve’s last successful Globalstar beacon was in the afternoon (~1500 UTC) of the 29th. All statuses were considered within nominal bounds. The lack of communication was first noted during the first expected payload pass around 2100 UTC. Due to automation of passes, specific scheduling of antenna with providers, and the expected inconsistency of beacon receipt, no communication attempts were made with Recurve prior to the payload pass. As this behavior persisted and included all forms of communication, it became clear there was a significant fault occurring.
Further interrogation of flight data for the days preceding loss of contact found that the flight computer current consumption showed several distinct increase. Because flight computer current may vary significantly based on load (the nominal, narrow spikes seen in the power data), this telemetry point is harder to check with automated logic or circuitry. However, the upward trend is readily apparent to a human. Unfortunately, this telemetry point was not consistently watched. At this point in the mission, the operators were focused on payload operations, not persistent detailed review of bus telemetry. Discussion of the power consumption profile with experts on space electronics concluded that the observed behavior was very consistent with a single event latch-up. The flight computer was still functioning correctly so the on-board fault logic, which is focused on execution faults, did not trigger. All these data hint that the flight computer failed, and it was probably caused by radiation.",https://digitalcommons.usu.edu/cgi/viewcontent.cgi?article=5795&context=smallsat | https://digitalcommons.usu.edu/cgi/viewcontent.cgi?article=5795&context=smallsat | https://digitalcommons.usu.edu/cgi/viewcontent.cgi?article=5795&context=smallsat | https://digitalcommons.usu.edu/cgi/viewcontent.cgi?article=5795&context=smallsat | https://digitalcommons.usu.edu/cgi/viewcontent.cgi?article=5795&context=smallsat,"Initially solar panels did not deploy. All data hint that the flight computer failed, and it was probably caused by radiation.",Air Force Research Laboratory (AFRL),,6U,"Demonstrating adaptive radio frequency system capability from LEO, evaluating mesh network behavior across multiple nodes to route data wherever it needs to go."
Slingshot-1,slingshot-1,https://www.nanosats.eu/sat/slingshot-1.html,2022-07-02,"Reentry 2024-09-11. Was operational? (IAC 2022 paper confirmed commissioning is finished. Results in the IAC 2023 paper, but decommissioning planned for late 2023. Last checked 2023-12-05)","Reentered, Operational",—,não,"The Blinker v1 on Slingshot-1 demonstrated the concept of a earth bound ground station querying a standalone device appended to a satellite. The 100 KB downloaded each day included GPS fixes taken every 15 minutes. Those GPS fixes were converted into an ephemeris with a position accuracy of 10’s of meters. The satellite attitude was not modified to accommodate either the GPS antenna or the ground antenna – the satellite acted as if Blinker was not there.
However, a tumbling satellite would have been a better example of the robustness of Blinker – that test will have to wait for the decommissioning of the Slingshot-1 later in 2023.
The LED experiment on Blinker v1 demonstrated that 260 lm from a diode with 120° divergence at a range of 500 km is visible as a 10.5 magnitude star. The electrical power to operate the diode subsystem was 6 watts. The test further showed that a modulated signal can be clearly isolated from the background when a fast Fourier transform is done.
Both Slingshot-1 and Blinker v1 are operating nominally as of this writing. The goal of the flight test was to demonstrate Blinker in an operational configuration, and to raise its TRL.
In parallel, development for Blinker v2 is underway. It is a modest effort to fabricate a lower size, weight, and power version achieved by producing a single circuit board with the functions of Blinker v1 efficiently combined. Blinker v3 is a still future iteration that would require a partnership with an electronics manufacturer to further reduce the footprint of Blinker to a size and power that is truly inconsequential to add to going into low earth orbit. The experiment also confirmed the utility of LED payloads for satellite optical tracking and their applicability to Space Traffic Management operations.","https://iafastro.directory/iac/proceedings/IAC-23/IAC-23/A6/IPB/manuscripts/IAC-23,A6,IPB,1,x75761.pdf | https://iafastro.directory/iac/proceedings/IAC-23/IAC-23/A6/IPB/manuscripts/IAC-23,A6,IPB,1,x75761.pdf | https://iafastro.directory/iac/proceedings/IAC-23/IAC-23/A6/IPB/manuscripts/IAC-23,A6,IPB,1,x75761.pdf | https://iafastro.directory/iac/proceedings/IAC-23/IAC-23/A6/IPB/manuscripts/IAC-23,A6,IPB,1,x75761.pdf | https://iafastro.directory/iac/proceedings/IAC-23/IAC-23/A6/IPB/manuscripts/IAC-23,A6,IPB,1,x75761.pdf",,Aerospace Corporation,US,12U,Advance on-orbit experiments using modular and autonomous technologies on next-generation satellite systems with SatCat5.
AstroBio Cubesat,astrobio-cubesat,https://www.nanosats.eu/sat/astrobio-cubesat.html,2022-07-13,Was operational until ? (Initial radio amateur reports and undated website post that reset changed the frequency and power of transmitter but SatNOGS reports with data seem to be continuing as of 2023-12-04. Operational phase of the mission is complete as per IAC2023 paper.),"Was operational, ?",—,não,"ABCS was deployed by Vega-C under nominal con-ditions on July 13th 2022 at 15.27 UTC. The early bea-cons received by Australian radio amateurs confirmed that the satellite status was nominal and, since they used the graphical user interface developed by SIA and freely de-livered through AMSAT community, all the data were suddenly stored on the ABCS mission database. As scheduled, 15 minutes after the deployment the OBC commanded the automatic execution of the experiments, that were performed every 15 minutes for a total of six experiments, each one lasting 10 minutes. To date, the operational phase of the mission can be considered concluded.
Although an anomaly that occurred during the execution of the experiments did not allow the observation of chemiluminescence, that would have provided a complete validation of the payload, the system architecture made it possible to verify which components operated nominally, thus allowing the validation of the lab-on-chip technology. It is worth noting here that this achievement was made possible by a series of subsystems, constituting the satellite bus, which due to the peculiar operating conditions of the payload and the unusual features of the space environment required significant design effort. The sys-tems description and their performance are discussed in the following sections.
Analysis of flight data demonstrated that the seal of the hermetically sealed box worked perfectly throughout the mission. A leak rate of less than 10−7 mbar · l/s was recorded, corresponding to the nominal value for gas-tight sealing. Furthermore, using the ideal gas law (pV = nRT ) it was shown that pressure changes corresponded to temperature changes inside the box, providing a second evidence that no leaks occurred during the mission.
On its smaller faces, ABCS hosts two arrays of 5 cu-bic corner reflectors (CCR), integrated to perform satellite laser ranging experiments (see Figure 5). Aiming at pro-viding useful information for attitude determination from satellite laser ranging, the CCR of each array are mounted with different relative orientation, therefore providing diffferent interference pattern when illuminated by the laser
.
It was known that the probability of tracking a satellite equipped with small COTS CCR in such a high orbit is quite low and no laser ranging results have been obtained in the attempts made to date. However, since ABCS will orbit the Earth for several hundred years, new attempts will be made in the future, possibly relying on more pow-erful laser stations.","https://iafastro.directory/iac/proceedings/IAC-23/IAC-23/B4/2/manuscripts/IAC-23,B4,2,4,x79868.pdf | https://iafastro.directory/iac/proceedings/IAC-23/IAC-23/B4/2/manuscripts/IAC-23,B4,2,4,x79868.pdf | https://iafastro.directory/iac/proceedings/IAC-23/IAC-23/B4/2/manuscripts/IAC-23,B4,2,4,x79868.pdf | https://iafastro.directory/iac/proceedings/IAC-23/IAC-23/B4/2/manuscripts/IAC-23,B4,2,4,x79868.pdf | https://iafastro.directory/iac/proceedings/IAC-23/IAC-23/B4/2/manuscripts/IAC-23,B4,2,4,x79868.pdf",,Sapienza University of Rome,Italy,3U,MEO orbit and hosting a mini laboratory payload based on lab-on chip technology.
GreenCube,greencube,https://www.nanosats.eu/sat/greencube.html,2022-07-13,Operational (AMSAT Italia acquired part of the spacecraft on 2024-04-30),Operational,A(fraco) - câmera sem alvo declarado; B - coleta de plataformas (DCS/IoT),sim,"The GreenCube 3U+ CubeSat, launched on 13 July 2022 in MEO, has allowed extended operations of a nano-satellite in Medium Earth Orbit.
The spacecraft was aimed at testing a cultivation unit on-board a CubeSat platform in MEO for the cultivation of microgreens in an extremely challenging radiation environment. A secondary payload, a propulsion system, was implemented and tested. The satellite equips and currently operates an amateur radio digipeater in MEO.
The spacecraft is still operational after 14 months of mission, against the initial predictions of few months of activity, given the environmental conditions of the selected orbit. The satellite operations in MEO have allowed to gather many lessons learned on how to conduct UHF operations, including the modulation of baud rate with respect to elevation and the scheduling of conventionally executed operations, such as telemetry down link, high fidelity data (mainly for attitude determination) down link, software upgrade and in-orbit patching, etc.
While major modifications were considered, with respect to the standard S5Lab bus architecture for CubeSats, on the space segment, the ground segment required minor modifications for the UHF link at ground. The operations were conducted nominally. The extended usage of an amateur radio digipeater developed by the team allowed the radio amateur community to take advantage of a peculiar mission profile, allowing for intercontinental QSL, while lessons learned were gathered by the team for future amateur radio payload operations.","https://iafastro.directory/iac/proceedings/IAC-23/IAC-23/B4/3/manuscripts/IAC-23,B4,3,2,x79650.pdf | https://iafastro.directory/iac/proceedings/IAC-23/IAC-23/B4/3/manuscripts/IAC-23,B4,3,2,x79650.pdf | https://iafastro.directory/iac/proceedings/IAC-23/IAC-23/B4/3/manuscripts/IAC-23,B4,3,2,x79650.pdf | https://iafastro.directory/iac/proceedings/IAC-23/IAC-23/B4/3/manuscripts/IAC-23,B4,3,2,x79650.pdf",,Sapienza University of Rome,,3U,Test an autonomous laboratory for the cultivation of microgreens on-board a CubeSat platform.
TRISAT-R,trisat-r,https://www.nanosats.eu/sat/trisat-r.html,2022-07-13,Operational (Real-time website as of 2024-05-22),Operational,A - sensoriamento remoto,sim,"We are very pleased to announce that the SkyLabs on-board computer with an embedded GNSS receiver provided for the TRISAT-R mission has successfully locked to the navigation signals at the planned altitude of approximately 6000 km in the Medium Earth orbit (MEO).
The nanosatellite TRISAT-R flying in MEO received its first in-orbit software update of the attitude determination and control algorithm to stabilize the spacecraft into a stable two-axis attitude control.
TRISAT-R continues to operate reliably, despite being exposed to intense radiation in mid-Earth orbit (MEO) for more than seven months.
As of May 2024, TRISAT-R proved to be a robust nanosatellite in a very challenging orbit. Up to this date no critical radiation-based anomaly was observed, and, thanks to the shielding strategy, also no component degradation was observed, with exception of the solar panels, which are expectedly slowly losing maximum power capabilities due to their exposure to a high radiation environment. As it seems, the solar panel degradation will determine the end of life for TRISAT-R, but according to current predictions, we anticipate at least one more year of operation. The avionics platform FDIR mechanism also performed nominally, and during the mission we were able to perform two full firmware upgrades and 3 patches. The presented mission showed the potential as self-sufficient 3U remote sensing probes in MEO orbit, paving the way for a next generations of power optimized sensing probes for multi-point data collection",https://www.linkedin.com/feed/update/urn:li:activity:6970674752491302912/?updateEntityUrn=urn%3Ali%3Afs_feedUpdate%3A%28V2%2Curn%3Ali%3Aactivity%3A6970674752491302912%29 | https://www.linkedin.com/feed/update/urn:li:activity:6988768012640108544/?updateEntityUrn=urn%3Ali%3Afs_feedUpdate%3A%28V2%2Curn%3Ali%3Aactivity%3A6988768012640108544%29 | https://www.skylabs.si/trisat-r-with-nanosky-satellite-avionics-continues-to-operate-flawlessly/ | https://az659834.vo.msecnd.net/eventsairwesteuprod/production-atpi-public/c26933f15fa747c7abbb5aeec3c4e4a2,,University of Maribor,Slovenia,3U,Investigate and map ionizing radiation in MEO orbits using several different instruments.
Geoscan-Edelweiss,geoscan-edelveis,https://www.nanosats.eu/sat/geoscan-edelveis.html,2022-08-09,Reentry 2024-02-21. Was operational (As per on SpacePI website last checked 2022-12-26 and SatNOGS forums 2023-12-21)),"Reentered, Operational",A(fraco) - câmera sem alvo declarado,não,"For more than 8 months , the Geoscan-Edelweiss spacecraft has been operating in orbit and sending photos of its home planet. However, in addition to the camera, the satellite is equipped with a gas engine from the Fakel Design Bureau , created with the support of the Innovation Promotion Fund, which is still waiting for its finest hour. The Encyclopedia has an article describing it.
The first flight test of an engine is an exciting event that requires a careful approach. The team of Geoscan's small spacecraft development department develops an experimental plan, which is adjusted depending on the results of previous experience.
The engine consists of high pressure cylinders and a receiver - a small cylinder with low gas pressure. In fact, the receiver is a buffer volume of gas that enters here from the cylinders, and from here it is already fed directly into the engine nozzle. At the cosmodrome, high-pressure cylinders were filled with nitrogen up to 110 atmospheres, and the receiver - up to 2.5 atmospheres. There is a valve between the cylinders and the receiver, and before directing gas from the cylinders to the receiver, it must be “unblocked”.
26 April.
The tests began with checking the operation of the receiver, whether gas enters the engine nozzle through the valve. During the communication session, voltage was applied to the outlet valve and the pressure in it dropped to 2.3 atmospheres. This means that the engine valve is working successfully.
April 27th.
To ""unblock"" the valve between the cylinders and the receiver, you need to turn on the heater for 20 minutes. The temperature deforms the valve and opens the gas supply path from the cylinders to the valve. During one communication session at Geoscan-Edelweiss, the operator uploaded a task to turn on the heater, he chose the time so that 20 minutes would be completed by the time of the next session. And already at the next communication session, the telemetry indicators showed that the heater worked according to plan.
April 28th.
We tested the transfer of gas from the cylinder to the receiver. Telemetry data showed a decrease in cylinder pressure and an increase in receiver pressure. Filling the receiver up to 9.6 atmospheres, we made another check of the engine valve opening. And this stage of testing was successful!
The following experiments will establish what changes occur after one turn on of the receiver. Based on the results obtained, it will become clear how to construct a program for changing the orbit parameters.",https://spacepi.space/news/gazovyj-dvigatel-v-dejstvii/ | https://spacepi.space/news/gazovyj-dvigatel-v-dejstvii/ | https://spacepi.space/news/gazovyj-dvigatel-v-dejstvii/ | https://spacepi.space/news/gazovyj-dvigatel-v-dejstvii/ | https://spacepi.space/news/gazovyj-dvigatel-v-dejstvii/ | https://spacepi.space/news/gazovyj-dvigatel-v-dejstvii/ | https://spacepi.space/news/gazovyj-dvigatel-v-dejstvii/ | https://spacepi.space/news/gazovyj-dvigatel-v-dejstvii/ | https://spacepi.space/news/gazovyj-dvigatel-v-dejstvii/ | https://spacepi.space/news/gazovyj-dvigatel-v-dejstvii/,,Geoscan,Russia,3U,Designed for testing the platform and flight testing of the gas propulsion system of OKB Fakel.
SKOLTECH-B1,skoltech-b1,https://www.nanosats.eu/sat/skoltech-b1.html,2022-08-09,Reentry 2024-11-27. Was operational (As per on SpacePI website last checked 2022-12-26),"Reentered, Operational",—,não,"The attitude determination of the in orbit Skoltech CubeSats is successfully carried out. The attitude estimation is achieved via EKF and is controlled through the magnetic PD controller. The results show that for the precise attitude estimation, the incorporation of sensor error sources is necessary. Estimation of the sensor bias improves the readings, since the sensor now closely resembles to what it would behave under actual environment.
The estimation of the residual dipole in the system and then its incorporation in the rotational and filter dynamics depicts how the major disturbance source disrupts a satellite in LEO. The disturbance rejection applied to the controller provides a way to control attitude more accurately, despite the high magnitude magnetic disturbances. The final ADCS results, show an adequate estimation and control achieved within a reasonable time and with adequate accuracy. The results of the numerical experimentation on the designed ADCS, provide a basis for the design of the new CubeSat mission by providing requirements for various subsystems.
As a future work, the incorporation of temperature dependent bias models and various other attitude sensors, like sun sensors or star tracks, can be done to enhance the control accuracy. To improve the EKF performance, proper methodology can be devised to tune the covariance matrices so that the singularity can be avoided","https://iafastro.directory/iac/proceedings/IAC-23/IAC-23/B4/IP/manuscripts/IAC-23,B4,IP,22,x79393.pdf | https://iafastro.directory/iac/proceedings/IAC-23/IAC-23/B4/IP/manuscripts/IAC-23,B4,IP,22,x79393.pdf | https://iafastro.directory/iac/proceedings/IAC-23/IAC-23/B4/IP/manuscripts/IAC-23,B4,IP,22,x79393.pdf",,Skolkovo Institute of Science and Technology (Skoltech),Russia,3U,"Development of long-range inter-satellite communication technology, monitoring of cosmic radiation and gamma-ray bursts."
SKOLTECH-B2,skoltech-b2,https://www.nanosats.eu/sat/skoltech-b2.html,2022-08-09,Reentry 2024-09-29. Was operational (As per on SpacePI website last checked 2022-12-26),"Reentered, Operational",—,não,"The attitude determination of the in orbit Skoltech CubeSats is successfully carried out. The attitude estimation is achieved via EKF and is controlled through the magnetic PD controller. The results show that for the precise attitude estimation, the incorporation of sensor error sources is necessary. Estimation of the sensor bias improves the readings, since the sensor now closely resembles to what it would behave under actual environment.
The estimation of the residual dipole in the system and then its incorporation in the rotational and filter dynamics depicts how the major disturbance source disrupts a satellite in LEO. The disturbance rejection applied to the controller provides a way to control attitude more accurately, despite the high magnitude magnetic disturbances. The final ADCS results, show an adequate estimation and control achieved within a reasonable time and with adequate accuracy. The results of the numerical experimentation on the designed ADCS, provide a basis for the design of the new CubeSat mission by providing requirements for various subsystems.
As a future work, the incorporation of temperature dependent bias models and various other attitude sensors, like sun sensors or star tracks, can be done to enhance the control accuracy. To improve the EKF performance, proper methodology can be devised to tune the covariance matrices so that the singularity can be avoided","https://iafastro.directory/iac/proceedings/IAC-23/IAC-23/B4/IP/manuscripts/IAC-23,B4,IP,22,x79393.pdf | https://iafastro.directory/iac/proceedings/IAC-23/IAC-23/B4/IP/manuscripts/IAC-23,B4,IP,22,x79393.pdf | https://iafastro.directory/iac/proceedings/IAC-23/IAC-23/B4/IP/manuscripts/IAC-23,B4,IP,22,x79393.pdf",,Skolkovo Institute of Science and Technology (Skoltech),,3U,"Development of long-range inter-satellite communication technology, monitoring of cosmic radiation and gamma-ray bursts."
SXC3-2110 CYCLOPS,sxc3-2110-cyclopsOPS,https://www.nanosats.eu/sat/sxc3-2110-cyclopsOPS.html,2022-08-09,Reentry 2024-03-03. Was operational (As per on SpacePI website last checked 2022-12-26),"Reentered, Operational",—,não,"All this time, the device observed the earth's surface, studied the properties and efficiency of the energy storage device, and also studied the degradation of the characteristics of materials and the parameters of electronic devices in outer space conditions.
“CYCLOPS (RS29S)” was launched to an altitude of 500 km, however, due to the very high level of solar activity at the current stage of the solar cycle, the device descended much faster, braking against the heated and “swollen” earth’s atmosphere.",https://sputnix.ru/ru/o-nas/novosti/cyclops-rs29s-uspeshno-zavershil-svoyu-missiyu | https://sputnix.ru/ru/o-nas/novosti/cyclops-rs29s-uspeshno-zavershil-svoyu-missiyu,,Baltic State Technical University “VOENMEH”,Russia,3U,Study of the degradation of the characteristics of materials and parameters of electronic devices in outer space.
Serenity II,serenity-2,https://www.nanosats.eu/sat/serenity-2.html,2022-10-01,"Reentry 2022-10-05? 5 days due to lower than planned orbit. Signals received before reentry according to Payload interview on 2023-01-10. However, also have some conflicting information.","Reentered, Operational, ?",A(fraco) - câmera sem alvo declarado,não,,,Lower than planned orbit resulting in only 4-5 day orbital lifetime.,Teachers in Space,,3U,Educational mission to allow interaction with the CubeSat and blockchain for inter-satellite transactions.
TechEdSat-15,techedsat-15,https://www.nanosats.eu/sat/techedsat-15.html,2022-10-01,Reentry 2022-10-05? 5 days due to lower than planned orbit. Was operational (CDW 2023 presentation),"Reentered, Operational",B - coleta de plataformas (DCS/IoT),sim,Successful test of new flight software and data collection systems.,http://mstl.atl.calpoly.edu/~workshop/archive/2023/presentations/2023_Day1_Session1_Brock_MooneyRivki_TechEdSat.pdf,Lower than planned orbit resulting in only 4-5 day orbital lifetime.,NASA Ames Research Center,,3U,TechEdSat-15’s primary experiment is a version of an exo-brake intended to survive much higher temperature environments.
LINUSS 1,linuss,https://www.nanosats.eu/sat/linuss.html,2022-11-01,,Operational,A(fraco) - câmera sem alvo declarado,não,"A pair of Lockheed Martin cubesats that flew to geostationary Earth orbit in November performed maneuvers in close proximity and demonstrated other technologies for in-orbit servicing operations, company officials said April 17.
The Linuss experiment — short for Lockheed Martin’s In-space Upgrade Satellite System — went to orbit on the USSF-44 national security mission launched by a SpaceX Falcon Heavy.
The two cubesats, each the size of a toaster, were deployed 300 kilometers above geostationary orbit from a ring-shaped secondary payload that carried multiple smallsats.
They were released three days apart about 750 kilometers away from each other and a month later they were navigating within 400 meters of each other, Karla Brown, Linuss program manager, told reporters during a news conference at Lockheed Martin’s technology center at the Catalyst Campus.
One of the cubesats performed the role of servicing vehicle and the other was the resident space object. She said she expects the satellites to come even closer, to about 200 meters as the experiment continues.
The more significant goal that was accomplished was proving AI algorithms that would be needed to perform a space servicing mission, Brown said.
The experiment also helped to demonstrate a new ground system that uses S-band communications to command and control the company’s LM 50 small line of satellites that it’s building with bus manufacturer Terran Orbital.
Other goals of the experiment were to test space domain awareness cameras and support risk reduction of a docking port called Augmentation System Port Interface (ASPIN) that Lockheed Martin is trying to commercialize. Docking devices are used by servicing vehicles to refuel another satellite or attach a new sensor,",https://spacenews.com/lockheed-martin-declares-success-demonstrating-tech-for-in-orbit-satellite-servicing/ | https://spacenews.com/lockheed-martin-declares-success-demonstrating-tech-for-in-orbit-satellite-servicing/ | https://spacenews.com/lockheed-martin-declares-success-demonstrating-tech-for-in-orbit-satellite-servicing/ | https://spacenews.com/lockheed-martin-declares-success-demonstrating-tech-for-in-orbit-satellite-servicing/ | https://spacenews.com/lockheed-martin-declares-success-demonstrating-tech-for-in-orbit-satellite-servicing/ | https://spacenews.com/lockheed-martin-declares-success-demonstrating-tech-for-in-orbit-satellite-servicing/ | https://spacenews.com/lockheed-martin-declares-success-demonstrating-tech-for-in-orbit-satellite-servicing/ | https://spacenews.com/lockheed-martin-declares-success-demonstrating-tech-for-in-orbit-satellite-servicing/,,Lockheed Martin,,12U,Show how small satellites can be used to upgrade constellations or provide life-extension services like refueling.
LINUSS 2,linuss,https://www.nanosats.eu/sat/linuss.html,2022-11-01,,Operational,A(fraco) - câmera sem alvo declarado,não,"A pair of Lockheed Martin cubesats that flew to geostationary Earth orbit in November performed maneuvers in close proximity and demonstrated other technologies for in-orbit servicing operations, company officials said April 17.
The Linuss experiment — short for Lockheed Martin’s In-space Upgrade Satellite System — went to orbit on the USSF-44 national security mission launched by a SpaceX Falcon Heavy.
The two cubesats, each the size of a toaster, were deployed 300 kilometers above geostationary orbit from a ring-shaped secondary payload that carried multiple smallsats.
They were released three days apart about 750 kilometers away from each other and a month later they were navigating within 400 meters of each other, Karla Brown, Linuss program manager, told reporters during a news conference at Lockheed Martin’s technology center at the Catalyst Campus.
One of the cubesats performed the role of servicing vehicle and the other was the resident space object. She said she expects the satellites to come even closer, to about 200 meters as the experiment continues.
The more significant goal that was accomplished was proving AI algorithms that would be needed to perform a space servicing mission, Brown said.
The experiment also helped to demonstrate a new ground system that uses S-band communications to command and control the company’s LM 50 small line of satellites that it’s building with bus manufacturer Terran Orbital.
Other goals of the experiment were to test space domain awareness cameras and support risk reduction of a docking port called Augmentation System Port Interface (ASPIN) that Lockheed Martin is trying to commercialize. Docking devices are used by servicing vehicles to refuel another satellite or attach a new sensor,",https://spacenews.com/lockheed-martin-declares-success-demonstrating-tech-for-in-orbit-satellite-servicing/ | https://spacenews.com/lockheed-martin-declares-success-demonstrating-tech-for-in-orbit-satellite-servicing/ | https://spacenews.com/lockheed-martin-declares-success-demonstrating-tech-for-in-orbit-satellite-servicing/ | https://spacenews.com/lockheed-martin-declares-success-demonstrating-tech-for-in-orbit-satellite-servicing/ | https://spacenews.com/lockheed-martin-declares-success-demonstrating-tech-for-in-orbit-satellite-servicing/ | https://spacenews.com/lockheed-martin-declares-success-demonstrating-tech-for-in-orbit-satellite-servicing/ | https://spacenews.com/lockheed-martin-declares-success-demonstrating-tech-for-in-orbit-satellite-servicing/ | https://spacenews.com/lockheed-martin-declares-success-demonstrating-tech-for-in-orbit-satellite-servicing/,,Lockheed Martin,,12U,Show how small satellites can be used to upgrade constellations or provide life-extension services like refueling.
ZimSat-1,zimsat-1,https://www.nanosats.eu/sat/zimsat-1.html,2022-11-07,"Reentry 2023-05-16. Was semi-operational? (News from February 2023 about high rotation rates and slowing down. Two news about transmitting data from June 2023, 120 packets per pass, but spacecraft had decayed by then. No reception reports found on SatNOGS or Twitter. IAC2024 abstract implies that it is operational.)","Reentered, Semi-operational, ?",A - sensoriamento remoto; B - coleta de plataformas (DCS/IoT),sim,"2023-02-19: ZimSat-1 ready to transmit data. Will begin transmitting data from space next month after undergoing orbital stabilization.
2023-06-04: ZimSat-1 has started collecting data after undergoing orbital stabilization. Now sending and receving images of specific areas around Zimbabwe.
2023-06-05: Painos Gweme, Reports Progress on ZimSat-1. ZimSat-1 is operational and has commenced performing the downlink and uplink functions after a successful orbital stabilisation.
All the BIRDS-5 CubeSats decayed in May 2023, thus the timing of some of the news is late.",https://www.sundaymail.co.zw/zimsat-1-ready-to-transmit-data | https://www.sundaymail.co.zw/zim-satellite-starts-transmitting-data | https://africanews.space/zingsas-coordinator-painos-gweme-reports-progress-on-zimsat-1/,,Kyushu Institute of Technology,Zimbabwe,1U,Educational and amateur radio mission.
ArgoMoon,argomoon,https://www.nanosats.eu/sat/argomoon.html,2022-11-16,"Was operational until 2022-11-28 (Photos shared on Twitter on 2022-11-19 but orbit needs confirmation as of 2022-12-24, last signals 2022-11-28, EOM declared on 2023-03-17)",Was operational,A - sensoriamento remoto,sim,"Took images of the Earth and moon after deployment. However, the company said it needed more time than originally planned to commission the spacecraft.
Signals detected; imaged Earth and Moon; safing; received additional DSN passes; no signal since DOY 332 and spacecraft is out of propellant; EOM declared March 17, 2023.",https://spacenews.com/deep-space-smallsats-face-big-challenges/ | http://www.intersmallsatconference.com/past/2023/C.3%20-%20Lichten.zip,,Argotec,,6U,Take several historically significant pictures of the EM-1 mission and it will test some innovative communication systems.
BioSentinel,biosentinel,https://www.nanosats.eu/sat/biosentinel.html,2022-11-16,Operational (4S 2024 paper),Operational,—,não,"NASA’s
BioSentinel
cubesat was tumbling after deployment. Still, controllers were able to stabilize the spacecraft and maintain contact with it as it flew by the moon to study the effects of radiation on microorganisms.
Over 100 successful comm passes and 3 experiments run to date as of May 2023 as per Interplanetary SmallSat Conference 2023.
NASA has decided to extend BioSentinel’s mission by up to an additional 18 months, or as late as November 2024, to continue collecting this valuable deep space radiation data in the unique, high-radiation environment beyond low Earth orbit.
We are still able to downlink all detailed bus and radiation data at our highest data rates through April 2024 on 34m stations. After that time, our spacecraft’s distance to Earth will have increased so far that our link budget requires either 70m stations or we will have to selectively prioritize data at slower downlink rates.
As of April 2024, the BioSentinel mission has completed its first year and a half of ongoing spacecraft operations and measurements successfully. The flight dynamics team has guided the spacecraft from its deployment in Earth orbit, through a lunar flyby and to its final science orbit, in an Earth-trailing heliocentric orbit. Since then, the tracking data has been processed regularly every few weeks, showing an stable orbit configuration.",https://spacenews.com/deep-space-smallsats-face-big-challenges/ | http://www.intersmallsatconference.com/past/2023/A.1%20-%20Dono.zip | https://www.nasa.gov/image-feature/ames/nasa-extends-biosentinels-mission-to-measure-deep-space-radiation | https://digitalcommons.usu.edu/smallsat/2023/all2023/67/ | https://az659834.vo.msecnd.net/eventsairwesteuprod/production-atpi-public/b887c4ed81f3460da634da2fc348c281,,NASA Ames Research Center,US,6U,Developing deep space CubeSat technologies and radiation biosensor to gauge DNA damage and repair beyond LEO.
CuSP,cusp,https://www.nanosats.eu/sat/cusp.html,2022-11-16,"Was operational until 2022-11-16, half a day with a 1 hour of listen-only transmission (Official update on NASA blog on 2022-12-08 as of 2022-12-24)",Was operational,—,não,"Returned telemetry for an hour shortly after its deployment but has not been heard from since. Ominously, the last data from the spacecraft showed a temperature spike in one of its batteries.
Carrier briefly detected, then lost. Spacecraft health in question. DSN used special SPK files + OLR to search.
Initial detection over DSS-25 only for 1 hour 16 minutes, with no subsequent detections. Residual frequencies, SNR, and sky frequency were sent to the NOPE and the CuSP spacecraft team, as well as a 1-MHz movie. Telemetry frames from 1-MHz backup recording confirmed that the signal was, in fact, CuSP. Further post-processing analyses found other signal detections in the data—these were found to be RFI from BIOS.
The Southwest Research Institute’s CuSP mission (red), whose intended destination was a heliocentric orbit, had a brief period of carrier detection by the DSN which was lost despite the use of special search techniques","https://spacenews.com/deep-space-smallsats-face-big-challenges/ | http://www.intersmallsatconference.com/past/2023/C.3%20-%20Lichten.zip | http://www.intersmallsatconference.com/past/2023/B.6%20-%20Buccino.zip | https://iafastro.directory/iac/proceedings/IAC-23/IAC-23/B4/8/manuscripts/IAC-23,B4,8,1,x78804.pdf","Was operating mostly as expected for the 1 hour contact. The solar arrays deployed, and they were stable and pointing at the Sun. However, anomalous software resets and temperature readings were reported during the contact.",Southwest Research Institute,US,6U,First protype of an interplanetary CubeSat space weather station to study solar particles.
EQUULEUS,equuleus,https://www.nanosats.eu/sat/equuleus.html,2022-11-16,Was operational until 2023-05-18 (Likely tumbling and limited power as per SmallSat 2024 paper),Was operational,A(fraco) - câmera sem alvo declarado,não,"EQUULEUS, a Nano-Explorer Heading for the Moon, Successfully Maneuvers Beyond Low Earth Orbit for the First Time in the World With a Water Thruster on Board.
PHOENIX: Plasmasphere Telescope
After launch, the initial checkout (health check, shutter operation, HV operation, etc.) of PHOENIX has started in December 2022, and in-flight calibration is underway based on the observation results of the white dwarf HZ43 and the moon obtained in April 2023.
CLOTH: Dust Detector
Since the initial check-out operation was successfully conducted on November 25, 2022, CLOTH has achieved 2473 hours of cumulative observation time (waiting time for dust detection) and recorded more than 0.5 million events including a huge amount of noise events. We identified some candidates for dust impact events from the ongoing data screening process, carefully comparing the ground calibration results. One of the candidates shows similar signal features such as pulse amplitude, width, and number to those obtained with a 20-micron particle impacted at 6 km/s.
DELPHINUS: Lunar Impact Flash Telescope
When a meteoroid with a diameter of several centimeters to several tens of centimeters impacts the lunar surface, a Lunar Impact Flash, here after ""LIF"", is produced in the visible to near-infrared wavelength range which can be observed by ground-based telescopes as a magnitude 5 to 11 with short duration, 0.01 to 0.1 seconds, flash. Some first light images observed by DELPHINUS are shown.
After completing its major orbital maneuvers and achieving full mission success, communication with EQUULEUS was lost in 18th May 2023. Rapid fault tree analysis and optical observations using large telescopes indicated the spacecraft was likely in an uncontrolled tumbling state. Recovery operations were planned to re-establish communication by identifying potential times for sufficient solar power generation",https://pale-blue.co.jp/news/299/ | https://digitalcommons.usu.edu/cgi/viewcontent.cgi?article=5827&context=smallsat,Uncontrolled tumbling state,JAXA,,6U,Lunar L2 (libration-point) orbiter to demonstrate technologies and characterize environment.
LunaH-Map,lunah-map,https://www.nanosats.eu/sat/lunah-map.html,2022-11-16,"Was operational until May 2023, retired (Official update on 2022-12-07 but orbit needs confirmation and thruster valve currently stuck as of 2022-05-01, EOM end of May 2023 unless ignition is achieved, which was not the case)","Retired, Operational",A - sensoriamento remoto,sim,"On Nov. 28, NASA’s LunaH-Map spacecraft acquired its first star tracker image, showing the constellation Auriga and its two brightest stars, Menkalinan and Mahasim.
The mission team also made several attempts to image the Earth and Moon; however, these images resulted in saturation of the star tracker. In the coming weeks, additional imaging opportunities of the Earth and Moon will be evaluated to help further demonstrate these novel autonavigation capabilities.
While a recent telemetry downlink showed an unexpected spacecraft reset, a Deep Space Network (DSN) pass has since indicated that, with the exception of the likely stuck propulsion system valve, the spacecraft is healthy with all subsystems nominal and operating as expected.
The problem instead was with the cubesat’s propulsion system, an electric thruster called BIT-3 from Busek that uses solid iodine as propellant. The thruster did not operate as expected in the days after launch, causing the spacecraft to miss its primary opportunity to maneuver into orbit around the moon.
Propulsion system (Busek ion thruster) unable to activate; missed LOI; losing link margin; using DSN arrays to close link.
LunaH-Map Mission Status (Interplanetary Small Satellite Conference 2023):
Batteries at 70% SOC on deployment (consistent with optimistic predicts from lab data).
All spacecraft systems were commissioned successfully.
Neutron data were collected early after deployment.
Reaction wheel speeds are being managed via reorienting the spacecraft.
Successfully acquired star field and planet images with star tracker.
Propulsion system did not ignite after initial attempts prior to the lunar flyby:
This was not unexpected given the long wait after spacecraft delivery to launch (over a year) ß more on this later.
Doppler ranging data showed detectable spacecraft motion during ignition attempts, and reaction wheel speeds change in directions consistent with minor amount of iodine flow. This suggests a partially stuck valve.
The propulsion system has heaters to condition the valve to unstick, however, to date attempts at raising tank and valve temperatures have been unsuccessful.
EOM will be end of May 2023 unless ignition is achieved.
Contacts 2X per week continue to attempt ignition.",https://blogs.nasa.gov/lunah-map/2022/12/07/nasas-lunah-map-captures-image-of-auriga-constellation/ | https://blogs.nasa.gov/lunah-map/2022/12/07/nasas-lunah-map-captures-image-of-auriga-constellation/ | https://blogs.nasa.gov/lunah-map/2022/12/07/nasas-lunah-map-captures-image-of-auriga-constellation/ | https://spacenews.com/deep-space-smallsats-face-big-challenges/ | http://www.intersmallsatconference.com/past/2023/C.3%20-%20Lichten.zip | http://www.intersmallsatconference.com/past/2023/A.2%20-%20Hardgrove.zip | http://www.intersmallsatconference.com/past/2023/A.2%20-%20Hardgrove.zip | http://www.intersmallsatconference.com/past/2023/A.2%20-%20Hardgrove.zip | http://www.intersmallsatconference.com/past/2023/A.2%20-%20Hardgrove.zip | http://www.intersmallsatconference.com/past/2023/A.2%20-%20Hardgrove.zip | http://www.intersmallsatconference.com/past/2023/A.2%20-%20Hardgrove.zip | http://www.intersmallsatconference.com/past/2023/A.2%20-%20Hardgrove.zip | http://www.intersmallsatconference.com/past/2023/A.2%20-%20Hardgrove.zip | http://www.intersmallsatconference.com/past/2023/A.2%20-%20Hardgrove.zip | http://www.intersmallsatconference.com/past/2023/A.2%20-%20Hardgrove.zip | http://www.intersmallsatconference.com/past/2023/A.2%20-%20Hardgrove.zip | http://www.intersmallsatconference.com/past/2023/A.2%20-%20Hardgrove.zip,Propulsion valve is likely stuck but otherwise operational.,Arizona State University,US,6U,"Map the hydrogen content of the entire South Pole of the moon, including within permanently shadowed regions at high resolution."
Lunar IceCube,lunar-icecube,https://www.nanosats.eu/sat/lunar-icecube.html,2022-11-16,"Was operational until 2022-11-16, 1 hour? (Contact made as reported by NASA on Twitter on 2022-11-17 but orbit needs confirmation as of 2022-12-24)",Was operational,—,não,"Made contact with controllers shortly after deployment. However, in a Nov. 29 update, NASA’s Goddard Space Flight Center said that the mission team was “continuing its attempts to communicate with the CubeSat so that it can be placed into its science orbit in the coming days.” NASA has not provided an update since then, and the mission’s principal investigator at Morehead State University did not respond to a request for comment.
Carrier briefly detected (~ 1 hr) with large frequency offset, then lost.
Acquisition over DSS-25 at DSS-25’s official BOT (320/12:50). No explanation for lack of detection at DSS-53. Loss of signal at 13:50:21. No further acquisitions. RS provided post-processed data and supported continued tracks for 3 weeks after the launch event.
The Lunar IceCube (red) mission from the Morehead State University had a brief period of about one hour of signal carrier detection with a large offset from the predicted frequency prior to the loss of the mission.","https://spacenews.com/deep-space-smallsats-face-big-challenges/ | http://www.intersmallsatconference.com/past/2023/C.3%20-%20Lichten.zip | http://www.intersmallsatconference.com/past/2023/B.6%20-%20Buccino.zip | https://iafastro.directory/iac/proceedings/IAC-23/IAC-23/B4/8/manuscripts/IAC-23,B4,8,1,x78804.pdf",,Morehead State University,US,6U,Prospect for water ice and other lunar volatiles from a low-perigee lunar orbit
LunIR,lunir,https://www.nanosats.eu/sat/lunir.html,2022-11-16,Was semi-operational? (Post on Twitter on 2022-12-08 as of 2022-12-24),Was semi-operational,A - sensoriamento remoto,sim,"The company said in December that an “unexpected issue with our radio signal” kept the spacecraft from conducting any observations during the flyby. Nonetheless, Lockheed called the mission a successful technology demonstration by proving that an infrared sensor and cryocooler could be packaged into a 6U cubesat.
Solar panel(s) partially deployed, blocking antenna; flyby failed; DSN help requested.",https://spacenews.com/deep-space-smallsats-face-big-challenges/ | http://www.intersmallsatconference.com/past/2023/C.3%20-%20Lichten.zip,Ran into an unexpected issue with our radio signal and couldn’t snap any pics of the Moon.,Lockheed Martin,US,6U,Lunar fly-by to collect spectroscopy and thermography using mid-wave infra-red sensor.
Miles,miles,https://www.nanosats.eu/sat/miles.html,2022-11-16,Semi-operational? (Took time but confirmation on Twitter on 2022-12-10 but orbit needs confirmation as of 2022-12-22),Semi-operational,—,não,"Wes Faler, chief executive of Miles Space, said that cubesat appears to be tumbling and is slightly off its planned trajectory. Ground stations are getting only fragments of individual data packets from the spacecraft as its transmitter goes in and out of view. “We’re working on software to assemble a data packet from the fragments, a process akin to sequencing a genome from DNA fragments,” he said in early January. “That’s going to take a while.”
In trouble, tumbling, off-trajectory; a few partial frames; DSN passes (OLR) did not detect signal.
The Team Miles mission (grey) with an intended destination of a heliocentric orbit was also not part of the DSN portfolio but when it was found to be tumbling and off trajectory, with a few partial frames, the DSN attempted by could not detect a signal.","https://spacenews.com/deep-space-smallsats-face-big-challenges/ | http://www.intersmallsatconference.com/past/2023/C.3%20-%20Lichten.zip | https://iafastro.directory/iac/proceedings/IAC-23/IAC-23/B4/8/manuscripts/IAC-23,B4,8,1,x78804.pdf",,Team Miles / Tampa Hackerspace,US,6U,Demonstrate iodine-fueled plasma thruster.
NEA-Scout,nea-scout,https://www.nanosats.eu/sat/nea-scout.html,2022-11-16,No signal (Official NASA update on 2022-12-09 as of 2022-12-24),No signal,A(fraco) - câmera sem alvo declarado,não,"Failed to make contact with controllers after launch. Controllers even sent commands to NEA Scout to deploy its solar sail, hoping it might be seen by telescopes on the ground, but there was no evidence the sail deployed.
70m searching; no signals yet; EOM declared March 30, 2023.
No detection. Over the 4th and 5th tracks, Radio Science detected a tone initially thought to be NEAS. This initial detection was eventually determined to be a side-band of BIOS. JPL Radio Science supported a spacecraft emergency with WebEx through DOY 326 and continued to script and check OLR for NEAS through early 2023.",https://spacenews.com/deep-space-smallsats-face-big-challenges/ | http://www.intersmallsatconference.com/past/2023/C.3%20-%20Lichten.zip | http://www.intersmallsatconference.com/past/2023/B.6%20-%20Buccino.zip,,NASA Marshall Space Flight Center,US,6U,Rendezvous with an asteroid using solar sail and gather detailed imagery.
OMOTENASHI,omotenashi,https://www.nanosats.eu/sat/omotenashi.html,2022-11-16,"Was semi-operational until 2022-11-17, 1 day (Connection was established as per official Twitter but low voltage and attitude control issues lead to transmitter being turned off at the end of first pass as of 2022-12-23. No further contacts as per IAC 2023 paper.)",Was semi-operational,C - sinais cooperativos (AIS/ADS-B/RF),sim,"Tumbling; early signal, no signal now.
Initial detection for 80 minutes then nothing further. RS provided data and plots to project to help assess spacecraft condition and what may have happened
.
The first contact pass from NASA DSN Madrid station began shortly after the separation. However, telemetry from OMOTENASHI could not be locked for a while. In order to check the status of the spacecraft, we sent a “high power transmission mode” command, and the telemetry locked. Because the attitude control system showed “Sun pointing” mode, the +Y panel with solar cells should face the sun. However, the status of Sun-pointing mode was “Converging”, which meant that the attitude control system was in the process of trying to point towards the sun. The solar angle, which is the angle between +Y panel normal and the direction of the sun, was approximately 145 degrees. That meant the solar cell panels faced almost in the opposite direction of the sun. In fact, the generation power of the solar cells was zero and the battery voltage showed it was almost depleted. Moreover, the spacecraft was rotating around Y axis at about -80 deg/s. It was beyond the control limit of the attitude control system and the Sun-pointing control was not completed. Finally, the battery was depleted and communication with the spacecraft lost. Considering the attitude when the communication lost, the spacecraft power was assumed to be reactivated from March or April in 2023. However, the spacecraft would fly-by the moon on 21 November. Therefore, we gave up the lunar landing experiment and decided to restart the operation from March 2023.
We estimated the cause of the anomaly from the telemetry data (Fig. 5) and the time history of the receiving signal recorded by Madrid station (Fig. 6). By a Fault Tree Analysis (FTA), we think the failure scenario as follows, 1. “Rate dump” control using gas jet propulsion was activated automatically because the disturbance of the separation from OSA was over the angular momentum limit of the attitude control system. The Rate-dump control seemed to be converged normally and move to “Normal control” in which RWs are used instead of the gas jets. Therefore, gas jet propulsion units were automatically switched off. 2. However, before the completion of the Rate-dump control, one or two of thruster valves were not completely closed and the leakage of the gas continued. It cased the disturbance torque to the spacecraft and the spacecraft started rotation around its Y axis. 3. The thrusters are connected to a plenum tank, which is connected to a propellant tank with two valves. It cannot be considered that three valves had open failures at the same time. Therefore, if the propellant in the plenum was gaseous state, the leakage would stop soon because the volume of the plenum was small. Unfortunately, however, liquid propellant seemed to exist in the plenum, because gas leaked from the propellant tank through the valves in three years (from the filling of the propellant in September 2019 to the launch in November 2022) became liquid in the plenum tank. Even the leak rate of the valves was very small, the long period has caused a lot of propellant leak and the propellant liquefied inside the plenum. 4. Because the rotation of the spacecraft, that is, its angular momentum became big beyond the threshold, the attitude control system stopped the drive of the reaction wheels. Therefore, Sun-point control was not completed. To restart Sun-point control, we tried to reduce the angular momentum by initiating Rate-dump control manually. But there was not enough time to reduce the momentum, and the battery was depleted.
From March 2023, we started the search and rescue operation. Since the tracking time of the spacecraft at the first contact pass was very short, the trajectory estimation of OMOTENASHI had a large error. The uncertainty was due to the estimation error of the separation velocity from OSA. To narrow the search area, we tried to reduce the estimation error of the separation velocity as much as possible. All CubeSats were deployed from OSA while spinning with about 6 deg/s. The spin axis direction of OSA and the attached positions of the deployers to OSA were informed from NASA. However, the rotational phase of OSA at the instance of the separation of OMOTENASHI was unknown. We estimated it from other CubeSats’ trajectories, though only three of ten CubeSats made precise orbit determination. The antenna beam width of JAXA ground stations are about 0.1 degrees. It was very small compared with OMOTENASHI’s position error. Therefore, we searched one direction for two minutes, which were required to send commands for the search and rescue. And we changed to search another direction, and so on. The spacecraft is going far from Earth. We estimated that the communication with the spacecraft was possible till the end of September 2023. So, we gave up the operation then.
Though we gave up “semi-hard landing on the moon”, some newly developed or procured instruments were checked at the first contact pass. Power system except solar cells, COM, OBC, and some functions of the attitude control system were confirmed. Moreover, we measured the radiation environment outside the Earth’s magnetosphere for the first time in Japan. Fig. 7 shows the measured counts of both Ch.1 (Proton + GCR) and Ch.2 (GCR) sensors. The number obtained by subtracting the Ch.2 counts from the Ch.1 counts corresponds to protons. A detailed analysis to correct the shielding effect of the spacecraft body and calibrate the sensor outputs based on ground tests is underway [23].","http://www.intersmallsatconference.com/past/2023/C.3%20-%20Lichten.zip | http://www.intersmallsatconference.com/past/2023/B.6%20-%20Buccino.zip | https://iafastro.directory/iac/proceedings/IAC-23/IAC-23/B4/8/manuscripts/IAC-23,B4,8,2,x76126.pdf | https://iafastro.directory/iac/proceedings/IAC-23/IAC-23/B4/8/manuscripts/IAC-23,B4,8,2,x76126.pdf | https://iafastro.directory/iac/proceedings/IAC-23/IAC-23/B4/8/manuscripts/IAC-23,B4,8,2,x76126.pdf | https://iafastro.directory/iac/proceedings/IAC-23/IAC-23/B4/8/manuscripts/IAC-23,B4,8,2,x76126.pdf",Spacecraft was rotating rapidly due to leaky propulsion and solar cells were opposite direction to the Sun. Transmitter turned off at the end of the pass due to low voltage and has not restored.,University of Tokyo,,6U,Demonstrate the technology for low-cost and very small spacecraft to explore the lunar surface with a landing probe.
DANTESat,dantesat,https://www.nanosats.eu/sat/dantesat.html,2022-11-26,Reentry 2023-02-07. Was operational until 2023-01-05? (Packets end on TinyGS as of 2023-12-20),"Reentered, Was operational",—,não,ARTICA deorbiting device. After successfully deploying its 2 sqm sail it is seamlessly and efficiently influencing the reentry rate as expected.,https://www.linkedin.com/feed/update/urn:li:activity:7019341210435657728/?updateEntityUrn=urn%3Ali%3Afs_feedUpdate%3A%28V2%2Curn%3Ali%3Aactivity%3A7019341210435657728%29,,NPC SpaceMind,Italy,3U,Provide a cultural dissemination about Dante Alighieri Divine Comedy; the opera is engraved on metallic boards on the satellite.
ORCASat,orca2sat,https://www.nanosats.eu/sat/orca2sat.html,2022-11-26,Reentry 2023-07-11. Was operational until re-entry (NASA SmallSat webinar on 2024-02-14),"Reentered, Operational",—,não,"Deployed into low earth orbit from the International Space Station in December 2022. The UVic team was able to contact the satellite almost immediately after deployment and operated the satellite for six months before atmospheric re-entry in July 2023. The mission was a success, giving many students unparalleled experience, and space qualifying a student-built satellite bus and ground station which will serve the University of Victoria for future satellite missions.
In the first batch deployment, ORCASat ground station quickly communication with the satellite within the pass. Using the onboard GPS telemetry, the team could use that info to cross calibrate with the TLE released on space-track.org. The team managed to maintain daily operations with the satellite until it deorbited less than 7 months later. One technical problem took the team almost four months to diagnose the issue and came up with a workaround solution. The team noticed that the magnetometer was turned off frequently which required a reboot of the ADCS computer. It turned out it was due to interference from the UHF transmissions that caused the I2C bus communications between the ADCS computer and the magnetometer disrupted. LORIS team encountered technical issues with its ground station and could establish communications occasionally.",https://www.nasa.gov/smallsat-institute/community-of-practice/optical-reference-calibration-cubesat-orcasat-mission-lessons-learned/ | https://az659834.vo.msecnd.net/eventsairwesteuprod/production-atpi-public/ce5c546fbcbc4473acf2c25e08556161,,University of Victoria,Canada,2U,Calibrate optical and radio observatories in to reduce uncertainties in measurements of the Universe expansion rate.
PetitSat,petitsat,https://www.nanosats.eu/sat/petitsat.html,2022-11-26,"Reentry 2023-04-10. Was operational until? (Deployed from ISS on 2022-12-29 and press release on 2023-02-01, but marked as Failure in the NASA CubeSat Fleet Missions database)","Reentered, Was operational, ?",—,não,Marked as Failure in the NASA SmallSat/CubeSat Fleet Missions Database.,https://s3vi.ndc.nasa.gov/cubesat/,,NASA Goddard Space Flight Center,,6U,"Provide in-situ measurements of plasma density, 3D ion drift, as well as ion and neutral composition."
SPORT,sports,https://www.nanosats.eu/sat/sports.html,2022-11-26,Reentry 2023-10-11. Was operational (Confirmed on Twitter and report from SV2HWM last checked 2022-12-31. SmallSat 2023 presentation.),"Reentered, Operational",—,não,"Describe challenges of getting the first signals after SPORT’s placement in orbit, ground station problems, and spacecraft anomalies.
On December 29, 2022, within less than ten orbits, the SPORT team saw the first window of opportunity to communicate with the satellite over Brazilian territory. In that opportunity, INPE's ground station in Cuiabá received the first beacons from the spacecraft.
With the first data samples from orbit, the team observed the spacecraft in a satisfactory general state. The spacecraft was in its SAFE operating mode and with the expected energy consumption. The battery was fully charged, and all temperature sensors were in the nominal ranges.
Communications in the next few days became a challenge because of uncertainties in satellite tracking. The first orbits fit well into the initial pass predictions, which were based on the nominal state vectors provided by the launch provider. However, for the next days the team did not have access to SPORT's precise Two-Line Element (TLE) sets. Therefore, for several days the team struggled to track the satellite correctly and did not get much, or even any, telemetry.
Not only during the period of TLE problems, but also afterwards, the SPORT team received invaluable assistance from the amateur radio community. Whereas INPE's ground stations were more specialized, and therefore had narrower line-of-sight, radio amateurs were able to receive and demodulate beacons, with which the SPORT team was able to determine that the spacecraft continued to be generally healthy.
Although the spacecraft was generally healthy, an issue arose that continues to the day this text is written. The EPS has a watchdog mechanism that reacts to the lack of communication from the onboard computer (OBC) if it is over a certain time threshold - four minutes by default. This watchdog mechanism is triggered frequently, resetting the spacecraft at an average of about 26 hours. Much longer and shorter periods have been observed (from one orbit to five days). The SPORT team was not able to determine the cause of the problem, although some possibilities have been identified. Those include a software defect or malfunction in any of the nodes connected to the I2C bus. An analysis of the moments of reboots over approximately 100 occurrences (in three months) suggest there is no relation between the reboots and positions on the globe.
The status check revealed that five out of the seven elements that should have been deployed were successfully deployed. One boom was not, and therefore also its respective array. This demanded manual deployment tries over the course of some days, with different parameters, including the deployment of the array to force the deployment of the boom above it. The tries were unsuccessful, and the elements remain stowed.
The stowed solar panel array results in reduced power availability, which however has not caused problems or concerns during the mission so far. Eventually the decision was made to leave the booms stowed and proceed with the commissioning phase. At this point, the LEOP phase was considered over.
The EPS meets expectations, with adequate power conditioning and distribution. All power buses and switchable lines operate within their nominal operating ranges. Energy consumption levels are very close to what has been characterized during AIT. The only situations in which the battery was not fully charged or close to that were in tests involving the payloads, with a significant energy consumption. To this date, the battery has not undergone a significant depth of discharge, except in a handful of situations.
Evaluation of the spacecraft housekeeping data, along with simulations on ground, led to the conclusion that there was a mismatch between the actual orientation axes of reaction wheels and the reference matrix embedded in the ADCS onboard software. Fortunately, we could change the elements of the reference matrix via telecommand (TC) and validate the correction through an open-loop flight test procedure.
The respective procedures to perform AAM and NM presented challenges because they rely on precise attitude determination by ADCS sensors, and it has been difficult to obtain valid attitude readings from the star tracker - the most precise sensor. Even when the star tracker achieves a valid attitude and despite control modes stabilizing the spacecraft in the inertial reference frame a few times, in most of the attempted cases the control system does not converge, and we do not observe a station-keep behavior. For that reason, obtaining nominal pointing for the science payloads is still an ongoing challenge.
First, due to an undetermined reason, the uplink is intermittent even in good passes, causing the operators to sometimes need to resend TCs multiple times until the spacecraft receives and executes them. Sometimes the spacecraft does receive TCs, but the downlink fails, causing the response to a TC to be lost and sacrificing precious pass time. There are also infrastructure issues that happen sporadically that cause passes to be lost, such as network connectivity problems between the control room and the ground station antennas. Also, some procedures such as scheduling an X-band downlink pass take several TCs that could have been synthesized into fewer during software development, by means of an automated procedure
.
T
he superset of all data generated by the bus and by the payloads is downloaded via X-band. The downlink has been successfully demonstrated several times, which validates the end-to-end chain (data collection to data analysis on the ground by the science teams). However, the X-band downlink also presents a difficulty, which is the fact that the onboard X-band antenna is directional. Coupled to the lack of nominal pointing, and with a low (but not null) angular momentum, it makes the success of any given X-band transmission an uncertainty.",https://digitalcommons.usu.edu/smallsat/2023/all2023/57/ | https://digitalcommons.usu.edu/smallsat/2023/all2023/57/ | https://digitalcommons.usu.edu/smallsat/2023/all2023/57/ | https://digitalcommons.usu.edu/smallsat/2023/all2023/57/ | https://digitalcommons.usu.edu/smallsat/2023/all2023/57/ | https://digitalcommons.usu.edu/smallsat/2023/all2023/57/ | https://digitalcommons.usu.edu/smallsat/2023/all2023/57/ | https://digitalcommons.usu.edu/smallsat/2023/all2023/57/ | https://digitalcommons.usu.edu/smallsat/2023/all2023/57/ | https://digitalcommons.usu.edu/smallsat/2023/all2023/57/ | https://digitalcommons.usu.edu/smallsat/2023/all2023/57/ | https://digitalcommons.usu.edu/smallsat/2023/all2023/57/ | https://digitalcommons.usu.edu/smallsat/2023/all2023/57/,"One solar array not deployed, but not failure inducing.",NASA Marshall Space Flight Center,US,6U,Investigate the state of the ionosphere that leads to the growth of plasma bubbles.
SS-1,ss-1,https://www.nanosats.eu/sat/ss-1.html,2022-11-26,Reentry 2023-05-09. Was operational until 2023-02-09? (SatNOGS reports with data end 2023-02-09 as of 2023-04-22),"Reentered, Was operational",—,não,"SS-1 has two callsigns from its two radio systems. The first is YH1SS-1 which operates in UHF frequency, and the other is YH1SS-2 which operates in VHF frequency. Right 30 minutes after the release from the ISS, the first signal was detected from the SS-1. “SuryaSat-1 in Commissioning phase” from YH1SS-2 is the first beacon captured under the California sky. It indicates that the deployment sequence of SS-1 was running smoothly. By programming, the satellite was scheduled to start operating 30 minutes after its release from the ISS for safety purposes. In the nominal condition, the antennas would be deployed, enabling the radio to transmit some messages.
The antenna deployment status was also confirmed by an early telemetry data captured. One of the early telemetry data was captured above Adelaide, Australia with the message from YH1SS-1 below 0011111000010010;3.90;14.56;28.02;0.00;0.00 The fourth character is a flag for the antenna deployment status. It means that the success of antenna deployment evidence was not only from RF transmission, but also from the telemetry status. Other than program status flags, this telemetry has also included information about battery voltage and temperature of battery and spacecraft body. One of other message is in APRS format, for example is “T#022,205,000,000,118,113,00000000” that contains message counter and analog values of some sensors within the spacecraft. The messages of SS-1 are collected not only by SS-1 own ground station but also by the ground station network around the globe. The messages are gathered from satnogs.org, aprs.fi for international sources, and amsat.id from Indonesian stations.
The first Indonesian student CubeSat that reach Earth Orbit has been fully developed and operated. Bringing APRS payload with independently developed bus and structure, it demonstrated a two-ways communication system through satellite. The result shows the design, workflow, and AIT of SS-1 satellite is flightworthy. The ground station with two-axis pointing Yagi antenna also developed to control and monitor the satellite. SS-1 successfully deployed from International Space Station. During its operation, 22 stations around the earth have captured and decoded SS-1 signals. The successful signals receiving has become a huge steppingstone for a university-class space research project in Indonesia and a benchmark for collaboration between academia, government, and private.","https://iafastro.directory/iac/proceedings/IAC-23/IAC-23/B4/1/manuscripts/IAC-23,B4,1,7,x79275.pdf | https://iafastro.directory/iac/proceedings/IAC-23/IAC-23/B4/1/manuscripts/IAC-23,B4,1,7,x79275.pdf | https://iafastro.directory/iac/proceedings/IAC-23/IAC-23/B4/1/manuscripts/IAC-23,B4,1,7,x79275.pdf",,Surya University,,1U,Satellite able to beacon and digipeat Automatic Package Reporting System (APRS) signal.
TJREVERB,tjreverb,https://www.nanosats.eu/sat/tjreverb.html,2022-11-26,"Reentry 2023-06-13. No signal? (There are SatNOGS reports with data, but no contacts achieved as per SmallSat 2023 presentation)","Reentered, No signal",—,não,,,"Fault in the team’s implementation of the Iridium radio, such as a broken solder joint, causing the radio to fail. Since we were not prepared for the implementation of Iridium to fail, we did not invest much time in developing an APRS ground station. APRS commands were sent but an issue with the naming convention was discovered. The original APRS Radio had been replaced since it was not functional and a replica board was swapped in. The team could not be certain that the proper call sign was assigned to the APRS radio. Therefore, the ham operators sent commands that may not have been properly defined.",Thomas Jefferson High School for Science and Technology,,2U,Educational training and amateur radio communications.
Lunar Flashlight,lunar-flashlight,https://www.nanosats.eu/sat/lunar-flashlight.html,2022-12-11,Operational but was unable to enter Lunar orbit due to thruster problems and mission ended but may find future use (News as of 2023-05-15).,Operational,—,não,"The Cubesat aimed to test a new ""green"" propellant during its four-month journey to lunar orbit, but, after battling thruster glitches, it will not make lunar orbit after all, NASA officials said in an update on Wednesday (Feb. 8). The Lunar Flashlight team will instead redirect the cubesat to do monthly lunar flybys, if possible, starting with one in June. If that works out, Lunar Flashlight will still deliver valuable science, as it will swing by the south pole of the moon
.
NASA has ended the mission of a cubesat intended to go into orbit around the moon but which was unable to do so because of problems with its propulsion system. NASA’s Jet Propulsion Laboratory announced May 12 the end of the Lunar Flashlight mission, five months after its launch. The spacecraft was unable to go into its planned polar orbit around the moon because its propulsion system could not produce the required thrust. Engineers spent several months trying to troubleshoot the problem, identified shortly after its December 2022 launch. They suspected that debris of some kind was blocking propellant lines, reducing the amount of propellant reaching the thrusters.
JPL said that Lunar Flashlight will make a flyby of Earth May 17 at an altitude of 65,000 kilometers and then head into deep space. Since other systems on the spacecraft continue to operate despite the propulsion problem, “NASA is weighing options for the future of the spacecraft.”",https://www.space.com/nasa-moon-probe-lunar-orbit-impossible | https://spacenews.com/nasa-ends-lunar-flashlight-mission-because-of-thruster-problems/ | https://spacenews.com/nasa-ends-lunar-flashlight-mission-because-of-thruster-problems/,"Suspected that debris of some kind was blocking propellant lines, reducing the amount of propellant reaching the thrusters.",NASA Jet Propulsion Laboratory,US,6U,Illuminate permanently-shadowed regions and detect water ice absorption bands in the near-infrared.
Kelpie 1,kelpie,https://www.nanosats.eu/sat/kelpie.html,2023-01-03,,Operational,C - sinais cooperativos (AIS/ADS-B/RF),sim,"Suffered an anomaly of its payload antenna which did not deploy. Due to the malfunction the satellite will be unable to deliver the planned data services, and as such it is considered a total loss. The loss of the satellite has been reported to the company's insurer.",,,AAC Clyde Space,UK,3U,Space-as-a-service model to build and operate spacecraft and sell AIS data exclusively to ORBCOMM.
KuwaitSat-﻿1,kuwaitsat-1,https://www.nanosats.eu/sat/kuwaitsat-1.html,2023-01-03,Operational (Photos from space published on 2023-04-07 last checked on 2023-04-15. SmallSat 2023 presentation.),Operational,A(fraco) - câmera sem alvo declarado,não,"On April 5th, 2023, the first series of images were captured by the satellite at approximately 9:36 AM. This includes a chain of five consecutive images (each with a swath width of 80 km) stitched together to give an enlarged aerial view of Kuwait.",https://digitalcommons.usu.edu/cgi/viewcontent.cgi?article=5732&context=smallsat,,Kuwait University,,2U,Multi-Color Camera Payload. The mission objective is to test if the camera can be used for attitude determination and control.
Menut,menut,https://www.nanosats.eu/sat/menut.html,2023-01-03,Operational (Photos from space shared on 2023-02-10. 2 year celebration in early 2025),Operational,A - sensoriamento remoto,sim,"A little more than a month after its launch, the 'Menut', the second nanosatellite placed in orbit by the Government in the framework of the NewSpace Strategy of Catalonia, has provided the first observation images of the Earth obtained from space: an infrared image (grayscale) of some marshes located near New Orleans, USA, and a colour image (RGB) of the clouds in Europe.
After a four week LEOP, we started receiving high quality images which have already provided invaluable insights for the Generalitat de Catalunya, monitoring the effects of a recent storm over the Terres de l'Ebre and the loss of water volume in the Darnius-Boadella reservoir.",https://www.open-cosmos.com/news/first-earth-observation-images-from-menut-satellite-received | https://www.linkedin.com/posts/opencosmos_wrapping-up-a-hugely-successful-2023-for-activity-7143227228456173568-zNH5?utm_source=share&utm_medium=member_desktop,,Open Cosmos,Spain,6U,Take images at 5 meters resolution of any place in the world.
NSLSat 2,nslcomm-nslsat,https://www.nanosats.eu/sat/nslcomm-nslsat.html,2023-01-03,,"Reentered, Operational",—,não,"In February 2023,
BeetleSat has announced the successful deployment of its lightweight, very-high data rate, expandable antenna in space. The in-orbit deployment of BeetleSat’s 60 cm expandable antenna from a 6U CubeSat is a significant milestone in the development of the BeetleSat constellation and proves the viability of its proprietary technology.
Two way communications and files transfer already performed successfully with the Antenna and SDR Payload.",https://spacewatch.global/2023/02/beetlesat-deploys-leo-satellite-expandable-antenna-in-space/ | https://digitalcommons.usu.edu/smallsat/2023/all2023/71/,,BeetleSat (NSLComm),Israel,6U,Demonstrator for SkyFi constellation. Test the deployable antenna and high power payload of 1 Gbps downlink.
SPHERE-1 EYE,sony-star-sphere,https://www.nanosats.eu/sat/sony-star-sphere.html,2023-01-03,Reentry 2025-03-04. Was operational (Photo from space released in 2023-02-26 but attitude control issues stopping the public access activities as of 2023-04-15),"Reentered, Operational",A(fraco) - câmera sem alvo declarado,não,"After the launch of the satellite ""EYE"" on January 3, 2023, we have monitored the operation of “EYE”. We have confirmed that the switch was correctly turned on and the communication between “EYE” and the Earth was established. A command from mission control center was sent to “EYE” via the ground station and “EYE” successfully delivered the first picture to us. To that point, all system checks were going well.
When we checked the attitude control module, we found restrictions on the degree of freedom of angle specification of “EYE” during shooting and communication between “EYE” and the ground station. Due to this, unfortunately, we concluded that it would be difficult to provide the ""Space Photography Tour"" and ""Space Photography Premium"" as expected.
Given this situation, ""EYE"" is flying by itself in orbit around the Earth and keeps sending us photos of space and the Earth when the communication is good. All members are making efforts to find a way to share new and moving experiences in space with “crew” members under the restrictions we are currently experiencing. We will keep you informed of the progress.
The water resistojet propulsion system consists of a tank, a vaporizer, nozzles, a control board, and a power processing unit. The form factor of the propulsion system is 1.25 U, the wet mass is 1.4 kg, and the achievable total impulse of the system is 170 Ns or higher. A unique design of the water propulsion system is a vaporization chamber generating steam at room temperature and low pressure, under 10 kPa. The performance measured on the ground shows a thrust of 2.7 mN, and a specific impulse of 60 s. A qualification test campaign including vibration, shock, thermal, throughput, and system performance tests was conducted, followed by acceptance tests. On-orbit demonstration was conducted on March 3rd and 16th for all four nozzles and the thrust generation was confirmed. The estimated thrust on orbit was 6.1 – 7.2 mN.",https://starsphere.sony.com/en/#top-crew | https://starsphere.sony.com/en/#top-crew | https://starsphere.sony.com/en/#top-crew | https://digitalcommons.usu.edu/smallsat/2023/all2023/92/,,Sony,Japan,6U,"Star Sphere project that seeks collaboration with artists, entertainers and educators."
STAR VIBE,scansat,https://www.nanosats.eu/sat/scansat.html,2023-01-03,Operational (Photos from space shared on social media and latest on 2023-09-23 but object not identified in Space-Track as of 2023-04-15. Still operating as of 24 months as of 2025-04-12),Operational,A - sensoriamento remoto,sim,"April 2023 update: More than 100 days on orbit, 200 communication sessions and 80 images taken - the newest one from the Iran and Turkmenistan you can see below. Satellite is doing good job, our mission operation team works on providing an image sessions all the time. Now we're planning to go to next stage of extended mission, among others to download the imagery using S-band in high resolution and VIBE instrument launching.
Still operating after 24 months.",https://www.linkedin.com/feed/update/urn:li:activity:7056984571120095234/?updateEntityUrn=urn%3Ali%3Afs_feedUpdate%3A%28V2%2Curn%3Ali%3Aactivity%3A7056984571120095234%29 | https://www.linkedin.com/posts/j%C4%99drzej-kowalewski-01_r%C3%B3wno-dwa-lata-temu-na-orbit%C4%99-polecia%C5%82-star-activity-7280960184053620736-fIX9?utm_source=share&utm_medium=member_desktop&rcm=ACoAAAt6RjABfKWEquksacZ3EVEQFZa3Fpq53uM,,Scanway,Poland,6U,Earth Observation constellation demo based on mirrors from range of 400nm to 12um.
AzaadiSAT 2,azaadisat-2,https://www.nanosats.eu/sat/azaadisat-2.html,2023-02-10,"Reentry 2023-12-05. Was operational until 2023-02-13, a few days due to power system issue. (SatNOGS dashboard telemetry stops after about 12 hours after launch as of 2023-04-15. TinyGS stops at 2023-02-11. Personal contact on 2023-12-21)","Reentered, Was operational",A(fraco) - câmera sem alvo declarado; B - coleta de plataformas (DCS/IoT),sim,,,Power system issues due to software,Space Kidz India,,9 kg,Carries 75 different payloads each weighing around 50 grams and conducting femto-experiments. Girl students from rural regions across the country were provided guidance to build these payloads.
Brokkr-1,brokkr-1,https://www.nanosats.eu/sat/brokkr-1.html,2023-04-15,Reentry 2026-01-13. Was operational until 2024-05-16 (Some attitude control challenges as per update on 2023-11-12 as of 2023-12-12),"Reentered, Was operational",—,não,"The Brokkr-1 refinery demonstration mission successfully launched on April 15, 2023, with the goal of validating AstroForge's full-system engineering team, flight-testing critical subsystems in preparation for deep space, and, finally, extracting platinum from an asteroid simulant. Of course, no project as ambitious as asteroid mining is without its challenges and lessons learned.
‍
After nominal separation from the launch vehicle, it proved difficult to quickly identify our satellite amongst the 50+ satellites deployed on the same launch from a single ground station. Over the next few weeks, through our own network and introductions made by our investor and advisory board, we rapidly connected with space companies who had ground assets to help in identifying our satellite.
‍
We achieved our first positive signal on May 5, 2023! Telemetry verified the vehicle was in a healthy state.
‍
Closing the command link to deploy the solar arrays would take longer. Our spacecraft was designed to actively control the attitude (orientation) of our vehicle such that the deployed arrays would point at the Sun to maximize power for our refinery, and our command and telemetry antenna, located on the opposite side, would point at Earth.
During final integration and testing with OrbAstro, we identified that the magnetic field generated by our refinery system prevented the satellite’s ability to actively orient the satellite. We decided to proceed forward as-is, fully understanding the risk that our satellite would now be passively stabilized in a wobble, eventually settling in an orientation where we lose communication. The alternative was to redesign the refinery and delay the mission at least nine months to the next available launch date and forfeit the launch cost. With an impeded ability for orientation control due to the payload’s magnetic field, the high gain patch antennas used for telemetry and command meant we had a lower chance of alignment between onboard antennas and ground station. To mitigate the lower communication link margin, OrbAstro burned the midnight oil with us to incorporate an extra omnidirectional antenna so we could at least downlink the health status of the satellite. Unfortunately, due to time constraints, the addition of an omnidirectional uplink antenna was not possible. It was high-risk but even with the decreased communication link margin due to the wobble, we could still complete the demonstration as long as the panels were deployed. However, our analysis and planning did not account for how long it would take to identify our satellite.
After identifying the satellite, over the next couple months we received numerous nominal health packets which was a great sign, deploying the solar panels was proving difficult. To accelerate things, we needed more ground station passes. So in July 2023, we decided to contract, license, and commission another ground station. This process can take up to a full year; we did it in three months. In that time, we also brought the mission operations in-house, with the AstroForge team taking on the primary operator roles.
On September 2, 2023, the solar arrays were successfully deployed. And on November 8, 2023, satellite commissioning and checkouts were completed, and we moved into the initial refinery baseline functional testing and demonstration.
Now it’s a race against time to complete the refinery checkouts and demonstrations before the satellite stabilizes and we lose the ability to command completely. We estimate that to be in another three months.
In summary, the TL;DR:
Separation -
COMPLETED
Initial contact -
COMPLETED
Command solar panels to deploy -
COMPLETED
Satellite commissioning and checkouts -
COMPLETED
Refinery baseline -
IN PROGRESS
Refinery demo start - TODO
Refinery demo complete - TODO
We expected to lose communication with Brokkr-1 this spring, and we made our last contact on May 16, 2024 14:52 UTC. We received downlink telemetry packets but remained unable to close the command uplink necessary to activate the refinery payload. So while we could reasonably monitor overall vehicle health, we were not able to check out the demo refinery on this flight.
The final status of the mission objectives are below:
‍Separation - COMPLETED
Initial Contact - COMPLETED
Deploy Solar Arrays - COMPLETED
Satellite Commissioning and Checkouts - COMPLETED
Refinery Baseline Checkouts - INCOMPLETE
Refinery Demonstration - NOT COMPLETED
‍",https://www.astroforge.io/updates/2023-update | https://www.astroforge.io/updates/2023-update | https://www.astroforge.io/updates/2023-update | https://www.astroforge.io/updates/2023-update | https://www.astroforge.io/updates/2023-update | https://www.astroforge.io/updates/2023-update | https://www.astroforge.io/updates/2023-update | https://www.astroforge.io/updates/2023-update | https://www.astroforge.io/updates/2023-update | https://www.astroforge.io/updates/2023-update | https://www.astroforge.io/updates/2023-update | https://www.astroforge.io/updates/2023-update | https://www.astroforge.io/updates/2023-update | https://www.astroforge.io/updates/2023-update | https://www.astroforge.io/updates/2023-update | https://www.astroforge.io/updates/2023-update | https://www.astroforge.io/updates/2023-update | https://www.astroforge.io/updates/2023-update | https://www.astroforge.io/updates/2023-update | https://www.astroforge.io/updates/an-update-on-mission-1-mission-2-same-name-new-vehicle-new-standard-for-space-exploration | https://www.astroforge.io/updates/an-update-on-mission-1-mission-2-same-name-new-vehicle-new-standard-for-space-exploration | https://www.astroforge.io/updates/an-update-on-mission-1-mission-2-same-name-new-vehicle-new-standard-for-space-exploration | https://www.astroforge.io/updates/an-update-on-mission-1-mission-2-same-name-new-vehicle-new-standard-for-space-exploration | https://www.astroforge.io/updates/an-update-on-mission-1-mission-2-same-name-new-vehicle-new-standard-for-space-exploration | https://www.astroforge.io/updates/an-update-on-mission-1-mission-2-same-name-new-vehicle-new-standard-for-space-exploration | https://www.astroforge.io/updates/an-update-on-mission-1-mission-2-same-name-new-vehicle-new-standard-for-space-exploration | https://www.astroforge.io/updates/an-update-on-mission-1-mission-2-same-name-new-vehicle-new-standard-for-space-exploration | https://www.astroforge.io/updates/an-update-on-mission-1-mission-2-same-name-new-vehicle-new-standard-for-space-exploration,Some challenges with strong magnetic fields interfering with attitude control.,Astro Forge,US,6U,Test technology to extract metals from asteroid materials.
CIRBE,cirbe,https://www.nanosats.eu/sat/cirbe.html,2023-04-15,Reentry 2024-10-04. Was operational (SatNOGS dashboard as of 2023-04-20. SmallSat 2023 presentation. Contact lost between April-June 2024.),"Reentered, Operational",A - sensoriamento remoto,sim,"CIRBE commissioning completed efficiently and captured a significant radiation storm within 10 days of launch.
After a year in space, the CubeSat experienced an anomaly and unexpectedly went quiet on April 15, 2024. Luckily, on June 15, the spacecraft sprang back to life and resumed taking measurements.",https://digitalcommons.usu.edu/cgi/viewcontent.cgi?article=5687&context=smallsat | https://science.nasa.gov/science-research/heliophysics/nasa-cubesat-finds-new-radiation-belts-after-may-2024-solar-storm/,Lost contact for 2 months.,University of Colorado Boulder,US,3U,Understand the formation of the inner belt electrons.
Connecta T2.1,connecta-t2.1,https://www.nanosats.eu/sat/connecta-t2.1.html,2023-04-15,Reentry 2025-10-14. Was operational (Confirmation on Twitter on 2023-04-15 as of 2023-04-30),"Reentered, Operational",A - sensoriamento remoto; B - coleta de plataformas (DCS/IoT),sim,"Lumi's retroreflector mounted on Plan-S Satellite and Space Technologies Connecta T2.1 (56210 2023-054AJ). Lasting just 24 picoseconds each, these laser pulses mean the satellite was tracked to within 3.7mm, virtually eliminating uncertainty in position.",https://www.linkedin.com/posts/lumi-space_spacesustainability-spaceeconomy-lasers-activity-7222196298152620033-TVTK?utm_source=share&utm_medium=member_desktop,,Plan-S,Turkey,6U,Connecta T2.1 is to implement its innovative Earth observation missions with high-resolution multispectral cameras and IoT connectivity.
KILICSAT,kilicsat,https://www.nanosats.eu/sat/kilicsat.html,2023-04-15,Reentry 2025-01-31. Was operational (Confirmation on LinkedIn on 2023-04-15 as of 2023-04-30),"Reentered, Operational",C - sinais cooperativos (AIS/ADS-B/RF),sim,"As a result of our satellite's 45-day adventure in space, we have received more than a million AIS Messages and visualized more than five hundred thousand AIS Messages by downloading them to the ground station at THK University.
KILICSAT successfully collected over a million AIS messages from ships traversing the seas, showcasing Turkiye's capability to contribute valuable data for maritime safety and navigation.",https://www.linkedin.com/feed/update/urn:li:activity:7072166998935224320/?updateEntityUrn=urn%3Ali%3Afs_feedUpdate%3A%28V2%2Curn%3Ali%3Aactivity%3A7072166998935224320%29 | https://www.linkedin.com/posts/gumushaerospace_cubesat-cubesats-ais-activity-7193032428544835584-0zFW?utm_source=share&utm_medium=member_desktop,,GUMUSH,Turkey,3U,Collecting Ship`s AIS message and demonstrate LNA Module.
"Lemur-2 165 SPACEGUS,",lemur-2-adler-2,https://www.nanosats.eu/sat/lemur-2-adler-2.html,2023-04-15,Reentry 2024-08-17. Was operational (Press release in January 2024),"Reentered, Operational",A - sensoriamento remoto,sim,"Speaking about the mission, Stefan Amberger, co-founder of Tilebox, said, “Over the past year alone, approximately 11 million raw data records were ingested, processed, cleaned, and made available to the Austrian Space Forum for ADLER-2 in near real-time. The intuitive access to this data has enabled dozens of developers and scientists to explore the data with minimal effort, and the feedback has helped us significantly expand our service in the meantime.”",https://spacewatch.global/2024/08/austrian-space-forum-concludes-successful-space-debris-mission/,,Austrian Space Forum (OeWF),Austria,6U,Provide insights into space debris in low Earth orbit (LEO) and expand novel atmospheric sensing capabilities to study clouds and aerosols in the atmosphere.
LLITED A,llited,https://www.nanosats.eu/sat/llited.html,2023-04-15,,"Reentered, Operational",A - sensoriamento remoto,sim,"Both LLITED-A and LLITED-B spacecraft completed early orbit check out and commissioning, but due to a solar cell anomaly are operating with a significant reduction in power. This has resulted in a much lower duty cycle for each of the three science payloads: an ionization gauge (MIGSI) to observe neutral density, a planar ion probe (PIP) to observe plasma density, and a GPS radio occultation sensor for observing (CTECS-A) total electron content. The combination of the operating orbit and power budget has required a refocusing of the mission science goals and a highly tailored ConOps
.",https://digitalcommons.usu.edu/cgi/viewcontent.cgi?article=5853&context=smallsat,,Aerospace Corporation,US,1.5U,Provide related to the Equatorial Ionization Anomaly (EIA) and the Equatorial Temperature and Wind Anomaly (ETWA).
LLITED B,llited,https://www.nanosats.eu/sat/llited.html,2023-04-15,,"Reentered, Operational",A - sensoriamento remoto,sim,"Both LLITED-A and LLITED-B spacecraft completed early orbit check out and commissioning, but due to a solar cell anomaly are operating with a significant reduction in power. This has resulted in a much lower duty cycle for each of the three science payloads: an ionization gauge (MIGSI) to observe neutral density, a planar ion probe (PIP) to observe plasma density, and a GPS radio occultation sensor for observing (CTECS-A) total electron content. The combination of the operating orbit and power budget has required a refocusing of the mission science goals and a highly tailored ConOps
.",https://digitalcommons.usu.edu/cgi/viewcontent.cgi?article=5853&context=smallsat,,Aerospace Corporation,US,1.5U,Provide related to the Equatorial Ionization Anomaly (EIA) and the Equatorial Temperature and Wind Anomaly (ETWA).
VIREO,vireo,https://www.nanosats.eu/sat/vireo.html,2023-04-15,Reentry 2024-08-08. Was operational (SatNOGS reports with visible packets on the waterfall last checked 2023-12-19),"Reentered, Operational",A - sensoriamento remoto; B - coleta de plataformas (DCS/IoT),sim,"VIREO’s on-board demonstration experiments have been running for months with excellent results, from the very beginning of the space experiments, the on-board AI algorithm successfully pre-selected the images that the system sent back to Earth.
A number of space experiments have been carried out on board VIREO, including a joint development with the aiMotive team. This involved processing image data captured by the satellite’s cameras in space using AI-based image processing algorithms. This demonstration was also an innovative technology transfer, as we integrated an automotive hardware accelerator, aiWare, into the satellite. Another significant experiment was the on-board run of an AI-enabled software algorithm suite from KP Labs in Poland, which learned on-board cloud detection and cloud mask generation using VIREO on-board images after reconfiguring the neural network.
A new feature on the satellite is that, in addition to the experiments already presented, we have also tested a payload control subsystem of our own design in the 10 × 10 × 10 cm cargo bay. This will support future CubeSat projects by simplifying and speeding up integration and providing outstanding on-board computing capacity for the various sensors and experiments. We are also prepared for future Earth observation missions.
We have also demonstrated several imaging techniques with four different types of cameras in space. For example, we have demonstrated that the satellite can capture images by focusing on a point on the ground and tracking it as it moves in orbit. We have also taken ground target tracking and burst shooting images and developed automated image acquisition processes for Earth-observation purposes.
During its 16-month mission, CubeSat captured breathtaking images. These stunning images of the Earth from space provides a unique perspective of our planet that also shows its fragile beauty.
Although the mission is over, the success of VIREO has proven that artificial intelligence technology can make earth observation faster and more efficient, which can mean advances in sectors such as agriculture, disaster management, and energy extraction.
Images from space can be used to quickly and accurately track changes in the earth’s surface and unexpected events. In addition, its further development could pave the way for areas such as better coordination of satellite fleets, bringing the internet to remote areas, space mining, reducing space debris or the success of very distant space missions.
Today, on 7th August 2024 morning, the satellite will deorbit over New Zealand at 11:39am, reach our atmosphere and will be destroyed forever.
New platform capabilities demonstrated in VIREO mission:
Within 1U payload bay:
2 general-purpose, AI-capable Single-Board Computers designed from scratch
2 × SpaceWire + 1 × Gigabit Ethernet links (harness-based)
2 × automotive GMSL + 2 × commercial JPEG camera systems in 2 different lens configurations
AI-related IODs: cloud-detection capabilities demonstrated using:
NextChip’s Apache5 SoC with aimotive’s aiWare CNN accelerator
KP Labs’ „The Herd” AI-based algorithm collection
Technological advancements in C3S’ portfolio:
Hardware: System-on-module, System-on-Chip, high-density storage, high-speed serial links, and FPGA integration
Software: combined FreeRTOS & Linux-based OBDH approach, adaptive payload-handling mechanism
FPGA: first mission of an in-house developed soft-processor system incl. ≈30 proprietary IP cores
Mechanical engineering: 3D-printed camera support structure
Operation: fully automated image acquisition processes for Earth-observation purposes
random thumbling
ground target tracking
burst shooting (in nadir direction or with an automatically calculated roll angle)",https://c3s.hu/2024/08/07/vireo-deorbit-mission-accomplished/ | https://c3s.hu/2024/08/07/vireo-deorbit-mission-accomplished/ | https://c3s.hu/2024/08/07/vireo-deorbit-mission-accomplished/ | https://c3s.hu/2024/08/07/vireo-deorbit-mission-accomplished/ | https://c3s.hu/2024/08/07/vireo-deorbit-mission-accomplished/ | https://c3s.hu/2024/08/07/vireo-deorbit-mission-accomplished/ | https://c3s.hu/2024/08/07/vireo-deorbit-mission-accomplished/ | https://c3s.hu/2024/08/07/vireo-deorbit-mission-accomplished/ | https://c3s.hu/2024/08/07/vireo-deorbit-mission-accomplished/ | https://c3s.hu/2024/08/07/vireo-deorbit-mission-accomplished/ | https://c3s.hu/2024/08/07/vireo-deorbit-mission-accomplished/ | https://c3s.hu/2024/08/07/vireo-deorbit-mission-accomplished/ | https://c3s.hu/2024/08/07/vireo-deorbit-mission-accomplished/ | https://c3s.hu/2024/08/07/vireo-deorbit-mission-accomplished/ | https://c3s.hu/2024/08/07/vireo-deorbit-mission-accomplished/ | https://c3s.hu/2024/08/07/vireo-deorbit-mission-accomplished/ | https://c3s.hu/2024/08/07/vireo-deorbit-mission-accomplished/ | https://c3s.hu/2024/08/07/vireo-deorbit-mission-accomplished/ | https://c3s.hu/2024/08/07/vireo-deorbit-mission-accomplished/ | https://c3s.hu/2024/08/07/vireo-deorbit-mission-accomplished/ | https://c3s.hu/2024/08/07/vireo-deorbit-mission-accomplished/ | https://c3s.hu/2024/08/07/vireo-deorbit-mission-accomplished/ | https://c3s.hu/2024/08/07/vireo-deorbit-mission-accomplished/ | https://c3s.hu/2024/08/07/vireo-deorbit-mission-accomplished/ | https://c3s.hu/2024/08/07/vireo-deorbit-mission-accomplished/,,C3S,Hungary,3U,"Collaborative project between C3S and AIMotive a leading provider of camera-first, AI powered, Level 5 autonomous driving technology."
Lumelite-4,lumelite-4,https://www.nanosats.eu/sat/lumelite-4.html,2023-04-22,Operational (Official social media post. Anniversary post in May 2024.),Operational,A(fraco) - câmera sem alvo declarado; C - sinais cooperativos (AIS/ADS-B/RF),sim,"Since its deployment, LUMELITE-4 has been conducting on-orbit experiments, made possible with invaluable ground support from the Centre for Remote Imaging, Sensing and Processing (CRISP).",https://www.linkedin.com/posts/star-nus_oneyearanniversary-activity-7194322910809923584-ailu?utm_source=share&utm_medium=member_desktop,,Agency for Science Technology and Research (A*STAR),Singapore,12U,On-orbit demonstration of a space-based VHF Data Exchange System (VDES) for maritime users.
GS-1,g-space-1,https://www.nanosats.eu/sat/g-space-1.html,2023-05-01,Operational (LinkedIn post from November 2023),Operational,A - sensoriamento remoto,sim,"Orbit Guard #1 has finally embarked on its trajectory shift! Currently drifting under the GEO arch since November 16th, 2023, toward its first mission-dedicated orbital slot, the servicer should commence its first in-orbit services mission by December 10th.
Latest Update: As of November 20, 2023, at 10:00:00 UTC, Orbit Guard #1 proudly reports a semi-major axis of 42,026 kilometers and a longitude of 124.4 degrees—testaments to its unwavering advancement toward its mission objectives.
Celebrating its 1-year anniversary since launched by SpaceX's Falcon Heavy on May 1st, 2023. This past year, Orbit Guard #1 successfully fulfilled all its tech demonstration and commercial missions and has paved the way for our future projects. In numbers :
4 years in design and manufacturing
365 days in orbit
1146km electric orbit raising
2 slots station kept
125 degrees travelled across the GEO belt
1st in-orbit tests of our rendezvous solution
1st commercial CubeSat in GEO orbit.",https://www.linkedin.com/feed/update/urn:li:activity:7133716970666897408/ | https://www.linkedin.com/feed/update/urn:li:activity:7133716970666897408/ | https://www.linkedin.com/posts/infinite-orbits_infiniteorbits-inorbitservices-newspace-activity-7191330583694749696-J6mA?utm_source=share&utm_medium=member_desktop | https://www.linkedin.com/posts/infinite-orbits_infiniteorbits-inorbitservices-newspace-activity-7191330583694749696-J6mA?utm_source=share&utm_medium=member_desktop | https://www.linkedin.com/posts/infinite-orbits_infiniteorbits-inorbitservices-newspace-activity-7191330583694749696-J6mA?utm_source=share&utm_medium=member_desktop | https://www.linkedin.com/posts/infinite-orbits_infiniteorbits-inorbitservices-newspace-activity-7191330583694749696-J6mA?utm_source=share&utm_medium=member_desktop | https://www.linkedin.com/posts/infinite-orbits_infiniteorbits-inorbitservices-newspace-activity-7191330583694749696-J6mA?utm_source=share&utm_medium=member_desktop | https://www.linkedin.com/posts/infinite-orbits_infiniteorbits-inorbitservices-newspace-activity-7191330583694749696-J6mA?utm_source=share&utm_medium=member_desktop | https://www.linkedin.com/posts/infinite-orbits_infiniteorbits-inorbitservices-newspace-activity-7191330583694749696-J6mA?utm_source=share&utm_medium=member_desktop | https://www.linkedin.com/posts/infinite-orbits_infiniteorbits-inorbitservices-newspace-activity-7191330583694749696-J6mA?utm_source=share&utm_medium=member_desktop,,Gravity Space,US,16U,Multiple hosted payloads destined for GEO orbit.
TROPICS 5,tropics,https://www.nanosats.eu/sat/tropics.html,2023-05-08,,"Reentered, Operational",A - sensoriamento remoto,sim,"As of August 2023, the satellites have been undergoing tests of their main instruments, microwave radiometers to collect temperature and humidity data on tropical storms.
In addition to the high frequency of observations, the TROPICS satellites provide high-quality data. Blackwell said the precipitation rain rate estimate derived from TROPICS Pathfinder data is better than state-of-the-art instruments on much larger spacecraft.
Within four weeks of receiving MIT LL’s purchase order, ATLAS had completed spacecraft integration and TROPICS was declared operational on ATLAS’ Global Federated Network—a process that typically takes ground segment providers several months or more to perform.",https://spacenews.com/tropics-cubesat-constellation-ready-for-hurricane-season/ | https://spacenews.com/tropics-cubesat-constellation-ready-for-hurricane-season/ | https://www.satelliteevolution.com/post/atlas-space-operations-completes-rapid-onboarding-of-critical-tropics-spacecraft,,MIT (Massachusetts Institute of Technology),US,3U,Provide rapid-refresh microwave measurements over the tropics for weather prediction.
TROPICS 6,tropics,https://www.nanosats.eu/sat/tropics.html,2023-05-08,,"Reentered, Operational",A - sensoriamento remoto,sim,"As of August 2023, the satellites have been undergoing tests of their main instruments, microwave radiometers to collect temperature and humidity data on tropical storms.
In addition to the high frequency of observations, the TROPICS satellites provide high-quality data. Blackwell said the precipitation rain rate estimate derived from TROPICS Pathfinder data is better than state-of-the-art instruments on much larger spacecraft.
Within four weeks of receiving MIT LL’s purchase order, ATLAS had completed spacecraft integration and TROPICS was declared operational on ATLAS’ Global Federated Network—a process that typically takes ground segment providers several months or more to perform.",https://spacenews.com/tropics-cubesat-constellation-ready-for-hurricane-season/ | https://spacenews.com/tropics-cubesat-constellation-ready-for-hurricane-season/ | https://www.satelliteevolution.com/post/atlas-space-operations-completes-rapid-onboarding-of-critical-tropics-spacecraft,,MIT (Massachusetts Institute of Technology),US,3U,Provide rapid-refresh microwave measurements over the tropics for weather prediction.
Dalian-1 Lianli,dalia-1-lianli,https://www.nanosats.eu/sat/dalia-1-lianli.html,2023-05-10,Reentry 2024-04-23. Was operational (Orbit raised over 20 km and picture shared by Xiaozhou Yu on LinkedIn on 2024-03-28),"Reentered, Operational",A - sensoriamento remoto,sim,"Dalian-1/Lianli was launched on May 10, 2023, and was successfully deployed into orbit from the Tianzhou-6 cargo spacecraft on January 18, 2024.
A series of HAN propulsion system tests have shown the orbit has been lifted from a perigee of 325.7km and an apogee of 352.6km on February 26th at 02:00:00 Beijing time to a perigee of 340.7km and an apogee of 373.2km on February 29th at 02:00:00 Beijing time, resulting in an average orbital height increase of approximate 18km (considering an orbital decay of approximate 1km per day, the actual orbital height increase would exceed 20km).
Another payload is a high-resolution camera, a resolution is less than 1m(PAN) and 4 meter (multiple spectrum) @500km.
On-orbit validation of the OpenHarmony real-time operating system based on the Dalian-1 Lianli satellite.",https://www.linkedin.com/pulse/12u-dalian-1lianli-successfully-raised-over-20km-altitude-xiaozhou-yu-ed4ic/ | https://www.linkedin.com/pulse/12u-dalian-1lianli-successfully-raised-over-20km-altitude-xiaozhou-yu-ed4ic/ | https://www.linkedin.com/pulse/12u-dalian-1lianli-successfully-raised-over-20km-altitude-xiaozhou-yu-ed4ic/ | https://www.eurekalert.org/news-releases/1110114,,Dalian University of Technology,China,12U,"Ve
rify high-resolution remote sensing imaging, domestic high-reliability OpenHarmony operating system, advanced satellite components and 3D printing technology."
Parus-MGTU,parus-mgtu,https://www.nanosats.eu/sat/parus-mgtu.html,2023-05-24,"Reentry 2023-11-12. Was operational? (Contact established as per news on 2023-10-26. Jonathan McDowell reported on 2023-10-26 that the solar sail did not deploy. However, decayed quickly in just 2.5 weeks so must have deployed.)","Reentered, Operational",—,não,"Jonathan McDowell reported on 2023-10-26 that t
he solar sails did not deploy,
However, the satellite decayed in just about 2.5 weeks, thus it must have deployed.",https://twitter.com/planet4589/status/1717415600971022583,,Bauman Moscow State Technical University,Russia,1U,Test a deployment mechanism for an experimental solar sail.
KSAT3U,ksat3u,https://www.nanosats.eu/sat/ksat3u.html,2023-05-25,"Operational (Press release on 2023-05-26, images from space shared with the latest on 2023-11-20, but object not identified as of 2023-12-21)",Operational,A - sensoriamento remoto,sim,Maintained its performance well for 6 months after settling into orbit. KSAT3U photographed an area 57 km wide and 32 km long in black and white from 540 km above the Earth. The resolution is 30m.,https://biz.chosun.com/science-chosun/technology/2023/11/20/KZXCOUG3OVDQNDOYWSMDQSUDFU/,,Kairo Space,,3U,Earth observation and weather monitoring cubesat.
TROPICS 3,tropics,https://www.nanosats.eu/sat/tropics.html,2023-05-26,,"Reentered, Operational",A - sensoriamento remoto,sim,"As of August 2023, the satellites have been undergoing tests of their main instruments, microwave radiometers to collect temperature and humidity data on tropical storms.
In addition to the high frequency of observations, the TROPICS satellites provide high-quality data. Blackwell said the precipitation rain rate estimate derived from TROPICS Pathfinder data is better than state-of-the-art instruments on much larger spacecraft.
Within four weeks of receiving MIT LL’s purchase order, ATLAS had completed spacecraft integration and TROPICS was declared operational on ATLAS’ Global Federated Network—a process that typically takes ground segment providers several months or more to perform.",https://spacenews.com/tropics-cubesat-constellation-ready-for-hurricane-season/ | https://spacenews.com/tropics-cubesat-constellation-ready-for-hurricane-season/ | https://www.satelliteevolution.com/post/atlas-space-operations-completes-rapid-onboarding-of-critical-tropics-spacecraft,,MIT (Massachusetts Institute of Technology),US,3U,Provide rapid-refresh microwave measurements over the tropics for weather prediction.
TROPICS 7,tropics,https://www.nanosats.eu/sat/tropics.html,2023-05-26,,"Reentered, Operational",A - sensoriamento remoto,sim,"As of August 2023, the satellites have been undergoing tests of their main instruments, microwave radiometers to collect temperature and humidity data on tropical storms.
In addition to the high frequency of observations, the TROPICS satellites provide high-quality data. Blackwell said the precipitation rain rate estimate derived from TROPICS Pathfinder data is better than state-of-the-art instruments on much larger spacecraft.
Within four weeks of receiving MIT LL’s purchase order, ATLAS had completed spacecraft integration and TROPICS was declared operational on ATLAS’ Global Federated Network—a process that typically takes ground segment providers several months or more to perform.",https://spacenews.com/tropics-cubesat-constellation-ready-for-hurricane-season/ | https://spacenews.com/tropics-cubesat-constellation-ready-for-hurricane-season/ | https://www.satelliteevolution.com/post/atlas-space-operations-completes-rapid-onboarding-of-critical-tropics-spacecraft,,MIT (Massachusetts Institute of Technology),US,3U,Provide rapid-refresh microwave measurements over the tropics for weather prediction.
RADSAT-SK,radsat-sk,https://www.nanosats.eu/sat/radsat-sk.html,2023-06-05,"Reentry 2023-11-07? No signal (No news found after launch. no reports found on SatNOGS, LinkedIn or Twitter. Object not identified in Space-Track as of 2023-10-31. Confirmed in a presentation to NASA on 2023-11-15.)","Reentered, No signal",A(fraco) - câmera sem alvo declarado,não,"Late 2023 - no contact with RADSAT-SK yet. Sill trying to talk with RADSAT-SK
.",https://www.nasa.gov/wp-content/uploads/2023/11/nasa-cubesat-presentation-nov-15-2023.pdf?emrc=9a63c5,,University of Saskatchewan,Canada,2U,"Study how materials degrade in space by studying material changes in colour, texture, brittleness, and electrical conductivity."
EIVE,eive,https://www.nanosats.eu/sat/eive.html,2023-06-12,Reentry 2025-04-15. Was operational (Official post on Twitter about first overflight being successful and SmallSat 2024 and IAC 2024 papers),"Reentered, Operational",A - sensoriamento remoto,sim,"EIVE operations were an enormous challenge due to the circumstances of the project, but have been a complete success thus far. Limited by a tight schedule, an unfinished OBSW, a first basic MCS version and reduced test facilities, a rather dynamic environment prevailed, that prevented operations from being entirely planned and prepared. This led to a change in the operations philosophy, which then focused primarily on the fundamentals ranging from satellite survival to idle mode commissioning.
Tests and OBSW implementations were conducted in the knowledge that further OBSW updates would be necessary in orbit to achieve the mission objectives. Although a dedicated spacecraft simulator is preferred for satellite missions, the feasibility of planning and performing satellite operations with limited test facilities has been demonstrated. However, the difficulties and risks related to operations must be known and addressed with a suitable space segment and appropriate safety measures.
With the aforementioned focus on the fundamentals, the LEOP was carried out completely successfully and EIVE was confirmed as being capable of surviving in the space environment. Further commissioning of the satellite bus and the payload was completed with some flaws identified. The GNSSs had to be declared defective and the PLOC is subject of further investigations. The first phase of routine operations of the E-band payload has begun with promising results. The SCEX has exceeded expectations and new sub-mission objectives are being defined.",https://digitalcommons.usu.edu/cgi/viewcontent.cgi?article=5858&context=smallsat | https://digitalcommons.usu.edu/cgi/viewcontent.cgi?article=5858&context=smallsat | https://digitalcommons.usu.edu/cgi/viewcontent.cgi?article=5858&context=smallsat,,University of Stuttgart,Germany,6U,Demonstrate radio link in the E-band at 71 - 76 GHz between a satellite and a ground station.
GEISAT Precursor,gei-sat,https://www.nanosats.eu/sat/gei-sat.html,2023-06-12,Operational (4S paper in May 2024),Operational,A - sensoriamento remoto,sim,"GEISAT is celebrating 2 years in orbit, and we take the chance to share with you some key facts achieved so far:
11+ million Earth images
166+ Terabytes of downloaded images
11,095 orbits (which is over 3x the distance to the Sun)
3,000+ targeted acquisitions
Our first satellite with 5-band SWIR",https://x.com/satlantis_/status/1933224512499208607 | https://x.com/satlantis_/status/1933224512499208607 | https://x.com/satlantis_/status/1933224512499208607 | https://x.com/satlantis_/status/1933224512499208607 | https://x.com/satlantis_/status/1933224512499208607 | https://x.com/satlantis_/status/1933224512499208607,,SATLANTIS,Spain,16U,"The satellite is an iSIM-SAT 16U-CubeSat, equipped with an iSIM-90 camera onboard."
Kelpie 2,kelpie,https://www.nanosats.eu/sat/kelpie.html,2023-06-12,,Semi-operational,C - sinais cooperativos (AIS/ADS-B/RF),sim,"Suffered an anomaly of its payload antenna which did not deploy. Due to the malfunction the satellite will be unable to deliver the planned data services, and as such it is considered a total loss. The loss of the satellite has been reported to the company's insurer.",,,AAC Clyde Space,UK,3U,Space-as-a-service model to build and operate spacecraft and sell AIS data exclusively to ORBCOMM.
SPEI-SATELLES,spei-satelles-speisat,https://www.nanosats.eu/sat/spei-satelles-speisat.html,2023-06-12,Reentry 2025-04-08. Was operational? (Short packets with data on SatNOGS and object identified as of 2023-12-21),"Reentered, Operational",—,não,"Rigorous simulations conducted using MATLAB and Simulink have substantiated the system's performance, demonstrating its ability to maintain the satellite's orientation within a few degrees of the desired position, even in the presence of external disturbances. Moreover, the telemetry data analysis has provided valuable insights into the satellite's dynamic behavior, with results closely aligning with the predicted outcomes from the simulations.
The observed patterns in angular velocity and magnetometer data have validated the accuracy of the predictive models, while occasional peaks in the data have highlighted transient disturbances and sensor noise.
Notably, the measurement of the angle 𝛽 between the satellite's body axis and the local magnetic field vector has revealed a cone-shaped motion, with deviations from perfect alignment attributed to sensor noise, residual electronic dipole effects, magnet mounting errors, and potential uncertainties in the hysteresis rod manufacturing process.
Despite the larger-than-expected deviation in the orbit-stabilized attitude from the simulation, as indicated by the on-board magnetometer, the ground operations after deployment were a success and communications with the satellite was carried out without major inconveniences regarding the attitude. This can be mainly attributed to the effective operation of the ACS, so it can be concluded that the system met the operational requirements.","https://iafastro.directory/iac/proceedings/IAC-23/IAC-23/E2/4/manuscripts/IAC-23,E2,4,12,x79994.pdf | https://iafastro.directory/iac/proceedings/IAC-23/IAC-23/E2/4/manuscripts/IAC-23,E2,4,12,x79994.pdf | https://iafastro.directory/iac/proceedings/IAC-23/IAC-23/E2/4/manuscripts/IAC-23,E2,4,12,x79994.pdf | https://iafastro.directory/iac/proceedings/IAC-23/IAC-23/E2/4/manuscripts/IAC-23,E2,4,12,x79994.pdf",,Politecnico di Torino,Italy,3U,SpeiSat physically keeps a nanobook with the Holy Father's book in his shell and a file containing the messages of hope to be spread during his journey.
URESAT-1,uresat-1,https://www.nanosats.eu/sat/uresat-1.html,2023-06-12,"Reentry 2025-02-21. Was semi-operational (Received with large ground stations and attempting to deploy satellite antennas as per website, last checked 2023-12-22)","Reentered, Semi-operational",A(fraco) - câmera sem alvo declarado,não,,,Antennas likely failed to deploy.,URE (Spanish Amateur Radio Union),Spain,PocketQube 1.5p,FM repeater and improved from the GENESIS missions.
Khors 1,khors-1-2,https://www.nanosats.eu/sat/khors-1-2.html,2023-06-27,,Operational,C - sinais cooperativos (AIS/ADS-B/RF),sim,Selected AIS results shared on the website.,https://bsail.ru/?page_id=2881&lang=ru,,Bauman Moscow State Technical University,,6U,"Space weather, galactic rays studies, plasma thruster tests."
Khors 2,khors-1-2,https://www.nanosats.eu/sat/khors-1-2.html,2023-06-27,,Operational,C - sinais cooperativos (AIS/ADS-B/RF),sim,Selected AIS results shared on the website.,https://bsail.ru/?page_id=2881&lang=ru,,Bauman Moscow State Technical University,,6U,"Space weather, galactic rays studies, plasma thruster tests."
KuzGTU-1,kuzgtu-1,https://www.nanosats.eu/sat/kuzgtu-1.html,2023-06-27,Operational (Space-PI news from 2023-10-05),Operational,—,não,"For 93 days, the spacecraft was at the flight testing stage. After 3 months they reported: the entire satellite system is working properly, the temperature inside the satellite is normal, all sensors are working normally, which means that you can start working with the payload.",https://spacepi.space/news/3-mesyacza-na-orbite/,,Kuzbass State Technical University (KuzGTU),Russia,3U,"The payload consists of the PV control board, three vibration sensors ocated in mutually perpendicular orientations on the MSC frame, and an electromechanical emulator of a part with internal stresses."
SamSat-ION,samsat-ion,https://www.nanosats.eu/sat/samsat-ion.html,2023-06-27,Was operational until 2023-08-14? (IAC 2024 paper),Was operational,—,não,"Since its launch on June 27, 2023, 2,465 packages of telemetry information have been received from the SamSat-ION nanosatellite (telemetry of the SEP, PrmPrd, on-board digital computer and the measuring system of the small spacecraft).
As a result of flight design tests, it was possible to completethe following tasks:
the strength characteristics of the power frame of the nanosatellite were confirmed during insertion into orbit and separation from the transport and launch container (TPC): confirmed by video recording of the moment of separation from the TLC ;
the strength characteristics and operability of the locking devices and remote structural elements of the nanosatellite under space flight conditions were confirmed: confirmed by on-board telemetry and the establishment of radio communication;
the functionality of the onboard software of the nanosatellite was confirmed (correct reception and execution of telecommands from the control center, correct transmission of telemetry and scientific information): confirmed by onboard telemetry;
the operational characteristics and correctness of the architectural and circuit solutions of the nanosatellite onboard computer were confirmed (the correct functioning of the ATxmega and LPC4300 microcontrollers, the data storage system, the measuring system and information interfaces in space flight conditions): confirmed by the onboard telemetry;
confirmed the operational characteristics and correctness of the architectural and circuit solutions of the nanosatellite PrmPrd in space flight conditions (energy reserve of the radio link, stability of the carrier frequency, data transfer rate, correct functioning of ATxmega microcontrollers): confirmed by the on-board telemetry;
partially confirmed operational characteristics of the nanosatellite power transmission system (stability of power supply channel voltages, correct control of the battery charge-discharge process): confirmed by on-board telemetry - the voltage on the 3.3V power channel was in the range of 3.27-3.29 V, the voltage on the 5V power channel was in the range of 5.16-5.18 V, the voltage on the U channel >was in the range of 15.3-15.6 V, the battery voltage was in the nominal values ​​of 14.6-15.6 V
An unexpected communication loss in August 2023 prevented us from completing all mission objectives.","http://spaceresearch.ssau.ru/ru/samsat-ion | http://spaceresearch.ssau.ru/ru/samsat-ion | http://spaceresearch.ssau.ru/ru/samsat-ion | http://spaceresearch.ssau.ru/ru/samsat-ion | http://spaceresearch.ssau.ru/ru/samsat-ion | http://spaceresearch.ssau.ru/ru/samsat-ion | http://spaceresearch.ssau.ru/ru/samsat-ion | http://spaceresearch.ssau.ru/ru/samsat-ion | https://iafastro.directory/iac/proceedings/IAC-24/IAC-24/D1/7/manuscripts/IAC-24,D1,7,4,x89537.pdf",Communications lost,Samara University,Russia,3U,"Study of the parameters of the upper ionosphere, the state of the plasma and the Earth's magnetic field along the motion trajectory."
Starling1 A,starling1,https://www.nanosats.eu/sat/starling1.html,2023-07-18,,Operational,A(fraco) - câmera sem alvo declarado,não,"NASA’s Starling mission accomplished a significant objective for the StarFOX (Starling Formation-Flying Optical Experiment) experiment, a test of autonomous navigation, co-location, and situational awareness in space.
Using downlinked images from onboard “star tracker” sensors, the team used ground-based software to demonstrate StarFOX’s ability to autonomously differentiate the background field of stars and other orbiting spacecraft from fellow members of the Starling swarm.
The spacecraft captured one photo every minute, and despite inconsistencies in illumination and minimal relative motion, the software was able to use the angular positions of the other Starling satellites within those images to estimate their orbits accurately with respect to GPS measurements captured during the test.
The next step is to demonstrate this software in orbit with similar results, autonomously correcting orbit predictions over time as each photo provides more data about the trajectory of spacecraft in the swarm.
StarFOX is being led by the Stanford University’s Space Rendezvous Laboratory.",https://blogs.nasa.gov/smallsatellites/2024/01/17/nasas-starling-cubesats-succeed-in-early-space-navigation-test/ | https://blogs.nasa.gov/smallsatellites/2024/01/17/nasas-starling-cubesats-succeed-in-early-space-navigation-test/ | https://blogs.nasa.gov/smallsatellites/2024/01/17/nasas-starling-cubesats-succeed-in-early-space-navigation-test/ | https://blogs.nasa.gov/smallsatellites/2024/01/17/nasas-starling-cubesats-succeed-in-early-space-navigation-test/ | https://blogs.nasa.gov/smallsatellites/2024/01/17/nasas-starling-cubesats-succeed-in-early-space-navigation-test/,,NASA Ames Research Center,US,6U,"Test technologies for affordable, distributed spacecraft (“swarm”) missions."
Starling1 B,starling1,https://www.nanosats.eu/sat/starling1.html,2023-07-18,,Operational,A(fraco) - câmera sem alvo declarado,não,"NASA’s Starling mission accomplished a significant objective for the StarFOX (Starling Formation-Flying Optical Experiment) experiment, a test of autonomous navigation, co-location, and situational awareness in space.
Using downlinked images from onboard “star tracker” sensors, the team used ground-based software to demonstrate StarFOX’s ability to autonomously differentiate the background field of stars and other orbiting spacecraft from fellow members of the Starling swarm.
The spacecraft captured one photo every minute, and despite inconsistencies in illumination and minimal relative motion, the software was able to use the angular positions of the other Starling satellites within those images to estimate their orbits accurately with respect to GPS measurements captured during the test.
The next step is to demonstrate this software in orbit with similar results, autonomously correcting orbit predictions over time as each photo provides more data about the trajectory of spacecraft in the swarm.
StarFOX is being led by the Stanford University’s Space Rendezvous Laboratory.",https://blogs.nasa.gov/smallsatellites/2024/01/17/nasas-starling-cubesats-succeed-in-early-space-navigation-test/ | https://blogs.nasa.gov/smallsatellites/2024/01/17/nasas-starling-cubesats-succeed-in-early-space-navigation-test/ | https://blogs.nasa.gov/smallsatellites/2024/01/17/nasas-starling-cubesats-succeed-in-early-space-navigation-test/ | https://blogs.nasa.gov/smallsatellites/2024/01/17/nasas-starling-cubesats-succeed-in-early-space-navigation-test/ | https://blogs.nasa.gov/smallsatellites/2024/01/17/nasas-starling-cubesats-succeed-in-early-space-navigation-test/,,NASA Ames Research Center,US,6U,"Test technologies for affordable, distributed spacecraft (“swarm”) missions."
Starling1 C,starling1,https://www.nanosats.eu/sat/starling1.html,2023-07-18,,Operational,A(fraco) - câmera sem alvo declarado,não,"NASA’s Starling mission accomplished a significant objective for the StarFOX (Starling Formation-Flying Optical Experiment) experiment, a test of autonomous navigation, co-location, and situational awareness in space.
Using downlinked images from onboard “star tracker” sensors, the team used ground-based software to demonstrate StarFOX’s ability to autonomously differentiate the background field of stars and other orbiting spacecraft from fellow members of the Starling swarm.
The spacecraft captured one photo every minute, and despite inconsistencies in illumination and minimal relative motion, the software was able to use the angular positions of the other Starling satellites within those images to estimate their orbits accurately with respect to GPS measurements captured during the test.
The next step is to demonstrate this software in orbit with similar results, autonomously correcting orbit predictions over time as each photo provides more data about the trajectory of spacecraft in the swarm.
StarFOX is being led by the Stanford University’s Space Rendezvous Laboratory.",https://blogs.nasa.gov/smallsatellites/2024/01/17/nasas-starling-cubesats-succeed-in-early-space-navigation-test/ | https://blogs.nasa.gov/smallsatellites/2024/01/17/nasas-starling-cubesats-succeed-in-early-space-navigation-test/ | https://blogs.nasa.gov/smallsatellites/2024/01/17/nasas-starling-cubesats-succeed-in-early-space-navigation-test/ | https://blogs.nasa.gov/smallsatellites/2024/01/17/nasas-starling-cubesats-succeed-in-early-space-navigation-test/ | https://blogs.nasa.gov/smallsatellites/2024/01/17/nasas-starling-cubesats-succeed-in-early-space-navigation-test/,,NASA Ames Research Center,US,6U,"Test technologies for affordable, distributed spacecraft (“swarm”) missions."
Starling1 D,starling1,https://www.nanosats.eu/sat/starling1.html,2023-07-18,,Operational,A(fraco) - câmera sem alvo declarado,não,"NASA’s Starling mission accomplished a significant objective for the StarFOX (Starling Formation-Flying Optical Experiment) experiment, a test of autonomous navigation, co-location, and situational awareness in space.
Using downlinked images from onboard “star tracker” sensors, the team used ground-based software to demonstrate StarFOX’s ability to autonomously differentiate the background field of stars and other orbiting spacecraft from fellow members of the Starling swarm.
The spacecraft captured one photo every minute, and despite inconsistencies in illumination and minimal relative motion, the software was able to use the angular positions of the other Starling satellites within those images to estimate their orbits accurately with respect to GPS measurements captured during the test.
The next step is to demonstrate this software in orbit with similar results, autonomously correcting orbit predictions over time as each photo provides more data about the trajectory of spacecraft in the swarm.
StarFOX is being led by the Stanford University’s Space Rendezvous Laboratory.",https://blogs.nasa.gov/smallsatellites/2024/01/17/nasas-starling-cubesats-succeed-in-early-space-navigation-test/ | https://blogs.nasa.gov/smallsatellites/2024/01/17/nasas-starling-cubesats-succeed-in-early-space-navigation-test/ | https://blogs.nasa.gov/smallsatellites/2024/01/17/nasas-starling-cubesats-succeed-in-early-space-navigation-test/ | https://blogs.nasa.gov/smallsatellites/2024/01/17/nasas-starling-cubesats-succeed-in-early-space-navigation-test/ | https://blogs.nasa.gov/smallsatellites/2024/01/17/nasas-starling-cubesats-succeed-in-early-space-navigation-test/,,NASA Ames Research Center,US,6U,"Test technologies for affordable, distributed spacecraft (“swarm”) missions."
NuLion,nulion,https://www.nanosats.eu/sat/nulion.html,2023-07-30,Operational (Official post on LinkedIn in August 2023),Operational,B - coleta de plataformas (DCS/IoT),sim,"We began to attempt contacting it using our own ground station, following our planned operating procedure. Initially, we did not manage to contact the satellite on its first few passes.
Fortunately, NUS CRISP reached out to us offering help and began tracking NuLIoN. NUS CRISP is an operational ground station and are busy tracking other satellites. Nevertheless, they tracked NuLIoN with their spare capacity. At around 1600hrs, they picked up a short blip on their spectrum analyser, which corresponds to NuLIoN’s frequency. We quickly integrated our ground equipment into their station and waited. In the subsequent pass, we started to see scrambled data coming in but being discarded. At last, we got our first decoded beacon packet at 21:01:07SGT.
NuLIoN is operating nominally, solar panels and communication antenna are fully deployed. In the upcoming weeks, we will continue to test the satellite and commission it phase by phase till it is ready for its mission.
Deployment of Oxford Space Systems’ cutting-edge deployable helical antenna.
Successful collaboration with Squareroot8 Technologies in demonstrating Quantum Random Number Generation (QRNG) and Post-Quantum Cryptography (PQC) technologies in space.",https://www.linkedin.com/posts/nuspace-pte-ltd_sgspace-singapore-collaboration-activity-7091961052006907904-iiwY?utm_source=share&utm_medium=member_desktop | https://www.linkedin.com/posts/nuspace-pte-ltd_sgspace-singapore-collaboration-activity-7091961052006907904-iiwY?utm_source=share&utm_medium=member_desktop | https://www.linkedin.com/posts/nuspace-pte-ltd_sgspace-singapore-collaboration-activity-7091961052006907904-iiwY?utm_source=share&utm_medium=member_desktop | https://oxford.space/post/?permalink=nuspace-launch-internet-of-things-mission-with-oxford-space-systems-antenna | https://www.linkedin.com/posts/nuspace-pte-ltd_successful-space-demonstration-of-qrng-pqc-activity-7141274681549946881-Lnjv?utm_source=share&utm_medium=member_desktop,,NuSpace,Singapore,3U,Seed satellite for a LEO equatorial constellation providing continuous LoRaWAN IoT services.
ANSER A Leader,anser,https://www.nanosats.eu/sat/anser.html,2023-10-09,,"Reentered, Deployment failure",A - sensoriamento remoto,sim,"“As soon as our launch and early operations phase was complete, we began work to reconfigure Follower 1 to assume the Leader’s role in the cluster. This was achieved without any apparent decrease in its observation capabilities. However the Leader’s cloud detection functionality cannot be replicated by a Follower satellite. Instead we make use of Copernicus Sentinel satellite images to validate our hyperspectral data instead. This can’t be done in real time, but it still works. With this new configuration, ANSER’s mission is still 100% operational.”",https://www.spacequip.eu/2024/05/27/winged-cubesat-flock-survives-leaders-loss/,,National Institute of Aerospace Technology (INTA),Spain,3U,Constellation of 4 nanosatellites to monitor the quality of the water in reservoirs and swamps in Spain
ANSER B,anser,https://www.nanosats.eu/sat/anser.html,2023-10-09,,Operational,A - sensoriamento remoto,sim,"“As soon as our launch and early operations phase was complete, we began work to reconfigure Follower 1 to assume the Leader’s role in the cluster. This was achieved without any apparent decrease in its observation capabilities. However the Leader’s cloud detection functionality cannot be replicated by a Follower satellite. Instead we make use of Copernicus Sentinel satellite images to validate our hyperspectral data instead. This can’t be done in real time, but it still works. With this new configuration, ANSER’s mission is still 100% operational.”",https://www.spacequip.eu/2024/05/27/winged-cubesat-flock-survives-leaders-loss/,,National Institute of Aerospace Technology (INTA),Spain,3U,Constellation of 4 nanosatellites to monitor the quality of the water in reservoirs and swamps in Spain
ANSER C,anser,https://www.nanosats.eu/sat/anser.html,2023-10-09,,Operational,A - sensoriamento remoto,sim,"“As soon as our launch and early operations phase was complete, we began work to reconfigure Follower 1 to assume the Leader’s role in the cluster. This was achieved without any apparent decrease in its observation capabilities. However the Leader’s cloud detection functionality cannot be replicated by a Follower satellite. Instead we make use of Copernicus Sentinel satellite images to validate our hyperspectral data instead. This can’t be done in real time, but it still works. With this new configuration, ANSER’s mission is still 100% operational.”",https://www.spacequip.eu/2024/05/27/winged-cubesat-flock-survives-leaders-loss/,,National Institute of Aerospace Technology (INTA),Spain,3U,Constellation of 4 nanosatellites to monitor the quality of the water in reservoirs and swamps in Spain
NESS,ness-n3ss,https://www.nanosats.eu/sat/ness-n3ss.html,2023-10-09,,Operational,—,não,"The GNC developed for the N3SS mission with very low resource (1fte) in CNES shows very good results in terms of performance and robustness. The robust approach chosen during the actuator’s sizing phase allowed N3SS to cope with much higher aerodynamic and solar perturbations than expected at the time of design. In addition, the flexibility of the flight software allowed for code evolution during commissioning (calibration of magnetometer, reaction wheels spin direction) which enabled N3SS to achieve higher performance during its mission.
We explained how the magnetic concerns where managed, regarding the residual magnetic moment issue, or the calibration of the magnetometers. A simple method, based on the magnetic field norm measured in orbit, was proposed to calibrate in-flight the magnetometers and improve the performance of the satellite pointing.
Finally, the management of the reaction wheels cluster was detailed since unexpected behavior in one wheel consumption was seen during commissioning. This method was set to mitigate the risk of failure of the wheels during the mission.
N3SS mission was lately extended by one more year, proving the GNC’s good performance in space and validating the design and the commissioning operations.",https://digitalcommons.usu.edu/cgi/viewcontent.cgi?article=5875&context=smallsat | https://digitalcommons.usu.edu/cgi/viewcontent.cgi?article=5875&context=smallsat | https://digitalcommons.usu.edu/cgi/viewcontent.cgi?article=5875&context=smallsat | https://digitalcommons.usu.edu/cgi/viewcontent.cgi?article=5875&context=smallsat,,CNES,France,3U,"Validate in orbit miniaturized technologies intended for the detection and localization of interfering transmitters,"
PRETTY,pretty,https://www.nanosats.eu/sat/pretty.html,2023-10-09,Operational (Post on Beyond Gravity LinkedIn as of April 2024),Operational,A - sensoriamento remoto,sim,"Announced in April 2024, that the in-orbit commissioning phase has been successfully completed. Both instruments are working fine. The two instruments are the GNSS reflectometer built by Beyond Gravity and the dosimeter from Seibersdorf Laboratories.
A prolonged commissioning phase followed, complicated by issues with the satellite’s pointing software and radio interference from other sources.
A shoebox-sized satellite looking far to the horizon picked up a strong signal reflection from hundreds of kilometres below it, beside a lonely polar island in the Canadian Arctic.
Austrian Satellite Mission PRETTY Continues under the Leadership of TU Graz, 2025-11-06.",https://www.linkedin.com/posts/beyondgravity_good-news-from-our-climate-cubesat-pretty-activity-7185645847555035137--k9G?utm_source=share&utm_medium=member_desktop | https://www.esa.int/Enabling_Support/Space_Engineering_Technology/Icy_first_light_of_shoebox-sized_PRETTY_CubeSat | https://www.esa.int/Enabling_Support/Space_Engineering_Technology/Icy_first_light_of_shoebox-sized_PRETTY_CubeSat | https://www.linkedin.com/pulse/austrian-satellite-mission-pretty-continues-under-leadership-w5tqf/?trackingId=ndUeo0QbSMGTKhK18YrvPQ%3D%3D,,Beyond Gravity,Austria,3U,Demonstrate GNSS reflectometry at low grazing angles for altimetry for sea ice detection using a new software-defined GNSS receiver.
Barry,rogue-space,https://www.nanosats.eu/sat/rogue-space.html,2023-11-11,"Reentry 2025-04-12. Was operational until 2024-01-XX, 2 months (Press release on 2024-02-09)","Reentered, Was operational",A(fraco) - câmera sem alvo declarado,não,"2024-02-09, announced the suspension of the active phase of our first on orbit mission. Barry 1 was launched on November 11, 2023, and has been in orbit since then. It was designed to test our Scalable Compute Platform (SCP) and its ability to aggregate data from multiple sensors and process that data in real time. We had ongoing power-system issues on the bus through LEOP (Launch and Early Orbit Phase), and after two months of operations, towards the end of LEOP, we lost communication with the satellite. Rogue performed some testing of the SCP and never had the opportunity to test the IVO drive",https://rogue.space/suspension_of_barry1_operations/,,Rogue Space Systems,US,12U,"Building a fleet of Orbital Robots (Orbots™) equipped with sensors, cameras, robotics and artificial intelligence (AI) software to enable up-close inspections and assistanc"
Intuition-1,intuition-1,https://www.nanosats.eu/sat/intuition-1.html,2023-11-11,Reentry 2026-03-23. Was operational (LinkedIn post as of 2023-12-12),"Reentered, Operational",A - sensoriamento remoto,sim,"Intuition-1 is reporting nominal telemetry across the board. After successfully deploying UHF antennas and solar arrays, the operations team is currently engaged in the precise activation of subsystems as we progress toward the satellite's full operational state.
Successfully activated the Leopard Data Processing Unit (DPU), marking a significant development in our satellite's functionality. This unit, with its capability for high-speed processing up to 7.6 Gb/s and a substantial storage capacity of 960 GiB, plays a critical role in processing hyperspectral images on-board through Neural Networks.",https://www.linkedin.com/feed/update/urn:li:activity:7133757229844811776/ | https://www.linkedin.com/posts/kp-labs-sp-z-o-o_kplabs-missionai-mission-activity-7181238843898044416-HA3F?utm_source=share&utm_medium=member_desktop,,KP Labs,,6U,Demonstrate an advanced hyperspectral imager and novel on-board processor.
MANTIS,mantis,https://www.nanosats.eu/sat/mantis.html,2023-11-11,Reentry 2025-10-15. Was operational (LinkedIn post after launch as of 2023-12-12),"Reentered, Operational",A - sensoriamento remoto,sim,"Downloading clear, strong images just eleven days post launch.",https://www.linkedin.com/posts/opencosmos_wrapping-up-a-hugely-successful-2023-for-activity-7143227228456173568-zNH5?utm_source=share&utm_medium=member_desktop,,Open Cosmos,UK,12U,Earth observation satellite with novel data analysis. Possibly a start of a constellation.
NinjaSat,ninjasat,https://www.nanosats.eu/sat/ninjasat.html,2023-11-11,Reentry 2025-09-18. Was operational (NanoAvionics post on LinkedIn and heard on SatNOGS last checked 2023-12-16 and SmallSat 2024 paper),"Reentered, Operational",A(fraco) - câmera sem alvo declarado,não,"After the payload verification, NinjaSat observed the Crab Nebula on February 9 and correctly detected the 33.8 ms pulsation from the neutron star. With this observation, NinjaSat met the minimum success criteria. NinjaSat observed 10 X-ray sources by June 20 and successfully demonstrated that many Xray sources can be observed even with a CubeSat, which is limited in terms of resources available for science payloads.
Specifically, NinjaSat conducted the follow-up observation of a newly discovered X-ray transient SRGA J144459.2−604207 two days after its discovery, detecting multiple type I X-ray bursts. NinjaSat also observed type II X-ray bursts from a rapid burster MXB 1730−335. To the best of our knowledge, these are the first observations of X-ray bursts with a CubeSat, enabled by the large effective area of NinjaSat.
Evaldas Stulgaitis has written on LinkedIn: ""For the past year, we've kept NinjaSat on target, ran payload checks, sent operational commands, and synced up with our customer six time zones away in Japan. We monitored solar activity, reacting to events like solar flares to protect the satellite and its instruments. Over time, we’ve successfully refined many of these tasks through various automations.""",https://digitalcommons.usu.edu/cgi/viewcontent.cgi?article=5857&context=smallsat | https://digitalcommons.usu.edu/cgi/viewcontent.cgi?article=5857&context=smallsat | https://www.linkedin.com/posts/evaldas-stulgaitis_last-week-marked-the-one-year-anniversary-activity-7265752774657658881-iN3J?utm_source=share&utm_medium=member_desktop,,RIKEN,Japan,6U,Observing persistently bright X-ray objects. Study black holes and neutron stars.
Picacho,picacho,https://www.nanosats.eu/sat/picacho.html,2023-11-11,Deployment failure? Reentry 2023-11-11?(Telemetry may have been received and will keep looking for the satellite as per article from 2023-12-01 and press release on 2023-12-12),"Reentered, Deployment failure, ?",—,não,"After the deployment window closed, Lunasonde received telemetry with modulation characteristics that matched Picacho. Two days after presumed deployment, several external sources identified 39 signals as telemetry coming from the satellite. We will post details of any findings we uncover.",https://www.linkedin.com/feed/update/urn:li:activity:7140193848076476416/,,Lunasonde,,1U,Measure the power spectral density of low-frequency radio signals in the ionosphere.
PLATERO,platero,https://www.nanosats.eu/sat/platero.html,2023-11-11,Operational (LinkedIn post after launch as of 2023-12-12),Operational,A - sensoriamento remoto; B - coleta de plataformas (DCS/IoT),sim,"Received telemetry points from PLATERO just 36 seconds after waking up. First images were acquired 10 days after launch and have already been supplied to the customer, Junta de Andalucía.",https://www.linkedin.com/posts/opencosmos_wrapping-up-a-hugely-successful-2023-for-activity-7143227228456173568-zNH5?utm_source=share&utm_medium=member_desktop,,Open Cosmos,Spain,6U,6U satellite combining EO and real-time IoT data to track farming's impact and aid sustainable policies.
ROM-3,rom-3,https://www.nanosats.eu/sat/rom-3.html,2023-11-11,No signal? (Did not deploy on first attempt and then expected to need to charge batteries as per article 2023-12-08),"No signal, ?",—,não,"ROM-3 waited its turn in the deployer for 72 hours, at temperatures ranging from plus 40 to minus 80 degrees Celsius. Concerns about the batteries' ability to withstand an extended time were confirmed, and the deployer did not open on the first attempt. The launcher mechanism from Alba Orbital did not work, and ROM-3 remained stuck inside, alongside the other satellites, as reported by Agerpres. From that moment, the ground team constantly calculated the battery's potential, which faced cosmic cold beyond the design limit.
“On Monday, November 28, at 11:25, Alba Orbital made the second attempt to open the launcher, and it succeeded. ROM-3 was launched into orbit and is now operational. It has already transmitted the identification data package. After a few days to regenerate its energy using solar power, the satellite will begin transmitting according to the mission,” a statement said.",https://www.romania-insider.com/small-satellite-built-romanian-students-reaches-orbit-dec-2023 | https://www.romania-insider.com/small-satellite-built-romanian-students-reaches-orbit-dec-2023,,RomSpace (International Computing High School of Bucharest),,PocketQube 1.5p,"Amateur radio mission with digital repeater, SSDV image transmission and CW beacon."
STORK-7,stork-7-aman-1,https://www.nanosats.eu/sat/stork-7-aman-1.html,2023-11-11,Deployment failure. Reentry 2023-11-11.,"Reentered, Deployment failure",A - sensoriamento remoto,sim,"Data from Oman’s first satellite Aman-1, which was launched by Omani ETCO Space, will be used to monitor and track the country’s gas networks per an agreement signed during COMEX 2024, which concluded here on Thursday. The agreement was signed by Omantel and OQ Gas Networks (OQGN), which owns and operates Oman’s natural gas transportation system.",https://www.omanobserver.om/article/1154519/business/energy/omans-first-satellite-to-be-used-for-gas-networks-monitoring,,ETCO Space,Poland,3U,Oman’s first satellite.
ALISIO,alisio,https://www.nanosats.eu/sat/alisio.html,2023-12-01,Operational (LinkedIn post on 2023-12-11 as of 2023-12-13),Operational,A - sensoriamento remoto,sim,"Following an 11 day journey to reach the right orbit position, ALISIO-1 was successfully deployed from the Orbital Transfer Vehicle. We are pleased to report that contact was established during the first available pass over the ground station, with telemetry successfully downloaded and the satellite smoothly de-tumbled.
Launched from the Orbital Transfer Vehicle on the 12th December, we closed LEOP just two days later on the 14th!",https://www.linkedin.com/posts/opencosmos_opencosmos-spacetech-earthobservation-activity-7140657443692269569-dXD6/ | https://www.linkedin.com/posts/opencosmos_wrapping-up-a-hugely-successful-2023-for-activity-7143227228456173568-zNH5?utm_source=share&utm_medium=member_desktop,,IACTec SPACE - Instituto de Astrofísica de Canarias,,3U,"SWIR instrument and test a magnetic measurement card useful for LISA.
Optical laser communication capabilities."
BEESAT-14,beesat-14-15,https://www.nanosats.eu/sat/beesat-14-15.html,2023-12-01,,Operational,A - sensoriamento remoto,sim,"After the two satellites were ejected, the operations team from the Chair of Space Technology carried out the commissioning phase, during which the individual systems were switched on, tested and put into operation step by step. Since the separation of ION, the satellites have been slowly moving away from each other, as expected.
To achieve the mission objective of formation flight, this drift must be reversed to reduce the distance between the two spacecraft. The team successfully performed two thrust maneuvers with NanoFF B, the satellite that is shown in the video. The orbit has successfully been raised by around 120m. Further maneuvers are required to stop the drift completely and will be carried out over the next few weeks.
After NanoFF-B’s deployment on January 10, 2024, B-Dot was activated within 24 hours, effectively reducing the total angular rate from 8 °/s to under 0.5 °/s within just one orbit (see fig. 8). Following NanoFF-A’s deployment on January 15, 2024, the total angular rate was approximately 5.8 °/s. Over the course of 3 weeks, natural damping gradually decreased this to around 4 °/s. Subsequently, after B-Dot activation, the angular rate was further reduced to approximately 0.5 °/s within half an orbit (see fig. 9). Despite the discrepancies found between design and measured coil parameters, the data from the detumbling of the two spacecraft shows that they are performing well on orbit, which we take as a further confirmation for the successful optimization.
In July 2024, finished the first software upload to our satellites. Both of them now have an updated 𝗔𝘁𝘁𝗶𝘁𝘂𝗱𝗲 & 𝗢𝗿𝗯𝗶𝘁 𝗖𝗼𝗻𝘁𝗿𝗼𝗹 𝗦𝘆𝘀𝘁𝗲𝗺 (AOCS) software with new features that help us with experiments and operational efficiency. The upload process was shortened significantly by compressing the image on ground and then decompressing it on the satellite after reception. Doing so, we were able to achieve an image size reduction of over 38%. Uploading the image took less than 3 days per satellite.
The new AOCS update includes:
Introduction of a new precise, numerical orbit propagator which considers perturbations due to the non-spherical Earth and atmospheric density. This will be used for long-term position estimation in case of a loss of GNSS 3D fix and running experiments in orbit.
The AOCS node on each satellite now forwards the position/velocity of both the satellites to the Formation Flight Computer. With this update we were able to calculate the relative orbital elements (ROEs) of the satellite formation in real time on-board the satellites (using TLEs) for the first time (see image below).
Improve the accuracy of our GNSS navigation solution data
Several convenience functions & telemetry to improve operational efficiency & stability",https://www.tu.berlin/en/about/profile/press-releases-news/nanoff-satellites | https://www.tu.berlin/en/about/profile/press-releases-news/nanoff-satellites | https://az659834.vo.msecnd.net/eventsairwesteuprod/production-atpi-public/96f23a414f9644c8bc86e601756c2de4 | https://www.linkedin.com/posts/nanoff-tuberlin_this-week-we-have-finished-the-first-software-activity-7222620826364252161-ij_X?utm_source=share&utm_medium=member_desktop | https://www.linkedin.com/posts/nanoff-tuberlin_this-week-we-have-finished-the-first-software-activity-7222620826364252161-ij_X?utm_source=share&utm_medium=member_desktop | https://www.linkedin.com/posts/nanoff-tuberlin_this-week-we-have-finished-the-first-software-activity-7222620826364252161-ij_X?utm_source=share&utm_medium=member_desktop | https://www.linkedin.com/posts/nanoff-tuberlin_this-week-we-have-finished-the-first-software-activity-7222620826364252161-ij_X?utm_source=share&utm_medium=member_desktop | https://www.linkedin.com/posts/nanoff-tuberlin_this-week-we-have-finished-the-first-software-activity-7222620826364252161-ij_X?utm_source=share&utm_medium=member_desktop | https://www.linkedin.com/posts/nanoff-tuberlin_this-week-we-have-finished-the-first-software-activity-7222620826364252161-ij_X?utm_source=share&utm_medium=member_desktop,,Technical University of Berlin,Germany,2U,Formation flying and multispectral camera.
BEESAT-15,beesat-14-15,https://www.nanosats.eu/sat/beesat-14-15.html,2023-12-01,,Operational,A - sensoriamento remoto,sim,"After the two satellites were ejected, the operations team from the Chair of Space Technology carried out the commissioning phase, during which the individual systems were switched on, tested and put into operation step by step. Since the separation of ION, the satellites have been slowly moving away from each other, as expected.
To achieve the mission objective of formation flight, this drift must be reversed to reduce the distance between the two spacecraft. The team successfully performed two thrust maneuvers with NanoFF B, the satellite that is shown in the video. The orbit has successfully been raised by around 120m. Further maneuvers are required to stop the drift completely and will be carried out over the next few weeks.
After NanoFF-B’s deployment on January 10, 2024, B-Dot was activated within 24 hours, effectively reducing the total angular rate from 8 °/s to under 0.5 °/s within just one orbit (see fig. 8). Following NanoFF-A’s deployment on January 15, 2024, the total angular rate was approximately 5.8 °/s. Over the course of 3 weeks, natural damping gradually decreased this to around 4 °/s. Subsequently, after B-Dot activation, the angular rate was further reduced to approximately 0.5 °/s within half an orbit (see fig. 9). Despite the discrepancies found between design and measured coil parameters, the data from the detumbling of the two spacecraft shows that they are performing well on orbit, which we take as a further confirmation for the successful optimization.
In July 2024, finished the first software upload to our satellites. Both of them now have an updated 𝗔𝘁𝘁𝗶𝘁𝘂𝗱𝗲 & 𝗢𝗿𝗯𝗶𝘁 𝗖𝗼𝗻𝘁𝗿𝗼𝗹 𝗦𝘆𝘀𝘁𝗲𝗺 (AOCS) software with new features that help us with experiments and operational efficiency. The upload process was shortened significantly by compressing the image on ground and then decompressing it on the satellite after reception. Doing so, we were able to achieve an image size reduction of over 38%. Uploading the image took less than 3 days per satellite.
The new AOCS update includes:
Introduction of a new precise, numerical orbit propagator which considers perturbations due to the non-spherical Earth and atmospheric density. This will be used for long-term position estimation in case of a loss of GNSS 3D fix and running experiments in orbit.
The AOCS node on each satellite now forwards the position/velocity of both the satellites to the Formation Flight Computer. With this update we were able to calculate the relative orbital elements (ROEs) of the satellite formation in real time on-board the satellites (using TLEs) for the first time (see image below).
Improve the accuracy of our GNSS navigation solution data
Several convenience functions & telemetry to improve operational efficiency & stability",https://www.tu.berlin/en/about/profile/press-releases-news/nanoff-satellites | https://www.tu.berlin/en/about/profile/press-releases-news/nanoff-satellites | https://az659834.vo.msecnd.net/eventsairwesteuprod/production-atpi-public/96f23a414f9644c8bc86e601756c2de4 | https://www.linkedin.com/posts/nanoff-tuberlin_this-week-we-have-finished-the-first-software-activity-7222620826364252161-ij_X?utm_source=share&utm_medium=member_desktop | https://www.linkedin.com/posts/nanoff-tuberlin_this-week-we-have-finished-the-first-software-activity-7222620826364252161-ij_X?utm_source=share&utm_medium=member_desktop | https://www.linkedin.com/posts/nanoff-tuberlin_this-week-we-have-finished-the-first-software-activity-7222620826364252161-ij_X?utm_source=share&utm_medium=member_desktop | https://www.linkedin.com/posts/nanoff-tuberlin_this-week-we-have-finished-the-first-software-activity-7222620826364252161-ij_X?utm_source=share&utm_medium=member_desktop | https://www.linkedin.com/posts/nanoff-tuberlin_this-week-we-have-finished-the-first-software-activity-7222620826364252161-ij_X?utm_source=share&utm_medium=member_desktop | https://www.linkedin.com/posts/nanoff-tuberlin_this-week-we-have-finished-the-first-software-activity-7222620826364252161-ij_X?utm_source=share&utm_medium=member_desktop,,Technical University of Berlin,Germany,2U,Formation flying and multispectral camera.
EIRSAT-1,eirsat-1,https://www.nanosats.eu/sat/eirsat-1.html,2023-12-01,Reentry 2025-09-04. Operational (Post on X on 2023-12-04 last checked 2023-12-15),"Reentered, Operational",—,não,"How Ireland’s first satellite was almost lost a short time after launch, 2024-03-12:
Shortly after launch it was rotating at 5 degrees per second taking 72 seconds to do a full rotation which was in line with expectations.
It quickly sped up to 30 degrees per second taking 12 seconds to do a full rotation. By the time mission control in UCD had established contact with it, it was spinning at 50 degrees per second and getting faster.
“We couldn’t be happier with the way things are working. All the critical systems are healthy. We have got data back from one of our payloads.”
Student-built satellite EIRSAT-1 detects not just one, but two gamma-rays bursts, 2024.",https://www.irishtimes.com/science/2024/03/12/how-irelands-first-satellite-was-almost-lost-a-short-time-after-launch/ | https://www.irishtimes.com/science/2024/03/12/how-irelands-first-satellite-was-almost-lost-a-short-time-after-launch/ | https://www.irishtimes.com/science/2024/03/12/how-irelands-first-satellite-was-almost-lost-a-short-time-after-launch/ | https://www.irishtimes.com/science/2024/03/12/how-irelands-first-satellite-was-almost-lost-a-short-time-after-launch/ | https://www.esa.int/Education/CubeSats_-_Fly_Your_Satellite/Student-built_satellite_EIRSAT-1_detects_not_just_one_but_two_gamma-rays_bursts,"Not a failure, but high rate spinning issues in the beginning.",University College Dublin,Ireland,2U,Test a novel gamma-ray detector module and an experiment with thermal coatings for spacecraft.
Lilium-1,lilium-1,https://www.nanosats.eu/sat/lilium-1.html,2023-12-01,Reentry 2026-06-01. Was operational (Reports with data on SatNOGS as of 2023-12-15),"Reentered, Operational",B - coleta de plataformas (DCS/IoT),sim,Operating almost flawlessly.,,,National Cheng Kung University,,3U,Lilium-1 CubeSat’s mission is focus on demonstrate image PAT operation and IoT S&F operation.
SpIRIT,spirit,https://www.nanosats.eu/sat/spirit.html,2023-12-01,Operational (Received and decoded according to SatNOGS forum. LinkedIn post from Nova Systems last checked 2023-12-19. SmallSat 2024 paper.),Operational,A(fraco) - câmera sem alvo declarado,não,"All MSL payloads are operational! 2023-12-22.
Successful initial verification of TheMIS. The TheMIS ICU passed functional testing and TheMIS was used to record temperatures across the payload suite.
All the hardware designed and developed in house is operational in orbit!
Commissioning update: Cryocooler is up & running! 2024-01-12
The SpIRIT team resumed payload commissioning activities at full capacity after a brief recharging break, and we are very pleased to report that a significant milestone has been achieved for the satellite Thermal Management Integrated System (TheMIS).
TheMIS passed all detailed functional tests and now we can report in-orbit demonstration of the Stirling cycle cryocooler. The plot below shows temperatures versus time for the heat strap connected to the cold tip, as well as for the cooler body (hot end) and compressor.
The cooler is clearly reducing the temperature of the instrument transferring the heat to the hot end, with quantitative behavior as expected given the test conditions. Our team is very proud to have achieved one of the first in-orbit operations of a Stirling cycle cooler on a CubeSat, all with in-house developed electrical and electronic control system.
Loris camera & AI system update: first light & first paper! 2024-04-16
Commissioning activities on SpIRIT are progressing positively, with all University of Melbourne systems staying healthy after more than 135 days in space.
Neumann Drive® has successfully completed its first on-orbit tests aboard the SpIRIT nanosatellite! 2024 August.
To mark the end of the extensive commissioning of SpIRIT, the ""selfie"" camera arm was deployed after waiting patiently stowed under the thermal radiators.",https://spirit.research.unimelb.edu.au/2023/12/22/all-msl-payloads-are-operational/ | https://spirit.research.unimelb.edu.au/2023/12/22/all-msl-payloads-are-operational/ | https://spirit.research.unimelb.edu.au/2023/12/22/all-msl-payloads-are-operational/ | https://spirit.research.unimelb.edu.au/2024/01/12/commissioning-update-cryocooler-is-up-running/ | https://spirit.research.unimelb.edu.au/2024/01/12/commissioning-update-cryocooler-is-up-running/ | https://spirit.research.unimelb.edu.au/2024/01/12/commissioning-update-cryocooler-is-up-running/ | https://spirit.research.unimelb.edu.au/2024/01/12/commissioning-update-cryocooler-is-up-running/ | https://spirit.research.unimelb.edu.au/2024/04/16/loris-camera-ai-system-update-first-light-first-paper/ | https://spirit.research.unimelb.edu.au/2024/04/16/loris-camera-ai-system-update-first-light-first-paper/ | https://www.linkedin.com/posts/neumann-space_spaceinnovation-neumanndrive-spiritmission-activity-7231808077505658880-qRyb?utm_source=share&utm_medium=member_desktop | https://www.linkedin.com/posts/michele-trenti-3012434_spirit-selfies-from-space-to-mark-the-end-activity-7376020722600751104-bFsD?utm_source=share&utm_medium=member_desktop&rcm=ACoAAAt6RjABfKWEquksacZ3EVEQFZa3Fpq53uM,,University of Melbourne,Australia,6U,Demonstrator cubesat carrying an X-ray detector and propulsion system.
HAMMER,hammer,https://www.nanosats.eu/sat/hammer.html,2024-03-04,Operational (LinkedIn post and image from 2024 March),Operational,—,não,"Ubotica has announced a significant milestone in the CogniSAT-6 mission, that being the successful processing and instant AI-powered detection of the first raw image from the newly launched satellite.",https://news.satnews.com/2024/06/17/ubotica-achieves-breakthrough-in-live-earth-intelligence-with-cognisat-6/,,Open Cosmos,UK,6U,"In partnership with the Satellite Applications Catapult, which will focus on monitoring the Atlantic coastal and maritime areas"
LaCE 1,lace,https://www.nanosats.eu/sat/lace.html,2024-03-04,,"Reentered, Operational",—,não,22nd Annual CDW Presentation.,https://www.youtube.com/live/7s8_-BpAM-o?feature=shared&t=19278,,Naval Information Warfare Command (NIWC) Pacific,,3U,Demonstrate a low SWAP optical communications crosslink in LEO (Low Earth Orbit).
LaCE 2,lace,https://www.nanosats.eu/sat/lace.html,2024-03-04,,"Reentered, Was operational",—,não,22nd Annual CDW Presentation.,https://www.youtube.com/live/7s8_-BpAM-o?feature=shared&t=19278,,Naval Information Warfare Command (NIWC) Pacific,,3U,Demonstrate a low SWAP optical communications crosslink in LEO (Low Earth Orbit).
MH-1,mh1,https://www.nanosats.eu/sat/mh1.html,2024-03-04,Reentry 2025-04-15. Was operational? (Clear reports not found but object identified as of 2024-05-26),"Reentered, Operational, ?",A - sensoriamento remoto; B - coleta de plataformas (DCS/IoT),sim,"Start of essential communications with the Santa Maria Teleport on March 19, 2024.
With the completion of the first part of the LEOP (Launch and Early Orbit Phase), which includes the evaluation of the satellite's health and integrity and the initial tests of the on-board sensors, AEROS MH-1 began collecting the first images through the low-resolution RGB camera.",https://www.linkedin.com/posts/thalesedisoft_primeiras-imagens-do-sat%C3%A9lite-aeros-mh-activity-7213798599434915840-Hi-g?utm_source=share&utm_medium=member_desktop | https://www.linkedin.com/posts/thalesedisoft_primeiras-imagens-do-sat%C3%A9lite-aeros-mh-activity-7213798599434915840-Hi-g?utm_source=share&utm_medium=member_desktop,,CEiiA,Portugal,3U,Pathfinder toward a future ocean-observing constellation targeting the Portuguese Atlantic region
PY4 A,py4,https://www.nanosats.eu/sat/py4.html,2024-03-04,,Operational,—,não,"PY4 successfully exchanged ranging packets. PY4 demonstrated magnetorquer Sun Pointing. PY4 demonstrated magnetorquer initiated Spin Stabilization.
To date, PY4 has successfully demonstrated high-data-rate mesh networking, precise inter-satellite ranging, range-based relative orbit determination, and magnetorquer-only sun pointing. A drag-based formation-flying experiment is also planned for an extended mission.",http://mstl.atl.calpoly.edu/~workshop/archive/2024/presentations/2024_Day2_Session6_%20Manchester.pdf | https://digitalcommons.usu.edu/cgi/viewcontent.cgi?article=5862&context=smallsat,,Carnegie Mellon University,US,3U,Test cost-efficient swarm capabilities – the ability for multiple spacecraft to communicate and perform coordinated actions.
PY4 B,py4,https://www.nanosats.eu/sat/py4.html,2024-03-04,,"Reentered, Operational",—,não,"PY4 successfully exchanged ranging packets. PY4 demonstrated magnetorquer Sun Pointing. PY4 demonstrated magnetorquer initiated Spin Stabilization.
To date, PY4 has successfully demonstrated high-data-rate mesh networking, precise inter-satellite ranging, range-based relative orbit determination, and magnetorquer-only sun pointing. A drag-based formation-flying experiment is also planned for an extended mission.",http://mstl.atl.calpoly.edu/~workshop/archive/2024/presentations/2024_Day2_Session6_%20Manchester.pdf | https://digitalcommons.usu.edu/cgi/viewcontent.cgi?article=5862&context=smallsat,,Carnegie Mellon University,US,3U,Test cost-efficient swarm capabilities – the ability for multiple spacecraft to communicate and perform coordinated actions.
PY4 C,py4,https://www.nanosats.eu/sat/py4.html,2024-03-04,,Operational,—,não,"PY4 successfully exchanged ranging packets. PY4 demonstrated magnetorquer Sun Pointing. PY4 demonstrated magnetorquer initiated Spin Stabilization.
To date, PY4 has successfully demonstrated high-data-rate mesh networking, precise inter-satellite ranging, range-based relative orbit determination, and magnetorquer-only sun pointing. A drag-based formation-flying experiment is also planned for an extended mission.",http://mstl.atl.calpoly.edu/~workshop/archive/2024/presentations/2024_Day2_Session6_%20Manchester.pdf | https://digitalcommons.usu.edu/cgi/viewcontent.cgi?article=5862&context=smallsat,,Carnegie Mellon University,US,3U,Test cost-efficient swarm capabilities – the ability for multiple spacecraft to communicate and perform coordinated actions.
PY4 D,py4,https://www.nanosats.eu/sat/py4.html,2024-03-04,,Operational,—,não,"PY4 successfully exchanged ranging packets. PY4 demonstrated magnetorquer Sun Pointing. PY4 demonstrated magnetorquer initiated Spin Stabilization.
To date, PY4 has successfully demonstrated high-data-rate mesh networking, precise inter-satellite ranging, range-based relative orbit determination, and magnetorquer-only sun pointing. A drag-based formation-flying experiment is also planned for an extended mission.",http://mstl.atl.calpoly.edu/~workshop/archive/2024/presentations/2024_Day2_Session6_%20Manchester.pdf | https://digitalcommons.usu.edu/cgi/viewcontent.cgi?article=5862&context=smallsat,,Carnegie Mellon University,US,3U,Test cost-efficient swarm capabilities – the ability for multiple spacecraft to communicate and perform coordinated actions.
RROCI-2,rroci-2,https://www.nanosats.eu/sat/rroci-2.html,2024-03-04,Operational? (Clear reports not found but object identified as of 2024-05-26),Operational,A - sensoriamento remoto,sim,"In only 15 months after contract award, the EO/IR Weather System (EWS) demonstration CubeSat hit its 'first light' milestone on 12 Jun 2024.",https://www.linkedin.com/posts/robert-davis-5722061b1_sscspacesensing-sensemakesensewin-activity-7213225240213012482-ORNA?utm_source=share&utm_medium=member_desktop,,U.S. Space Force,,12U,Demonstrate an Electro-Optical / Infrared (EO/IR) LEO-based cloud characterization solution that supports U.S. warfighter operations.
Sentry,sentry,https://www.nanosats.eu/sat/sentry.html,2024-03-04,Reentry 2026-03-25. Was operational? (Potentially some issues because in a low power tumble as per RBC Signals FCC request from March 2024),"Reentered, Operational, ?",—,não,"RBC Signals, LLC (“RBC Signals”), pursuant to Section 25.115 of the Commission’s rules, 47 C.F.R. § 25.115, respectfully seeks a 60 day STA to continue to operate a fixed 6 meter S and X band earth station in Deadhorse, Alaska to conduct telemetry, tracking, and command (“TT&C”) operations in portions of the 2025-2110 MHz (Earth-to space) band with a non-geostationary orbit (“NGSO”) satellites. Specifically, RBC Signals seeks to add as authorized satellite points of communication the U.S.-licensed Quantum Sentry1 satellite, using the frequencies indicated in this narrative, STA Form and summarized in Table 1 below. This system is currently authorized through the FCC office under callsign S3179 and grant SAT-LOA-20230729-00189.
This grant will support Quantum Space LLC’s ability to conduct satellite functionality tests, monitor satellite health, and ensure safe space operations for the Quantum Sentry Satellite. Currently the system is in a low power tumble as a result of poor tracking and limited pass opportunities at the currently utilized ground stations. RBC Signals is requesting an expediated review process for this STA in order to provide critical support to the Sentry System. Adding the Deadhorse 6 meter to operations will greatly improve Quantum’s ability to communicate with the Sentry system and reduce the likelihood of system loss.",https://forum.nasaspaceflight.com/index.php?topic=58042.msg2577197#msg2577197 | https://forum.nasaspaceflight.com/index.php?topic=58042.msg2577197#msg2577197,,Quantum Space,,6U,"First mission will include a sensor and edge computing payload, and will communicate with the cloud-based mission control."
SONATE-2,sonate-2,https://www.nanosats.eu/sat/sonate-2.html,2024-03-04,Operational (4S 2024 paper as of May 2024),Operational,—,não,"During the first weeks of its operation in orbit during LEOP and commissioning the SONATE-2 performs as expected. All systems have been checked out and the post-launch calibration of the AI payload and satellite bus has started. The amateur radio payload was activated on several days and was successfully received by radio amateurs worldwide.
All four deployable antennas (2m and 70cm amateur radio bands) were successfully deployed 200 seconds after separation from the deployment container. Unfortunately, the automatic deployment of the deployable solar panels 60 seconds later failed. As the separation and solar panel deployment as well as the first contact occurred on the night side of Earth, the temperature of the deployment mechanism was already lower than expected. Therefore, the solar panels were successfully deployed manually by telecommand later in LEOP during a pass in the Sun. This was no problem for the LEOP operations as power budget und communications were designed to be sufficient in case the solar panel deployment would fail.
From the first successful contact 1 hour after launch SONATE-2 was operated on all passes over the ground stations in Würzburg. Except the deployment of the solar panels the satellite was in nominal state as expected. After five days, only the weekday passes between 12:00 and 16:00 UTC were used to command the satellite, while the night and weekend passes were solely for automated telemetry downlink. During the first days, all subsystems have been turned on at least once on both redundant busses to see that everything survived the launch as expected.
Active detumbling of the satellite during LEOP was not necessary. After separation the remaining rotation was around 5 deg/sec around the primary axis of the satellite (see Figure 13), slowing down by 1 deg/sec/day. The remaining rotation of less than 1 deg/sec is preferred for thermal reasons compared to a total detumbling by active control. Therefore, further detumbling is only performed when required for payload operations.",https://az659834.vo.msecnd.net/eventsairwesteuprod/production-atpi-public/555bb7a05a7345888220459474cc71f4 | https://az659834.vo.msecnd.net/eventsairwesteuprod/production-atpi-public/555bb7a05a7345888220459474cc71f4 | https://az659834.vo.msecnd.net/eventsairwesteuprod/production-atpi-public/555bb7a05a7345888220459474cc71f4 | https://az659834.vo.msecnd.net/eventsairwesteuprod/production-atpi-public/555bb7a05a7345888220459474cc71f4,,University of Würzburg,Germany,6U,Development and operation of a technology test satellite for highly autonomous payloads and artificial intelligence.
VEERY-0E “Ectobius”,veery-0e,https://www.nanosats.eu/sat/veery-0e.html,2024-03-04,Operational? (Website reports it as operational but object not identified and does not seem to be available to radio amateurs as of 2024-12-16),"Operational, ?",A - sensoriamento remoto,sim,The radar payload on Veery v0.3 is alive and returning data! It's the smallest (lowest cost) radar ever flown in space.,https://x.com/CareWeather/status/1774080595192361321,,Care Weather,US,1U,Building phone—sized weather satellites to power a super accurate forecast.
Big Red Sat-1,big-red-sat-1,https://www.nanosats.eu/sat/big-red-sat-1.html,2024-03-21,Reentry 2024-08-29. Was operational (SmallSat 2024 article and NASA presentation on 2024-10-23),"Reentered, Operational",—,não,"BRS-1 is currently in-orbit and transmitting measurement data.
BRS-1 operated in orbit for 105 days before deorbiting and we are currently processing the data received.",https://digitalcommons.usu.edu/cgi/viewcontent.cgi?article=5816&context=smallsat | https://www.nasa.gov/smallsat-institute/community-of-practice/big-red-sat-1-nebraskas-first-cubesat-experience-and-lessons-learned-for-our-middle-school-to-graduate-school-team/,,University of Nebraska,US,1U,Educational mission to demonstrate perovskite panel technology.
BurstCube,burstcube,https://www.nanosats.eu/sat/burstcube.html,2024-03-21,Reentry 2024-09-17. Was operational (SmallSat 2024 paper),"Reentered, Operational",—,não,"As of June 2024, the BurstCube team is making significant progress on commissioning the science instrument. The team has powered on the detectors, enabled science data production, and analyzed both lowand high-resolution data. The final step in instrument commissioning is to enable triggering, which will allow the team to obtain alerts at any time in BurstCube’s orbit rather than waiting for scheduled passes to downlink data.",https://digitalcommons.usu.edu/cgi/viewcontent.cgi?article=5894&context=smallsat,,NASA Goddard Space Flight Center,,6U,Autonomously detect gamma ray bursts (GRBs) onboard to detect fading broadband afterglows.
VIOLET,violet,https://www.nanosats.eu/sat/violet.html,2024-03-21,Reentry 2024-08-29. No signal (Official news 2024-09-08),"Reentered, No signal",A - sensoriamento remoto,sim,Violet never responded after reaching space.,https://www.cbc.ca/lite/story/1.7316786,,University of New Brunswick,Canada,2U,Measure GPS signals after passing through atmosphere and several cameras for atmosphere and Earth imaging.
ACS3,acs3,https://www.nanosats.eu/sat/acs3.html,2024-04-23,Operational (Press release on 2024-08-29 about sail deployment),Operational,A(fraco) - câmera sem alvo declarado,não,"NASA’s Advanced Composite Solar Sail System is now fully deployed in space after a successful test of its sail-hoisting boom system. Mission operators confirmed success at 1:33 p.m. EDT (10:33 a.m. PDT) on Thursday, Aug. 29, after receiving data from the spacecraft. Centrally located aboard the spacecraft are four cameras which captured a panoramic view of the reflective sail and supporting composite booms. High-resolution imagery from these cameras will be available on Wednesday, Sept. 4.
During the next few weeks, the team will test the maneuvering capabilities of the sail in space. Raising and lowering the orbit of the Advanced Composite Solar Sail System spacecraft will provide valuable information that may help guide future concepts of operations and designs for solar sail-equipped science and exploration missions.
Mission operators for NASA’s Advanced Composite Solar Sail System continue to analyze data from the spacecraft and characterize the performance of its composite booms. Following successful deployment of the booms and solar sail, the Advanced Composite Solar Sail System still slowly tumbles in orbit because the spacecraft’s attitude control system is not yet reengaged. While the solar sail has fully extended to its square shape roughly half the size of a tennis court, the mission team is assessing what appears to be a slight bend in one of the four booms. This likely occurred as the booms and sail were pulled taut to the spacecraft during deployment. Analysis indicates that the bend may have partially straightened over the weeks since boom deployment, while the spacecraft was slowly tumbling.",https://blogs.nasa.gov/smallsatellites/2024/08/29/nasa-composite-booms-deploy-mission-sets-sail-in-space/ | https://blogs.nasa.gov/smallsatellites/2024/08/29/nasa-composite-booms-deploy-mission-sets-sail-in-space/ | https://blogs.nasa.gov/smallsatellites/2024/10/22/update-on-nasas-advanced-composite-solar-sail-system/,,NASA Ames Research Center,US,12U,Characterize solar sail structures technologies for future small spacecraft deep space missions.
iCUBE-Q,icube-q,https://www.nanosats.eu/sat/icube-q.html,2024-05-03,Operational? (IAC 2024 papers talk in past tense),"Operational, ?",A - sensoriamento remoto,sim,"The ""SJTU Siyuan-2"" CubeSat was successfully launched into orbit on Chang'e-6, and was successfully released and separated today after 5 days of on-orbit storage. Just 14 seconds after its ""solo flight"", it successfully established a satellite-to-ground link, and the Kashgar ground station successfully received satellite telemetry data; one minute later, the satellite sails were successfully deployed, the flywheel was controlled, and it entered the rate damping mode; at 16:21:26, the satellite completed the satellite rate damping and switched to the solar orientation mode; at 16:23:18, the Kashgar ground station successfully received the first separated imaging image data; in the evening, the lunar landform remote sensing data was successfully obtained.
The reporter learned from the satellite team of Shanghai Jiaotong University that the Siyuan-2 currently flying normally, the voltage of the whole satellite is normal, the attitude is stable, all functions are working stably and normally, and the separated imaging data has been successfully obtained, and the mission has been a complete success. In the future, according to the scheduled plan, it will continue to use its micro-camera to obtain detailed images of the lunar surface, carry out intelligent processing of image data on orbit, and verify new technologies such as nanosatellite-level deep space lunar-earth communication, and fully explore low-cost deep space exploration models based on micro-nano satellites.",https://m.163.com/dy/article/J1MPHF7M0512DU6N.html | https://m.163.com/dy/article/J1MPHF7M0512DU6N.html,,Islamabad Institute of Science and Technology,Pakistan,6.5 kg,Detect traces of water-ice on the lunar surface.
PREFIRE-2,prefire,https://www.nanosats.eu/sat/prefire.html,2024-05-25,,Operational,A - sensoriamento remoto,sim,"The first cube satellite, or CubeSat, launched on May 25 from New Zealand and started sending back science data in July. Launched on June 5, the second CubeSat had an issue with its GPS unit, which researchers were planning to use to help geolocate the science data from the satellite. After the GPS unit on the first CubeSat also began experiencing issues, the PREFIRE team decided to turn off the GPS units on both CubeSats and use an alternative method for geolocating the science data. The second CubeSat started sending back science data in August. The GPS issue has not affected the science operations of either CubeSat.",https://blogs.nasa.gov/smallsatellites/2024/12/03/twin-mini-nasa-satellites-capture-data-on-polar-heat-emissions/,,University of Wisconsin,US,6U,Measuring the Arctic’s radiant energy and how this energy is affecting the Arctic warming.
PREFIRE-1,prefire,https://www.nanosats.eu/sat/prefire.html,2024-06-05,,Operational,A - sensoriamento remoto,sim,"The first cube satellite, or CubeSat, launched on May 25 from New Zealand and started sending back science data in July. Launched on June 5, the second CubeSat had an issue with its GPS unit, which researchers were planning to use to help geolocate the science data from the satellite. After the GPS unit on the first CubeSat also began experiencing issues, the PREFIRE team decided to turn off the GPS units on both CubeSats and use an alternative method for geolocating the science data. The second CubeSat started sending back science data in August. The GPS issue has not affected the science operations of either CubeSat.",https://blogs.nasa.gov/smallsatellites/2024/12/03/twin-mini-nasa-satellites-capture-data-on-polar-heat-emissions/,,University of Wisconsin,US,6U,Measuring the Arctic’s radiant energy and how this energy is affecting the Arctic warming.
TechEdSat-11,techedsat-11,https://www.nanosats.eu/sat/techedsat-11.html,2024-07-04,Reentry 2026-02-15. Was operational (Object identified as of 2024-12-22),"Reentered, Operational",—,não,"We flew TechEdSat-11, which demonstrated autonomous scheduling of commerical space communications services:
Software onboard the spacecraft recognized the need to transfer data.
A request message was sent to the ground via the Iriudium constellation.
Our software on Earth processed the request, identified a ground station, and requested a contact with AWS via their Ground Station Scheduling API.
After receiving the confirmation, the spacecraft began downlinking data at the scheduled contact start time.",https://www.linkedin.com/posts/adammgannon_excited-to-see-our-on-orbit-results-presented-activity-7361418372032389120-vD4l?utm_source=share&utm_medium=member_desktop&rcm=ACoAAAt6RjABfKWEquksacZ3EVEQFZa3Fpq53uM | https://www.linkedin.com/posts/adammgannon_excited-to-see-our-on-orbit-results-presented-activity-7361418372032389120-vD4l?utm_source=share&utm_medium=member_desktop&rcm=ACoAAAt6RjABfKWEquksacZ3EVEQFZa3Fpq53uM | https://www.linkedin.com/posts/adammgannon_excited-to-see-our-on-orbit-results-presented-activity-7361418372032389120-vD4l?utm_source=share&utm_medium=member_desktop&rcm=ACoAAAt6RjABfKWEquksacZ3EVEQFZa3Fpq53uM | https://www.linkedin.com/posts/adammgannon_excited-to-see-our-on-orbit-results-presented-activity-7361418372032389120-vD4l?utm_source=share&utm_medium=member_desktop&rcm=ACoAAAt6RjABfKWEquksacZ3EVEQFZa3Fpq53uM | https://www.linkedin.com/posts/adammgannon_excited-to-see-our-on-orbit-results-presented-activity-7361418372032389120-vD4l?utm_source=share&utm_medium=member_desktop&rcm=ACoAAAt6RjABfKWEquksacZ3EVEQFZa3Fpq53uM,,NASA Ames Research Center,US,6U,"6U-XL bus size, Largest TES Exo-Brake Yet: 2.0m². Gen-2 TES SDR S-band Radio, NOAA Radio."
CURIE A,curie,https://www.nanosats.eu/sat/curie.html,2024-07-09,,"No signal, ?",—,não,CURIE successfully deployed from the rocket and is expected to establish ground communications next week.,https://science.nasa.gov/science-research/heliophysics/nasa-mission-to-study-mysteries-in-the-origin-of-solar-radio-waves/,,"University of California, Berkeley",US,3U,Radio astronomy missions to measure radio waves from 0.1-19MHz.
CURIE B,curie,https://www.nanosats.eu/sat/curie.html,2024-07-09,,"No signal, ?, On spacecraft",—,não,CURIE successfully deployed from the rocket and is expected to establish ground communications next week.,https://science.nasa.gov/science-research/heliophysics/nasa-mission-to-study-mysteries-in-the-origin-of-solar-radio-waves/,,"University of California, Berkeley",US,3U,Radio astronomy missions to measure radio waves from 0.1-19MHz.
Curium One,curium-one,https://www.nanosats.eu/sat/curium-one.html,2024-07-09,"Was semi-operational until 2024-07-22? (Could be marked as ""no signal"" too. Antenna not deployed and very weak signals only received with a large telescope as of 2024-08-01)","No signal, Was semi-operational",A(fraco) - câmera sem alvo declarado; B - coleta de plataformas (DCS/IoT),sim,"Tammo Jan Dijkema, 2024-08-1:
On July 9, 2024, with the first launch of the Ariane 6 rocket, various cubesats were placed into orbit around the Earth. One of these cubesats was Curium One, which was developed with contributions from the Libre Space Foundation. One of the goals of this satellite was to demonstrate a new communication system.
Unfortunately, it soon became apparent after the launch that no signals from Curium One could be received by conventional ground stations. However, when we aimed the Dwingeloo Telescope at this satellite, we were able to detect signals on the first attempt. These signals were very weak, which explains why smaller ground stations couldn’t detect anything. To determine what was wrong with the satellite, the creators studied the data from Dwingeloo. It was found that, although the signal level was much too weak, many parts of the satellite were functioning properly. The most plausible explanation for the weak signal is that the antennas did not deploy correctly.
Unfortunately, we can no longer hear the satellite even with the Dwingeloo Telescope: the first observation where we detected nothing was on July 22 at 17:00. It seems that between July 21 and 22, the satellite was switched off.
Besides the Dwingeloo Telescope, no one else has detected this satellite, making the seven observations from the Dwingeloo Telescope extremely important for the creators. The Dwingeloo observations also show which of the Ariane 6 cubesats is Curium One, so that the team can track the correct satellite in future observations.
All observations can be viewed on SatNogs. The high resolution image shows the received data packages, each 0.1 seconds long.",https://www.camras.nl/en/blog/2024/curium-one-observed-from-dwingeloo/ | https://www.camras.nl/en/blog/2024/curium-one-observed-from-dwingeloo/ | https://www.camras.nl/en/blog/2024/curium-one-observed-from-dwingeloo/ | https://www.camras.nl/en/blog/2024/curium-one-observed-from-dwingeloo/ | https://www.camras.nl/en/blog/2024/curium-one-observed-from-dwingeloo/,Antenna not deployed?,Planetary Transportation System (PTS),Germany,12U,Operate an innovative redundant GPU processing platform powering the ‘Major Tom’ project.
GRBBeta,grbbeta,https://www.nanosats.eu/sat/grbbeta.html,2024-07-09,"Operational (Many SatNOGS reports with data, last on 2024-09-02 as of 2024-09-02)",Operational,—,não,"Initial rotation rates were over 18 degrees per second, but slowing down with only passive attitude control.
First gamma-ray burst detected.",https://twitter.com/needronix/status/1376979407546507264?s=20 | https://gcn.gsfc.nasa.gov/gcn3/30624.gcn3,,Technical University of Kosice,Slovakia,2U,Educational mission with digipeater and testing gamma-ray burst sensor.
CySat 1,cysat-1,https://www.nanosats.eu/sat/cysat-1.html,2024-08-04,Reentry 2025-01-14. No signal? (News a week after launch did not have successful contact. Identified because DORA was operational? Last checked 2024-12-16),"Reentered, No signal, ?",—,não,"2024-10-17: Attempts to get the satellite to point its antenna were unsuccessful as of Friday, but Nelson and others will keep trying. Cy SAT typically makes three passes each day through the area.",https://www.inside.iastate.edu/article/2024/10/17/cysat,,Iowa State University,US,3U,Educational training and demonstration of CubeSat platform technologies for asteroid surveying payload.
CUAVA-2,cuava-2,https://www.nanosats.eu/sat/cuava-2.html,2024-08-16,"Operational (Official news by team and live dashboard, last checked 2024-09-28. Some SD card issues.)",Operational,A - sensoriamento remoto,sim,"2024-12-16:
CUAVA-2 experienced difficulties with the satellite’s first SD card failing around 5 days after launch, likely due to radiation from space weather. The satellite automatically booted its backup system and commissioning of the satellite is under way.",https://www.linkedin.com/posts/arc-training-centre-for-cubesats-uavs-and-their-applications-cuava_cuava-2-satellite-reaches-1800-revolutions-ugcPost-7274257417436065792-iaZd/?utm_source=share&utm_medium=member_desktop,"SD card issues, but not a failure cause.",University of Sydney,Australia,6U,Main payloads are hyperspectral imaging & GPS reflectrometry.
HYPSO-2,hypso-2,https://www.nanosats.eu/sat/hypso-2.html,2024-08-16,"Operational (NanoAvionics post on 2024-08-19 implies that commissioning has started, last checked 2024-09-02)",Operational,A - sensoriamento remoto,sim,"Our second satellite HYPSO-2 has:
Completed 5450 orbits
Recorded 800 hyperspectral captures
Carried out 3000 communications passes on S & X band provided by KSAT – Kongsberg Satellite Services.
Had about 3500 communications passes over the Norwegian University of Science and Technology (NTNU) ground station on UHF and some at our local S-band antenna.",https://www.linkedin.com/posts/ntnu-hypso_hyperspectral-cubesat-ocean-activity-7362381364270116866-gStc?utm_source=share&utm_medium=member_desktop&rcm=ACoAAAt6RjABfKWEquksacZ3EVEQFZa3Fpq53uM | https://www.linkedin.com/posts/ntnu-hypso_hyperspectral-cubesat-ocean-activity-7362381364270116866-gStc?utm_source=share&utm_medium=member_desktop&rcm=ACoAAAt6RjABfKWEquksacZ3EVEQFZa3Fpq53uM | https://www.linkedin.com/posts/ntnu-hypso_hyperspectral-cubesat-ocean-activity-7362381364270116866-gStc?utm_source=share&utm_medium=member_desktop&rcm=ACoAAAt6RjABfKWEquksacZ3EVEQFZa3Fpq53uM | https://www.linkedin.com/posts/ntnu-hypso_hyperspectral-cubesat-ocean-activity-7362381364270116866-gStc?utm_source=share&utm_medium=member_desktop&rcm=ACoAAAt6RjABfKWEquksacZ3EVEQFZa3Fpq53uM | https://www.linkedin.com/posts/ntnu-hypso_hyperspectral-cubesat-ocean-activity-7362381364270116866-gStc?utm_source=share&utm_medium=member_desktop&rcm=ACoAAAt6RjABfKWEquksacZ3EVEQFZa3Fpq53uM,,Norwegian University of Science and Technology (NTNU),US,6U,Hyperspectral imager to monitor algal blooms and other biological activity in the ocean.
IPERDRONE,iperdrone,https://www.nanosats.eu/sat/iperdrone.html,2024-08-16,Operational (Official press release about commissioning on 2024-08-20),Operational,—,não,"IPERDRONE.0, commissioning completed.",https://www.cira.it/en/competences/space-technology-integration-and-flight-demostrators/iperdrone-0-terminato-il-commissioning,,CIRA (Italian Aerospace Research Centre),Italy,8U,Proximity operations mission of a long-term program developing a multi-functional re-entry system.
Nightjar,nightjar,https://www.nanosats.eu/sat/nightjar.html,2024-08-16,"Was operational until 2024-08-23, 1 week? (NanoAvionics post on 2024-08-19 implies that commissioning has started and object indentified. Taiwan news talks about running out of power due to battery issues at low temperature. Last checked 2024-09-30)","Was operational, ?",A(fraco) - câmera sem alvo declarado,não,Ran out of power after just one week in space due to battery issues at low temperatures.,https://www.digitimes.com/news/a20240926PD214/taiwan-b5g-itri-leo-5g.html,Running out of power due to battery issues at low temperatures.,Rapidtek Technologies,Taiwan,3U,"Two 3U satellites, equipped with an RGB imager and a software-defined radio (SDR), are set to perform in-orbit demonstrations."
PTD-4 LISA,ptd-4,https://www.nanosats.eu/sat/ptd-4.html,2024-08-16,"Operational (News on 2024-10-23 about starting to deploy the boom, last checked 2024-12-16)",Operational,A(fraco) - câmera sem alvo declarado,não,"NASA has confirmed proper checkout of the PTD-4 spacecraft’s on-board electronics and support systems, including a small onboard camera that will capture images of the tech demonstration during the mission.",https://executivegov.com/2024/10/nasa-ptd-4-spacecraft-solar-array-tech-demo/,,NASA Ames Research Center,US,6U,Government-furnished technology payloads for a series of flight demonstrations.
QUBE,qube,https://www.nanosats.eu/sat/qube.html,2024-08-16,Operational (Mission update from 2025-04-11),Operational,—,não,Successful satellite launch and early orbit phase (LEOP) and ADCS commissioning for QUBE mission.,https://telematik-zentrum.de/news/2025-04-11/,,Zentrum für Telematik,,3U,Quantum Key Distribution Experiments.
SATORO-T2,satoro-t2,https://www.nanosats.eu/sat/satoro-t2.html,2024-08-16,"Reentry 2026-03-02. Was operational (Numerous packets with data on SatNOGS, videos from space on Yotube and object identified, last checked 2024-09-02)","Reentered, Operational",—,não,SATORO-T2 has been successfully operating in orbit for over 200 days!,https://www.linkedin.com/posts/brian-hu-065a85194_spacex-transporter11-sonyspresense-activity-7310512845132021760-aaMD?utm_source=share&utm_medium=member_desktop&rcm=ACoAAAt6RjABfKWEquksacZ3EVEQFZa3Fpq53uM,,SATORO Space,Taiwan,3U,SATORO-T2 may be a new spacecraft from Taiwan’s SATORO Space.
Waratah-1,waratah-seed,https://www.nanosats.eu/sat/waratah-seed.html,2024-08-16,"Operational (Live dashboard, last checked 2024-12-22)",Operational,—,não,"The Waratah Seed-1 mission will extend operations, surpassing expectations after operating in space for 6 months as of Monday 17th February. Seven of the nine payloads on board are now operational and sending data back to Earth for analysis. Of the remaining two payloads, both are drawing current and one has generated a datafile onboard.",https://www.linkedin.com/posts/waratah-seed-space_mission-update-waratah-seed-exceeds-6-months-activity-7297819691522109440-hyyn?utm_source=share&utm_medium=member_desktop&rcm=ACoAAAt6RjABfKWEquksacZ3EVEQFZa3Fpq53uM,,University of Sydney,Australia,6U,Australian ride-share satellite so that industry and researchers can use to test and prove the functionality of their tech.
Φsat-2,phi-sat-2,https://www.nanosats.eu/sat/phi-sat-2.html,2024-08-16,"Operational (First images from the satellite shared, last checked 2024-09-02)",Operational,A - sensoriamento remoto; C - sinais cooperativos (AIS/ADS-B/RF),sim,"Successfully completed its Launch and Early Orbit Phase (LEOP) within two days. The platform commissioning phase, lasting approximately four weeks, included verifications on power generation, communications, and attitude determination and control. Concurrently, the payload commissioning phase began, focusing on the multispectral camera, payload pre-processor, and AI accelerator.
The mission is currently in the payload commissioning and calibration phase, with over 30 scenes acquired and distributed. The upcoming operational phase will involve continuous Earth observation data acquisition and processing, utilizing AI applications to enhance data analysis and ensure optimal performance.",https://2025.smallsateurope.com/sessions-four/in-orbit-commissioning-results-of-the-%cf%86sat-2-mission/ | https://2025.smallsateurope.com/sessions-four/in-orbit-commissioning-results-of-the-%cf%86sat-2-mission/,,ESA (European Space Agency),France,6U,"The ESA Φsat-2 mission consists of on-board processing capabilities (including AI) and a medium to high resolution multispectral instrument
."
ONGLAISAT,nspo-1,https://www.nanosats.eu/sat/nspo-1.html,2024-11-05,Reentry 2025-03-04. Was operational? (Official press release on 2024-12-10 but SatNOGS has not received as of 2024-12-28),"Reentered, Operational, ?",A - sensoriamento remoto,sim,"ArkEdge Space Achieves World-Class Ground Resolution Imaging with ONGLAISAT, a Jointly Developed CubeSat, 2025-02-07.
Successful imaging demonstration with a newly developed optical system.
Validation of advanced TDI (Time Delay Integration) [1] imaging sensor technology
Successful demonstration of onboard image processing technology
Verification of advanced satellite bus technology, including high-precision attitude control.",https://arkedgespace.com/en/news/2025-02-07_onglaisat | https://arkedgespace.com/en/news/2025-02-07_onglaisat | https://arkedgespace.com/en/news/2025-02-07_onglaisat | https://arkedgespace.com/en/news/2025-02-07_onglaisat | https://arkedgespace.com/en/news/2025-02-07_onglaisat,,ArkEdge Space,Japan,6U,Demonstrate low-cost Earth observation satellite. Equipped with TASA’s newly developed optical observation components
Pleiades - Orpheus,pleiades-orpheus,https://www.nanosats.eu/sat/pleiades-orpheus.html,2024-12-21,"Operational? (Last TinyGS packets on 2024-12-23 but lower-than-expected transmit power, last checked 2024-12-23)",Operational,A - sensoriamento remoto; B - coleta de plataformas (DCS/IoT),sim,,,A bug has resulted in a lower-than-expected transmit power (20dBm/100mW) compared to the planned 30dBm/1000mW.,Irvington High School,US,1U,"Educational mission using the
PROVES (Pleiades Rapid Orbital Verification Experimental System) open-source CubeSat architecture
with camera payload."
SC1,sc1,https://www.nanosats.eu/sat/sc1.html,2024-12-21,"Operational (Timelapse shared in early 2025, could be retired as of 2025-12-31 as mission completed)",Operational,A(fraco) - câmera sem alvo declarado,não,"The satellite demonstration achieved “Full Success” by meeting all three of the following success criteria:
Reliable Communication: Establishing reliable communication between the GITAI satellite and the Mission Control Center at GITAI’s Torrance, California office.
System Functionality: Confirming the proper functionality of all onboard sensors, actuators, and computers, including attitude control via reaction wheels and orbital maneuvers using propulsion systems.
Data Acquisition: Successfully capturing and transmitting image and video data from the satellite.",https://gitai.tech/2025/01/27/gitai-successfully-completes-space-demonstration-of-in-house-developed-16u-satellite/ | https://gitai.tech/2025/01/27/gitai-successfully-completes-space-demonstration-of-in-house-developed-16u-satellite/ | https://gitai.tech/2025/01/27/gitai-successfully-completes-space-demonstration-of-in-house-developed-16u-satellite/ | https://gitai.tech/2025/01/27/gitai-successfully-completes-space-demonstration-of-in-house-developed-16u-satellite/,,GITAI,US,16U,"Deploy a tethered payload cube and will observe the cube with two wide field-of-view visual cameras, a 3D LiDAR sensor, a laser rangefinder, and an infrared camera."
AE1C,ae1c,https://www.nanosats.eu/sat/ae1c.html,2025-01-14,Operational? (News about receiving first signal on 2025-01-17),Operational,B - coleta de plataformas (DCS/IoT),sim,"ArkEdge Space Demonstrates Satellite Short Messaging for Global IoT Connectivity ～Live demonstration validates energy-efficient, long-distance data transmission between compact IoT devices and ArkEdge’s micro-satellites. The demonstration used the AE-1c satellite.
For this mission, ArkEdge Space integrated PBR-10, a microscale water-vapor-based propulsion system developed by Pale Blue Inc. (“Pale Blue”) as a hosted payload onboard AE1c. The primary objectives of the mission were to acquire in-orbit operational data and verify the propulsion system’s functionality. ArkEdge Space led the full scope of the process—from the design and development of bus system, to mission system integration and operational support. Both the satellite and the propulsion system performed nominally, and the targeted operational outcomes were successfully achieved.",https://arkedgespace.com/en/news/2025-11-06_iot | https://arkedgespace.com/en/news/2025-06-11_ae1c,,ArkEdge Space,Japan,6U,"Demonstrate “standard model” of 6U satellite bus
."
ANSER Leader-S,anser,https://www.nanosats.eu/sat/anser.html,2025-01-14,,Operational,A - sensoriamento remoto,sim,"“As soon as our launch and early operations phase was complete, we began work to reconfigure Follower 1 to assume the Leader’s role in the cluster. This was achieved without any apparent decrease in its observation capabilities. However the Leader’s cloud detection functionality cannot be replicated by a Follower satellite. Instead we make use of Copernicus Sentinel satellite images to validate our hyperspectral data instead. This can’t be done in real time, but it still works. With this new configuration, ANSER’s mission is still 100% operational.”",https://www.spacequip.eu/2024/05/27/winged-cubesat-flock-survives-leaders-loss/,,National Institute of Aerospace Technology (INTA),Spain,3U,Constellation of 4 nanosatellites to monitor the quality of the water in reservoirs and swamps in Spain
BlueBon,bluebon,https://www.nanosats.eu/sat/bluebon.html,2025-01-14,"Operational (Official SatRev website, last checked 2025-04-20)",Operational,A - sensoriamento remoto,sim,"First Contact:
Communication was established during the first pass over SatRev’s ground stations.
Telemetry confirmed:
Successful deployment of HDRMs.
Platform performance as designed, verifying both ground and space segments.
Current Status:
Nominal LEOPs (Launch and Early Orbit Phase).
Subsystem telemetry with every pass shows successful communication, energy harvesting, and modules functionality.
Next Steps: Commissioning of hi-throughput radio, ADCS, and TLE refinement based on onboard sensors.",https://www.linkedin.com/posts/satrev-s-a_satrev-spacex-cubesat-activity-7303782397471281152-T7gd?utm_source=share&utm_medium=member_desktop&rcm=ACoAAAt6RjABfKWEquksacZ3EVEQFZa3Fpq53uM | https://www.linkedin.com/posts/satrev-s-a_satrev-spacex-cubesat-activity-7303782397471281152-T7gd?utm_source=share&utm_medium=member_desktop&rcm=ACoAAAt6RjABfKWEquksacZ3EVEQFZa3Fpq53uM | https://www.linkedin.com/posts/satrev-s-a_satrev-spacex-cubesat-activity-7303782397471281152-T7gd?utm_source=share&utm_medium=member_desktop&rcm=ACoAAAt6RjABfKWEquksacZ3EVEQFZa3Fpq53uM | https://www.linkedin.com/posts/satrev-s-a_satrev-spacex-cubesat-activity-7303782397471281152-T7gd?utm_source=share&utm_medium=member_desktop&rcm=ACoAAAt6RjABfKWEquksacZ3EVEQFZa3Fpq53uM | https://www.linkedin.com/posts/satrev-s-a_satrev-spacex-cubesat-activity-7303782397471281152-T7gd?utm_source=share&utm_medium=member_desktop&rcm=ACoAAAt6RjABfKWEquksacZ3EVEQFZa3Fpq53uM | https://www.linkedin.com/posts/satrev-s-a_satrev-spacex-cubesat-activity-7303782397471281152-T7gd?utm_source=share&utm_medium=member_desktop&rcm=ACoAAAt6RjABfKWEquksacZ3EVEQFZa3Fpq53uM | https://www.linkedin.com/posts/satrev-s-a_satrev-spacex-cubesat-activity-7303782397471281152-T7gd?utm_source=share&utm_medium=member_desktop&rcm=ACoAAAt6RjABfKWEquksacZ3EVEQFZa3Fpq53uM | https://www.linkedin.com/posts/satrev-s-a_satrev-spacex-cubesat-activity-7303782397471281152-T7gd?utm_source=share&utm_medium=member_desktop&rcm=ACoAAAt6RjABfKWEquksacZ3EVEQFZa3Fpq53uM | https://www.linkedin.com/posts/satrev-s-a_satrev-spacex-cubesat-activity-7303782397471281152-T7gd?utm_source=share&utm_medium=member_desktop&rcm=ACoAAAt6RjABfKWEquksacZ3EVEQFZa3Fpq53uM,,TelePIX,South Korea,6U,Delivering 3.8-meter optical observation satellite imagery data.
InnoCube,innocube,https://www.nanosats.eu/sat/innocube.html,2025-01-14,Operational (Post by project manager on LinkedIn after launch and many SatNOGS reports with data),Operational,—,não,"A year in orbit, 2026-01-12.",https://www.tu.berlin/news/pressemitteilung/ein-jahr-im-orbit,,University of Würzburg,Germany,3U,Demonstrate structure that can store energy and ultra-broadband radio that does not require internal cabling. Using a fully wireless data bus for all subsystems
LIME,lime,https://www.nanosats.eu/sat/lime.html,2025-01-14,Operational (News on 2025-04-03),Operational,—,não,"6-months of nominal on-orbit operation of its high-performance, AMD Versal-based SP240 On-Board Computer and integrated spacecraft.",https://www.linkedin.com/posts/novispace-inc_spacecompute-edgecompute-space-activity-7350908957097381890-Z_o9?utm_source=share&utm_medium=member_desktop&rcm=ACoAAAt6RjABfKWEquksacZ3EVEQFZa3Fpq53uM,,NOVI,US,3U,Characterizing the availability of Iridium short burst data links in orbit.
OTP-2,otp-2,https://www.nanosats.eu/sat/otp-2.html,2025-03-15,"Operational (Official LinkedIn post and SatNOGS reports, last checked 2025-04-20)",Operational,A(fraco) - câmera sem alvo declarado,não,"2024-02-09, announced the suspension of the active phase of our first on orbit mission. Barry 1 was launched on November 11, 2023, and has been in orbit since then. It was designed to test our Scalable Compute Platform (SCP) and its ability to aggregate data from multiple sensors and process that data in real time. We had ongoing power-system issues on the bus through LEOP (Launch and Early Orbit Phase), and after two months of operations, towards the end of LEOP, we lost communication with the satellite. Rogue performed some testing of the SCP and never had the opportunity to test the IVO drive",https://rogue.space/suspension_of_barry1_operations/,,Rogue Space Systems,US,8U,Demonstrate orbit raising and lowering capabilities and test two disparate experimental thruster systems.
PANDORE,pandore,https://www.nanosats.eu/sat/pandore.html,2025-03-15,Operational (LinkedIn post on 2025-04-16),Operational,—,não,"+5 months in orbit for SOAP and PANDORE… And everything is going according to plan! Since their launch, our two satellites have successfully completed each stage:
Stabilized orbit
In-flight software updates
Initial mission tests
First payload data acquired",https://www.linkedin.com/posts/u-space-nanosats_uspace-soap-pandore-activity-7357041550255644672-schp?utm_source=share&utm_medium=member_desktop&rcm=ACoAAAt6RjABfKWEquksacZ3EVEQFZa3Fpq53uM | https://www.linkedin.com/posts/u-space-nanosats_uspace-soap-pandore-activity-7357041550255644672-schp?utm_source=share&utm_medium=member_desktop&rcm=ACoAAAt6RjABfKWEquksacZ3EVEQFZa3Fpq53uM | https://www.linkedin.com/posts/u-space-nanosats_uspace-soap-pandore-activity-7357041550255644672-schp?utm_source=share&utm_medium=member_desktop&rcm=ACoAAAt6RjABfKWEquksacZ3EVEQFZa3Fpq53uM | https://www.linkedin.com/posts/u-space-nanosats_uspace-soap-pandore-activity-7357041550255644672-schp?utm_source=share&utm_medium=member_desktop&rcm=ACoAAAt6RjABfKWEquksacZ3EVEQFZa3Fpq53uM | https://www.linkedin.com/posts/u-space-nanosats_uspace-soap-pandore-activity-7357041550255644672-schp?utm_source=share&utm_medium=member_desktop&rcm=ACoAAAt6RjABfKWEquksacZ3EVEQFZa3Fpq53uM,,U-Space,France,12U,"First space system fully designed, built, and operated by the company."
SOAP,soap,https://www.nanosats.eu/sat/soap.html,2025-03-15,Operational (LinkedIn post on 2025-04-16),Operational,—,não,"+5 months in orbit for SOAP and PANDORE… And everything is going according to plan! Since their launch, our two satellites have successfully completed each stage:
Stabilized orbit
In-flight software updates
Initial mission tests
First payload data acquired",https://www.linkedin.com/posts/u-space-nanosats_uspace-soap-pandore-activity-7357041550255644672-schp?utm_source=share&utm_medium=member_desktop&rcm=ACoAAAt6RjABfKWEquksacZ3EVEQFZa3Fpq53uM | https://www.linkedin.com/posts/u-space-nanosats_uspace-soap-pandore-activity-7357041550255644672-schp?utm_source=share&utm_medium=member_desktop&rcm=ACoAAAt6RjABfKWEquksacZ3EVEQFZa3Fpq53uM | https://www.linkedin.com/posts/u-space-nanosats_uspace-soap-pandore-activity-7357041550255644672-schp?utm_source=share&utm_medium=member_desktop&rcm=ACoAAAt6RjABfKWEquksacZ3EVEQFZa3Fpq53uM | https://www.linkedin.com/posts/u-space-nanosats_uspace-soap-pandore-activity-7357041550255644672-schp?utm_source=share&utm_medium=member_desktop&rcm=ACoAAAt6RjABfKWEquksacZ3EVEQFZa3Fpq53uM | https://www.linkedin.com/posts/u-space-nanosats_uspace-soap-pandore-activity-7357041550255644672-schp?utm_source=share&utm_medium=member_desktop&rcm=ACoAAAt6RjABfKWEquksacZ3EVEQFZa3Fpq53uM,,U-Space,France,12U,In-orbit demonstration (IOD) that will test several technologies.
JACK 001,jack,https://www.nanosats.eu/sat/jack.html,2025-06-23,,"Unknown, ?, Was operational",A - sensoriamento remoto,sim,"All 12 Nuri-deployed cube satellites establish ground communication, 2025-12-08.",https://www.koreaherald.com/article/10631608,,Cosmoworks,South Korea,3U,"An Earth observation satellite constellation
."
Kestrel-0A,kestrel-0a,https://www.nanosats.eu/sat/kestrel-0a.html,2025-06-26,Operational (News about commissioning on 2025-09-23),Operational,—,não,"Kestrel-0A is progressing well, with ongoing contact and early-stage mission milestones being achieved.",https://news.satnews.com/2025/09/23/hawkeye-360s-cluster-12-has-achieved-full-operational-capability/,,HawkEye 360,,8U,Testing a new satellite form factor with Iridium transceiver.
LIDE,lide,https://www.nanosats.eu/sat/lide.html,2025-07-23,Operational (News about completing initial tests on 2026-01-11),Operational,—,não,"Tyvak International’s LIDE satellite completes initial on-orbit 5G tests, 2026-01-12.",https://spacenews.com/tyvak-internationals-lide-satellite-completes-initial-on-orbit-5g-tests/,,Tyvak,Italy,12U,"LIDE involves designing, manufacturing, and testing a 12U spacecraft and two dedicated ground terminals for a live demonstration."
ThumbSat 1,thumbsat-1,https://www.nanosats.eu/sat/thumbsat-1.html,2025-08-19,Operational? (Proof on the website),Operational,—,não,"Perfect orbital insertion at 07:46:00 UTC on 19 Aug 2025 via CAS Space Lijian-1 Y10.
First confirmed communication success: expert-validated ThumbSat transmission captured by the distributed ground network.
Operated at the 10 cm radar detection threshold, near the edge of detectability for ground-based tracking.
Orbital confirmation enabled generation of accurate TLE sets for continued predictions.
Zero safety or compliance incidents; all transmissions within license terms.
Strong public participation and positive feedback across program events.
100% subsystem validation.",https://www.thumbsat.com/ts1-ts2-mission | https://www.thumbsat.com/ts1-ts2-mission | https://www.thumbsat.com/ts1-ts2-mission | https://www.thumbsat.com/ts1-ts2-mission | https://www.thumbsat.com/ts1-ts2-mission | https://www.thumbsat.com/ts1-ts2-mission | https://www.thumbsat.com/ts1-ts2-mission,,ThumbSat,,100 g,Carries a mirror-selfie payload.
ThumbSat 2,thumbsat-2,https://www.nanosats.eu/sat/thumbsat-2.html,2025-08-19,Operational? (Proof on the website),Operational,—,não,"Perfect orbital insertion at 07:46:00 UTC on 19 Aug 2025 via CAS Space Lijian-1 Y10.
First confirmed communication success: expert-validated ThumbSat transmission captured by the distributed ground network.
Operated at the 10 cm radar detection threshold, near the edge of detectability for ground-based tracking.
Orbital confirmation enabled generation of accurate TLE sets for continued predictions.
Zero safety or compliance incidents; all transmissions within license terms.
Strong public participation and positive feedback across program events.
100% subsystem validation.",https://www.thumbsat.com/ts1-ts2-mission | https://www.thumbsat.com/ts1-ts2-mission | https://www.thumbsat.com/ts1-ts2-mission | https://www.thumbsat.com/ts1-ts2-mission | https://www.thumbsat.com/ts1-ts2-mission | https://www.thumbsat.com/ts1-ts2-mission | https://www.thumbsat.com/ts1-ts2-mission,,ThumbSat,Mexico,100 g,Carries an artistic payload.
BEE-1000,bee-1000,https://www.nanosats.eu/sat/bee-1000.html,2025-11-26,"Operational (Official news from 2025-12-08 and Libre Space forums, last checked 2025-12-23)",Operational,—,não,"All 12 Nuri-deployed cube satellites establish ground communication, 2025-12-08.",https://www.koreaherald.com/article/10631608,,Space Lintech,,6U,Verify the technology to make medicines in space.
COSMIC,cosmic,https://www.nanosats.eu/sat/cosmic.html,2025-11-26,"Operational (Official press release on 2025-12-02 and Libre Space forums, last checked 2025-12-23)",Operational,—,não,"All 12 Nuri-deployed cube satellites establish ground communication, 2025-12-08.",https://www.koreaherald.com/article/10631608,,Spacerotech,South Korea,3U,Demonstrates a device that disposes of satellites that have expired.
EEE Tester-1,e3-tester-kari-1,https://www.nanosats.eu/sat/e3-tester-kari-1.html,2025-11-26,"Operational (Official news from 2025-12-08 and Libre Space forums, last checked 2025-12-23)",Operational,—,não,"All 12 Nuri-deployed cube satellites establish ground communication, 2025-12-08.",https://www.koreaherald.com/article/10631608,,ETRI (Electronics and Telecommunications Research Institute),South Korea,12U,Contains nine types of components developed in Korea and memory semiconductors.
ETRISat,etrisat,https://www.nanosats.eu/sat/etrisat.html,2025-11-26,"Operational (Official press release on 2025-12-02 and Libre Space forums, last checked 2025-12-23)",Operational,B - coleta de plataformas (DCS/IoT); C - sinais cooperativos (AIS/ADS-B/RF),sim,"All 12 Nuri-deployed cube satellites establish ground communication, 2025-12-08.",https://www.koreaherald.com/article/10631608,,KARI (Korea Aerospace Research Institute),South Korea,6U,Collect marine weather information from buoys.
JACK 003,jack,https://www.nanosats.eu/sat/jack.html,2025-11-26,,Operational,A - sensoriamento remoto,sim,"All 12 Nuri-deployed cube satellites establish ground communication, 2025-12-08.",https://www.koreaherald.com/article/10631608,,Cosmoworks,South Korea,3U,"An Earth observation satellite constellation
."
JACK 004,jack,https://www.nanosats.eu/sat/jack.html,2025-11-26,,Operational,A - sensoriamento remoto,sim,"All 12 Nuri-deployed cube satellites establish ground communication, 2025-12-08.",https://www.koreaherald.com/article/10631608,,Cosmoworks,South Korea,3U,"An Earth observation satellite constellation
."
K-HERO,k-hero,https://www.nanosats.eu/sat/k-hero.html,2025-11-26,"Operational (Official press release on 2025-12-02 and Libre Space forums, last checked 2025-12-23)",Operational,—,não,"All 12 Nuri-deployed cube satellites establish ground communication, 2025-12-08.",https://www.koreaherald.com/article/10631608,,Korea Advanced Institute of Science and Technology (KAIST),South Korea,3U,Verify ultra-small Hall thrusters technology in space.
PERSAT 01,persat-01,https://www.nanosats.eu/sat/persat-01.html,2025-11-26,"Operational (Official news from 2025-12-08 and Libre Space forums, last checked 2025-12-23)",Operational,—,não,"All 12 Nuri-deployed cube satellites establish ground communication, 2025-12-08.",https://www.koreaherald.com/article/10631608,,Quaternion,,3U,Detects marine waste from Jeju and the southern coast.
Rosat,inha-rosat,https://www.nanosats.eu/sat/inha-rosat.html,2025-11-26,"Operational (Official press release on 2025-12-02 and Libre Space forums, last checked 2025-12-23)",Operational,—,não,"All 12 Nuri-deployed cube satellites establish ground communication, 2025-12-08.",https://www.koreaherald.com/article/10631608,,Inha University,,3U,Test a rollable solar panel developed in-house.
Sejong-4,sejong-4,https://www.nanosats.eu/sat/sejong-4.html,2025-11-26,"Operational (Official press release on 2025-12-02 and Libre Space forums, last checked 2025-12-23)",Operational,—,não,"All 12 Nuri-deployed cube satellites establish ground communication, 2025-12-08.",https://www.koreaherald.com/article/10631608,,Hancom InSpace,South Korea,6U,In-house developed platform.
Snuglite-III A,snuglite-3,https://www.nanosats.eu/sat/snuglite-3.html,2025-11-26,,Operational,—,não,"All 12 Nuri-deployed cube satellites establish ground communication, 2025-12-08.
[2025.12.15] SNUGLITE-III Two-way Communication Success",https://www.koreaherald.com/article/10631608 | https://gnss.snu.ac.kr/snuglite/251215/,,Seoul National University,,3U,demonstrate three world-first technologies in Low Earth Orbit (LEO).
Snuglite-III B,snuglite-3,https://www.nanosats.eu/sat/snuglite-3.html,2025-11-26,,Operational,—,não,"All 12 Nuri-deployed cube satellites establish ground communication, 2025-12-08.
[2025.12.15] SNUGLITE-III Two-way Communication Success",https://www.koreaherald.com/article/10631608 | https://gnss.snu.ac.kr/snuglite/251215/,,Seoul National University,,3U,demonstrate three world-first technologies in Low Earth Orbit (LEO).
SPIRONE,spirone,https://www.nanosats.eu/sat/spirone.html,2025-11-26,"Operational (Official press release on 2025-12-02 and Libre Space forums, last checked 2025-12-23)",Operational,A(fraco) - câmera sem alvo declarado,não,"All 12 Nuri-deployed cube satellites establish ground communication, 2025-12-08.",https://www.koreaherald.com/article/10631608,,Sejong University,,2U,IR camera array and transponder.
GENA-OT,gena-ot,https://www.nanosats.eu/sat/gena-ot.html,2025-11-28,"Operational (LinkedIn post, last checked 2025-12-24)",Operational,B - coleta de plataformas (DCS/IoT),sim,"The satellite deployed its solar arrays and began communicating with us soon after launch, exactly as planned. All critical Launch and Early Orbit Phase (LEOP) steps have been completed, and we are now concluding the first commissioning milestone, including full attitude control.
GENA-OT is behaving beautifully in orbit: plenty of power, strong communications, and stable temperatures. We’re now in the final stages of validation before entering nominal customer operations.",https://www.linkedin.com/posts/ororatech_spaceintelligence-missionupdate-spacetech-activity-7406330624653045760-0HJU?utm_source=share&utm_medium=member_desktop&rcm=ACoAAAt6RjABfKWEquksacZ3EVEQFZa3Fpq53uM | https://www.linkedin.com/posts/ororatech_spaceintelligence-missionupdate-spacetech-activity-7406330624653045760-0HJU?utm_source=share&utm_medium=member_desktop&rcm=ACoAAAt6RjABfKWEquksacZ3EVEQFZa3Fpq53uM,,OroraTech,,16U,In-Orbit Demonstration (IOD) of an IOD/IOV commercial service for hosted payloads.
SPARCS,sparcs,https://www.nanosats.eu/sat/sparcs.html,2026-01-11,Operational (NASA published images on 2026-03-12),Operational,—,não,Tiny NASA Spacecraft Delivers Exoplanet Mission’s First Images,https://www.nasa.gov/science-research/astrophysics/exoplanet-science/tiny-nasa-spacecraft-delivers-exoplanet-missions-first-images/,,Arizona State University,US,6U,Monitor the flares and sunspots of small stars to assess habitability of orbiting planets.
PW-Sat3,pw-sat3,https://www.nanosats.eu/sat/pw-sat3.html,not launched,"not launched, expected in 2026",not launched,A(fraco) - câmera sem alvo declarado,não,"Sail deployed, but degraded just after deployment - major damages within a week and slow degradation within the next few weeks. The reason isn't confirmed yet, but leading hypothesis is that temperature gradient between sail foil and arms leads to tension and breaking the foil.",https://twitter.com/PWSat2/status/1140151193051770881,,Warsaw University of Technology,Poland,3U,Demonstrating orbit control with propulsion system and educational mission.
RADSAT-SK2,radsat-sk2,https://www.nanosats.eu/sat/radsat-sk2.html,not launched,"not launched, expected in 2026",not launched,A - sensoriamento remoto,sim,"Late 2023 - no contact with RADSAT-SK yet. Sill trying to talk with RADSAT-SK
.",https://www.nasa.gov/wp-content/uploads/2023/11/nasa-cubesat-presentation-nov-15-2023.pdf?emrc=9a63c5,,University of Saskatchewan,Canada,2U,Educational mission to study radiation effects and a small camera to measure cloud coverage.
Sejong 5,sejong-5,https://www.nanosats.eu/sat/sejong-5.html,not launched,"not launched, expected in 2026",not launched,A - sensoriamento remoto,sim,"All 12 Nuri-deployed cube satellites establish ground communication, 2025-12-08.",https://www.koreaherald.com/article/10631608,,Hancom InSpace,South Korea,6U,Hyperspectral Imaging for Public Sector Applications.
NESS+ 2,ness-n3ss,https://www.nanosats.eu/sat/ness-n3ss.html,not launched,,not launched,—,não,"The GNC developed for the N3SS mission with very low resource (1fte) in CNES shows very good results in terms of performance and robustness. The robust approach chosen during the actuator’s sizing phase allowed N3SS to cope with much higher aerodynamic and solar perturbations than expected at the time of design. In addition, the flexibility of the flight software allowed for code evolution during commissioning (calibration of magnetometer, reaction wheels spin direction) which enabled N3SS to achieve higher performance during its mission.
We explained how the magnetic concerns where managed, regarding the residual magnetic moment issue, or the calibration of the magnetometers. A simple method, based on the magnetic field norm measured in orbit, was proposed to calibrate in-flight the magnetometers and improve the performance of the satellite pointing.
Finally, the management of the reaction wheels cluster was detailed since unexpected behavior in one wheel consumption was seen during commissioning. This method was set to mitigate the risk of failure of the wheels during the mission.
N3SS mission was lately extended by one more year, proving the GNC’s good performance in space and validating the design and the commissioning operations.",https://digitalcommons.usu.edu/cgi/viewcontent.cgi?article=5875&context=smallsat | https://digitalcommons.usu.edu/cgi/viewcontent.cgi?article=5875&context=smallsat | https://digitalcommons.usu.edu/cgi/viewcontent.cgi?article=5875&context=smallsat | https://digitalcommons.usu.edu/cgi/viewcontent.cgi?article=5875&context=smallsat,,CNES,France,3U,"Validate in orbit miniaturized technologies intended for the detection and localization of interfering transmitters,"
NESS+ 3,ness-n3ss,https://www.nanosats.eu/sat/ness-n3ss.html,not launched,,not launched,—,não,"The GNC developed for the N3SS mission with very low resource (1fte) in CNES shows very good results in terms of performance and robustness. The robust approach chosen during the actuator’s sizing phase allowed N3SS to cope with much higher aerodynamic and solar perturbations than expected at the time of design. In addition, the flexibility of the flight software allowed for code evolution during commissioning (calibration of magnetometer, reaction wheels spin direction) which enabled N3SS to achieve higher performance during its mission.
We explained how the magnetic concerns where managed, regarding the residual magnetic moment issue, or the calibration of the magnetometers. A simple method, based on the magnetic field norm measured in orbit, was proposed to calibrate in-flight the magnetometers and improve the performance of the satellite pointing.
Finally, the management of the reaction wheels cluster was detailed since unexpected behavior in one wheel consumption was seen during commissioning. This method was set to mitigate the risk of failure of the wheels during the mission.
N3SS mission was lately extended by one more year, proving the GNC’s good performance in space and validating the design and the commissioning operations.",https://digitalcommons.usu.edu/cgi/viewcontent.cgi?article=5875&context=smallsat | https://digitalcommons.usu.edu/cgi/viewcontent.cgi?article=5875&context=smallsat | https://digitalcommons.usu.edu/cgi/viewcontent.cgi?article=5875&context=smallsat | https://digitalcommons.usu.edu/cgi/viewcontent.cgi?article=5875&context=smallsat,,CNES,France,3U,"Validate in orbit miniaturized technologies intended for the detection and localization of interfering transmitters,"
ANSER D,anser,https://www.nanosats.eu/sat/anser.html,x_cancelled,,"cancelled, ?",A - sensoriamento remoto,sim,"“As soon as our launch and early operations phase was complete, we began work to reconfigure Follower 1 to assume the Leader’s role in the cluster. This was achieved without any apparent decrease in its observation capabilities. However the Leader’s cloud detection functionality cannot be replicated by a Follower satellite. Instead we make use of Copernicus Sentinel satellite images to validate our hyperspectral data instead. This can’t be done in real time, but it still works. With this new configuration, ANSER’s mission is still 100% operational.”",https://www.spacequip.eu/2024/05/27/winged-cubesat-flock-survives-leaders-loss/,,National Institute of Aerospace Technology (INTA),Spain,3U,Constellation of 4 nanosatellites to monitor the quality of the water in reservoirs and swamps in Spain
