norad,nome,categoria_n2yo,categoria_coleta,no_recorte
5,,Space & Earth Science,,não
11,,Space & Earth Science,,não
20,,Space & Earth Science,,não
22,,Space & Earth Science,,não
27,,Space & Earth Science,,não
29,,Weather,,não
45,,Navy Navigation Satellite System,,não
46,,Space & Earth Science,,não
58,,Experimental,,não
58,,Military,,não
80,,Space & Earth Science,,não
107,,Space & Earth Science,,não
112,,Space & Earth Science,,não
113,,Space & Earth Science,,não
116,,Navy Navigation Satellite System,,não
117,,Space & Earth Science,,não
162,,Weather,,não
163,,Military,,não
192,,Military,,não
202,,Navy Navigation Satellite System,,não
205,,Space & Earth Science,,não
221,,Space & Earth Science,,não
226,,Weather,,não
271,,Military,,não
309,,Weather,,não
340,,Space & Earth Science,,não
369,,Military,,não
374,,Space & Earth Science,,não
397,,Weather,,não
424,,Space & Earth Science,,não
439,,Space & Earth Science,,não
446,,Military,,não
450,,Space & Earth Science,,não
503,,Space & Earth Science,,não
506,,Space & Earth Science,,não
553,,Geostationary,,não
566,,Space & Earth Science,,não
573,,Space & Earth Science,,não
574,,Military,,não
589,,Experimental,,não
602,,Westford Needles,,não
608,,Military,,não
622,,Military,,não
628,,Westford Needles,,não
629,,Westford Needles,,não
634,,Geostationary,,não
635,,Military,,não
670,,Navy Navigation Satellite System,,não
671,,Space & Earth Science,,não
674,,Military,,não
692,,Military,,não
694,,Brightest,,não
702,,Westford Needles,,não
704,,Navy Navigation Satellite System,,não
705,,Navy Navigation Satellite System,,não
716,,Weather,,não
728,,Engineering,,não
729,,Military,,não
730,,Space & Earth Science,,não
731,,Military,,não
733,,Brightest,,não
734,,Military,,não
735,,Military,,não
737,,Space & Earth Science,,não
746,,Space & Earth Science,,não
785,,Space & Earth Science,,não
801,,Navy Navigation Satellite System,,não
812,,Space & Earth Science,,não
813,,Military,,não
829,,Space & Earth Science,,não
836,,Military,,não
837,,Military,,não
858,,Geostationary,,não
870,,Space & Earth Science,,não
876,,Weather,,não
877,,Brightest,,não
897,,Navy Navigation Satellite System,,não
899,,Space & Earth Science,,não
900,,Radar Calibration,,não
902,,Radar Calibration,,não
923,,Space & Earth Science,,não
932,,Space & Earth Science,,não
938,,Space & Earth Science,,não
945,,Space & Earth Science,,não
959,,Navy Navigation Satellite System,,não
965,,Navy Navigation Satellite System,,não
978,,Weather,,não
1001,,Experimental,,não
1002,,Engineering,,não
1208,,Military,,não
1244,,Engineering,,não
1271,,Military,,não
1272,,Radar Calibration,,não
1291,,Space & Earth Science,,não
1292,,Engineering,,não
1293,,Amateur radio,,não
1314,,Experimental,,não
1314,,Military,,não
1315,,Military,,não
1317,,Intelsat,,não
1328,,Space & Earth Science,,não
1360,,Engineering,,não
1361,,Radar Calibration,,não
1393,,Space & Earth Science,,não
1420,,Navy Navigation Satellite System,,não
1430,,Weather,,não
1454,,Space & Earth Science,,não
1458,,Military,,não
1459,,Military,,não
1503,,Engineering,,não
1506,,Military,,não
1510,,Radar Calibration,,não
1512,,Radar Calibration,,não
1514,,Navy Navigation Satellite System,,não
1515,,Radar Calibration,,não
1520,,Radar Calibration,,não
1570,,Strela,,não
1571,,Strela,,não
1572,,Strela,,não
1573,,Strela,,não
1574,,Strela,,não
1577,,Radar Calibration,,não
1580,,Weather,,não
1584,,Strela,,não
1585,,Strela,,não
1586,,Strela,,não
1587,,Strela,,não
1588,,Strela,,não
1613,,Space & Earth Science,,não
1641,,Space & Earth Science,,não
1726,,Space & Earth Science,,não
1730,,Space & Earth Science,,não
1738,,Space & Earth Science,,não
1778,,Engineering,,não
1804,,Space & Earth Science,,não
1806,,Space & Earth Science,,não
1814,,Space & Earth Science,,não
1841,,Space & Earth Science,,não
1864,,Navy Navigation Satellite System,,não
1952,,Navy Navigation Satellite System,,não
1982,,Weather,,não
2016,,Space & Earth Science,,não
2091,,Weather,,não
2119,,Navy Navigation Satellite System,,não
2121,,Experimental,,não
2122,,Space & Earth Science,,não
2125,,Weather,,não
2126,,Space & Earth Science,,não
2142,,Space & Earth Science,,não
2150,,Space & Earth Science,,não
2176,,Navy Navigation Satellite System,,não
2201,,Space & Earth Science,,não
2207,,Geostationary,,não
2215,,Military,,não
2216,,Military,,não
2217,,Military,,não
2218,,Military,,não
2219,,Military,,não
2220,,Military,,não
2221,,Military,,não
2258,,Space & Earth Science,,não
2359,,Westford Needles,,não
2361,,Westford Needles,,não
2362,,Westford Needles,,não
2364,,Westford Needles,,não
2365,,Westford Needles,,não
2367,,Westford Needles,,não
2372,,Westford Needles,,não
2375,,Westford Needles,,não
2377,,Westford Needles,,não
2378,,Westford Needles,,não
2380,,Westford Needles,,não
2381,,Westford Needles,,não
2389,,Space & Earth Science,,não
2398,,Space & Earth Science,,não
2401,,Navy Navigation Satellite System,,não
2402,,Space & Earth Science,,não
2403,,Military,,não
2406,,Space & Earth Science,,não
2411,,Military,,não
2412,,Military,,não
2418,,Space & Earth Science,,não
2431,,Westford Needles,,não
2435,,Weather,,não
2481,,Military,,não
2508,,Space & Earth Science,,não
2514,,Intelsat,,não
2520,,Military,,não
2530,,Westford Needles,,não
2531,,Westford Needles,,não
2532,,Westford Needles,,não
2608,,Engineering,,não
2610,,Space & Earth Science,,não
2639,,Intelsat,,não
2645,,Military,,não
2649,,Military,,não
2650,,Military,,não
2651,,Military,,não
2652,,Military,,não
2653,,Military,,não
2654,,Military,,não
2655,,Experimental,,não
2655,,Military,,não
2657,,Weather,,não
2669,,Space & Earth Science,,não
2674,,Space & Earth Science,,não
2680,,Space & Earth Science,,não
2717,,Intelsat,,não
2754,,Navy Navigation Satellite System,,não
2757,,Weather,,não
2765,,Military,,não
2766,,Military,,não
2767,,Military,,não
2768,,Space & Earth Science,,não
2769,,Space & Earth Science,,não
2796,,Westford Needles,,não
2801,,Tsiklon,,não
2802,,Brightest,,não
2807,,Navy Navigation Satellite System,,não
2826,,Radar Calibration,,não
2828,,Engineering,,não
2834,,Engineering,,não
2845,,Space & Earth Science,,não
2847,,Military,,não
2861,,Military,,não
2862,,Military,,não
2863,,Military,,não
2864,,Military,,não
2865,,Military,,não
2866,,Geostationary,,não
2867,,Geostationary,,não
2872,,Radar Calibration,,não
2873,,Radar Calibration,,não
2874,,Radar Calibration,,não
2876,,Space & Earth Science,,não
2884,,Space & Earth Science,,não
2920,,Space & Earth Science,,não
2933,,Westford Needles,,não
2949,,Westford Needles,,não
2965,,Navy Navigation Satellite System,,não
2969,,Intelsat,,não
2980,,Space & Earth Science,,não
2997,,Westford Needles,,não
3029,,Engineering,,não
3035,,Weather,,não
3047,,Tsiklon,,não
3066,,Space & Earth Science,,não
3081,,Military,,não
3093,,Space & Earth Science,,não
3129,,Geodetic,,não
3133,,Navy Navigation Satellite System,,não
3158,,Military,,não
3173,,Space & Earth Science,,não
3174,,Space & Earth Science,,não
3178,,Space & Earth Science,,não
3229,,Tsiklon,,não
3230,,Brightest,,não
3239,,Westford Needles,,não
3244,,Westford Needles,,não
3255,,Westford Needles,,não
3257,,Westford Needles,,não
3266,,Space & Earth Science,,não
3267,,Westford Needles,,não
3284,,Military,,não
3285,,Military,,não
3286,,Military,,não
3287,,Military,,não
3288,,Military,,não
3289,,Military,,não
3290,,Military,,não
3291,,Military,,não
3307,,Space & Earth Science,,não
3334,,Geostationary,,não
3338,,Space & Earth Science,,não
3345,,Weather,,não
3428,,Geostationary,,não
3428,,Space & Earth Science,,não
3430,,Geostationary,,não
3430,,Space & Earth Science,,não
3431,,Geostationary,,não
3504,,Military,,não
3510,,Space & Earth Science,,não
3530,,Military,,não
3533,,Space & Earth Science,,não
3576,,Geodetic,,não
3597,,Brightest,,não
3605,,Military,,não
3615,,Weather,,não
3623,,Intelsat,,não
3627,,Space & Earth Science,,não
3669,,Brightest,,não
3673,,Military,,não
3674,,Intelsat,,não
3691,,Geostationary,,não
3759,,Space & Earth Science,,não
3764,,Weather,,não
3770,,Space & Earth Science,,não
3818,,Geodetic,,não
3825,,Space & Earth Science,,não
3837,,Space & Earth Science,,não
3889,,Geostationary,,não
3891,,Military,,não
3943,,Space & Earth Science,,não
3947,,Intelsat,,não
3948,,Space & Earth Science,,não
3949,,Space & Earth Science,,não
3950,,Space & Earth Science,,não
3951,,Space & Earth Science,,não
3952,,Space & Earth Science,,não
3954,,Military,,não
3955,,Military,,não
4040,,Space & Earth Science,,não
4041,,Space & Earth Science,,não
4047,,Space & Earth Science,,não
4068,,Geostationary,,não
4070,,Tsiklon,,não
4132,,Military,,não
4138,,Tsiklon,,não
4168,,Radar Calibration,,não
4221,,Space & Earth Science,,não
4226,,Space & Earth Science,,não
4237,,Radar Calibration,,não
4247,,Radar Calibration,,não
4250,,Geostationary,,não
4254,,Geodetic,,não
4256,,Radar Calibration,,não
4257,,Military,,não
4259,,Radar Calibration,,não
4295,,Radar Calibration,,não
4297,,Intelsat,,não
4320,,Weather,,não
4321,,Amateur radio,,não
4327,,Brightest,,não
4331,,Space & Earth Science,,não
4353,,Geostationary,,não
4363,,Engineering,,não
4366,,Military,,não
4368,,Military,,não
4369,,Tsiklon,,não
4376,,Intelsat,,não
4382,,Experimental,,não
4383,,Strela,,não
4384,,Strela,,não
4385,,Strela,,não
4386,,Strela,,não
4387,,Strela,,não
4388,,Strela,,não
4389,,Strela,,não
4390,,Strela,,não
4418,,Geostationary,,não
4419,,Space & Earth Science,,não
4478,,Intelsat,,não
4493,,Geostationary,,não
4507,,Navy Navigation Satellite System,,não
4510,,Geostationary,,não
4512,,Space & Earth Science,,não
4564,,Military,,não
4578,,Tsiklon,,não
4588,,Strela,,não
4594,,Military,,não
4598,,Military,,não
4630,,Military,,não
4783,,Space & Earth Science,,não
4786,,Experimental,,não
4793,,Amateur radio,,não
4793,,NOAA,,não
4799,,Tsiklon,,não
4881,,Intelsat,,não
4902,,Geostationary,,não
4922,,Military,,não
4952,,Engineering,,não
4953,,Space & Earth Science,,não
4964,,Military,,não
5050,,Military,,não
5053,,Military,,não
5104,,Space & Earth Science,,não
5105,,Military,,não
5118,,Brightest,,não
5174,,Strela,,não
5180,,Geodetic,,não
5204,,Geostationary,,não
5210,,Strela,,não
5211,,Strela,,não
5212,,Strela,,não
5213,,Strela,,não
5214,,Strela,,não
5215,,Strela,,não
5216,,Strela,,não
5217,,Strela,,não
5234,,Space & Earth Science,,não
5238,,Tsiklon,,não
5252,,Space & Earth Science,,não
5261,,Space & Earth Science,,não
5377,,Space & Earth Science,,não
5397,,Space & Earth Science,,não
5398,,Radar Calibration,,não
5435,,Space & Earth Science,,não
5485,,Space & Earth Science,,não
5488,,Space & Earth Science,,não
5547,,Strela,,não
5548,,Strela,,não
5549,,Strela,,não
5550,,Strela,,não
5551,,Strela,,não
5552,,Strela,,não
5553,,Strela,,não
5554,,Strela,,não
5557,,Space & Earth Science,,não
5560,,Brightest,,não
5580,,Space & Earth Science,,não
5580,,Engineering,,não
5587,,Military,,não
5588,,Military,,não
5614,,Geodetic,,não
5678,,Military,,não
5680,,Military,,não
5681,,Military,,não
5682,,Military,,não
5683,,Tsiklon,,não
5702,,Westford Needles,,não
5705,,Strela,,não
5709,,Intelsat,,não
5721,,Military,,não
5729,,Space & Earth Science,,não
5730,,Brightest,,não
5731,,Space & Earth Science,,não
5775,,Intelsat,,não
5846,,Tsiklon,,não
5851,,Geostationary,,não
5860,,Space & Earth Science,,não
5861,,Space & Earth Science,,não
5903,,Space & Earth Science,,não
5905,,Geodetic,,não
5917,,Space & Earth Science,,não
5941,,Space & Earth Science,,não
6005,,Space & Earth Science,,não
6019,,Tsiklon,,não
6052,,Intelsat,,não
6059,,Strela,,não
6079,,Space & Earth Science,,não
6117,,Strela,,não
6118,,Strela,,não
6119,,Strela,,não
6120,,Strela,,não
6121,,Strela,,não
6122,,Strela,,não
6123,,Strela,,não
6124,,Strela,,não
6126,,Earth resources,,não
6148,,Tsiklon,,não
6153,,Brightest,,não
6154,,Military,,não
6155,,Brightest,,não
6173,,Experimental,,não
6192,,Military,,não
6197,,Space & Earth Science,,não
6206,,Military,,não
6217,,Space & Earth Science,,não
6235,,Amateur radio,,não
6235,,NOAA,,não
6236,,Amateur radio,,não
6256,,Space & Earth Science,,não
6262,,Strela,,não
6264,,Strela,,não
6265,,Strela,,não
6266,,Strela,,não
6267,,Strela,,não
6268,,Strela,,não
6269,,Strela,,não
6270,,Strela,,não
6275,,Space & Earth Science,,não
6278,,Geostationary,,não
6305,,Weather,,não
6317,,Geostationary,,não
6319,,Geodetic,,não
6323,,Strela,,não
6350,,Tsiklon,,não
6364,,Space & Earth Science,,não
6380,,Geostationary,,não
6392,,Space & Earth Science,,não
6421,,Space & Earth Science,,não
6425,,Space & Earth Science,,não
6437,,Geostationary,,não
6659,,Space & Earth Science,,não
6675,,Strela,,não
6676,,Strela,,não
6677,,Strela,,não
6678,,Strela,,não
6679,,Strela,,não
6680,,Strela,,não
6681,,Strela,,não
6682,,Strela,,não
6686,,Space & Earth Science,,não
6691,,Geostationary,,não
6707,,Tsiklon,,não
6742,,Space & Earth Science,,não
6754,,Space & Earth Science,,não
6768,,Space & Earth Science,,não
6776,,Space & Earth Science,,não
6787,,Space & Earth Science,,não
6791,,Military,,não
6796,,Intelsat,,não
6822,,Military,,não
6825,,Geodetic,,não
6828,,Tsiklon,,não
6845,,Strela,,não
6846,,Strela,,não
6847,,Strela,,não
6848,,Strela,,não
6849,,Strela,,não
6850,,Strela,,não
6851,,Strela,,não
6852,,Strela,,não
6893,,Space & Earth Science,,não
6909,,Navy Navigation Satellite System,,não
6916,,Military,,não
6919,,Space & Earth Science,,não
6920,,Amateur radio,,não
6920,,NOAA,,não
6938,,Military,,não
6965,,Strela,,não
6973,,Military,,não
6974,,Military,,não
6985,,Strela,,não
6986,,Strela,,não
6987,,Strela,,não
6988,,Strela,,não
6989,,Strela,,não
6990,,Strela,,não
6991,,Strela,,não
6992,,Strela,,não
7003,,Space & Earth Science,,não
7005,,Military,,não
7008,,Tsiklon,,não
7094,,Tsiklon,,não
7209,,Space & Earth Science,,não
7213,,Experimental,,não
7218,,Space & Earth Science,,não
7224,,Space & Earth Science,,não
7229,,Geostationary,,não
7229,,Raduga,,não
7244,,Military,,não
7250,,Geostationary,,não
7265,,Strela,,não
7266,,Strela,,não
7267,,Strela,,não
7268,,Strela,,não
7269,,Strela,,não
7270,,Strela,,não
7271,,Strela,,não
7272,,Strela,,não
7274,,Space & Earth Science,,não
7276,,Molniya,,não
7281,,Geodetic,,não
7291,,Military,,não
7297,,Military,,não
7298,,Geostationary,,não
7315,,Space & Earth Science,,não
7318,,Geostationary,,não
7337,,Radar Calibration,,não
7349,,Tsiklon,,não
7363,,Space & Earth Science,,não
7369,,Engineering,,não
7376,,Molniya,,não
7392,,Molniya,,não
7411,,Space & Earth Science,,não
7424,,Geodetic,,não
7433,,Strela,,não
7435,,Strela,,não
7436,,Strela,,não
7437,,Strela,,não
7438,,Strela,,não
7439,,Strela,,não
7440,,Strela,,não
7441,,Strela,,não
7442,,Strela,,não
7466,,Geostationary,,não
7476,,Tsiklon,,não
7490,,Space & Earth Science,,não
7529,,Amateur radio,,não
7529,,NOAA,,não
7530,,Amateur radio,,não
7531,,Space & Earth Science,,não
7544,,Intelsat,,não
7547,,Geostationary,,não
7567,,Space & Earth Science,,não
7574,,Space & Earth Science,,não
7578,,Geostationary,,não
7593,,Parus,,não
7615,,Earth resources,,não
7625,,Military,,não
7646,,Geodetic,,não
7648,,Geostationary,,não
7663,,Geodetic,,não
7678,,Strela,,não
7679,,Strela,,não
7680,,Strela,,não
7681,,Strela,,não
7682,,Strela,,não
7683,,Strela,,não
7684,,Strela,,não
7685,,Strela,,não
7687,,Military,,não
7714,,Space & Earth Science,,não
7718,,Military,,não
7727,,Military,,não
7734,,Space & Earth Science,,não
7736,,Parus,,não
7768,,Tsiklon,,não
7780,,Molniya,,não
7790,,Geostationary,,não
7815,,Intelsat,,não
7816,,Weather,,não
7820,,Strela,,não
7822,,Strela,,não
7823,,Strela,,não
7824,,Strela,,não
7825,,Strela,,não
7826,,Strela,,não
7827,,Strela,,não
7828,,Strela,,não
7915,,Space & Earth Science,,não
7924,,Weather,,não
7937,,Military,,não
7947,,Space & Earth Science,,não
7963,,Geostationary,,não
8026,,Space & Earth Science,,não
8072,,Parus,,não
8108,,Space & Earth Science,,não
8132,,Geostationary,,não
8195,,Molniya,,não
8197,,Engineering,,não
8199,,Space & Earth Science,,não
8285,,Strela,,não
8286,,Strela,,não
8287,,Strela,,não
8288,,Strela,,não
8289,,Strela,,não
8290,,Strela,,não
8291,,Strela,,não
8292,,Strela,,não
8293,,Space & Earth Science,,não
8325,,Geodetic,,não
8330,,Intelsat,,não
8343,,Strela,,não
8357,,Military,,não
8366,,GOES,,não
8419,,Parus,,não
8458,,Strela,,não
8459,,Brightest,,não
8473,,Military,,não
8476,,Geostationary,,não
8482,,Military,,não
8510,,Space & Earth Science,,não
8513,,Raduga,,não
8519,,Space & Earth Science,,não
8582,,Space & Earth Science,,não
8585,,Geostationary,,não
8591,,Parus,,não
8601,,Molniya,,não
8607,,Strela,,não
8608,,Strela,,não
8609,,Strela,,não
8610,,Strela,,não
8611,,Strela,,não
8612,,Strela,,não
8613,,Strela,,não
8614,,Strela,,não
8620,,Intelsat,,não
8645,,Tsiklon,,não
8688,,Military,,não
8697,,Geostationary,,não
8709,,Space & Earth Science,,não
8744,,Space & Earth Science,,não
8746,,Geostationary,,não
8747,,Geostationary,,não
8748,,Space & Earth Science,,não
8749,,Space & Earth Science,,não
8774,,Geostationary,,não
8799,,Space & Earth Science,,não
8808,,Geostationary,,não
8818,,Military,,não
8820,,Geodetic,,não
8835,,Military,,não
8836,,Military,,não
8838,,Geostationary,,não
8845,,Space & Earth Science,,não
8860,,Space & Earth Science,,não
8871,,Military,,não
8873,,Tsiklon,,não
8882,,Geostationary,,não
8884,,Military,,não
8889,,Strela,,não
8890,,Strela,,não
8891,,Strela,,não
8892,,Strela,,não
8893,,Strela,,não
8894,,Strela,,não
8895,,Strela,,não
8896,,Strela,,não
8916,,Geostationary,,não
8923,,Strela,,não
9008,,Military,,não
9009,,Geostationary,,não
9011,,Military,,não
9022,,Strela,,não
9025,,Geodetic,,não
9047,,Geostationary,,não
9057,,Amateur radio,,não
9057,,NOAA,,não
9061,,Tsiklon,,não
9415,,Space & Earth Science,,não
9416,,Raduga,,não
9443,,Strela,,não
9478,,Geostationary,,não
9481,,Space & Earth Science,,não
9486,,Military,,não
9494,,Military,,não
9495,,Military,,não
9503,,Geostationary,,não
9509,,Parus,,não
9588,,Strela,,não
9589,,Strela,,não
9590,,Strela,,não
9591,,Strela,,não
9592,,Strela,,não
9593,,Strela,,não
9594,,Strela,,não
9595,,Strela,,não
9610,,Tsikada,,não
9634,,Military,,não
9637,,Parus,,não
9661,,Space & Earth Science,,não
9737,,Tsiklon,,não
9785,,Geostationary,,não
9803,,Geostationary,,não
9841,,Engineering,,não
9846,,Parus,,não
9852,,Geostationary,,não
9862,,Geostationary,,não
9880,,Molniya,,não
9903,,Space & Earth Science,,não
9931,,Geostationary,,não
10000,,Military,,não
10001,,Military,,não
10010,,Military,,não
10016,,Geostationary,,não
10019,,Geodetic,,não
10024,,Intelsat,,não
10033,,Weather,,não
10061,,GOES,,não
10091,,Engineering,,não
10095,,Tselina,,não
10114,,Brightest,,não
10120,,Strela,,não
10137,,Tsikada,,não
10141,,Parus,,não
10143,,Geostationary,,não
10150,,Military,,não
10159,,Raduga,,não
10271,,Space & Earth Science,,não
10272,,Space & Earth Science,,não
10273,,Space & Earth Science,,não
10282,,Strela,,não
10286,,Strela,,não
10287,,Strela,,não
10288,,Strela,,não
10289,,Strela,,não
10290,,Strela,,não
10291,,Strela,,não
10292,,Strela,,não
10294,,Geostationary,,não
10321,,Space & Earth Science,,não
10322,,Space & Earth Science,,não
10323,,Space & Earth Science,,não
10352,,Parus,,não
10358,,Military,,não
10365,,Geostationary,,não
10455,,Molniya,,não
10457,,Navy Navigation Satellite System,,não
10459,,Tsiklon,,não
10489,,Geostationary,,não
10491,,Geodetic,,não
10502,,Military,,não
10508,,Geostationary,,não
10512,,Military,,não
10514,,Space & Earth Science,,não
10516,,Geostationary,,não
10520,,Strela,,não
10529,,Military,,não
10531,,Military,,não
10536,,Parus,,não
10539,,Tselina,,não
10544,,Military,,não
10557,,Intelsat,,não
10581,,Strela,,não
10584,,Strela,,não
10585,,Strela,,não
10586,,Strela,,não
10587,,Strela,,não
10588,,Strela,,não
10589,,Strela,,não
10590,,Strela,,não
10594,,Military,,não
10599,,Parus,,não
10637,,Space & Earth Science,,não
10664,,Space & Earth Science,,não
10669,,Geostationary,,não
10674,,Space & Earth Science,,não
10676,,Strela,,não
10684,,Global Positioning System (GPS) Constellation,,não
10688,,Military,,não
10692,,Parus,,não
10702,,Earth resources,,não
10703,,Amateur radio,,não
10731,,Tsiklon,,não
10734,,Military,,não
10744,,Parus,,não
10776,,Tsikada,,não
10778,,Intelsat,,não
10787,,Geostationary,,não
10792,,Geostationary,,não
10820,,Space & Earth Science,,não
10855,,Geostationary,,não
10893,,Global Positioning System (GPS) Constellation,,não
10917,,Parus,,não
10925,,Molniya,,não
10930,,Strela,,não
10931,,Strela,,não
10932,,Strela,,não
10933,,Strela,,não
10934,,Strela,,não
10935,,Strela,,não
10936,,Strela,,não
10937,,Strela,,não
10941,,Geostationary,,não
10953,,GOES,,não
10961,,Strela,,não
10967,,Brightest,,não
10967,,Earth resources,,não
10975,,Geostationary,,não
10981,,Geostationary,,não
10987,,Raduga,,não
10991,,Tsiklon,,não
11004,,Space & Earth Science,,não
11020,,Space & Earth Science,,não
11025,,Space & Earth Science,,não
11042,,Strela,,não
11044,,Strela,,não
11045,,Strela,,não
11046,,Strela,,não
11047,,Strela,,não
11048,,Strela,,não
11049,,Strela,,não
11050,,Strela,,não
11054,,Global Positioning System (GPS) Constellation,,não
11057,,Molniya,,não
11060,,NOAA,,não
11080,,Weather,,não
11084,,Weather,,não
11085,,Amateur radio,,não
11086,,Amateur radio,,não
11111,,Strela,,não
11115,,Geostationary,,não
11128,,Strela,,não
11129,,Strela,,não
11130,,Strela,,não
11131,,Strela,,não
11132,,Strela,,não
11133,,Strela,,não
11134,,Strela,,não
11135,,Strela,,não
11141,,Global Positioning System (GPS) Constellation,,não
11144,,Military,,não
11145,,Military,,não
11153,,Geostationary,,não
11158,,Gorizont,,não
11165,,Space & Earth Science,,não
11168,,Geodetic,,não
11238,,Parus,,não
11256,,Space & Earth Science,,não
11261,,Engineering,,não
11267,,Brightest,,não
11273,,Geostationary,,não
11288,,Space & Earth Science,,não
11296,,Strela,,não
11297,,Strela,,não
11298,,Strela,,não
11299,,Strela,,não
11300,,Strela,,não
11301,,Strela,,não
11302,,Strela,,não
11303,,Strela,,não
11306,,Military,,não
11308,,Parus,,não
11320,,Parus,,não
11326,,Tsikada,,não
11343,,Raduga,,não
11353,,Geostationary,,não
11378,,Parus,,não
11389,,Weather,,não
11397,,Geostationary,,não
11416,,Amateur radio,,não
11416,,NOAA,,não
11417,,Military,,não
11425,,Strela,,não
11440,,Gorizont,,não
11484,,Geostationary,,não
11510,,Strela,,não
11538,,Strela,,não
11539,,Strela,,não
11540,,Strela,,não
11541,,Strela,,não
11542,,Strela,,não
11543,,Strela,,não
11544,,Strela,,não
11545,,Strela,,não
11558,,Geostationary,,não
11561,,Geostationary,,não
11573,,Strela,,não
11574,,Brightest,,não
11585,,Parus,,não
11605,,Space & Earth Science,,não
11621,,Military,,não
11622,,Military,,não
11635,,Geostationary,,não
11648,,Gorizont,,não
11667,,Parus,,não
11669,,Geostationary,,não
11672,,Brightest,,não
11680,,Parus,,não
11690,,Global Positioning System (GPS) Constellation,,não
11691,,Strela,,não
11692,,Strela,,não
11693,,Strela,,não
11694,,Strela,,não
11695,,Strela,,não
11696,,Strela,,não
11697,,Strela,,não
11698,,Strela,,não
11708,,Raduga,,não
11715,,Engineering,,não
11720,,Military,,não
11731,,Military,,não
11732,,Military,,não
11735,,Tsikada,,não
11750,,Military,,não
11765,,Military,,não
11783,,Global Positioning System (GPS) Constellation,,não
11788,,Military,,não
11803,,Parus,,não
11841,,Gorizont,,não
11852,,Military,,não
11869,,Strela,,não
11871,,Military,,não
11875,,Strela,,não
11876,,Strela,,não
11877,,Strela,,não
11878,,Strela,,não
11879,,Strela,,não
11880,,Strela,,não
11881,,Strela,,não
11882,,Strela,,não
11890,,Geostationary,,não
11896,,Molniya,,não
11962,,Space & Earth Science,,não
11964,,GOES,,não
12003,,Raduga,,não
12032,,Military,,não
12046,,Geostationary,,não
12065,,Geostationary,,não
12078,,Military,,não
12087,,Parus,,não
12089,,Intelsat,,não
12091,,Tsikada,,não
12093,,Military,,não
12107,,Strela,,não
12108,,Strela,,não
12109,,Strela,,não
12110,,Strela,,não
12111,,Strela,,não
12112,,Strela,,não
12113,,Strela,,não
12114,,Strela,,não
12120,,Geostationary,,não
12138,,Space & Earth Science,,não
12139,,Brightest,,não
12149,,Military,,não
12295,,Engineering,,não
12297,,Parus,,não
12303,,Military,,não
12309,,Geostationary,,não
12309,,TV,,não
12319,,Military,,não
12320,,Strela,,não
12321,,Strela,,não
12322,,Strela,,não
12323,,Strela,,não
12324,,Strela,,não
12325,,Strela,,não
12326,,Strela,,não
12327,,Strela,,não
12339,,Military,,não
12351,,Raduga,,não
12376,,Military,,não
12388,,Space & Earth Science,,não
12409,,Military,,não
12418,,Military,,não
12442,,Strela,,não
12456,,Space & Earth Science,,não
12458,,Navy Navigation Satellite System,,não
12465,,Brightest,,não
12472,,GOES,,não
12474,,Intelsat,,não
12504,,Parus,,não
12544,,Geostationary,,não
12545,,Geostationary,,não
12546,,Experimental,,não
12553,,Amateur radio,,não
12553,,NOAA,,não
12564,,Geostationary,,não
12618,,Raduga,,não
12624,,Space & Earth Science,,não
12627,,Military,,não
12635,,Geostationary,,não
12636,,Strela,,não
12637,,Strela,,não
12638,,Strela,,não
12639,,Strela,,não
12640,,Strela,,não
12641,,Strela,,não
12642,,Strela,,não
12643,,Strela,,não
12645,,Space & Earth Science,,não
12677,,Geostationary,,não
12681,,Parus,,não
12783,,Military,,não
12791,,Strela,,não
12803,,Tsikada,,não
12818,,Military,,não
12835,,Parus,,não
12848,,Space & Earth Science,,não
12855,,Geostationary,,não
12879,,Geodetic,,não
12897,,Raduga,,não
12904,,Brightest,,não
12927,,Space & Earth Science,,não
12930,,Military,,não
12933,,Military,,não
12938,,Space & Earth Science,,não
12967,,Geostationary,,não
12975,,Strela,,não
12976,,Strela,,não
12977,,Strela,,não
12978,,Strela,,não
12979,,Strela,,não
12980,,Strela,,não
12981,,Strela,,não
12982,,Strela,,não
12987,,Tselina,,não
12994,,Intelsat,,não
12997,,Amateur radio,,não
12998,,Amateur radio,,não
12999,,Amateur radio,,não
13000,,Amateur radio,,não
13001,,Amateur radio,,não
13002,,Amateur radio,,não
13010,,Geostationary,,não
13011,,Experimental,,não
13012,,Molniya,,não
13027,,Strela,,não
13033,,Parus,,não
13035,,Geostationary,,não
13056,,Geostationary,,não
13065,,Tsikada,,não
13068,,Brightest,,não
13069,,Geostationary,,não
13070,,Molniya,,não
13080,,Military,,não
13083,,Intelsat,,não
13086,,Military,,não
13092,,Gorizont,,não
13110,,Parus,,não
13113,,Space & Earth Science,,não
13124,,Military,,não
13127,,Parus,,não
13129,,Geostationary,,não
13148,,Strela,,não
13154,,Brightest,,não
13160,,Strela,,não
13161,,Strela,,não
13162,,Strela,,não
13163,,Strela,,não
13164,,Strela,,não
13165,,Strela,,não
13166,,Strela,,não
13167,,Strela,,não
13172,,Military,,não
13175,,Military,,não
13177,,Geostationary,,não
13205,,Military,,não
13241,,Strela,,não
13243,,Military,,não
13259,,Military,,não
13269,,Geostationary,,não
13295,,Military,,não
13301,,Russian LEO Navigation,,não
13353,,Parus,,não
13375,,Strela,,não
13376,,Strela,,não
13377,,Strela,,não
13378,,Strela,,não
13379,,Strela,,não
13380,,Strela,,não
13381,,Strela,,não
13382,,Strela,,não
13403,,Brightest,,não
13431,,Geostationary,,não
13492,,Engineering,,não
13554,,Geostationary,,não
13589,,Geodetic,,não
13595,,Intelsat,,não
13600,,Military,,não
13603,,Glonass Constellation,,não
13606,,Glonass Constellation,,não
13607,,Glonass Constellation,,não
13617,,Parus,,não
13624,,Gorizont,,não
13631,,Geostationary,,não
13636,,Military,,não
13637,,Military,,não
13648,,Strela,,não
13651,,Geostationary,,não
13652,,Geostationary,,não
13669,,Raduga,,não
13718,,Space & Earth Science,,não
13736,,Space & Earth Science,,não
13757,,Parus,,não
13761,,Strela,,não
13762,,Strela,,não
13763,,Strela,,não
13764,,Strela,,não
13765,,Strela,,não
13766,,Strela,,não
13767,,Strela,,não
13768,,Strela,,não
13777,,Space & Earth Science,,não
13782,,Geostationary,,não
13791,,Military,,não
13792,,Military,,não
13819,,Brightest,,não
13844,,Military,,não
13845,,Military,,não
13874,,Military,,não
13875,,Molniya,,não
13878,,Geostationary,,não
13890,,Molniya,,não
13901,,Space & Earth Science,,não
13912,,Space & Earth Science,,não
13916,,Russian LEO Navigation,,não
13923,,Amateur radio,,não
13923,,NOAA,,não
13949,,Parus,,não
13969,,Geostationary,,não
13969,,TV,,não
13969,,Tracking and Data Relay Satellite System,,não
13974,,Raduga,,não
13984,,Geostationary,,não
13991,,Strela,,não
14050,,GOES,,não
14057,,Parus,,não
14064,,Military,,não
14077,,Intelsat,,não
14084,,Parus,,não
14104,,Space & Earth Science,,não
14107,,Space & Earth Science,,não
14112,,Military,,não
14128,,Geostationary,,não
14129,,Amateur radio,,não
14133,,Geostationary,,não
14134,,Geostationary,,não
14139,,Military,,não
14143,,Military,,não
14144,,Military,,não
14147,,Tselina,,não
14154,,Space & Earth Science,,não
14158,,Geostationary,,não
14160,,Gorizont,,não
14163,,Space & Earth Science,,não
14171,,Strela,,não
14172,,Strela,,não
14173,,Strela,,não
14174,,Strela,,não
14175,,Strela,,não
14176,,Strela,,não
14177,,Strela,,não
14178,,Strela,,não
14180,,Military,,não
14182,,Military,,não
14189,,Global Positioning System (GPS) Constellation,,não
14208,,Brightest,,não
14234,,Geostationary,,não
14237,,Military,,não
14240,,Strela,,não
14248,,Geostationary,,não
14258,,Glonass Constellation,,não
14259,,Glonass Constellation,,não
14260,,Glonass Constellation,,não
14307,,Raduga,,não
14318,,Geostationary,,não
14328,,Geostationary,,não
14365,,Geostationary,,não
14377,,Geostationary,,não
14401,,Strela,,não
14421,,Intelsat,,não
14450,,Tsikada,,não
14452,,Space & Earth Science,,não
14483,,Space & Earth Science,,não
14506,,Space & Earth Science,,não
14521,,Geodetic,,não
14532,,Gorizont,,não
14546,,Parus,,não
14590,,Glonass Constellation,,não
14591,,Glonass Constellation,,não
14592,,Glonass Constellation,,não
14611,,Strela,,não
14612,,Strela,,não
14613,,Strela,,não
14614,,Strela,,não
14615,,Strela,,não
14616,,Strela,,não
14617,,Strela,,não
14618,,Strela,,não
14624,,Parus,,não
14659,,Geostationary,,não
14670,,Geostationary,,não
14675,,Military,,não
14679,,Parus,,não
14690,,Military,,não
14699,,Brightest,,não
14699,,Tselina,,não
14725,,Raduga,,não
14728,,Military,,não
14729,,Military,,não
14759,,Strela,,não
14780,,Earth resources,,não
14781,,Amateur radio,,não
14783,,Geostationary,,não
14786,,Intelsat,,não
14790,,Military,,não
14795,,Military,,não
14820,,Brightest,,não
14821,,Geostationary,,não
14867,,Military,,não
14884,,Military,,não
14899,,Geostationary,,não
14930,,Geostationary,,não
14940,,Gorizont,,não
14965,,Parus,,não
14973,,Tsikada,,não
14977,,Glonass Constellation,,não
14978,,Glonass Constellation,,não
14979,,Glonass Constellation,,não
14985,,Geostationary,,não
14998,,Strela,,não
14999,,Strela,,não
15000,,Strela,,não
15001,,Strela,,não
15002,,Strela,,não
15003,,Strela,,não
15004,,Strela,,não
15005,,Strela,,não
15031,,Strela,,não
15039,,Global Positioning System (GPS) Constellation,,não
15055,,Russian LEO Navigation,,não
15057,,Raduga,,não
15071,,Military,,não
15077,,Parus,,não
15085,,Military,,não
15095,,Military,,não
15099,,Space & Earth Science,,não
15144,,Gorizont,,não
15152,,Geostationary,,não
15158,,Geostationary,,não
15159,,Geostationary,,não
15171,,Space & Earth Science,,não
15199,,Space & Earth Science,,não
15214,,Molniya,,não
15219,,Geostationary,,não
15226,,Military,,não
15235,,Geostationary,,não
15236,,Geostationary,,não
15237,,Geostationary,,não
15259,,Glonass Constellation,,não
15260,,Glonass Constellation,,não
15261,,Glonass Constellation,,não
15267,,Military,,não
15271,,Global Positioning System (GPS) Constellation,,não
15292,,Parus,,não
15308,,Geostationary,,não
15333,,Tselina,,não
15350,,Military,,não
15359,,Parus,,não
15362,,Navy Navigation Satellite System,,não
15378,,Military,,não
15383,,Geostationary,,não
15384,,Geostationary,,não
15385,,Geostationary,,não
15386,,Geostationary,,não
15391,,Geostationary,,não
15398,,Parus,,não
15427,,Amateur radio,,não
15427,,NOAA,,não
15429,,Molniya,,não
15432,,Space & Earth Science,,não
15449,,Space & Earth Science,,não
15453,,Geostationary,,não
15464,,Space & Earth Science,,não
15469,,Strela,,não
15470,,Strela,,não
15471,,Strela,,não
15472,,Strela,,não
15473,,Strela,,não
15474,,Strela,,não
15482,,Strela,,não
15483,,Brightest,,não
15484,,Gorizont,,não
15505,,Parus,,não
15516,,Space & Earth Science,,não
15543,,Military,,não
15546,,Military,,não
15560,,Geostationary,,não
15561,,Geostationary,,não
15574,,Military,,não
15595,,Space & Earth Science,,não
15597,,Parus,,não
15617,,Strela,,não
15618,,Strela,,não
15619,,Strela,,não
15620,,Strela,,não
15621,,Strela,,não
15622,,Strela,,não
15623,,Strela,,não
15624,,Strela,,não
15626,,Geostationary,,não
15629,,Intelsat,,não
15642,,Geostationary,,não
15643,,Geostationary,,não
15677,,Geostationary,,não
15677,,TV,,não
15678,,Geostationary,,não
15697,,Glonass Constellation,,não
15698,,Glonass Constellation,,não
15699,,Glonass Constellation,,não
15738,,Molniya,,não
15751,,Tsikada,,não
15755,,Tselina,,não
15772,,Brightest,,não
15821,,Geodetic,,não
15824,,Geostationary,,não
15825,,Geostationary,,não
15826,,Geostationary,,não
15827,,Military,,não
15873,,Geostationary,,não
15873,,Intelsat,,não
15875,,Space & Earth Science,,não
15930,,Military,,não
15935,,Navy Navigation Satellite System,,não
15936,,Navy Navigation Satellite System,,não
15945,,Brightest,,não
15946,,Raduga,,não
15952,,Military,,não
15967,,Space & Earth Science,,não
15986,,Military,,não
15993,,Geostationary,,não
15994,,Geostationary,,não
15995,,Geostationary,,não
16011,,Strela,,não
16064,,Military,,não
16101,,Intelsat,,não
16103,,Military,,não
16116,,Military,,não
16117,,Military,,não
16129,,Global Positioning System (GPS) Constellation,,não
16138,,Strela,,não
16139,,Strela,,não
16140,,Strela,,não
16141,,Strela,,não
16142,,Strela,,não
16143,,Strela,,não
16181,,Tselina,,não
16182,,Brightest,,não
16183,,Military,,não
16191,,Space & Earth Science,,não
16199,,Geostationary,,não
16250,,Raduga,,não
16262,,Tselina,,não
16274,,Geostationary,,não
16275,,Geostationary,,não
16276,,Geostationary,,não
16291,,Parus,,não
16326,,Tselina,,não
16368,,Parus,,não
16393,,Molniya,,não
16396,,Glonass Constellation,,não
16397,,Glonass Constellation,,não
16398,,Glonass Constellation,,não
16408,,Space & Earth Science,,não
16449,,Strela,,não
16450,,Strela,,não
16451,,Strela,,não
16452,,Strela,,não
16453,,Strela,,não
16454,,Strela,,não
16455,,Strela,,não
16456,,Strela,,não
16482,,Geostationary,,não
16493,,Parus,,não
16496,,Brightest,,não
16497,,Raduga,,não
16510,,Tsikada,,não
16526,,Geostationary,,não
16527,,Military,,não
16591,,Military,,não
16593,,Geodetic,,não
16597,,Geostationary,,não
16613,,Earth resources,,não
16614,,Space & Earth Science,,não
16624,,Military,,não
16625,,Military,,não
16631,,Military,,não
16647,,Military,,não
16649,,Geostationary,,não
16650,,Geostationary,,não
16667,,Geostationary,,não
16681,,Strela,,não
16719,,Tselina,,não
16727,,Parus,,não
16729,,Geostationary,,não
16735,,Space & Earth Science,,não
16758,,Strela,,não
16759,,Strela,,não
16760,,Strela,,não
16761,,Strela,,não
16762,,Strela,,não
16763,,Strela,,não
16764,,Strela,,não
16765,,Strela,,não
16769,,Gorizont,,não
16791,,Tselina,,não
16792,,Brightest,,não
16798,,Parus,,não
16849,,Military,,não
16860,,Strela,,não
16881,,Earth resources,,não
16882,,Brightest,,não
16908,,Geodetic,,não
16909,,Amateur radio,,não
16917,,Military,,não
16952,,Strela,,não
16961,,Glonass Constellation,,não
16962,,Glonass Constellation,,não
16963,,Glonass Constellation,,não
16969,,Amateur radio,,não
16969,,NOAA,,não
16986,,Tselina,,não
17046,,Raduga,,não
17066,,Tsikada,,não
17070,,Navy Navigation Satellite System,,não
17078,,Molniya,,não
17083,,Gorizont,,não
17138,,Strela,,não
17139,,Strela,,não
17140,,Strela,,não
17141,,Strela,,não
17142,,Strela,,não
17143,,Strela,,não
17144,,Strela,,não
17145,,Strela,,não
17159,,Parus,,não
17177,,Geodetic,,não
17181,,Geostationary,,não
17191,,Tselina,,não
17213,,Military,,não
17239,,Parus,,não
17241,,Space & Earth Science,,não
17290,,Space & Earth Science,,não
17303,,Strela,,não
17328,,Molniya,,não
17359,,Tsikada,,não
17369,,Military,,não
17506,,Military,,não
17525,,Parus,,não
17527,,Earth resources,,não
17535,,Geodetic,,não
17561,,Geostationary,,não
17561,,TV,,não
17561,,GOES,,não
17567,,Brightest,,não
17582,,Strela,,não
17583,,Strela,,não
17584,,Strela,,não
17585,,Strela,,não
17586,,Strela,,não
17587,,Strela,,não
17589,,Brightest,,não
17589,,Tselina,,não
17590,,Brightest,,não
17611,,Raduga,,não
17706,,Geostationary,,não
17911,,Tselina,,não
17912,,Brightest,,não
17969,,Gorizont,,não
17973,,Brightest,,não
17973,,Tselina,,não
17997,,Military,,não
18009,,Military,,não
18010,,Military,,não
18025,,Military,,não
18095,,Strela,,não
18103,,Military,,não
18113,,Strela,,não
18114,,Strela,,não
18115,,Strela,,não
18116,,Strela,,não
18117,,Strela,,não
18118,,Strela,,não
18119,,Strela,,não
18120,,Strela,,não
18122,,Military,,não
18123,,Space & Earth Science,,não
18129,,Amateur radio,,não
18129,,Tsikada,,não
18152,,Tselina,,não
18153,,Brightest,,não
18160,,Parus,,não
18187,,Brightest,,não
18187,,Military,,não
18214,,Earth resources,,não
18312,,Space & Earth Science,,não
18316,,Geostationary,,não
18328,,Geostationary,,não
18334,,Strela,,não
18335,,Strela,,não
18336,,Strela,,não
18337,,Strela,,não
18338,,Strela,,não
18339,,Strela,,não
18350,,Geostationary,,não
18350,,TV,,não
18351,,Geostationary,,não
18355,,Glonass Constellation,,não
18356,,Glonass Constellation,,não
18357,,Glonass Constellation,,não
18361,,Navy Navigation Satellite System,,não
18362,,Navy Navigation Satellite System,,não
18384,,Geostationary,,não
18402,,Parus,,não
18443,,Military,,não
18543,,Westford Needles,,não
18570,,Geostationary,,não
18575,,Geostationary,,não
18583,,Geostationary,,não
18585,,Strela,,não
18615,,Westford Needles,,não
18631,,Raduga,,não
18665,,Military,,não
18688,,Westford Needles,,não
18701,,Military,,não
18709,,Parus,,não
18715,,Geostationary,,não
18749,,Brightest,,não
18788,,Strela,,não
18789,,Strela,,não
18790,,Strela,,não
18791,,Strela,,não
18792,,Strela,,não
18793,,Strela,,não
18820,,Space & Earth Science,,não
18822,,Space & Earth Science,,não
18877,,Geostationary,,não
18881,,Military,,não
18922,,Geostationary,,não
18937,,Strela,,não
18938,,Strela,,não
18939,,Strela,,não
18940,,Strela,,não
18941,,Strela,,não
18942,,Strela,,não
18943,,Strela,,não
18944,,Strela,,não
18946,,Molniya,,não
18951,,Geostationary,,não
18952,,Geostationary,,não
18957,,Military,,não
18958,,Brightest,,não
18958,,Tselina,,não
18960,,Earth resources,,não
18962,,Westford Needles,,não
18985,,Parus,,não
19017,,Gorizont,,não
19030,,Westford Needles,,não
19038,,Strela,,não
19046,,Brightest,,não
19051,,Westford Needles,,não
19059,,Westford Needles,,não
19070,,Navy Navigation Satellite System,,não
19071,,Navy Navigation Satellite System,,não
19073,,Geostationary,,não
19090,,Geostationary,,não
19109,,Westford Needles,,não
19119,,Tselina,,não
19120,,Brightest,,não
19121,,Intelsat,,não
19163,,Glonass Constellation,,não
19164,,Glonass Constellation,,não
19165,,Glonass Constellation,,não
19195,,Geodetic,,não
19210,,Brightest,,não
19210,,Tselina,,não
19215,,Geostationary,,não
19217,,Geostationary,,não
19223,,Navy Navigation Satellite System,,não
19256,,Strela,,não
19257,,Brightest,,não
19274,,Earth resources,,não
19281,,Space & Earth Science,,não
19287,,Space & Earth Science,,não
19299,,Westford Needles,,não
19324,,Parus,,não
19330,,Geostationary,,não
19331,,Geostationary,,não
19336,,Space & Earth Science,,não
19344,,Geostationary,,não
19397,,Gorizont,,não
19419,,Navy Navigation Satellite System,,não
19420,,Navy Navigation Satellite System,,não
19458,,Military,,não
19460,,Military,,não
19467,,Weather,,não
19483,,Geostationary,,não
19483,,TV,,não
19484,,Geostationary,,não
19501,,Glonass Constellation,,não
19502,,Glonass Constellation,,não
19503,,Glonass Constellation,,não
19508,,Geostationary,,não
19531,,Amateur radio,,não
19531,,NOAA,,não
19548,,Geostationary,,não
19548,,TV,,não
19548,,Tracking and Data Relay Satellite System,,não
19554,,Military,,não
19573,,Brightest,,não
19573,,Tselina,,não
19574,,Brightest,,não
19596,,Raduga,,não
19608,,Military,,não
19621,,Geostationary,,não
19649,,Tselina,,não
19650,,Brightest,,não
19671,,Military,,não
19683,,Geostationary,,não
19687,,Geostationary,,não
19688,,Geostationary,,não
19710,,Geostationary,,não
19749,,Glonass Constellation,,não
19750,,Glonass Constellation,,não
19751,,Glonass Constellation,,não
19765,,Gorizont,,não
19769,,Strela,,não
19772,,Intelsat,,não
19785,,Strela,,não
19786,,Strela,,não
19787,,Strela,,não
19788,,Strela,,não
19789,,Strela,,não
19790,,Strela,,não
19802,,Global Positioning System (GPS) Constellation,,não
19807,,Molniya,,não
19826,,Parus,,não
19851,,Space & Earth Science,,não
19874,,Geostationary,,não
19876,,Geostationary,,não
19883,,Geostationary,,não
19883,,TV,,não
19883,,Tracking and Data Relay Satellite System,,não
19891,,Westford Needles,,não
19902,,Strela,,não
19903,,Strela,,não
19904,,Strela,,não
19905,,Strela,,não
19906,,Strela,,não
19907,,Strela,,não
19908,,Strela,,não
19909,,Strela,,não
19919,,Geostationary,,não
19921,,Parus,,não
19928,,Raduga,,não
19946,,Westford Needles,,não
19976,,Military,,não
20005,,Westford Needles,,não
20024,,Glonass Constellation,,não
20025,,Glonass Constellation,,não
20026,,Glonass Constellation,,não
20040,,Geostationary,,não
20041,,Geostationary,,não
20045,,Parus,,não
20061,,Global Positioning System (GPS) Constellation,,não
20066,,Military,,não
20083,,Raduga,,não
20103,,Russian LEO Navigation,,não
20107,,Gorizont,,não
20122,,Geostationary,,não
20149,,Parus,,não
20167,,Military,,não
20168,,Geostationary,,não
20169,,Space & Earth Science,,não
20185,,Global Positioning System (GPS) Constellation,,não
20193,,Geostationary,,não
20196,,Geodetic,,não
20202,,Military,,não
20203,,Military,,não
20217,,Geostationary,,não
20220,,Military,,não
20232,,Strela,,não
20233,,Strela,,não
20234,,Strela,,não
20235,,Strela,,não
20236,,Strela,,não
20237,,Strela,,não
20253,,Geostationary,,não
20261,,Brightest,,não
20261,,Space & Earth Science,,não
20262,,Brightest,,não
20263,,Gorizont,,não
20281,,Space & Earth Science,,não
20302,,Global Positioning System (GPS) Constellation,,não
20305,,Space & Earth Science,,não
20315,,Geostationary,,não
20315,,Intelsat,,não
20315,,TV,,não
20322,,Space & Earth Science,,não
20323,,Brightest,,não
20330,,Military,,não
20355,,Military,,não
20361,,Global Positioning System (GPS) Constellation,,não
20367,,Raduga,,não
20391,,Geostationary,,não
20401,,Geostationary,,não
20402,,Geostationary,,não
20410,,Geostationary,,não
20432,,Strela,,não
20436,,Earth resources,,não
20437,,Amateur radio,,não
20438,,Amateur radio,,não
20439,,Amateur radio,,não
20440,,Amateur radio,,não
20441,,Amateur radio,,não
20442,,Amateur radio,,não
20452,,Global Positioning System (GPS) Constellation,,não
20453,,Brightest,,não
20465,,Brightest,,não
20465,,Tselina,,não
20466,,Brightest,,não
20473,,Geostationary,,não
20478,,Earth resources,,não
20479,,Engineering,,não
20480,,Amateur radio,,não
20499,,Raduga,,não
20508,,Russian LEO Navigation,,não
20510,,Earth resources,,não
20511,,Brightest,,não
20516,,Military,,não
20523,,Geostationary,,não
20523,,Intelsat,,não
20523,,TV,,não
20527,,Parus,,não
20533,,Global Positioning System (GPS) Constellation,,não
20536,,Military,,não
20547,,Military,,não
20549,,Strela,,não
20550,,Strela,,não
20551,,Strela,,não
20552,,Strela,,não
20553,,Strela,,não
20554,,Strela,,não
20555,,Strela,,não
20556,,Strela,,não
20558,,Geostationary,,não
20560,,Military,,não
20561,,Military,,não
20562,,Military,,não
20570,,Geostationary,,não
20577,,Parus,,não
20580,,Brightest,,não
20580,,Space & Earth Science,,não
20580,,Tracking and Data Relay Satellite System,,não
20596,,Military,,não
20607,,Experimental,,não
20608,,Experimental,,não
20618,,Space & Earth Science,,não
20619,,Glonass Constellation,,não
20620,,Glonass Constellation,,não
20621,,Glonass Constellation,,não
20624,,Tselina,,não
20625,,Brightest,,não
20641,,Military,,não
20643,,Geostationary,,não
20643,,TV,,não
20659,,Gorizont,,não
20663,,Brightest,,não
20663,,Military,,não
20666,,Brightest,,não
20667,,Geostationary,,não
20667,,Intelsat,,não
20670,,Space & Earth Science,,não
20682,,Military,,não
20691,,Military,,não
20692,,Military,,não
20693,,Geostationary,,não
20705,,Geostationary,,não
20706,,Geostationary,,não
20707,,Military,,não
20712,,Space & Earth Science,,não
20720,,Geodetic,,não
20724,,Global Positioning System (GPS) Constellation,,não
20735,,Strela,,não
20736,,Strela,,não
20737,,Strela,,não
20738,,Strela,,não
20739,,Strela,,não
20740,,Strela,,não
20762,,Geostationary,,não
20771,,Geostationary,,não
20774,,Space & Earth Science,,não
20775,,Brightest,,não
20776,,Geostationary,,não
20777,,Geostationary,,não
20788,,Weather,,não
20804,,Parus,,não
20826,,Space & Earth Science,,não
20830,,Global Positioning System (GPS) Constellation,,não
20842,,Space & Earth Science,,não
20872,,Geostationary,,não
20872,,TV,,não
20873,,Geostationary,,não
20918,,Geostationary,,não
20918,,TV,,não
20923,,Gorizont,,não
20929,,Geostationary,,não
20945,,Geostationary,,não
20946,,Geostationary,,não
20953,,Gorizont,,não
20959,,Global Positioning System (GPS) Constellation,,não
20963,,Military,,não
20978,,Space & Earth Science,,não
21006,,Glonass Constellation,,não
21007,,Glonass Constellation,,não
21008,,Glonass Constellation,,não
21014,,Strela,,não
21016,,Raduga,,não
21028,,Strela,,não
21029,,Strela,,não
21030,,Strela,,não
21031,,Strela,,não
21032,,Strela,,não
21033,,Strela,,não
21038,,Raduga,,não
21047,,Geostationary,,não
21055,,Geostationary,,não
21056,,Geostationary,,não
21087,,Amateur radio,,não
21087,,Experimental,,não
21088,,Brightest,,não
21089,,Amateur radio,,não
21089,,Tsikada,,não
21100,,Strela,,não
21101,,Strela,,não
21102,,Strela,,não
21103,,Strela,,não
21104,,Strela,,não
21105,,Strela,,não
21106,,Strela,,não
21107,,Strela,,não
21111,,Geostationary,,não
21111,,Military,,não
21118,,Molniya,,não
21130,,Parus,,não
21132,,Raduga,,não
21139,,Geostationary,,não
21140,,Geostationary,,não
21140,,Weather,,não
21147,,Military,,não
21149,,Geostationary,,não
21149,,TV,,não
21152,,Russian LEO Navigation,,não
21196,,Molniya,,não
21216,,Glonass Constellation,,não
21217,,Glonass Constellation,,não
21218,,Glonass Constellation,,não
21222,,Geostationary,,não
21227,,Geostationary,,não
21230,,Parus,,não
21232,,Space & Earth Science,,não
21262,,Military,,não
21263,,Amateur radio,,não
21263,,Weather,,não
21263,,NOAA,,não
21299,,Strela,,não
21300,,Strela,,não
21301,,Strela,,não
21302,,Strela,,não
21303,,Strela,,não
21304,,Strela,,não
21392,,Geostationary,,não
21397,,Brightest,,não
21397,,Earth resources,,não
21418,,Strela,,não
21422,,Brightest,,não
21422,,Tselina,,não
21423,,Brightest,,não
21426,,Molniya,,não
21527,,Space & Earth Science,,não
21533,,Gorizont,,não
21552,,Global Positioning System (GPS) Constellation,,não
21574,,Brightest,,não
21574,,Earth resources,,não
21575,,Amateur radio,,não
21576,,Orbcomm,,não
21577,,Experimental,,não
21578,,Space & Earth Science,,não
21610,,Brightest,,não
21639,,Geostationary,,não
21639,,TV,,não
21639,,Tracking and Data Relay Satellite System,,não
21653,,Geostationary,,não
21653,,Intelsat,,não
21653,,TV,,não
21655,,Space & Earth Science,,não
21660,,Westford Needles,,não
21666,,Parus,,não
21668,,Geostationary,,não
21688,,Earth resources,,não
21702,,Military,,não
21706,,Molniya,,não
21726,,Geostationary,,não
21728,,Strela,,não
21729,,Strela,,não
21730,,Strela,,não
21731,,Strela,,não
21732,,Strela,,não
21733,,Strela,,não
21759,,Gorizont,,não
21765,,Geostationary,,não
21765,,Intelsat,,não
21765,,TV,,não
21775,,Military,,não
21779,,Strela,,não
21780,,Strela,,não
21781,,Strela,,não
21782,,Strela,,não
21783,,Strela,,não
21784,,Strela,,não
21789,,Geostationary,,não
21796,,Parus,,não
21798,,Space & Earth Science,,não
21799,,Military,,não
21803,,Geostationary,,não
21805,,Military,,não
21808,,Military,,não
21809,,Military,,não
21813,,Geostationary,,não
21814,,Geostationary,,não
21814,,TV,,não
21819,,Brightest,,não
21820,,Brightest,,não
21821,,Raduga,,não
21833,,Geostationary,,não
21835,,Space & Earth Science,,não
21853,,Glonass Constellation,,não
21854,,Glonass Constellation,,não
21855,,Glonass Constellation,,não
21873,,Military,,não
21875,,Parus,,não
21876,,Brightest,,não
21890,,Global Positioning System (GPS) Constellation,,não
21893,,Geostationary,,não
21894,,Geostationary,,não
21902,,Tsikada,,não
21906,,Geostationary,,não
21922,,Geostationary,,não
21922,,Gorizont,,não
21930,,Global Positioning System (GPS) Constellation,,não
21937,,Parus,,não
21938,,Brightest,,não
21939,,Geostationary,,não
21940,,Geostationary,,não
21940,,TV,,não
21949,,Military,,não
21964,,Geostationary,,não
21976,,Strela,,não
21977,,Strela,,não
21978,,Strela,,não
21979,,Strela,,não
21980,,Strela,,não
21981,,Strela,,não
21982,,Strela,,não
21983,,Strela,,não
21989,,Intelsat,,não
22006,,Parus,,não
22009,,Military,,não
22014,,Global Positioning System (GPS) Constellation,,não
22027,,Geostationary,,não
22028,,Geostationary,,não
22034,,Strela,,não
22035,,Strela,,não
22036,,Strela,,não
22037,,Strela,,não
22038,,Strela,,não
22039,,Strela,,não
22041,,Geostationary,,não
22041,,Gorizont,,não
22049,,Space & Earth Science,,não
22056,,Glonass Constellation,,não
22057,,Glonass Constellation,,não
22058,,Glonass Constellation,,não
22076,,Earth resources,,não
22077,,Amateur radio,,não
22078,,Experimental,,não
22080,,Strela,,não
22087,,Geostationary,,não
22087,,TV,,não
22096,,Geostationary,,não
22108,,Global Positioning System (GPS) Constellation,,não
22112,,Military,,não
22116,,Geostationary,,não
22117,,Geostationary,,não
22117,,TV,,não
22136,,Space & Earth Science,,não
22161,,Space & Earth Science,,não
22175,,Geostationary,,não
22178,,Molniya,,não
22182,,Strela,,não
22183,,Strela,,não
22184,,Strela,,não
22185,,Strela,,não
22186,,Strela,,não
22187,,Strela,,não
22195,,Geodetic,,não
22205,,Geostationary,,não
22207,,Parus,,não
22210,,Geostationary,,não
22219,,Tselina,,não
22220,,Brightest,,não
22231,,Global Positioning System (GPS) Constellation,,não
22236,,Tselina,,não
22245,,Geostationary,,não
22245,,Gorizont,,não
22245,,TV,,não
22253,,Geostationary,,não
22253,,TV,,não
22269,,Geostationary,,não
22269,,Military,,não
22275,,Global Positioning System (GPS) Constellation,,não
22282,,Geodetic,,não
22284,,Tselina,,não
22285,,Brightest,,não
22286,,Brightest,,não
22286,,Tselina,,não
22307,,Tsikada,,não
22314,,Geostationary,,não
22314,,TV,,não
22314,,Tracking and Data Relay Satellite System,,não
22321,,Military,,não
22446,,Global Positioning System (GPS) Constellation,,não
22487,,Parus,,não
22489,,Engineering,,não
22490,,Space & Earth Science,,não
22512,,Glonass Constellation,,não
22513,,Glonass Constellation,,não
22514,,Glonass Constellation,,não
22518,,Military,,não
22557,,Geostationary,,não
22557,,Raduga,,não
22561,,Experimental,,não
22563,,Geostationary,,não
22565,,Tselina,,não
22566,,Brightest,,não
22581,,Global Positioning System (GPS) Constellation,,não
22590,,Parus,,não
22626,,Brightest,,não
22626,,Tselina,,não
22638,,Space & Earth Science,,não
22646,,Strela,,não
22647,,Strela,,não
22648,,Strela,,não
22649,,Strela,,não
22650,,Strela,,não
22651,,Strela,,não
22653,,Geostationary,,não
22653,,TV,,não
22654,,Amateur radio,,não
22657,,Global Positioning System (GPS) Constellation,,não
22671,,Molniya,,não
22675,,Strela,,não
22687,,Strela,,não
22688,,Strela,,não
22689,,Strela,,não
22690,,Strela,,não
22691,,Strela,,não
22692,,Strela,,não
22694,,Geostationary,,não
22698,,Military,,não
22700,,Global Positioning System (GPS) Constellation,,não
22719,,Military,,não
22723,,Geostationary,,não
22724,,Geostationary,,não
22739,,Amateur radio,,não
22739,,NOAA,,não
22779,,Global Positioning System (GPS) Constellation,,não
22782,,Space & Earth Science,,não
22783,,Space & Earth Science,,não
22787,,Military,,não
22796,,Geostationary,,não
22802,,Tselina,,não
22803,,Brightest,,não
22823,,Earth resources,,não
22824,,Geodetic,,não
22825,,Amateur radio,,não
22826,,Amateur radio,,não
22827,,Experimental,,não
22828,,Amateur radio,,não
22829,,Amateur radio,,não
22830,,Brightest,,não
22836,,Geostationary,,não
22836,,Raduga,,não
22871,,Geostationary,,não
22871,,Intelsat,,não
22871,,TV,,não
22877,,Global Positioning System (GPS) Constellation,,não
22880,,Geostationary,,não
22880,,Gorizont,,não
22880,,TV,,não
22888,,Parus,,não
22907,,Geostationary,,não
22907,,Gorizont,,não
22907,,TV,,não
22911,,Geostationary,,não
22911,,TV,,não
22912,,Geostationary,,não
22912,,Weather,,não
22912,,TV,,não
22915,,Military,,não
22921,,Geostationary,,não
22927,,Geostationary,,não
22930,,Geostationary,,não
22930,,TV,,não
22931,,Geostationary,,não
22931,,TV,,não
22949,,Molniya,,não
22963,,Geostationary,,não
22969,,Space & Earth Science,,não
22970,,Experimental,,não
22973,,Space & Earth Science,,não
22979,,Experimental,,não
22981,,Raduga,,não
22988,,Geostationary,,não
22988,,Military,,não
22992,,Engineering,,não
22993,,Engineering,,não
22996,,Space & Earth Science,,não
22999,,Strela,,não
23000,,Strela,,não
23001,,Strela,,não
23002,,Strela,,não
23003,,Strela,,não
23004,,Strela,,não
23010,,Raduga,,não
23016,,Geostationary,,não
23027,,Global Positioning System (GPS) Constellation,,não
23030,,Military,,não
23031,,Military,,não
23043,,Glonass Constellation,,não
23044,,Glonass Constellation,,não
23045,,Glonass Constellation,,não
23051,,Geostationary,,não
23051,,GOES,,não
23087,,Brightest,,não
23087,,Tselina,,não
23088,,Brightest,,não
23092,,Parus,,não
23097,,Military,,não
23105,,Military,,não
23108,,Gorizont,,não
23124,,Geostationary,,não
23124,,Intelsat,,não
23124,,TV,,não
23125,,Military,,não
23132,,Military,,não
23168,,Military,,não
23175,,Geostationary,,não
23175,,TV,,não
23176,,Geostationary,,não
23176,,TV,,não
23179,,Russian LEO Navigation,,não
23185,,Geostationary,,não
23185,,TV,,não
23189,,Military,,não
23192,,Geostationary,,não
23192,,TV,,não
23194,,Military,,não
23199,,Geostationary,,não
23199,,TV,,não
23200,,Geostationary,,não
23203,,Glonass Constellation,,não
23204,,Glonass Constellation,,não
23205,,Glonass Constellation,,não
23223,"Mercury 1 (Advanced Vortex 1,  105)",Military,A — sensoriamento remoto; C — sinais cooperativos (AIS/ADS-B/RF),sim
23227,,Geostationary,,não
23227,,TV,,não
23230,,Geostationary,,não
23233,,Space & Earth Science,,não
23267,,Geostationary,,não
23278,,Space & Earth Science,,não
23305,,Geostationary,,não
23305,,Intelsat,,não
23305,,TV,,não
23313,,Geostationary,,não
23313,,TV,,não
23314,,Geostationary,,não
23314,,TV,,não
23317,,Earth resources,,não
23319,,Geostationary,,não
23323,,Earth resources,,não
23327,,Geostationary,,não
23331,,Geostationary,,não
23331,,TV,,não
23333,,Space & Earth Science,,não
23342,,Earth resources,,não
23343,,Brightest,,não
23396,,Glonass Constellation,,não
23397,,Glonass Constellation,,não
23398,,Glonass Constellation,,não
23404,,Tselina,,não
23405,,Brightest,,não
23411,,Geodetic,,não
23413,,Geostationary,,não
23413,,TV,,não
23415,,Geostationary,,não
23420,,Molniya,,não
23426,,Geostationary,,não
23431,,Strela,,não
23435,,Military,,não
23439,,Amateur radio,,não
23441,,Strela,,não
23442,,Strela,,não
23443,,Strela,,não
23444,,Strela,,não
23445,,Strela,,não
23446,,Strela,,não
23448,,Geostationary,,não
23448,,Raduga,,não
23448,,TV,,não
23455,,Amateur radio,,não
23455,,NOAA,,não
23461,,Geostationary,,não
23461,,Intelsat,,não
23461,,TV,,não
23463,,Tsikada,,não
23464,,Space & Earth Science,,não
23465,,Military,,não
23467,,Military,,não
23473,,Engineering,,não
23511,,Glonass Constellation,,não
23512,,Glonass Constellation,,não
23513,,Glonass Constellation,,não
23522,,Weather,,não
23526,,Parus,,não
23528,,Geostationary,,não
23528,,Intelsat,,não
23528,,TV,,não
23533,,Weather,,não
23533,,Military,,não
23536,,Geostationary,,não
23536,,TV,,não
23537,,Geostationary,,não
23537,,TV,,não
23545,,Orbcomm,,não
23546,,Orbcomm,,não
23547,,Space & Earth Science,,não
23553,,Geostationary,,não
23553,,TV,,não
23561,,Brightest,,não
23567,,Military,,não
23571,,Geostationary,,não
23571,,Intelsat,,não
23571,,TV,,não
23581,,Geostationary,,não
23581,,GOES,,não
23589,,Military,,não
23598,,Geostationary,,não
23603,,Tsikada,,não
23605,,Military,,não
23606,,Experimental,,não
23607,,Amateur radio,,não
23607,,Experimental,,não
23609,,Military,,não
23613,,Geostationary,,não
23613,,TV,,não
23613,,Tracking and Data Relay Satellite System,,não
23620,,Glonass Constellation,,não
23621,,Glonass Constellation,,não
23622,,Glonass Constellation,,não
23628,,Military,,não
23636,,Geostationary,,não
23636,,TV,,não
23639,,Geostationary,,não
23642,,Molniya,,não
23646,,Space & Earth Science,,não
23649,,Geostationary,,não
23651,,Geostationary,,não
23653,,Geostationary,,não
23657,,Earth resources,,não
23670,,Geostationary,,não
23680,,Geostationary,,não
23680,,TV,,não
23686,,Geostationary,,não
23686,,TV,,não
23696,,Military,,não
23704,,Tselina,,não
23705,,Brightest,,não
23710,,Earth resources,,não
23711,,Experimental,,não
23712,,Geostationary,,não
23712,,Military,,não
23715,,Space & Earth Science,,não
23717,,Geostationary,,não
23723,,Geostationary,,não
23723,,TV,,não
23726,,Space & Earth Science,,não
23730,,Geostationary,,não
23730,,TV,,não
23731,,Geostationary,,não
23734,,Glonass Constellation,,não
23735,,Glonass Constellation,,não
23736,,Glonass Constellation,,não
23741,,Geostationary,,não
23751,,Earth resources,,não
23752,,Space & Earth Science,,não
23754,,Geostationary,,não
23754,,TV,,não
23764,,Geostationary,,não
23764,,TV,,não
23765,,Geostationary,,não
23768,,Geostationary,,não
23768,,TV,,não
23773,,Parus,,não
23775,,Geostationary,,não
23775,,Gorizont,,não
23775,,TV,,não
23779,,Geostationary,,não
23779,,TV,,não
23781,,Geostationary,,não
23787,,Gonets,,não
23788,,Gonets,,não
23789,,Gonets,,não
23790,,Strela,,não
23791,,Strela,,não
23792,,Strela,,não
23802,,Space & Earth Science,,não
23814,,Military,,não
23816,,Geostationary,,não
23816,,Intelsat,,não
23816,,TV,,não
23827,,Earth resources,,não
23833,,Global Positioning System (GPS) Constellation,,não
23839,,Geostationary,,não
23839,,Satellite-Based Augmentation System,,não
23842,,Geostationary,,não
23842,,TV,,não
23846,,Geostationary,,não
23846,,TV,,não
23851,,Space & Earth Science,,não
23855,"Mercury 2 (Advanced Vortex 2,  118)",Military,A — sensoriamento remoto; C — sinais cooperativos (AIS/ADS-B/RF),sim
23862,,Military,,não
23864,,Geostationary,,não
23864,,TV,,não
23865,,Geostationary,,não
23865,,TV,,não
23877,,Geostationary,,não
23877,,TV,,não
23880,,Geostationary,,não
23880,,Gorizont,,não
23880,,TV,,não
23893,,Military,,não
23907,,Military,,não
23908,,Military,,não
23915,,Geostationary,,não
23915,,Intelsat,,não
23915,,TV,,não
23936,,Military,,não
23940,,Earth resources,,não
23943,,Geostationary,,não
23943,,TV,,não
23945,,Military,,não
23948,,Geostationary,,não
23949,,Geostationary,,não
23949,,TV,,não
23953,,Global Positioning System (GPS) Constellation,,não
23967,,Military,,não
24208,,Geostationary,,não
24209,,Geostationary,,não
24209,,TV,,não
24277,,Earth resources,,não
24278,,Amateur radio,,não
24282,,Geostationary,,não
24285,,Space & Earth Science,,não
24292,,Space & Earth Science,,não
24293,,Space & Earth Science,,não
24297,,Tselina,,não
24298,,Brightest,,não
24304,,Parus,,não
24305,,Amateur radio,,não
24305,,Space & Earth Science,,não
24307,,Geostationary,,não
24307,,Satellite-Based Augmentation System,,não
24307,,TV,,não
24313,,Geostationary,,não
24313,,TV,,não
24315,,Geostationary,,não
24315,,TV,,não
24320,,Global Positioning System (GPS) Constellation,,não
24435,,Geostationary,,não
24648,,Space & Earth Science,,não
24652,,Geostationary,,não
24652,,TV,,não
24653,,Geostationary,,não
24653,,TV,,não
24665,,Geostationary,,não
24665,,TV,,não
24674,,Geostationary,,não
24674,,Satellite-Based Augmentation System,,não
24674,,TV,,não
24677,,Parus,,não
24680,,Military,,não
24713,,Geostationary,,não
24713,,TV,,não
24714,,Geostationary,,não
24714,,TV,,não
24720,,Space & Earth Science,,não
24725,,Strela,,não
24726,,Strela,,não
24727,,Strela,,não
24728,,Gonets,,não
24729,,Gonets,,não
24730,,Gonets,,não
24732,,Geostationary,,não
24732,,TV,,não
24737,,Military,,não
24742,,Geostationary,,não
24742,,Intelsat,,não
24742,,TV,,não
24748,,Geostationary,,não
24753,"DMSP 5D-2 F14 (Defense Meteorological Satellites Program, USA 131)",Weather,A — sensoriamento remoto,sim
24761,,Military,,não
24768,,Geostationary,,não
24769,,Geostationary,,não
24769,,TV,,não
24772,,Parus,,não
24786,,Geostationary,,não
24786,,Weather,,não
24786,,TV,,não
24786,,GOES,,não
24786,,Search & rescue,,não
24793,,Iridium,,não
24795,,Iridium,,não
24796,,Iridium,,não
24798,,Geostationary,,não
24800,,Military,,não
24808,,Geostationary,,não
24808,,TV,,não
24812,,Geostationary,,não
24812,,TV,,não
24819,,Geostationary,,não
24819,,Satellite-Based Augmentation System,,não
24819,,TV,,não
24820,,Geostationary,,não
24827,,Military,,não
24834,,Geostationary,,não
24834,,Weather,,não
24836,,Iridium,,não
24841,,Iridium,,não
24842,,Iridium,,não
24846,,Geostationary,,não
24846,,Intelsat,,não
24846,,TV,,não
24870,,Iridium,,não
24871,,Iridium,,não
24876,,GPS Operational,,não
24876,,Global Positioning System (GPS) Constellation,,não
24880,,Geostationary,,não
24880,,TV,,não
24883,,Brightest,,não
24883,,Weather,,não
24883,,Earth resources,,não
24891,,Geostationary,,não
24894,,Military,,não
24901,,Geostationary,,não
24901,,TV,,não
24903,,Iridium,,não
24907,,Iridium,,não
24912,,Space & Earth Science,,não
24916,,Geostationary,,não
24920,FORTÉ (Fast On-orbit Recording of Transient Events),Military,A — sensoriamento remoto,sim
24925,,Iridium,,não
24926,,Iridium,,não
24931,,Geostationary,,não
24931,,TV,,não
24932,,Geostationary,,não
24932,,Weather,,não
24932,,TV,,não
24936,,Geostationary,,não
24936,,TV,,não
24944,,Iridium,,não
24946,,Iridium,,não
24948,,Iridium,,não
24953,,Military,,não
24953,,Parus,,não
24954,,Experimental,,não
24957,,Geostationary,,não
24957,,Intelsat,,não
24957,,TV,,não
24960,,Molniya,,não
24967,,Iridium,,não
24971,,Earth resources,,não
25004,,Geostationary,,não
25004,,TV,,não
25010,,Geostationary,,não
25010,,TV,,não
25017,,Military,,não
25019,,Geostationary,,não
25023,,Engineering,,não
25024,,Engineering,,não
25025,,Engineering,,não
25030,,Global Positioning System (GPS) Constellation,,não
25034,"Trumpet 3 (NROL-4, National Reconnaissance Office Launch-4, USA 136)",Military,A — sensoriamento remoto; C — sinais cooperativos (AIS/ADS-B/RF),sim
25042,,Iridium,,não
25043,,Iridium,,não
25045,,Geostationary,,não
25049,,Geostationary,,não
25049,,TV,,não
25050,,Geostationary,,não
25050,,TV,,não
25067,,Geostationary,,não
25068,,Space & Earth Science,,não
25071,,Geostationary,,não
25071,,TV,,não
25077,,Iridium,,não
25078,,Iridium,,não
25086,,Geostationary,,não
25086,,TV,,não
25104,,Iridium,,não
25105,,Iridium,,não
25110,,Intelsat,,não
25112,ORBCOMM FM-8 (ORBCOMM A1),Orbcomm,B — coleta de plataformas (DCS/IoT),sim
25113,ORBCOMM FM-10 (ORBCOMM A2),Orbcomm,B — coleta de plataformas (DCS/IoT),sim
25114,ORBCOMM FM-11 (ORBCOMM A3),Orbcomm,B — coleta de plataformas (DCS/IoT),sim
25115,ORBCOMM FM-12 (ORBCOMM A4),Orbcomm,B — coleta de plataformas (DCS/IoT),sim
25116,ORBCOMM FM-9 (ORBCOMM A5),Orbcomm,B — coleta de plataformas (DCS/IoT),sim
25117,ORBCOMM FM-5 (ORBCOMM A6),Orbcomm,B — coleta de plataformas (DCS/IoT),sim
25118,ORBCOMM FM-6 (ORBCOMM A7),Orbcomm,B — coleta de plataformas (DCS/IoT),sim
25119,ORBCOMM FM-7 (ORBCOMM A8),Orbcomm,B — coleta de plataformas (DCS/IoT),sim
25126,,Geostationary,,não
25126,,TV,,não
25134,,Geostationary,,não
25134,,Military,,não
25148,,Military,,não
25152,,Geostationary,,não
25152,,TV,,não
25153,,Geostationary,,não
25153,,Satellite-Based Augmentation System,,não
25153,,TV,,não
25158,,Orbcomm,,não
25159,ORBCOMM FM-4 (ORBCOMM G2),Orbcomm,B — coleta de plataformas (DCS/IoT),sim
25160,,Celestis,,não
25162,,Globalstar,,não
25163,,Globalstar,,não
25164,,Globalstar,,não
25165,,Globalstar,,não
25175,,Engineering,,não
25237,,Geostationary,,não
25237,,TV,,não
25239,,Geostationary,,não
25239,,Intelsat,,não
25239,,TV,,não
25258,,Military,,não
25260,,Earth resources,,não
25273,,Iridium,,não
25286,,Iridium,,não
25306,,Globalstar,,não
25307,,Globalstar,,não
25308,,Globalstar,,não
25309,,Globalstar,,não
25311,,Geostationary,,não
25311,,TV,,não
25312,,Geostationary,,não
25312,,TV,,não
25315,,Geostationary,,não
25315,,TV,,não
25319,,Iridium,,não
25320,,Iridium,,não
25327,,Military,,não
25331,,Geostationary,,não
25331,,TV,,não
25336,"Advanced Orion 4 (Mentor, NROL 6, USA 139)",Military,A — sensoriamento remoto; C — sinais cooperativos (AIS/ADS-B/RF),sim
25338,NOAA-15 (NOAA-K),Brightest,A — sensoriamento remoto,sim
25338,NOAA-15 (NOAA-K),Geostationary,A — sensoriamento remoto,sim
25338,NOAA-15 (NOAA-K),Intelsat,A — sensoriamento remoto,sim
25338,NOAA-15 (NOAA-K),Gorizont,A — sensoriamento remoto,sim
25338,NOAA-15 (NOAA-K),Raduga,A — sensoriamento remoto,sim
25338,NOAA-15 (NOAA-K),Molniya,A — sensoriamento remoto,sim
25338,NOAA-15 (NOAA-K),Iridium,A — sensoriamento remoto,sim
25338,NOAA-15 (NOAA-K),Orbcomm,A — sensoriamento remoto,sim
25338,NOAA-15 (NOAA-K),Globalstar,A — sensoriamento remoto,sim
25338,NOAA-15 (NOAA-K),Amateur radio,A — sensoriamento remoto,sim
25338,NOAA-15 (NOAA-K),Experimental,A — sensoriamento remoto,sim
25338,NOAA-15 (NOAA-K),Int'l Space Station,A — sensoriamento remoto,sim
25338,NOAA-15 (NOAA-K),GPS Operational,A — sensoriamento remoto,sim
25338,NOAA-15 (NOAA-K),Glonass Operational,A — sensoriamento remoto,sim
25338,NOAA-15 (NOAA-K),Galileo,A — sensoriamento remoto,sim
25338,NOAA-15 (NOAA-K),Satellite-Based Augmentation System,A — sensoriamento remoto,sim
25338,NOAA-15 (NOAA-K),Navy Navigation Satellite System,A — sensoriamento remoto,sim
25338,NOAA-15 (NOAA-K),Russian LEO Navigation,A — sensoriamento remoto,sim
25338,NOAA-15 (NOAA-K),Space & Earth Science,A — sensoriamento remoto,sim
25338,NOAA-15 (NOAA-K),Geodetic,A — sensoriamento remoto,sim
25338,NOAA-15 (NOAA-K),Engineering,A — sensoriamento remoto,sim
25338,NOAA-15 (NOAA-K),Education,A — sensoriamento remoto,sim
25338,NOAA-15 (NOAA-K),Weather,A — sensoriamento remoto,sim
25338,NOAA-15 (NOAA-K),Military,A — sensoriamento remoto,sim
25338,NOAA-15 (NOAA-K),Radar Calibration,A — sensoriamento remoto,sim
25338,NOAA-15 (NOAA-K),CubeSats,A — sensoriamento remoto,sim
25338,NOAA-15 (NOAA-K),XM and Sirius,A — sensoriamento remoto,sim
25338,NOAA-15 (NOAA-K),TV,A — sensoriamento remoto,sim
25338,NOAA-15 (NOAA-K),Beidou,A — sensoriamento remoto,sim
25338,NOAA-15 (NOAA-K),Yaogan,A — sensoriamento remoto,sim
25338,NOAA-15 (NOAA-K),Westford Needles,A — sensoriamento remoto,sim
25338,NOAA-15 (NOAA-K),Parus,A — sensoriamento remoto,sim
25338,NOAA-15 (NOAA-K),Strela,A — sensoriamento remoto,sim
25338,NOAA-15 (NOAA-K),NOAA,A — sensoriamento remoto,sim
25338,NOAA-15 (NOAA-K),Gonets,A — sensoriamento remoto,sim
25338,NOAA-15 (NOAA-K),Tsiklon,A — sensoriamento remoto,sim
25338,NOAA-15 (NOAA-K),Tsikada,A — sensoriamento remoto,sim
25338,NOAA-15 (NOAA-K),O3B Networks,A — sensoriamento remoto,sim
25338,NOAA-15 (NOAA-K),Tselina,A — sensoriamento remoto,sim
25338,NOAA-15 (NOAA-K),Celestis,A — sensoriamento remoto,sim
25338,NOAA-15 (NOAA-K),IRNSS,A — sensoriamento remoto,sim
25338,NOAA-15 (NOAA-K),QZSS,A — sensoriamento remoto,sim
25338,NOAA-15 (NOAA-K),Flock,A — sensoriamento remoto,sim
25338,NOAA-15 (NOAA-K),Lemur,A — sensoriamento remoto,sim
25338,NOAA-15 (NOAA-K),GOES,A — sensoriamento remoto,sim
25338,NOAA-15 (NOAA-K),Global Positioning System (GPS) Constellation,A — sensoriamento remoto,sim
25338,NOAA-15 (NOAA-K),Glonass Constellation,A — sensoriamento remoto,sim
25338,NOAA-15 (NOAA-K),Starlink,A — sensoriamento remoto,sim
25338,NOAA-15 (NOAA-K),OneWeb,A — sensoriamento remoto,sim
25338,NOAA-15 (NOAA-K),Chinese Space Station,A — sensoriamento remoto,sim
25338,NOAA-15 (NOAA-K),Qianfan,A — sensoriamento remoto,sim
25338,NOAA-15 (NOAA-K),Leo,A — sensoriamento remoto,sim
25338,NOAA-15 (NOAA-K),GeeSAT,A — sensoriamento remoto,sim
25338,NOAA-15 (NOAA-K),Earth resources,A — sensoriamento remoto,sim
25338,NOAA-15 (NOAA-K),Search & rescue,A — sensoriamento remoto,sim
25338,NOAA-15 (NOAA-K),Disaster monitoring,A — sensoriamento remoto,sim
25338,NOAA-15 (NOAA-K),Tracking and Data Relay Satellite System,A — sensoriamento remoto,sim
25344,,Iridium,,não
25354,,Geostationary,,não
25354,,TV,,não
25358,,Geostationary,,não
25358,,TV,,não
25363,,Strela,,não
25364,,Strela,,não
25365,,Strela,,não
25366,,Strela,,não
25367,,Strela,,não
25368,,Strela,,não
25371,,Geostationary,,não
25371,,Intelsat,,não
25371,,TV,,não
25383,,Space & Earth Science,,não
25394,,Earth resources,,não
25395,,Earth resources,,não
25396,,Amateur radio,,não
25396,,Earth resources,,não
25397,,Amateur radio,,não
25397,,Earth resources,,não
25398,,Geodetic,,não
25399,,Amateur radio,,não
25400,,Brightest,,não
25404,,Geostationary,,não
25404,,TV,,não
25406,,Military,,não
25406,,Tselina,,não
25407,,Brightest,,não
25413,,Orbcomm,,não
25414,ORBCOMM FM-18 (ORBCOMM B6),Orbcomm,B — coleta de plataformas (DCS/IoT),sim
25415,ORBCOMM FM-19 (ORBCOMM B7),Orbcomm,B — coleta de plataformas (DCS/IoT),sim
25416,ORBCOMM FM-20 (ORBCOMM B8),Orbcomm,B — coleta de plataformas (DCS/IoT),sim
25417,,Orbcomm,,não
25418,ORBCOMM FM-15 (ORBCOMM B3),Orbcomm,B — coleta de plataformas (DCS/IoT),sim
25419,ORBCOMM FM-14 (ORBCOMM B2),Orbcomm,B — coleta de plataformas (DCS/IoT),sim
25420,ORBCOMM FM-13 (ORBCOMM B1),Orbcomm,B — coleta de plataformas (DCS/IoT),sim
25424,,Engineering,,não
25460,,Geostationary,,não
25460,,TV,,não
25462,,Geostationary,,não
25462,,TV,,não
25473,,Geostationary,,não
25473,,TV,,não
25475,ORBCOMM FM-21 (ORBCOMM C1),Orbcomm,B — coleta de plataformas (DCS/IoT),sim
25476,,Orbcomm,,não
25477,ORBCOMM FM-23 (ORBCOMM C3),Orbcomm,B — coleta de plataformas (DCS/IoT),sim
25478,,Orbcomm,,não
25479,,Orbcomm,,não
25480,,Orbcomm,,não
25481,ORBCOMM FM-27 (ORBCOMM C7),Orbcomm,B — coleta de plataformas (DCS/IoT),sim
25482,,Orbcomm,,não
25485,,Molniya,,não
25489,,Experimental,,não
25491,,Geostationary,,não
25491,,TV,,não
25492,,Geostationary,,não
25492,,TV,,não
25495,,Geostationary,,não
25495,,TV,,não
25501,,Military,,não
25503,,Experimental,,não
25504,SCD-2 (Satélite de Coleta de Dados),Earth resources,A — sensoriamento remoto; B — coleta de plataformas (DCS/IoT),sim
25508,,Space & Earth Science,,não
25509,,Amateur radio,,não
25515,,Geostationary,,não
25515,,TV,,não
25516,,Geostationary,,não
25516,,TV,,não
25522,,Geostationary,,não
25522,,TV,,não
25544,,Brightest,,não
25544,,Geostationary,,não
25544,,Intelsat,,não
25544,,Gorizont,,não
25544,,Raduga,,não
25544,,Molniya,,não
25544,,Iridium,,não
25544,,Orbcomm,,não
25544,,Globalstar,,não
25544,,Amateur radio,,não
25544,,Experimental,,não
25544,,Int'l Space Station,,não
25544,,GPS Operational,,não
25544,,Glonass Operational,,não
25544,,Galileo,,não
25544,,Satellite-Based Augmentation System,,não
25544,,Navy Navigation Satellite System,,não
25544,,Russian LEO Navigation,,não
25544,,Space & Earth Science,,não
25544,,Geodetic,,não
25544,,Engineering,,não
25544,,Education,,não
25544,,Weather,,não
25544,,Military,,não
25544,,Radar Calibration,,não
25544,,CubeSats,,não
25544,,XM and Sirius,,não
25544,,TV,,não
25544,,Beidou,,não
25544,,Yaogan,,não
25544,,Westford Needles,,não
25544,,Parus,,não
25544,,Strela,,não
25544,,NOAA,,não
25544,,Gonets,,não
25544,,Tsiklon,,não
25544,,Tsikada,,não
25544,,O3B Networks,,não
25544,,Tselina,,não
25544,,Celestis,,não
25544,,IRNSS,,não
25544,,QZSS,,não
25544,,Flock,,não
25544,,Lemur,,não
25544,,GOES,,não
25544,,Global Positioning System (GPS) Constellation,,não
25544,,Glonass Constellation,,não
25544,,Starlink,,não
25544,,OneWeb,,não
25544,,Chinese Space Station,,não
25544,,Qianfan,,não
25544,,Leo,,não
25544,,GeeSAT,,não
25544,,Earth resources,,não
25544,,Search & rescue,,não
25544,,Disaster monitoring,,não
25544,,Tracking and Data Relay Satellite System,,não
25546,,Geostationary,,não
25546,,TV,,não
25558,,Geostationary,,não
25558,,TV,,não
25560,,Space & Earth Science,,não
25567,,Russian LEO Navigation,,não
25568,,Space & Earth Science,,não
25575,,Int'l Space Station,,não
25585,,Geostationary,,não
25585,,TV,,não
25590,,Russian LEO Navigation,,não
25590,,Parus,,não
25593,,Glonass Constellation,,não
25594,,Glonass Constellation,,não
25595,,Glonass Constellation,,não
25615,,Experimental,,não
25618,,Space & Earth Science,,não
25621,,Globalstar,,não
25622,,Globalstar,,não
25623,,Globalstar,,não
25624,,Globalstar,,não
25626,,Geostationary,,não
25626,,TV,,não
25630,,Geostationary,,não
25630,,TV,,não
25634,,Military,,não
25635,,Space & Earth Science,,não
25636,,Amateur radio,,não
25636,,Space & Earth Science,,não
25636,,Earth resources,,não
25638,,Geostationary,,não
25639,,Geostationary,,não
25642,,Geostationary,,não
25642,,Raduga,,não
25649,,Globalstar,,não
25650,,Globalstar,,não
25651,,Globalstar,,não
25652,,Globalstar,,não
25657,,Brightest,,não
25657,,Geostationary,,não
25657,,Intelsat,,não
25657,,Gorizont,,não
25657,,Raduga,,não
25657,,Molniya,,não
25657,,Iridium,,não
25657,,Orbcomm,,não
25657,,Globalstar,,não
25657,,Amateur radio,,não
25657,,Experimental,,não
25657,,Int'l Space Station,,não
25657,,GPS Operational,,não
25657,,Glonass Operational,,não
25657,,Galileo,,não
25657,,Satellite-Based Augmentation System,,não
25657,,Navy Navigation Satellite System,,não
25657,,Russian LEO Navigation,,não
25657,,Space & Earth Science,,não
25657,,Geodetic,,não
25657,,Engineering,,não
25657,,Education,,não
25657,,Weather,,não
25657,,Military,,não
25657,,Radar Calibration,,não
25657,,CubeSats,,não
25657,,XM and Sirius,,não
25657,,TV,,não
25657,,Beidou,,não
25657,,Yaogan,,não
25657,,Westford Needles,,não
25657,,Parus,,não
25657,,Strela,,não
25657,,NOAA,,não
25657,,Gonets,,não
25657,,Tsiklon,,não
25657,,Tsikada,,não
25657,,O3B Networks,,não
25657,,Tselina,,não
25657,,Celestis,,não
25657,,IRNSS,,não
25657,,QZSS,,não
25657,,Flock,,não
25657,,Lemur,,não
25657,,GOES,,não
25657,,Global Positioning System (GPS) Constellation,,não
25657,,Glonass Constellation,,não
25657,,Starlink,,não
25657,,OneWeb,,não
25657,,Chinese Space Station,,não
25657,,Qianfan,,não
25657,,Leo,,não
25657,,GeeSAT,,não
25657,,Earth resources,,não
25657,,Search & rescue,,não
25657,,Disaster monitoring,,não
25657,,Tracking and Data Relay Satellite System,,não
25661,,Experimental,,não
25666,,Geostationary,,não
25666,,TV,,não
25669,,Geostationary,,não
25669,,Military,,não
25673,,Geostationary,,não
25673,,TV,,não
25676,,Globalstar,,não
25677,,Globalstar,,não
25678,,Globalstar,,não
25679,,Globalstar,,não
25682,Landsat 7,Earth resources,A — sensoriamento remoto,sim
25693,,Amateur radio,,não
25693,,Earth resources,,não
25724,,Geostationary,,não
25724,,Military,,não
25727,,Geostationary,,não
25730,,Weather,,não
25731,,Engineering,,não
25732,,Brightest,,não
25736,,Experimental,,não
25740,,Geostationary,,não
25740,,TV,,não
25744,,Military,,não
25756,,Earth resources,,não
25757,DLR Tubsat,Earth resources,A — sensoriamento remoto,sim
25758,,Earth resources,,não
25770,,Globalstar,,não
25771,,Globalstar,,não
25772,,Globalstar,,não
25773,,Globalstar,,não
25785,,Geostationary,,não
25785,,TV,,não
25789,,Earth resources,,não
25791,,Space & Earth Science,,não
25847,,Molniya,,não
25851,,Globalstar,,não
25852,,Globalstar,,não
25853,,Globalstar,,não
25854,,Globalstar,,não
25860,,Brightest,,não
25860,,Earth resources,,não
25861,,Brightest,,não
25867,,Space & Earth Science,,não
25872,,Globalstar,,não
25873,,Globalstar,,não
25874,,Globalstar,,não
25875,,Globalstar,,não
25880,,Geostationary,,não
25880,,TV,,não
25883,,Globalstar,,não
25884,,Globalstar,,não
25885,,Globalstar,,não
25886,,Globalstar,,não
25892,,Parus,,não
25894,,Geostationary,,não
25894,,TV,,não
25896,,Geostationary,,não
25897,,Geostationary,,não
25897,,TV,,não
25907,,Globalstar,,não
25908,,Globalstar,,não
25909,,Globalstar,,não
25910,,Globalstar,,não
25913,,Geostationary,,não
25913,,TV,,não
25919,,Earth resources,,não
25922,,Geostationary,,não
25922,,TV,,não
25924,,Geostationary,,não
25924,,TV,,não
25933,,Global Positioning System (GPS) Constellation,,não
25937,,Geostationary,,não
25937,,TV,,não
25940,,Earth resources,,não
25941,,Space & Earth Science,,não
25943,,Globalstar,,não
25944,,Globalstar,,não
25945,,Globalstar,,não
25946,,Globalstar,,não
25949,,Geostationary,,não
25949,,TV,,não
25954,,Geostationary,,não
25954,,TV,,não
25961,,Globalstar,,não
25962,,Globalstar,,não
25963,,Globalstar,,não
25964,,Globalstar,,não
25967,,Military,,não
25977,,Military,,não
25978,,Space & Earth Science,,não
25980,ORBCOMM FM-30 (ORBCOMM D2),Orbcomm,B — coleta de plataformas (DCS/IoT),sim
25981,ORBCOMM FM-31 (ORBCOMM D3),Orbcomm,B — coleta de plataformas (DCS/IoT),sim
25982,ORBCOMM FM-32 (ORBCOMM D4),Orbcomm,B — coleta de plataformas (DCS/IoT),sim
25983,,Orbcomm,,não
25984,ORBCOMM FM-36 (ORBCOMM D8),Orbcomm,B — coleta de plataformas (DCS/IoT),sim
25985,ORBCOMM FM-35 (ORBCOMM D7),Orbcomm,B — coleta de plataformas (DCS/IoT),sim
25986,,Orbcomm,,não
25989,,Space & Earth Science,,não
25991,"DMSP 5D-3 F15 (Defense Meteorological Satellites Program, USA 147)",Space & Earth Science,A — sensoriamento remoto,sim
25994,EOS-AM Terra,Brightest,A — sensoriamento remoto,sim
25994,EOS-AM Terra,Geostationary,A — sensoriamento remoto,sim
25994,EOS-AM Terra,Intelsat,A — sensoriamento remoto,sim
25994,EOS-AM Terra,Gorizont,A — sensoriamento remoto,sim
25994,EOS-AM Terra,Raduga,A — sensoriamento remoto,sim
25994,EOS-AM Terra,Molniya,A — sensoriamento remoto,sim
25994,EOS-AM Terra,Iridium,A — sensoriamento remoto,sim
25994,EOS-AM Terra,Orbcomm,A — sensoriamento remoto,sim
25994,EOS-AM Terra,Globalstar,A — sensoriamento remoto,sim
25994,EOS-AM Terra,Amateur radio,A — sensoriamento remoto,sim
25994,EOS-AM Terra,Experimental,A — sensoriamento remoto,sim
25994,EOS-AM Terra,Int'l Space Station,A — sensoriamento remoto,sim
25994,EOS-AM Terra,GPS Operational,A — sensoriamento remoto,sim
25994,EOS-AM Terra,Glonass Operational,A — sensoriamento remoto,sim
25994,EOS-AM Terra,Galileo,A — sensoriamento remoto,sim
25994,EOS-AM Terra,Satellite-Based Augmentation System,A — sensoriamento remoto,sim
25994,EOS-AM Terra,Navy Navigation Satellite System,A — sensoriamento remoto,sim
25994,EOS-AM Terra,Russian LEO Navigation,A — sensoriamento remoto,sim
25994,EOS-AM Terra,Space & Earth Science,A — sensoriamento remoto,sim
25994,EOS-AM Terra,Geodetic,A — sensoriamento remoto,sim
25994,EOS-AM Terra,Engineering,A — sensoriamento remoto,sim
25994,EOS-AM Terra,Education,A — sensoriamento remoto,sim
25994,EOS-AM Terra,Weather,A — sensoriamento remoto,sim
25994,EOS-AM Terra,Military,A — sensoriamento remoto,sim
25994,EOS-AM Terra,Radar Calibration,A — sensoriamento remoto,sim
25994,EOS-AM Terra,CubeSats,A — sensoriamento remoto,sim
25994,EOS-AM Terra,XM and Sirius,A — sensoriamento remoto,sim
25994,EOS-AM Terra,TV,A — sensoriamento remoto,sim
25994,EOS-AM Terra,Beidou,A — sensoriamento remoto,sim
25994,EOS-AM Terra,Yaogan,A — sensoriamento remoto,sim
25994,EOS-AM Terra,Westford Needles,A — sensoriamento remoto,sim
25994,EOS-AM Terra,Parus,A — sensoriamento remoto,sim
25994,EOS-AM Terra,Strela,A — sensoriamento remoto,sim
25994,EOS-AM Terra,NOAA,A — sensoriamento remoto,sim
25994,EOS-AM Terra,Gonets,A — sensoriamento remoto,sim
25994,EOS-AM Terra,Tsiklon,A — sensoriamento remoto,sim
25994,EOS-AM Terra,Tsikada,A — sensoriamento remoto,sim
25994,EOS-AM Terra,O3B Networks,A — sensoriamento remoto,sim
25994,EOS-AM Terra,Tselina,A — sensoriamento remoto,sim
25994,EOS-AM Terra,Celestis,A — sensoriamento remoto,sim
25994,EOS-AM Terra,IRNSS,A — sensoriamento remoto,sim
25994,EOS-AM Terra,QZSS,A — sensoriamento remoto,sim
25994,EOS-AM Terra,Flock,A — sensoriamento remoto,sim
25994,EOS-AM Terra,Lemur,A — sensoriamento remoto,sim
25994,EOS-AM Terra,GOES,A — sensoriamento remoto,sim
25994,EOS-AM Terra,Global Positioning System (GPS) Constellation,A — sensoriamento remoto,sim
25994,EOS-AM Terra,Glonass Constellation,A — sensoriamento remoto,sim
25994,EOS-AM Terra,Starlink,A — sensoriamento remoto,sim
25994,EOS-AM Terra,OneWeb,A — sensoriamento remoto,sim
25994,EOS-AM Terra,Chinese Space Station,A — sensoriamento remoto,sim
25994,EOS-AM Terra,Qianfan,A — sensoriamento remoto,sim
25994,EOS-AM Terra,Leo,A — sensoriamento remoto,sim
25994,EOS-AM Terra,GeeSAT,A — sensoriamento remoto,sim
25994,EOS-AM Terra,Earth resources,A — sensoriamento remoto,sim
25994,EOS-AM Terra,Search & rescue,A — sensoriamento remoto,sim
25994,EOS-AM Terra,Disaster monitoring,A — sensoriamento remoto,sim
25994,EOS-AM Terra,Tracking and Data Relay Satellite System,A — sensoriamento remoto,sim
26032,,Earth resources,,não
26033,,Space & Earth Science,,não
26038,,Geostationary,,não
26038,,TV,,não
26042,,Military,,não
26052,,Military,,não
26056,,Geostationary,,não
26056,,TV,,não
26058,,Geostationary,,não
26058,,TV,,não
26061,,Amateur radio,,não
26061,,Military,,não
26063,,Amateur radio,,não
26063,,Engineering,,não
26064,,Engineering,,não
26065,,Amateur radio,,não
26065,,Engineering,,não
26069,,Tselina,,não
26071,,Geostationary,,não
26071,,TV,,não
26080,,Engineering,,não
26081,,Globalstar,,não
26082,,Globalstar,,não
26083,,Globalstar,,não
26084,,Globalstar,,não
26086,,Experimental,,não
26089,,Geostationary,,não
26089,,TV,,não
26091,,Engineering,,não
26092,,Engineering,,não
26093,,Engineering,,não
26094,,Engineering,,não
26095,,Geostationary,,não
26095,,TV,,não
26098,,Geostationary,,não
26098,,TV,,não
26106,,Experimental,,não
26107,,Geostationary,,não
26107,,TV,,não
26108,,Geostationary,,não
26108,,TV,,não
26113,,Space & Earth Science,,não
26243,,Geostationary,,não
26243,,TV,,não
26298,,Geostationary,,não
26298,,TV,,não
26352,,Geostationary,,não
26352,,Weather,,não
26352,,TV,,não
26352,,GOES,,não
26352,,Search & rescue,,não
26356,DSP 20 (USA 149) (Defense Support Program),Military,A — sensoriamento remoto,sim
26360,,GPS Operational,,não
26360,,Global Positioning System (GPS) Constellation,,não
26365,,Experimental,,não
26366,,Experimental,,não
26369,,Geostationary,,não
26369,,TV,,não
26372,,Geostationary,,não
26372,,Gorizont,,não
26372,,TV,,não
26374,,Military,,não
26378,,Geostationary,,não
26378,,TV,,não
26382,,Geostationary,,não
26382,,Weather,,não
26384,,Russian LEO Navigation,,não
26385,,Experimental,,não
26386,,Engineering,,não
26388,,Geostationary,,não
26388,,TV,,não
26388,,Tracking and Data Relay Satellite System,,não
26390,,XM and Sirius,,não
26394,,Geostationary,,não
26400,,Int'l Space Station,,não
26402,,Geostationary,,não
26402,,TV,,não
26407,,GPS Operational,,não
26407,,Global Positioning System (GPS) Constellation,,não
26451,,Geostationary,,não
26451,,TV,,não
26469,,Geostationary,,não
26469,,TV,,não
26470,,Geostationary,,não
26470,,TV,,não
26473,"Lacrosse/Onyx 4 (Lacrosse-4,  152)",Military,A — sensoriamento remoto,sim
26474,,Brightest,,não
26477,,Geostationary,,não
26477,,Raduga,,não
26477,,TV,,não
26483,,XM and Sirius,,não
26487,,Geostationary,,não
26487,,TV,,não
26494,,Geostationary,,não
26494,,TV,,não
26495,,Geostationary,,não
26495,,TV,,não
26536,,Amateur radio,,não
26536,,Weather,,não
26536,,NOAA,,não
26536,,Search & rescue,,não
26545,,Amateur radio,,não
26545,,Education,,não
26546,,Space & Earth Science,,não
26547,,Education,,não
26548,,Amateur radio,,não
26548,,Earth resources,,não
26549,,Amateur radio,,não
26549,,Education,,não
26554,,Geostationary,,não
26554,,TV,,não
26559,,Geostationary,,não
26559,,TV,,não
26561,,Space & Earth Science,,não
26564,,Glonass Constellation,,não
26565,,Glonass Constellation,,não
26566,,Glonass Constellation,,não
26575,,Military,,não
26578,,Geostationary,,não
26580,,Geostationary,,não
26580,,TV,,não
26590,,Geostationary,,não
26590,,TV,,não
26599,,Geostationary,,não
26599,,TV,,não
26599,,Beidou,,não
26605,,Global Positioning System (GPS) Constellation,,não
26608,,Geostationary,,não
26608,,TV,,não
26609,,Amateur radio,,não
26610,,Military,,não
26611,,Experimental,,não
26619,,Earth resources,,não
26620,,Earth resources,,não
26621,,Space & Earth Science,,não
26624,,Geostationary,,não
26624,,TV,,não
26626,,XM and Sirius,,não
26635,,Military,,não
26638,,Geostationary,,não
26638,,TV,,não
26639,,Geostationary,,não
26639,,TV,,não
26643,,Geostationary,,não
26643,,TV,,não
26643,,Beidou,,não
26666,,Geostationary,,não
26666,,TV,,não
26690,,Global Positioning System (GPS) Constellation,,não
26694,,Geostationary,,não
26695,,Geostationary,,não
26700,,Int'l Space Station,,não
26715,,Geostationary,,não
26715,,Military,,não
26719,,Geostationary,,não
26719,,TV,,não
26720,,Geostationary,,não
26720,,TV,,não
26724,,Geostationary,,não
26724,,XM and Sirius,,não
26724,,TV,,não
26734,,Space & Earth Science,,não
26736,,Geostationary,,não
26745,,Geostationary,,não
26761,,Geostationary,,não
26761,,XM and Sirius,,não
26761,,TV,,não
26766,,Geostationary,,não
26766,,TV,,não
26770,,Military,,não
26818,,Russian LEO Navigation,,não
26818,,Parus,,não
26824,,Geostationary,,não
26824,,Intelsat,,não
26824,,TV,,não
26853,,Geostationary,,não
26853,,TV,,não
26857,,Orbcomm,,não
26859,,Space & Earth Science,,não
26863,,Geostationary,,não
26863,,Satellite-Based Augmentation System,,não
26863,,TV,,não
26871,,Geostationary,,não
26871,,Weather,,não
26871,,TV,,não
26871,,GOES,,não
26871,,Search & rescue,,não
26880,DSP 21 (USA 159) (Defense Support Program),Military,A — sensoriamento remoto,sim
26884,,Space & Earth Science,,não
26892,,Geostationary,,não
26892,,TV,,não
26898,,Experimental,,não
26900,,Geostationary,,não
26900,,Intelsat,,não
26900,,TV,,não
26905,,Military,,não
26927,,Geostationary,,não
26927,,TV,,não
26930,,Engineering,,não
26931,,Amateur radio,,não
26932,,Amateur radio,,não
26934,,Military,,não
26936,,Geostationary,,não
26936,,Raduga,,não
26948,,Military,,não
26958,,Engineering,,não
26985,,Geostationary,,não
26985,,TV,,não
26987,,Glonass Constellation,,não
26988,,Glonass Constellation,,não
26989,,Glonass Constellation,,não
26997,,Earth resources,,não
26998,,Space & Earth Science,,não
27001,,Earth resources,,não
27002,,Disaster monitoring,,não
27003,,Earth resources,,não
27004,,Earth resources,,não
27005,,Experimental,,não
27055,,Strela,,não
27056,,Strela,,não
27057,,Strela,,não
27058,,Gonets,,não
27059,,Gonets,,não
27060,,Gonets,,não
27168,,Geostationary,,não
27168,,Military,,não
27298,,Geostationary,,não
27298,,TV,,não
27298,,Search & rescue,,não
27367,,Experimental,,não
27368,,Experimental,,não
27378,,Geostationary,,não
27378,,TV,,não
27380,,Geostationary,,não
27380,,Intelsat,,não
27380,,TV,,não
27386,,Brightest,,não
27386,,Earth resources,,não
27389,,Geostationary,,não
27389,,TV,,não
27389,,Tracking and Data Relay Satellite System,,não
27399,,Geostationary,,não
27399,,TV,,não
27400,,Geostationary,,não
27400,,TV,,não
27403,,Geostationary,,não
27403,,Intelsat,,não
27403,,TV,,não
27414,,Geostationary,,não
27414,,TV,,não
27421,,Earth resources,,não
27422,,Brightest,,não
27422,,Amateur radio,,não
27424,"EOS-PM Aqua (Advanced Microwave Scanning Radiometer for EOS, EOS PM-1)",Brightest,A — sensoriamento remoto,sim
27424,"EOS-PM Aqua (Advanced Microwave Scanning Radiometer for EOS, EOS PM-1)",Geostationary,A — sensoriamento remoto,sim
27424,"EOS-PM Aqua (Advanced Microwave Scanning Radiometer for EOS, EOS PM-1)",Intelsat,A — sensoriamento remoto,sim
27424,"EOS-PM Aqua (Advanced Microwave Scanning Radiometer for EOS, EOS PM-1)",Gorizont,A — sensoriamento remoto,sim
27424,"EOS-PM Aqua (Advanced Microwave Scanning Radiometer for EOS, EOS PM-1)",Raduga,A — sensoriamento remoto,sim
27424,"EOS-PM Aqua (Advanced Microwave Scanning Radiometer for EOS, EOS PM-1)",Molniya,A — sensoriamento remoto,sim
27424,"EOS-PM Aqua (Advanced Microwave Scanning Radiometer for EOS, EOS PM-1)",Iridium,A — sensoriamento remoto,sim
27424,"EOS-PM Aqua (Advanced Microwave Scanning Radiometer for EOS, EOS PM-1)",Orbcomm,A — sensoriamento remoto,sim
27424,"EOS-PM Aqua (Advanced Microwave Scanning Radiometer for EOS, EOS PM-1)",Globalstar,A — sensoriamento remoto,sim
27424,"EOS-PM Aqua (Advanced Microwave Scanning Radiometer for EOS, EOS PM-1)",Amateur radio,A — sensoriamento remoto,sim
27424,"EOS-PM Aqua (Advanced Microwave Scanning Radiometer for EOS, EOS PM-1)",Experimental,A — sensoriamento remoto,sim
27424,"EOS-PM Aqua (Advanced Microwave Scanning Radiometer for EOS, EOS PM-1)",Int'l Space Station,A — sensoriamento remoto,sim
27424,"EOS-PM Aqua (Advanced Microwave Scanning Radiometer for EOS, EOS PM-1)",GPS Operational,A — sensoriamento remoto,sim
27424,"EOS-PM Aqua (Advanced Microwave Scanning Radiometer for EOS, EOS PM-1)",Glonass Operational,A — sensoriamento remoto,sim
27424,"EOS-PM Aqua (Advanced Microwave Scanning Radiometer for EOS, EOS PM-1)",Galileo,A — sensoriamento remoto,sim
27424,"EOS-PM Aqua (Advanced Microwave Scanning Radiometer for EOS, EOS PM-1)",Satellite-Based Augmentation System,A — sensoriamento remoto,sim
27424,"EOS-PM Aqua (Advanced Microwave Scanning Radiometer for EOS, EOS PM-1)",Navy Navigation Satellite System,A — sensoriamento remoto,sim
27424,"EOS-PM Aqua (Advanced Microwave Scanning Radiometer for EOS, EOS PM-1)",Russian LEO Navigation,A — sensoriamento remoto,sim
27424,"EOS-PM Aqua (Advanced Microwave Scanning Radiometer for EOS, EOS PM-1)",Space & Earth Science,A — sensoriamento remoto,sim
27424,"EOS-PM Aqua (Advanced Microwave Scanning Radiometer for EOS, EOS PM-1)",Geodetic,A — sensoriamento remoto,sim
27424,"EOS-PM Aqua (Advanced Microwave Scanning Radiometer for EOS, EOS PM-1)",Engineering,A — sensoriamento remoto,sim
27424,"EOS-PM Aqua (Advanced Microwave Scanning Radiometer for EOS, EOS PM-1)",Education,A — sensoriamento remoto,sim
27424,"EOS-PM Aqua (Advanced Microwave Scanning Radiometer for EOS, EOS PM-1)",Weather,A — sensoriamento remoto,sim
27424,"EOS-PM Aqua (Advanced Microwave Scanning Radiometer for EOS, EOS PM-1)",Military,A — sensoriamento remoto,sim
27424,"EOS-PM Aqua (Advanced Microwave Scanning Radiometer for EOS, EOS PM-1)",Radar Calibration,A — sensoriamento remoto,sim
27424,"EOS-PM Aqua (Advanced Microwave Scanning Radiometer for EOS, EOS PM-1)",CubeSats,A — sensoriamento remoto,sim
27424,"EOS-PM Aqua (Advanced Microwave Scanning Radiometer for EOS, EOS PM-1)",XM and Sirius,A — sensoriamento remoto,sim
27424,"EOS-PM Aqua (Advanced Microwave Scanning Radiometer for EOS, EOS PM-1)",TV,A — sensoriamento remoto,sim
27424,"EOS-PM Aqua (Advanced Microwave Scanning Radiometer for EOS, EOS PM-1)",Beidou,A — sensoriamento remoto,sim
27424,"EOS-PM Aqua (Advanced Microwave Scanning Radiometer for EOS, EOS PM-1)",Yaogan,A — sensoriamento remoto,sim
27424,"EOS-PM Aqua (Advanced Microwave Scanning Radiometer for EOS, EOS PM-1)",Westford Needles,A — sensoriamento remoto,sim
27424,"EOS-PM Aqua (Advanced Microwave Scanning Radiometer for EOS, EOS PM-1)",Parus,A — sensoriamento remoto,sim
27424,"EOS-PM Aqua (Advanced Microwave Scanning Radiometer for EOS, EOS PM-1)",Strela,A — sensoriamento remoto,sim
27424,"EOS-PM Aqua (Advanced Microwave Scanning Radiometer for EOS, EOS PM-1)",NOAA,A — sensoriamento remoto,sim
27424,"EOS-PM Aqua (Advanced Microwave Scanning Radiometer for EOS, EOS PM-1)",Gonets,A — sensoriamento remoto,sim
27424,"EOS-PM Aqua (Advanced Microwave Scanning Radiometer for EOS, EOS PM-1)",Tsiklon,A — sensoriamento remoto,sim
27424,"EOS-PM Aqua (Advanced Microwave Scanning Radiometer for EOS, EOS PM-1)",Tsikada,A — sensoriamento remoto,sim
27424,"EOS-PM Aqua (Advanced Microwave Scanning Radiometer for EOS, EOS PM-1)",O3B Networks,A — sensoriamento remoto,sim
27424,"EOS-PM Aqua (Advanced Microwave Scanning Radiometer for EOS, EOS PM-1)",Tselina,A — sensoriamento remoto,sim
27424,"EOS-PM Aqua (Advanced Microwave Scanning Radiometer for EOS, EOS PM-1)",Celestis,A — sensoriamento remoto,sim
27424,"EOS-PM Aqua (Advanced Microwave Scanning Radiometer for EOS, EOS PM-1)",IRNSS,A — sensoriamento remoto,sim
27424,"EOS-PM Aqua (Advanced Microwave Scanning Radiometer for EOS, EOS PM-1)",QZSS,A — sensoriamento remoto,sim
27424,"EOS-PM Aqua (Advanced Microwave Scanning Radiometer for EOS, EOS PM-1)",Flock,A — sensoriamento remoto,sim
27424,"EOS-PM Aqua (Advanced Microwave Scanning Radiometer for EOS, EOS PM-1)",Lemur,A — sensoriamento remoto,sim
27424,"EOS-PM Aqua (Advanced Microwave Scanning Radiometer for EOS, EOS PM-1)",GOES,A — sensoriamento remoto,sim
27424,"EOS-PM Aqua (Advanced Microwave Scanning Radiometer for EOS, EOS PM-1)",Global Positioning System (GPS) Constellation,A — sensoriamento remoto,sim
27424,"EOS-PM Aqua (Advanced Microwave Scanning Radiometer for EOS, EOS PM-1)",Glonass Constellation,A — sensoriamento remoto,sim
27424,"EOS-PM Aqua (Advanced Microwave Scanning Radiometer for EOS, EOS PM-1)",Starlink,A — sensoriamento remoto,sim
27424,"EOS-PM Aqua (Advanced Microwave Scanning Radiometer for EOS, EOS PM-1)",OneWeb,A — sensoriamento remoto,sim
27424,"EOS-PM Aqua (Advanced Microwave Scanning Radiometer for EOS, EOS PM-1)",Chinese Space Station,A — sensoriamento remoto,sim
27424,"EOS-PM Aqua (Advanced Microwave Scanning Radiometer for EOS, EOS PM-1)",Qianfan,A — sensoriamento remoto,sim
27424,"EOS-PM Aqua (Advanced Microwave Scanning Radiometer for EOS, EOS PM-1)",Leo,A — sensoriamento remoto,sim
27424,"EOS-PM Aqua (Advanced Microwave Scanning Radiometer for EOS, EOS PM-1)",GeeSAT,A — sensoriamento remoto,sim
27424,"EOS-PM Aqua (Advanced Microwave Scanning Radiometer for EOS, EOS PM-1)",Earth resources,A — sensoriamento remoto,sim
27424,"EOS-PM Aqua (Advanced Microwave Scanning Radiometer for EOS, EOS PM-1)",Search & rescue,A — sensoriamento remoto,sim
27424,"EOS-PM Aqua (Advanced Microwave Scanning Radiometer for EOS, EOS PM-1)",Disaster monitoring,A — sensoriamento remoto,sim
27424,"EOS-PM Aqua (Advanced Microwave Scanning Radiometer for EOS, EOS PM-1)",Tracking and Data Relay Satellite System,A — sensoriamento remoto,sim
27426,,Geostationary,,não
27426,,TV,,não
27430,,Earth resources,,não
27431,,Weather,,não
27436,,Russian LEO Navigation,,não
27436,,Parus,,não
27438,,Geostationary,,não
27438,,Intelsat,,não
27438,,TV,,não
27441,,Geostationary,,não
27441,,TV,,não
27445,,Geostationary,,não
27445,,TV,,não
27453,,Amateur radio,,não
27453,,NOAA,,não
27457,,Space & Earth Science,,não
27460,,Geostationary,,não
27460,,TV,,não
27461,,Geostationary,,não
27461,,TV,,não
27464,,Strela,,não
27465,,Strela,,não
27470,,Military,,não
27499,,Geostationary,,não
27499,,TV,,não
27501,,Geostationary,,não
27501,,TV,,não
27508,,Geostationary,,não
27508,,TV,,não
27509,"Meteosat 8 (MSGalaxy-1, MSG-1)",Geostationary,A — sensoriamento remoto,sim
27509,"Meteosat 8 (MSGalaxy-1, MSG-1)",Weather,A — sensoriamento remoto,sim
27509,"Meteosat 8 (MSGalaxy-1, MSG-1)",Search & rescue,A — sensoriamento remoto,sim
27513,,Geostationary,,não
27513,,Intelsat,,não
27513,,TV,,não
27516,,Geostationary,,não
27516,,TV,,não
27525,,Geostationary,,não
27525,,Weather,,não
27525,,TV,,não
27528,,Geostationary,,não
27528,,TV,,não
27534,,Russian LEO Navigation,,não
27540,,Space & Earth Science,,não
27554,,Geostationary,,não
27554,,TV,,não
27559,,Earth resources,,não
27559,,Disaster monitoring,,não
27560,,Amateur radio,,não
27560,,Education,,não
27561,,Experimental,,não
27566,,Geostationary,,não
27566,,TV,,não
27566,,Tracking and Data Relay Satellite System,,não
27597,,Earth resources,,não
27598,,Space & Earth Science,,não
27599,,Space & Earth Science,,não
27600,,Space & Earth Science,,não
27603,,Geostationary,,não
27603,,TV,,não
27605,,Amateur radio,,não
27606,LatinSat B,Experimental,B — coleta de plataformas (DCS/IoT),sim
27607,,Brightest,,não
27607,,Geostationary,,não
27607,,Intelsat,,não
27607,,Gorizont,,não
27607,,Raduga,,não
27607,,Molniya,,não
27607,,Iridium,,não
27607,,Orbcomm,,não
27607,,Globalstar,,não
27607,,Amateur radio,,não
27607,,Experimental,,não
27607,,Int'l Space Station,,não
27607,,GPS Operational,,não
27607,,Glonass Operational,,não
27607,,Galileo,,não
27607,,Satellite-Based Augmentation System,,não
27607,,Navy Navigation Satellite System,,não
27607,,Russian LEO Navigation,,não
27607,,Space & Earth Science,,não
27607,,Geodetic,,não
27607,,Engineering,,não
27607,,Education,,não
27607,,Weather,,não
27607,,Military,,não
27607,,Radar Calibration,,não
27607,,CubeSats,,não
27607,,XM and Sirius,,não
27607,,TV,,não
27607,,Beidou,,não
27607,,Yaogan,,não
27607,,Westford Needles,,não
27607,,Parus,,não
27607,,Strela,,não
27607,,NOAA,,não
27607,,Gonets,,não
27607,,Tsiklon,,não
27607,,Tsikada,,não
27607,,O3B Networks,,não
27607,,Tselina,,não
27607,,Celestis,,não
27607,,IRNSS,,não
27607,,QZSS,,não
27607,,Flock,,não
27607,,Lemur,,não
27607,,GOES,,não
27607,,Global Positioning System (GPS) Constellation,,não
27607,,Glonass Constellation,,não
27607,,Starlink,,não
27607,,OneWeb,,não
27607,,Chinese Space Station,,não
27607,,Qianfan,,não
27607,,Leo,,não
27607,,GeeSAT,,não
27607,,Earth resources,,não
27607,,Search & rescue,,não
27607,,Disaster monitoring,,não
27607,,Tracking and Data Relay Satellite System,,não
27608,,Education,,não
27609,,Experimental,,não
27612,LatinSat A,Experimental,B — coleta de plataformas (DCS/IoT),sim
27617,,Glonass Constellation,,não
27618,,Glonass Constellation,,não
27619,,Glonass Constellation,,não
27632,,Geostationary,,não
27632,,TV,,não
27640,Coriolis (Windsat),Space & Earth Science,A — sensoriamento remoto,sim
27643,,Space & Earth Science,,não
27651,,Space & Earth Science,,não
27651,,Tracking and Data Relay Satellite System,,não
27663,,GPS Operational,,não
27663,,Global Positioning System (GPS) Constellation,,não
27664,,Experimental,,não
27683,,Geostationary,,não
27683,,Intelsat,,não
27683,,TV,,não
27691,,Space & Earth Science,,não
27704,,Global Positioning System (GPS) Constellation,,não
27711,,Geostationary,,não
27711,,Military,,não
27714,,Geostationary,,não
27714,,Weather,,não
27714,,TV,,não
27715,,Geostationary,,não
27715,,TV,,não
27718,,Geostationary,,não
27718,,TV,,não
27775,,Geostationary,,não
27783,,Space & Earth Science,,não
27807,,Geostationary,,não
27807,,TV,,não
27811,,Geostationary,,não
27811,,TV,,não
27813,,Geostationary,,não
27813,,TV,,não
27813,,Beidou,,não
27816,,Space & Earth Science,,não
27818,,Russian LEO Navigation,,não
27818,,Parus,,não
27820,,Geostationary,,não
27820,,TV,,não
27825,,Geostationary,,não
27825,,TV,,não
27830,,Geostationary,,não
27830,,TV,,não
27831,,Geostationary,,não
27831,,TV,,não
27840,,Earth resources,,não
27842,,Amateur radio,,não
27842,,CubeSats,,não
27843,,Space & Earth Science,,não
27844,,Amateur radio,,não
27844,,Engineering,,não
27844,,CubeSats,,não
27845,,Amateur radio,,não
27845,,Space & Earth Science,,não
27845,,CubeSats,,não
27846,,Amateur radio,,não
27846,,Space & Earth Science,,não
27846,,CubeSats,,não
27847,,Amateur radio,,não
27847,,Engineering,,não
27847,,CubeSats,,não
27848,,Amateur radio,,não
27848,,Engineering,,não
27848,,CubeSats,,não
27852,,Geostationary,,não
27852,,TV,,não
27854,,Geostationary,,não
27854,,TV,,não
27858,,Space & Earth Science,,não
27868,,Strela,,não
27869,,Strela,,não
27871,,Space & Earth Science,,não
27875,,Geostationary,,não
27937,"Advanced Orion 5 (Mentor, NROL 19, USA 171)",Military,A — sensoriamento remoto; C — sinais cooperativos (AIS/ADS-B/RF),sim
27939,,Amateur radio,,não
27940,,Experimental,,não
27941,,Disaster monitoring,,não
27942,,Disaster monitoring,,não
27943,,Disaster monitoring,,não
27944,,Disaster monitoring,,não
27945,,Space & Earth Science,,não
27948,,Geostationary,,não
27948,,TV,,não
27951,,Geostationary,,não
27951,,TV,,não
27954,,Geostationary,,não
27954,,TV,,não
28051,IRS-P6 (Resourcesat-1),Earth resources,A — sensoriamento remoto,sim
28054,"DMSP 5D-3 F16 (Defense Meteorological Satellites Program, USA 172)",Weather,A — sensoriamento remoto,sim
28057,,Earth resources,,não
28058,,Experimental,,não
28060,,Experimental,,não
28082,,Geostationary,,não
28082,,TV,,não
28089,,Geostationary,,não
28089,,TV,,não
28094,,Geostationary,,não
28094,,TV,,não
28095,,Military,,não
28112,,Glonass Constellation,,não
28113,,Glonass Constellation,,não
28114,,Glonass Constellation,,não
28116,,Brightest,,não
28117,,Military,,não
28129,,Global Positioning System (GPS) Constellation,,não
28132,,Geostationary,,não
28132,,TV,,não
28134,,Geostationary,,não
28134,,TV,,não
28137,,Geostationary,,não
28137,,TV,,não
28154,,Geostationary,,não
28154,,TV,,não
28158,DSP 22 (USA 176) (Defense Support Program),Military,A — sensoriamento remoto,sim
28169,,Space & Earth Science,,não
28184,,Geostationary,,não
28184,,TV,,não
28187,,Geostationary,,não
28187,,TV,,não
28190,,GPS Operational,,não
28190,,Global Positioning System (GPS) Constellation,,não
28194,,Geostationary,,não
28194,,Raduga,,não
28194,,TV,,não
28218,,Geostationary,,não
28220,"Shiyan 1 (SY 1, Tansuo 1, Experimental Satellite 1)",Earth resources,A — sensoriamento remoto,sim
28221,,Engineering,,não
28230,,Space & Earth Science,,não
28234,,Geostationary,,não
28238,,Geostationary,,não
28238,,TV,,não
28252,,Geostationary,,não
28252,,TV,,não
28254,,Amateur radio,,não
28254,,Earth resources,,não
28352,,Tselina,,não
28358,,Geostationary,,não
28358,,Intelsat,,não
28358,,TV,,não
28361,,Global Positioning System (GPS) Constellation,,não
28364,,Geostationary,,não
28364,,TV,,não
28366,AprizeSat 2 (LatinSat-D),Amateur radio,B — coleta de plataformas (DCS/IoT),sim
28366,AprizeSat 2 (LatinSat-D),Experimental,B — coleta de plataformas (DCS/IoT),sim
28368,,Space & Earth Science,,não
28369,,Experimental,,não
28370,,Experimental,,não
28371,Saudisat-2,Education,A — sensoriamento remoto,sim
28372,AprizeSat 1 (LatinSat-C),Amateur radio,B — coleta de plataformas (DCS/IoT),sim
28372,AprizeSat 1 (LatinSat-C),Experimental,B — coleta de plataformas (DCS/IoT),sim
28373,,Education,,não
28375,,Amateur radio,,não
28376,EOS-CHEM Aura,Earth resources,A — sensoriamento remoto,sim
28378,,Geostationary,,não
28378,,TV,,não
28380,,Russian LEO Navigation,,não
28380,,Parus,,não
28382,,Space & Earth Science,,não
28384,,Military,,não
28393,,Geostationary,,não
28393,,TV,,não
28413,,Space & Earth Science,,não
28414,,Space & Earth Science,,não
28417,,Geostationary,,não
28417,,TV,,não
28419,,Strela,,não
28420,,Strela,,não
28446,,Geostationary,,não
28446,,TV,,não
28451,,Geostationary,,não
28451,,Weather,,não
28454,,CubeSats,,não
28455,,CubeSats,,não
28463,,Geostationary,,não
28463,,TV,,não
28470,"Zhangguo Ziyuan 2C (ZY-2C, JB-3C)",Space & Earth Science,A — sensoriamento remoto,sim
28472,,Geostationary,,não
28472,,TV,,não
28474,,GPS Operational,,não
28474,,Global Positioning System (GPS) Constellation,,não
28479,,Earth resources,,não
28485,,Space & Earth Science,,não
28492,Helios 2A,Military,A — sensoriamento remoto,sim
28493,,Experimental,,não
28494,,Military,,não
28495,,Military,,não
28496,,Military,,não
28497,,Military,,não
28498,,Space & Earth Science,,não
28500,,Experimental,,não
28508,,Glonass Constellation,,não
28509,,Glonass Constellation,,não
28510,,Glonass Constellation,,não
28517,,Space & Earth Science,,não
28521,,Parus,,não
28523,,Amateur radio,,não
28523,,Education,,não
28526,,Geostationary,,não
28537,"SB-WASS 3-3 (Space Based Wide Area Surveillance System) (NOSS 3-3, USA 181, NRO L23, Intruder)",Military,A — sensoriamento remoto; C — sinais cooperativos (AIS/ADS-B/RF),sim
28542,,Geostationary,,não
28544,,Experimental,,não
28545,,Experimental,,não
28622,,Geostationary,,não
28622,,Satellite-Based Augmentation System,,não
28622,,Weather,,não
28622,,TV,,não
28626,,Geostationary,,não
28626,,XM and Sirius,,não
28626,,TV,,não
28628,,Geostationary,,não
28628,,TV,,não
28629,,Geostationary,,não
28629,,TV,,não
28638,,Geostationary,,não
28638,,TV,,não
28644,,Geostationary,,não
28644,,TV,,não
28646,"Lacrosse/Onyx 5 (Lacrosse-5, NROL 16,  182)",Military,A — sensoriamento remoto,sim
28647,,Brightest,,não
28649,CartoSat 1 (IRS P5),Earth resources,A — sensoriamento remoto,sim
28650,,Amateur radio,,não
28654,"NOAA-18 (NOAA-N, COSPAS-SARSAT)",Brightest,A — sensoriamento remoto,sim
28654,"NOAA-18 (NOAA-N, COSPAS-SARSAT)",Geostationary,A — sensoriamento remoto,sim
28654,"NOAA-18 (NOAA-N, COSPAS-SARSAT)",Intelsat,A — sensoriamento remoto,sim
28654,"NOAA-18 (NOAA-N, COSPAS-SARSAT)",Gorizont,A — sensoriamento remoto,sim
28654,"NOAA-18 (NOAA-N, COSPAS-SARSAT)",Raduga,A — sensoriamento remoto,sim
28654,"NOAA-18 (NOAA-N, COSPAS-SARSAT)",Molniya,A — sensoriamento remoto,sim
28654,"NOAA-18 (NOAA-N, COSPAS-SARSAT)",Iridium,A — sensoriamento remoto,sim
28654,"NOAA-18 (NOAA-N, COSPAS-SARSAT)",Orbcomm,A — sensoriamento remoto,sim
28654,"NOAA-18 (NOAA-N, COSPAS-SARSAT)",Globalstar,A — sensoriamento remoto,sim
28654,"NOAA-18 (NOAA-N, COSPAS-SARSAT)",Amateur radio,A — sensoriamento remoto,sim
28654,"NOAA-18 (NOAA-N, COSPAS-SARSAT)",Experimental,A — sensoriamento remoto,sim
28654,"NOAA-18 (NOAA-N, COSPAS-SARSAT)",Int'l Space Station,A — sensoriamento remoto,sim
28654,"NOAA-18 (NOAA-N, COSPAS-SARSAT)",GPS Operational,A — sensoriamento remoto,sim
28654,"NOAA-18 (NOAA-N, COSPAS-SARSAT)",Glonass Operational,A — sensoriamento remoto,sim
28654,"NOAA-18 (NOAA-N, COSPAS-SARSAT)",Galileo,A — sensoriamento remoto,sim
28654,"NOAA-18 (NOAA-N, COSPAS-SARSAT)",Satellite-Based Augmentation System,A — sensoriamento remoto,sim
28654,"NOAA-18 (NOAA-N, COSPAS-SARSAT)",Navy Navigation Satellite System,A — sensoriamento remoto,sim
28654,"NOAA-18 (NOAA-N, COSPAS-SARSAT)",Russian LEO Navigation,A — sensoriamento remoto,sim
28654,"NOAA-18 (NOAA-N, COSPAS-SARSAT)",Space & Earth Science,A — sensoriamento remoto,sim
28654,"NOAA-18 (NOAA-N, COSPAS-SARSAT)",Geodetic,A — sensoriamento remoto,sim
28654,"NOAA-18 (NOAA-N, COSPAS-SARSAT)",Engineering,A — sensoriamento remoto,sim
28654,"NOAA-18 (NOAA-N, COSPAS-SARSAT)",Education,A — sensoriamento remoto,sim
28654,"NOAA-18 (NOAA-N, COSPAS-SARSAT)",Weather,A — sensoriamento remoto,sim
28654,"NOAA-18 (NOAA-N, COSPAS-SARSAT)",Military,A — sensoriamento remoto,sim
28654,"NOAA-18 (NOAA-N, COSPAS-SARSAT)",Radar Calibration,A — sensoriamento remoto,sim
28654,"NOAA-18 (NOAA-N, COSPAS-SARSAT)",CubeSats,A — sensoriamento remoto,sim
28654,"NOAA-18 (NOAA-N, COSPAS-SARSAT)",XM and Sirius,A — sensoriamento remoto,sim
28654,"NOAA-18 (NOAA-N, COSPAS-SARSAT)",TV,A — sensoriamento remoto,sim
28654,"NOAA-18 (NOAA-N, COSPAS-SARSAT)",Beidou,A — sensoriamento remoto,sim
28654,"NOAA-18 (NOAA-N, COSPAS-SARSAT)",Yaogan,A — sensoriamento remoto,sim
28654,"NOAA-18 (NOAA-N, COSPAS-SARSAT)",Westford Needles,A — sensoriamento remoto,sim
28654,"NOAA-18 (NOAA-N, COSPAS-SARSAT)",Parus,A — sensoriamento remoto,sim
28654,"NOAA-18 (NOAA-N, COSPAS-SARSAT)",Strela,A — sensoriamento remoto,sim
28654,"NOAA-18 (NOAA-N, COSPAS-SARSAT)",NOAA,A — sensoriamento remoto,sim
28654,"NOAA-18 (NOAA-N, COSPAS-SARSAT)",Gonets,A — sensoriamento remoto,sim
28654,"NOAA-18 (NOAA-N, COSPAS-SARSAT)",Tsiklon,A — sensoriamento remoto,sim
28654,"NOAA-18 (NOAA-N, COSPAS-SARSAT)",Tsikada,A — sensoriamento remoto,sim
28654,"NOAA-18 (NOAA-N, COSPAS-SARSAT)",O3B Networks,A — sensoriamento remoto,sim
28654,"NOAA-18 (NOAA-N, COSPAS-SARSAT)",Tselina,A — sensoriamento remoto,sim
28654,"NOAA-18 (NOAA-N, COSPAS-SARSAT)",Celestis,A — sensoriamento remoto,sim
28654,"NOAA-18 (NOAA-N, COSPAS-SARSAT)",IRNSS,A — sensoriamento remoto,sim
28654,"NOAA-18 (NOAA-N, COSPAS-SARSAT)",QZSS,A — sensoriamento remoto,sim
28654,"NOAA-18 (NOAA-N, COSPAS-SARSAT)",Flock,A — sensoriamento remoto,sim
28654,"NOAA-18 (NOAA-N, COSPAS-SARSAT)",Lemur,A — sensoriamento remoto,sim
28654,"NOAA-18 (NOAA-N, COSPAS-SARSAT)",GOES,A — sensoriamento remoto,sim
28654,"NOAA-18 (NOAA-N, COSPAS-SARSAT)",Global Positioning System (GPS) Constellation,A — sensoriamento remoto,sim
28654,"NOAA-18 (NOAA-N, COSPAS-SARSAT)",Glonass Constellation,A — sensoriamento remoto,sim
28654,"NOAA-18 (NOAA-N, COSPAS-SARSAT)",Starlink,A — sensoriamento remoto,sim
28654,"NOAA-18 (NOAA-N, COSPAS-SARSAT)",OneWeb,A — sensoriamento remoto,sim
28654,"NOAA-18 (NOAA-N, COSPAS-SARSAT)",Chinese Space Station,A — sensoriamento remoto,sim
28654,"NOAA-18 (NOAA-N, COSPAS-SARSAT)",Qianfan,A — sensoriamento remoto,sim
28654,"NOAA-18 (NOAA-N, COSPAS-SARSAT)",Leo,A — sensoriamento remoto,sim
28654,"NOAA-18 (NOAA-N, COSPAS-SARSAT)",GeeSAT,A — sensoriamento remoto,sim
28654,"NOAA-18 (NOAA-N, COSPAS-SARSAT)",Earth resources,A — sensoriamento remoto,sim
28654,"NOAA-18 (NOAA-N, COSPAS-SARSAT)",Search & rescue,A — sensoriamento remoto,sim
28654,"NOAA-18 (NOAA-N, COSPAS-SARSAT)",Disaster monitoring,A — sensoriamento remoto,sim
28654,"NOAA-18 (NOAA-N, COSPAS-SARSAT)",Tracking and Data Relay Satellite System,A — sensoriamento remoto,sim
28659,,Geostationary,,não
28659,,TV,,não
28702,,Geostationary,,não
28702,,Intelsat,,não
28702,,TV,,não
28707,,Geostationary,,não
28707,,TV,,não
28737,,Space & Earth Science,,não
28786,,Geostationary,,não
28786,,TV,,não
28788,,Space & Earth Science,,não
28790,,Geostationary,,não
28790,,TV,,não
28809,,Experimental,,não
28810,,Space & Earth Science,,não
28868,,Geostationary,,não
28868,,Satellite-Based Augmentation System,,não
28868,,TV,,não
28874,,GPS Operational,,não
28874,,Global Positioning System (GPS) Constellation,,não
28884,,Geostationary,,não
28884,,Satellite-Based Augmentation System,,não
28884,,TV,,não
28885,,Geostationary,,não
28888,"Keyhole 5 (Advanced KH-11, KH-12-5, Improved Crystal, EIS-3, USA 186)",Brightest,A — sensoriamento remoto,sim
28888,"Keyhole 5 (Advanced KH-11, KH-12-5, Improved Crystal, EIS-3, USA 186)",Military,A — sensoriamento remoto,sim
28890,"BeijingGalaxy-1 (Beijing 1 [Tsinghua], Tsinghau-2, China DMC+4)",Disaster monitoring,A — sensoriamento remoto,sim
28891,,Earth resources,,não
28892,,Amateur radio,,não
28892,,CubeSats,,não
28893,,Amateur radio,,não
28893,,Earth resources,,não
28894,,Amateur radio,,não
28894,,Education,,não
28895,,Amateur radio,,não
28895,,CubeSats,,não
28897,,Amateur radio,,não
28898,,Amateur radio,,não
28899,,Geostationary,,não
28899,,Satellite-Based Augmentation System,,não
28899,,TV,,não
28901,,Space & Earth Science,,não
28902,,Geostationary,,não
28902,,TV,,não
28903,,Geostationary,,não
28903,,TV,,não
28908,,Strela,,não
28909,,Military,,não
28911,,Geostationary,,não
28911,,TV,,não
28912,"Meteosat 9 (MSGalaxy-2, MSG 2)",Geostationary,A — sensoriamento remoto,sim
28912,"Meteosat 9 (MSGalaxy-2, MSG 2)",Weather,A — sensoriamento remoto,sim
28912,"Meteosat 9 (MSGalaxy-2, MSG 2)",Search & rescue,A — sensoriamento remoto,sim
28915,,Glonass Constellation,,não
28916,,Glonass Constellation,,não
28917,,Glonass Constellation,,não
28924,,Geostationary,,não
28924,,TV,,não
28928,,Space & Earth Science,,não
28931,,Earth resources,,não
28935,,Geostationary,,não
28935,,TV,,não
28937,,Geostationary,,não
28937,,Satellite-Based Augmentation System,,não
28937,,Weather,,não
28937,,TV,,não
28945,,Geostationary,,não
28945,,Military,,não
28945,,TV,,não
28946,,Geostationary,,não
28946,,TV,,não
28980,,Experimental,,não
28982,,Experimental,,não
29045,,Geostationary,,não
29045,,TV,,não
29047,"COSMIC-A (Formosat-3A, Constellation Observing System for Meteorology, Ionosphere and Climate)",Amateur radio,A — sensoriamento remoto,sim
29047,"COSMIC-A (Formosat-3A, Constellation Observing System for Meteorology, Ionosphere and Climate)",Space & Earth Science,A — sensoriamento remoto,sim
29048,"COSMIC-B (Formosat-3B, Constellation Observing System for Meteorology, Ionosphere and Climate)",Amateur radio,A — sensoriamento remoto,sim
29048,"COSMIC-B (Formosat-3B, Constellation Observing System for Meteorology, Ionosphere and Climate)",Space & Earth Science,A — sensoriamento remoto,sim
29049,,Amateur radio,,não
29049,,Space & Earth Science,,não
29050,"COSMIC-D (Formosat-3D, Constellation Observing System for Meteorology, Ionosphere and Climate)",Amateur radio,A — sensoriamento remoto,sim
29050,"COSMIC-D (Formosat-3D, Constellation Observing System for Meteorology, Ionosphere and Climate)",Space & Earth Science,A — sensoriamento remoto,sim
29051,"COSMIC-E (Formosat-3E, Constellation Observing System for Meteorology, Ionosphere and Climate)",Amateur radio,A — sensoriamento remoto,sim
29051,"COSMIC-E (Formosat-3E, Constellation Observing System for Meteorology, Ionosphere and Climate)",Space & Earth Science,A — sensoriamento remoto,sim
29052,"COSMIC-F (Formosat-3F, Constellation Observing System for Meteorology, Ionosphere and Climate)",Amateur radio,A — sensoriamento remoto,sim
29052,"COSMIC-F (Formosat-3F, Constellation Observing System for Meteorology, Ionosphere and Climate)",Space & Earth Science,A — sensoriamento remoto,sim
29055,,Geostationary,,não
29055,,TV,,não
29092,,Yaogan,,não
29107,Cloudsat,Space & Earth Science,A — sensoriamento remoto,sim
29108,Calipso (Cloud-Aerosol Lidar and Infrared Pathfinder Satellite Observation),Space & Earth Science,A — sensoriamento remoto,sim
29155,"GOES 13 (Geostationary Operational Environmental Satellite, GOES-N)",Brightest,A — sensoriamento remoto,sim
29155,"GOES 13 (Geostationary Operational Environmental Satellite, GOES-N)",Geostationary,A — sensoriamento remoto,sim
29155,"GOES 13 (Geostationary Operational Environmental Satellite, GOES-N)",Intelsat,A — sensoriamento remoto,sim
29155,"GOES 13 (Geostationary Operational Environmental Satellite, GOES-N)",Gorizont,A — sensoriamento remoto,sim
29155,"GOES 13 (Geostationary Operational Environmental Satellite, GOES-N)",Raduga,A — sensoriamento remoto,sim
29155,"GOES 13 (Geostationary Operational Environmental Satellite, GOES-N)",Molniya,A — sensoriamento remoto,sim
29155,"GOES 13 (Geostationary Operational Environmental Satellite, GOES-N)",Iridium,A — sensoriamento remoto,sim
29155,"GOES 13 (Geostationary Operational Environmental Satellite, GOES-N)",Orbcomm,A — sensoriamento remoto,sim
29155,"GOES 13 (Geostationary Operational Environmental Satellite, GOES-N)",Globalstar,A — sensoriamento remoto,sim
29155,"GOES 13 (Geostationary Operational Environmental Satellite, GOES-N)",Amateur radio,A — sensoriamento remoto,sim
29155,"GOES 13 (Geostationary Operational Environmental Satellite, GOES-N)",Experimental,A — sensoriamento remoto,sim
29155,"GOES 13 (Geostationary Operational Environmental Satellite, GOES-N)",Int'l Space Station,A — sensoriamento remoto,sim
29155,"GOES 13 (Geostationary Operational Environmental Satellite, GOES-N)",GPS Operational,A — sensoriamento remoto,sim
29155,"GOES 13 (Geostationary Operational Environmental Satellite, GOES-N)",Glonass Operational,A — sensoriamento remoto,sim
29155,"GOES 13 (Geostationary Operational Environmental Satellite, GOES-N)",Galileo,A — sensoriamento remoto,sim
29155,"GOES 13 (Geostationary Operational Environmental Satellite, GOES-N)",Satellite-Based Augmentation System,A — sensoriamento remoto,sim
29155,"GOES 13 (Geostationary Operational Environmental Satellite, GOES-N)",Navy Navigation Satellite System,A — sensoriamento remoto,sim
29155,"GOES 13 (Geostationary Operational Environmental Satellite, GOES-N)",Russian LEO Navigation,A — sensoriamento remoto,sim
29155,"GOES 13 (Geostationary Operational Environmental Satellite, GOES-N)",Space & Earth Science,A — sensoriamento remoto,sim
29155,"GOES 13 (Geostationary Operational Environmental Satellite, GOES-N)",Geodetic,A — sensoriamento remoto,sim
29155,"GOES 13 (Geostationary Operational Environmental Satellite, GOES-N)",Engineering,A — sensoriamento remoto,sim
29155,"GOES 13 (Geostationary Operational Environmental Satellite, GOES-N)",Education,A — sensoriamento remoto,sim
29155,"GOES 13 (Geostationary Operational Environmental Satellite, GOES-N)",Weather,A — sensoriamento remoto,sim
29155,"GOES 13 (Geostationary Operational Environmental Satellite, GOES-N)",Military,A — sensoriamento remoto,sim
29155,"GOES 13 (Geostationary Operational Environmental Satellite, GOES-N)",Radar Calibration,A — sensoriamento remoto,sim
29155,"GOES 13 (Geostationary Operational Environmental Satellite, GOES-N)",CubeSats,A — sensoriamento remoto,sim
29155,"GOES 13 (Geostationary Operational Environmental Satellite, GOES-N)",XM and Sirius,A — sensoriamento remoto,sim
29155,"GOES 13 (Geostationary Operational Environmental Satellite, GOES-N)",TV,A — sensoriamento remoto,sim
29155,"GOES 13 (Geostationary Operational Environmental Satellite, GOES-N)",Beidou,A — sensoriamento remoto,sim
29155,"GOES 13 (Geostationary Operational Environmental Satellite, GOES-N)",Yaogan,A — sensoriamento remoto,sim
29155,"GOES 13 (Geostationary Operational Environmental Satellite, GOES-N)",Westford Needles,A — sensoriamento remoto,sim
29155,"GOES 13 (Geostationary Operational Environmental Satellite, GOES-N)",Parus,A — sensoriamento remoto,sim
29155,"GOES 13 (Geostationary Operational Environmental Satellite, GOES-N)",Strela,A — sensoriamento remoto,sim
29155,"GOES 13 (Geostationary Operational Environmental Satellite, GOES-N)",NOAA,A — sensoriamento remoto,sim
29155,"GOES 13 (Geostationary Operational Environmental Satellite, GOES-N)",Gonets,A — sensoriamento remoto,sim
29155,"GOES 13 (Geostationary Operational Environmental Satellite, GOES-N)",Tsiklon,A — sensoriamento remoto,sim
29155,"GOES 13 (Geostationary Operational Environmental Satellite, GOES-N)",Tsikada,A — sensoriamento remoto,sim
29155,"GOES 13 (Geostationary Operational Environmental Satellite, GOES-N)",O3B Networks,A — sensoriamento remoto,sim
29155,"GOES 13 (Geostationary Operational Environmental Satellite, GOES-N)",Tselina,A — sensoriamento remoto,sim
29155,"GOES 13 (Geostationary Operational Environmental Satellite, GOES-N)",Celestis,A — sensoriamento remoto,sim
29155,"GOES 13 (Geostationary Operational Environmental Satellite, GOES-N)",IRNSS,A — sensoriamento remoto,sim
29155,"GOES 13 (Geostationary Operational Environmental Satellite, GOES-N)",QZSS,A — sensoriamento remoto,sim
29155,"GOES 13 (Geostationary Operational Environmental Satellite, GOES-N)",Flock,A — sensoriamento remoto,sim
29155,"GOES 13 (Geostationary Operational Environmental Satellite, GOES-N)",Lemur,A — sensoriamento remoto,sim
29155,"GOES 13 (Geostationary Operational Environmental Satellite, GOES-N)",GOES,A — sensoriamento remoto,sim
29155,"GOES 13 (Geostationary Operational Environmental Satellite, GOES-N)",Global Positioning System (GPS) Constellation,A — sensoriamento remoto,sim
29155,"GOES 13 (Geostationary Operational Environmental Satellite, GOES-N)",Glonass Constellation,A — sensoriamento remoto,sim
29155,"GOES 13 (Geostationary Operational Environmental Satellite, GOES-N)",Starlink,A — sensoriamento remoto,sim
29155,"GOES 13 (Geostationary Operational Environmental Satellite, GOES-N)",OneWeb,A — sensoriamento remoto,sim
29155,"GOES 13 (Geostationary Operational Environmental Satellite, GOES-N)",Chinese Space Station,A — sensoriamento remoto,sim
29155,"GOES 13 (Geostationary Operational Environmental Satellite, GOES-N)",Qianfan,A — sensoriamento remoto,sim
29155,"GOES 13 (Geostationary Operational Environmental Satellite, GOES-N)",Leo,A — sensoriamento remoto,sim
29155,"GOES 13 (Geostationary Operational Environmental Satellite, GOES-N)",GeeSAT,A — sensoriamento remoto,sim
29155,"GOES 13 (Geostationary Operational Environmental Satellite, GOES-N)",Earth resources,A — sensoriamento remoto,sim
29155,"GOES 13 (Geostationary Operational Environmental Satellite, GOES-N)",Search & rescue,A — sensoriamento remoto,sim
29155,"GOES 13 (Geostationary Operational Environmental Satellite, GOES-N)",Disaster monitoring,A — sensoriamento remoto,sim
29155,"GOES 13 (Geostationary Operational Environmental Satellite, GOES-N)",Tracking and Data Relay Satellite System,A — sensoriamento remoto,sim
29162,,Geostationary,,não
29162,,TV,,não
29163,,Geostationary,,não
29163,,TV,,não
29228,,Earth resources,,não
29230,,Geostationary,,não
29230,,TV,,não
29236,,Geostationary,,não
29236,,TV,,não
29240,,Military,,não
29241,,Military,,não
29242,,Experimental,,não
29249,"Improved Trumpet 4 (NROL-22, National Reconnaissance Office Launch-22, SBIRS HEO-1, Twins 1, USA 184)",Military,A — sensoriamento remoto; C — sinais cooperativos (AIS/ADS-B/RF),sim
29268,"Kompsat-2 (Arirang 2, Korean planned Multipurpose Satellite-2)",Earth resources,A — sensoriamento remoto,sim
29270,,Geostationary,,não
29270,,TV,,não
29272,,Geostationary,,não
29272,,TV,,não
29273,,Geostationary,,não
29349,,Geostationary,,não
29349,,Military,,não
29349,,TV,,não
29398,,Geostationary,,não
29398,,TV,,não
29479,,Space & Earth Science,,não
29486,,GPS Operational,,não
29486,,Global Positioning System (GPS) Constellation,,não
29494,,Geostationary,,não
29494,,TV,,não
29495,,Geostationary,,não
29495,,TV,,não
29499,,Weather,,não
29499,,Search & rescue,,não
29505,,Space & Earth Science,,não
29506,,Space & Earth Science,,não
29507,,Brightest,,não
29510,,Space & Earth Science,,não
29511,,Space & Earth Science,,não
29516,,Geostationary,,não
29520,,Geostationary,,não
29520,,TV,,não
29522,"DMSP 5D-3 F17 (Defense Meteorological Satellites Program, USA 173)",Weather,A — sensoriamento remoto,sim
29526,,Geostationary,,não
29601,,GPS Operational,,não
29601,,Global Positioning System (GPS) Constellation,,não
29640,,Weather,,não
29643,,Geostationary,,não
29643,,TV,,não
29644,,Geostationary,,não
29644,,TV,,não
29648,,Geostationary,,não
29648,,TV,,não
29656,,Geostationary,,não
29658,SAR-Lupe 1,Military,A — sensoriamento remoto,sim
29670,,Glonass Constellation,,não
29671,,Glonass Constellation,,não
29672,,Glonass Constellation,,não
29678,,Space & Earth Science,,não
29709,LAPAN-Tubsat (LAPAN A1),Amateur radio,A — sensoriamento remoto,sim
29709,LAPAN-Tubsat (LAPAN A1),Space & Earth Science,A — sensoriamento remoto,sim
29709,LAPAN-Tubsat (LAPAN A1),Earth resources,A — sensoriamento remoto,sim
30323,,Experimental,,não
30323,,Beidou,,não
30580,,Space & Earth Science,,não
30581,,Space & Earth Science,,não
30582,,Space & Earth Science,,não
30793,,Geostationary,,não
30793,,Military,,não
30793,,TV,,não
30794,,Geostationary,,não
30797,,Space & Earth Science,,não
30798,,Space & Earth Science,,não
31102,,Geostationary,,não
31102,,TV,,não
31113,,Space & Earth Science,,não
31115,,Experimental,,não
31115,,Beidou,,não
31117,,Space & Earth Science,,não
31117,,CubeSats,,não
31118,Saudisat-3,CubeSats,A — sensoriamento remoto,sim
31119,,CubeSats,,não
31121,,CubeSats,,não
31122,,Amateur radio,,não
31122,,CubeSats,,não
31124,,CubeSats,,não
31125,,CubeSats,,não
31126,,Amateur radio,,não
31126,,CubeSats,,não
31127,,CubeSats,,não
31128,,Amateur radio,,não
31128,,CubeSats,,não
31129,,Amateur radio,,não
31129,,CubeSats,,não
31130,,Amateur radio,,não
31130,,CubeSats,,não
31132,,Amateur radio,,não
31132,,CubeSats,,não
31133,,Amateur radio,,não
31133,,CubeSats,,não
31135,,Brightest,,não
31135,,Geostationary,,não
31135,,Intelsat,,não
31135,,Gorizont,,não
31135,,Raduga,,não
31135,,Molniya,,não
31135,,Iridium,,não
31135,,Orbcomm,,não
31135,,Globalstar,,não
31135,,Amateur radio,,não
31135,,Experimental,,não
31135,,Int'l Space Station,,não
31135,,GPS Operational,,não
31135,,Glonass Operational,,não
31135,,Galileo,,não
31135,,Satellite-Based Augmentation System,,não
31135,,Navy Navigation Satellite System,,não
31135,,Russian LEO Navigation,,não
31135,,Space & Earth Science,,não
31135,,Geodetic,,não
31135,,Engineering,,não
31135,,Education,,não
31135,,Weather,,não
31135,,Military,,não
31135,,Radar Calibration,,não
31135,,CubeSats,,não
31135,,XM and Sirius,,não
31135,,TV,,não
31135,,Beidou,,não
31135,,Yaogan,,não
31135,,Westford Needles,,não
31135,,Parus,,não
31135,,Strela,,não
31135,,NOAA,,não
31135,,Gonets,,não
31135,,Tsiklon,,não
31135,,Tsikada,,não
31135,,O3B Networks,,não
31135,,Tselina,,não
31135,,Celestis,,não
31135,,IRNSS,,não
31135,,QZSS,,não
31135,,Flock,,não
31135,,Lemur,,não
31135,,GOES,,não
31135,,Global Positioning System (GPS) Constellation,,não
31135,,Glonass Constellation,,não
31135,,Starlink,,não
31135,,OneWeb,,não
31135,,Chinese Space Station,,não
31135,,Qianfan,,não
31135,,Leo,,não
31135,,GeeSAT,,não
31135,,Earth resources,,não
31135,,Search & rescue,,não
31135,,Disaster monitoring,,não
31135,,Tracking and Data Relay Satellite System,,não
31306,,Geostationary,,não
31306,,TV,,não
31307,,Geostationary,,não
31307,,TV,,não
31395,,Geostationary,,não
31395,,TV,,não
31490,,Yaogan,,não
31490,,Disaster monitoring,,não
31571,,Globalstar,,não
31573,,Globalstar,,não
31574,,Globalstar,,não
31576,,Globalstar,,não
31577,,Geostationary,,não
31577,,TV,,não
31598,COSMO-Skymed 1 (Constellation of small Satellites for Mediterranean basin Observation),Geodetic,A — sensoriamento remoto,sim
31598,COSMO-Skymed 1 (Constellation of small Satellites for Mediterranean basin Observation),Military,A — sensoriamento remoto,sim
31698,TerraSAR-X 1 (Terra Synthetic Aperture Radar X-Band),Space & Earth Science,A — sensoriamento remoto,sim
31701,"SB-WASS 3-4 (Space Based Wide Area Surveillance System) NOSS 3-4, USA 194, NRO L30, Intruder)",Military,A — sensoriamento remoto; C — sinais cooperativos (AIS/ADS-B/RF),sim
31792,Tselina-2 (Cosmos 2428),Tselina,A — sensoriamento remoto; C — sinais cooperativos (AIS/ADS-B/RF),sim
31797,SAR-Lupe 2,Brightest,A — sensoriamento remoto,sim
31800,,Geostationary,,não
31800,,TV,,não
31862,,Geostationary,,não
31862,,TV,,não
32018,,Geostationary,,não
32018,,TV,,não
32019,,Geostationary,,não
32019,,TV,,não
32050,,Geostationary,,não
32050,,TV,,não
32052,,Military,,não
32052,,Parus,,não
32060,Worldview 1,Space & Earth Science,A — sensoriamento remoto,sim
32062,,Space & Earth Science,,não
32249,,Space & Earth Science,,não
32252,,Geostationary,,não
32252,,TV,,não
32253,,Geostationary,,não
32253,,Intelsat,,não
32253,,TV,,não
32258,,Geostationary,,não
32260,,GPS Operational,,não
32260,,Global Positioning System (GPS) Constellation,,não
32263,,Globalstar,,não
32264,,Globalstar,,não
32265,,Globalstar,,não
32266,,Globalstar,,não
32275,,Glonass Operational,,não
32275,,Glonass Constellation,,não
32276,,Glonass Operational,,não
32276,,Glonass Constellation,,não
32277,,Glonass Constellation,,não
32287,,Military,,não
32289,,Yaogan,,não
32289,,Disaster monitoring,,não
32293,,Geostationary,,não
32293,,Military,,não
32293,,TV,,não
32294,,Geostationary,,não
32299,,Geostationary,,não
32299,,TV,,não
32373,,Geostationary,,não
32373,,Raduga,,não
32376,COSMO-Skymed 2 (Constellation of small Satellites for Mediterranean basin Observation),Geodetic,A — sensoriamento remoto,sim
32376,COSMO-Skymed 2 (Constellation of small Satellites for Mediterranean basin Observation),Military,A — sensoriamento remoto,sim
32378,,Military,,não
32382,Radarsat-2,Amateur radio,A — sensoriamento remoto,sim
32382,Radarsat-2,Earth resources,A — sensoriamento remoto,sim
32384,,GPS Operational,,não
32384,,Global Positioning System (GPS) Constellation,,não
32387,,Geostationary,,não
32387,,TV,,não
32388,,Geostationary,,não
32388,,TV,,não
32393,,Glonass Operational,,não
32393,,Glonass Constellation,,não
32394,,Glonass Constellation,,não
32395,,Glonass Operational,,não
32395,,Glonass Constellation,,não
32404,,Geostationary,,não
32404,,TV,,não
32478,,Geostationary,,não
32487,,Geostationary,,não
32500,,Geostationary,,não
32706,"Improved Trumpet 5 (NROL-28, National Reconnaissance Office Launch-28, SBIRS HEO-2, Twins 2, USA 200)",Military,A — sensoriamento remoto; C — sinais cooperativos (AIS/ADS-B/RF),sim
32708,,Geostationary,,não
32708,,TV,,não
32711,,GPS Operational,,não
32711,,Global Positioning System (GPS) Constellation,,não
32729,,Geostationary,,não
32729,,TV,,não
32750,SAR-Lupe 4,Military,A — sensoriamento remoto,sim
32763,,Geostationary,,não
32767,,Geostationary,,não
32768,,Geostationary,,não
32768,,TV,,não
32779,,Geostationary,,não
32783,CartoSat 2A,Earth resources,A — sensoriamento remoto,sim
32784,,Navy Navigation Satellite System,,não
32785,,Amateur radio,,não
32785,,CubeSats,,não
32786,,Experimental,,não
32786,,Education,,não
32790,,Amateur radio,,não
32790,,CubeSats,,não
32791,,Amateur radio,,não
32791,,CubeSats,,não
32792,,Orbcomm,,não
32794,,Geostationary,,não
32951,,Geostationary,,não
32953,,Amateur radio,,não
32953,,Education,,não
32954,,Strela,,não
32955,,Strela,,não
32956,,Strela,,não
32958,,Weather,,não
33051,,Geostationary,,não
33053,,Space & Earth Science,,não
33055,,Geostationary,,não
33055,,Military,,não
33056,,Geostationary,,não
33060,,Orbcomm,,não
33061,,Orbcomm,,não
33062,,Orbcomm,,não
33063,,Orbcomm,,não
33064,,Orbcomm,,não
33065,,Orbcomm,,não
33105,,Earth resources,,não
33108,,Geostationary,,não
33108,,Military,,não
33153,,Geostationary,,não
33153,,Intelsat,,não
33154,,Geostationary,,não
33207,,Geostationary,,não
33244,SAR-Lupe 5,Military,A — sensoriamento remoto,sim
33272,,Military,,não
33274,,Geostationary,,não
33275,,Geostationary,,não
33275,,TV,,não
33278,,Geostationary,,não
33278,,Satellite-Based Augmentation System,,não
33312,,Geodetic,,não
33312,,Engineering,,não
33313,,Geodetic,,não
33313,,Engineering,,não
33314,,Geodetic,,não
33314,,Engineering,,não
33315,,Geodetic,,não
33315,,Engineering,,não
33316,,Geodetic,,não
33316,,Engineering,,não
33320,HJ-1A (Huan Jing 1A),Disaster monitoring,A — sensoriamento remoto,sim
33321,HJ-1B (Huan Jing 1B),Disaster monitoring,A — sensoriamento remoto,sim
33331,GeoEye-1 (Orbview 5),Earth resources,A — sensoriamento remoto,sim
33373,,Geostationary,,não
33376,,Geostationary,,não
33376,,TV,,não
33378,,Glonass Constellation,,não
33379,,Glonass Constellation,,não
33380,,Glonass Constellation,,não
33393,,Experimental,,não
33396,THEOS (Thailand Earth Observation System),Space & Earth Science,A — sensoriamento remoto,sim
33401,,Space & Earth Science,,não
33405,,Space & Earth Science,,não
33408,,Space & Earth Science,,não
33409,,Space & Earth Science,,não
33412,COSMO-Skymed 3 (Constellation of small Satellites for Mediterranean basin Observation),Geodetic,A — sensoriamento remoto,sim
33412,COSMO-Skymed 3 (Constellation of small Satellites for Mediterranean basin Observation),Military,A — sensoriamento remoto,sim
33414,,Geostationary,,não
33414,,TV,,não
33433,"Shiyan 3 (SY3, Experimental Satellite 3)",Weather,A — sensoriamento remoto,sim
33434,Chuangxin 1-2 (Innovation 1-2),Space & Earth Science,A — sensoriamento remoto; B — coleta de plataformas (DCS/IoT),sim
33436,,Geostationary,,não
33436,,TV,,não
33446,Yaogan 4 (Remote Sensing Satellite 4),Space & Earth Science,A — sensoriamento remoto,sim
33446,Yaogan 4 (Remote Sensing Satellite 4),Yaogan,A — sensoriamento remoto,sim
33453,,Geostationary,,não
33453,,TV,,não
33459,,Geostationary,,não
33459,,TV,,não
33460,,Geostationary,,não
33460,,TV,,não
33463,,Weather,,não
33466,,Glonass Constellation,,não
33467,,Glonass Constellation,,não
33468,,Glonass Constellation,,não
33490,"Advanced Orion 6 (Mentor, NRO L-26, USA 202)",Military,A — sensoriamento remoto; C — sinais cooperativos (AIS/ADS-B/RF),sim
33492,"Greenhouse Gases Observing Satellite (Ibuki, GoSAT)",Amateur radio,A — sensoriamento remoto,sim
33492,"Greenhouse Gases Observing Satellite (Ibuki, GoSAT)",Space & Earth Science,A — sensoriamento remoto,sim
33494,,Space & Earth Science,,não
33495,,Amateur radio,,não
33495,,Space & Earth Science,,não
33496,,Amateur radio,,não
33496,,Space & Earth Science,,não
33497,,CubeSats,,não
33498,,Amateur radio,,não
33498,,Space & Earth Science,,não
33499,,Amateur radio,,não
33500,,Brightest,,não
33504,,Space & Earth Science,,não
33591,"NOAA-19 (NOAA-N Prime, COSPAS-SARSAT)",Brightest,A — sensoriamento remoto,sim
33591,"NOAA-19 (NOAA-N Prime, COSPAS-SARSAT)",Geostationary,A — sensoriamento remoto,sim
33591,"NOAA-19 (NOAA-N Prime, COSPAS-SARSAT)",Intelsat,A — sensoriamento remoto,sim
33591,"NOAA-19 (NOAA-N Prime, COSPAS-SARSAT)",Gorizont,A — sensoriamento remoto,sim
33591,"NOAA-19 (NOAA-N Prime, COSPAS-SARSAT)",Raduga,A — sensoriamento remoto,sim
33591,"NOAA-19 (NOAA-N Prime, COSPAS-SARSAT)",Molniya,A — sensoriamento remoto,sim
33591,"NOAA-19 (NOAA-N Prime, COSPAS-SARSAT)",Iridium,A — sensoriamento remoto,sim
33591,"NOAA-19 (NOAA-N Prime, COSPAS-SARSAT)",Orbcomm,A — sensoriamento remoto,sim
33591,"NOAA-19 (NOAA-N Prime, COSPAS-SARSAT)",Globalstar,A — sensoriamento remoto,sim
33591,"NOAA-19 (NOAA-N Prime, COSPAS-SARSAT)",Amateur radio,A — sensoriamento remoto,sim
33591,"NOAA-19 (NOAA-N Prime, COSPAS-SARSAT)",Experimental,A — sensoriamento remoto,sim
33591,"NOAA-19 (NOAA-N Prime, COSPAS-SARSAT)",Int'l Space Station,A — sensoriamento remoto,sim
33591,"NOAA-19 (NOAA-N Prime, COSPAS-SARSAT)",GPS Operational,A — sensoriamento remoto,sim
33591,"NOAA-19 (NOAA-N Prime, COSPAS-SARSAT)",Glonass Operational,A — sensoriamento remoto,sim
33591,"NOAA-19 (NOAA-N Prime, COSPAS-SARSAT)",Galileo,A — sensoriamento remoto,sim
33591,"NOAA-19 (NOAA-N Prime, COSPAS-SARSAT)",Satellite-Based Augmentation System,A — sensoriamento remoto,sim
33591,"NOAA-19 (NOAA-N Prime, COSPAS-SARSAT)",Navy Navigation Satellite System,A — sensoriamento remoto,sim
33591,"NOAA-19 (NOAA-N Prime, COSPAS-SARSAT)",Russian LEO Navigation,A — sensoriamento remoto,sim
33591,"NOAA-19 (NOAA-N Prime, COSPAS-SARSAT)",Space & Earth Science,A — sensoriamento remoto,sim
33591,"NOAA-19 (NOAA-N Prime, COSPAS-SARSAT)",Geodetic,A — sensoriamento remoto,sim
33591,"NOAA-19 (NOAA-N Prime, COSPAS-SARSAT)",Engineering,A — sensoriamento remoto,sim
33591,"NOAA-19 (NOAA-N Prime, COSPAS-SARSAT)",Education,A — sensoriamento remoto,sim
33591,"NOAA-19 (NOAA-N Prime, COSPAS-SARSAT)",Weather,A — sensoriamento remoto,sim
33591,"NOAA-19 (NOAA-N Prime, COSPAS-SARSAT)",Military,A — sensoriamento remoto,sim
33591,"NOAA-19 (NOAA-N Prime, COSPAS-SARSAT)",Radar Calibration,A — sensoriamento remoto,sim
33591,"NOAA-19 (NOAA-N Prime, COSPAS-SARSAT)",CubeSats,A — sensoriamento remoto,sim
33591,"NOAA-19 (NOAA-N Prime, COSPAS-SARSAT)",XM and Sirius,A — sensoriamento remoto,sim
33591,"NOAA-19 (NOAA-N Prime, COSPAS-SARSAT)",TV,A — sensoriamento remoto,sim
33591,"NOAA-19 (NOAA-N Prime, COSPAS-SARSAT)",Beidou,A — sensoriamento remoto,sim
33591,"NOAA-19 (NOAA-N Prime, COSPAS-SARSAT)",Yaogan,A — sensoriamento remoto,sim
33591,"NOAA-19 (NOAA-N Prime, COSPAS-SARSAT)",Westford Needles,A — sensoriamento remoto,sim
33591,"NOAA-19 (NOAA-N Prime, COSPAS-SARSAT)",Parus,A — sensoriamento remoto,sim
33591,"NOAA-19 (NOAA-N Prime, COSPAS-SARSAT)",Strela,A — sensoriamento remoto,sim
33591,"NOAA-19 (NOAA-N Prime, COSPAS-SARSAT)",NOAA,A — sensoriamento remoto,sim
33591,"NOAA-19 (NOAA-N Prime, COSPAS-SARSAT)",Gonets,A — sensoriamento remoto,sim
33591,"NOAA-19 (NOAA-N Prime, COSPAS-SARSAT)",Tsiklon,A — sensoriamento remoto,sim
33591,"NOAA-19 (NOAA-N Prime, COSPAS-SARSAT)",Tsikada,A — sensoriamento remoto,sim
33591,"NOAA-19 (NOAA-N Prime, COSPAS-SARSAT)",O3B Networks,A — sensoriamento remoto,sim
33591,"NOAA-19 (NOAA-N Prime, COSPAS-SARSAT)",Tselina,A — sensoriamento remoto,sim
33591,"NOAA-19 (NOAA-N Prime, COSPAS-SARSAT)",Celestis,A — sensoriamento remoto,sim
33591,"NOAA-19 (NOAA-N Prime, COSPAS-SARSAT)",IRNSS,A — sensoriamento remoto,sim
33591,"NOAA-19 (NOAA-N Prime, COSPAS-SARSAT)",QZSS,A — sensoriamento remoto,sim
33591,"NOAA-19 (NOAA-N Prime, COSPAS-SARSAT)",Flock,A — sensoriamento remoto,sim
33591,"NOAA-19 (NOAA-N Prime, COSPAS-SARSAT)",Lemur,A — sensoriamento remoto,sim
33591,"NOAA-19 (NOAA-N Prime, COSPAS-SARSAT)",GOES,A — sensoriamento remoto,sim
33591,"NOAA-19 (NOAA-N Prime, COSPAS-SARSAT)",Global Positioning System (GPS) Constellation,A — sensoriamento remoto,sim
33591,"NOAA-19 (NOAA-N Prime, COSPAS-SARSAT)",Glonass Constellation,A — sensoriamento remoto,sim
33591,"NOAA-19 (NOAA-N Prime, COSPAS-SARSAT)",Starlink,A — sensoriamento remoto,sim
33591,"NOAA-19 (NOAA-N Prime, COSPAS-SARSAT)",OneWeb,A — sensoriamento remoto,sim
33591,"NOAA-19 (NOAA-N Prime, COSPAS-SARSAT)",Chinese Space Station,A — sensoriamento remoto,sim
33591,"NOAA-19 (NOAA-N Prime, COSPAS-SARSAT)",Qianfan,A — sensoriamento remoto,sim
33591,"NOAA-19 (NOAA-N Prime, COSPAS-SARSAT)",Leo,A — sensoriamento remoto,sim
33591,"NOAA-19 (NOAA-N Prime, COSPAS-SARSAT)",GeeSAT,A — sensoriamento remoto,sim
33591,"NOAA-19 (NOAA-N Prime, COSPAS-SARSAT)",Earth resources,A — sensoriamento remoto,sim
33591,"NOAA-19 (NOAA-N Prime, COSPAS-SARSAT)",Search & rescue,A — sensoriamento remoto,sim
33591,"NOAA-19 (NOAA-N Prime, COSPAS-SARSAT)",Disaster monitoring,A — sensoriamento remoto,sim
33591,"NOAA-19 (NOAA-N Prime, COSPAS-SARSAT)",Tracking and Data Relay Satellite System,A — sensoriamento remoto,sim
33595,,Geostationary,,não
33596,,Geostationary,,não
33749,,Geostationary,,não
33749,,TV,,não
33750,,Geostationary,,não
33750,,TV,,não
33751,SPIRALE-A (Système Préparatoire Infra-Rouge pour l'Alerte),Military,A — sensoriamento remoto,sim
33752,SPIRALE-B (Système Préparatoire Infra-Rouge pour l'Alerte),Military,A — sensoriamento remoto,sim
34111,,Geostationary,,não
34264,,Geostationary,,não
34264,,Raduga,,não
34264,,Military,,não
34380,,Space & Earth Science,,não
34661,,Global Positioning System (GPS) Constellation,,não
34710,,Geostationary,,não
34710,,TV,,não
34713,,Geostationary,,não
34713,,Military,,não
34779,,Geostationary,,não
34779,,Experimental,,não
34779,,Beidou,,não
34810,,Geostationary,,não
34810,,Military,,não
34903,,Military,,não
34937,,Space & Earth Science,,não
34938,,Space & Earth Science,,não
34941,,Geostationary,,não
34941,,TV,,não
35315,,Space & Earth Science,,não
35362,,Geostationary,,não
35362,,TV,,não
35491,"GOES 14 (Geostationary Operational Environmental Satellite, GOES-O)",Geostationary,A — sensoriamento remoto,sim
35491,"GOES 14 (Geostationary Operational Environmental Satellite, GOES-O)",Weather,A — sensoriamento remoto,sim
35491,"GOES 14 (Geostationary Operational Environmental Satellite, GOES-O)",GOES,A — sensoriamento remoto,sim
35493,,XM and Sirius,,não
35496,,Geostationary,,não
35498,,Military,,não
35499,,Military,,não
35499,,Strela,,não
35500,,Military,,não
35500,,Strela,,não
35578,,Engineering,,não
35635,,Military,,não
35635,,Parus,,não
35636,,Search & rescue,,não
35681,Deimos 1,Disaster monitoring,A — sensoriamento remoto,sim
35682,,Amateur radio,,não
35682,,Geodetic,,não
35682,,Engineering,,não
35683,"UK-DMC-2 (BNSCSat-2, British National Science Center Satellite 2)",Disaster monitoring,A — sensoriamento remoto,sim
35684,AprizeSat 4,Amateur radio,B — coleta de plataformas (DCS/IoT); C — sinais cooperativos (AIS/ADS-B/RF),sim
35684,AprizeSat 4,Experimental,B — coleta de plataformas (DCS/IoT); C — sinais cooperativos (AIS/ADS-B/RF),sim
35685,,Space & Earth Science,,não
35686,AprizeSat 3,Amateur radio,B — coleta de plataformas (DCS/IoT); C — sinais cooperativos (AIS/ADS-B/RF),sim
35686,AprizeSat 3,Experimental,B — coleta de plataformas (DCS/IoT); C — sinais cooperativos (AIS/ADS-B/RF),sim
35696,,Geostationary,,não
35696,,TV,,não
35752,,GPS Operational,,não
35752,,Global Positioning System (GPS) Constellation,,não
35755,,Geostationary,,não
35755,,TV,,não
35756,,Geostationary,,não
35756,,TV,,não
35812,,Geostationary,,não
35815,"PAN-1 (Nemesis, Palladium at Night, P360,  207)",Military,A — sensoriamento remoto; C — sinais cooperativos (AIS/ADS-B/RF),sim
35865,,Amateur radio,,não
35865,,Weather,,não
35866,,Search & rescue,,não
35868,,Amateur radio,,não
35868,,Education,,não
35869,,Amateur radio,,não
35869,,Education,,não
35871,,Experimental,,não
35873,,Geostationary,,não
35873,,TV,,não
35931,,Earth resources,,não
35932,,Amateur radio,,não
35932,,CubeSats,,não
35933,,Amateur radio,,não
35933,,CubeSats,,não
35934,,Amateur radio,,não
35934,,CubeSats,,não
35935,,Amateur radio,,não
35935,,CubeSats,,não
35936,,Experimental,,não
35937,,Military,,não
35938,,Military,,não
35942,Amazonas-2,Geostationary,A — sensoriamento remoto,sim
35943,,Geostationary,,não
35943,,Military,,não
35946,Worldview 2,Space & Earth Science,A — sensoriamento remoto,sim
35951,"DMSP 5D-3 F18 (Defense Meteorological Satellites Program, USA 210)",Weather,A — sensoriamento remoto,sim
35951,"DMSP 5D-3 F18 (Defense Meteorological Satellites Program, USA 210)",Military,A — sensoriamento remoto,sim
36032,,Brightest,,não
36032,,Geostationary,,não
36032,,Intelsat,,não
36032,,Gorizont,,não
36032,,Raduga,,não
36032,,Molniya,,não
36032,,Iridium,,não
36032,,Orbcomm,,não
36032,,Globalstar,,não
36032,,Amateur radio,,não
36032,,Experimental,,não
36032,,Int'l Space Station,,não
36032,,GPS Operational,,não
36032,,Glonass Operational,,não
36032,,Galileo,,não
36032,,Satellite-Based Augmentation System,,não
36032,,Navy Navigation Satellite System,,não
36032,,Russian LEO Navigation,,não
36032,,Space & Earth Science,,não
36032,,Geodetic,,não
36032,,Engineering,,não
36032,,Education,,não
36032,,Weather,,não
36032,,Military,,não
36032,,Radar Calibration,,não
36032,,CubeSats,,não
36032,,XM and Sirius,,não
36032,,TV,,não
36032,,Beidou,,não
36032,,Yaogan,,não
36032,,Westford Needles,,não
36032,,Parus,,não
36032,,Strela,,não
36032,,NOAA,,não
36032,,Gonets,,não
36032,,Tsiklon,,não
36032,,Tsikada,,não
36032,,O3B Networks,,não
36032,,Tselina,,não
36032,,Celestis,,não
36032,,IRNSS,,não
36032,,QZSS,,não
36032,,Flock,,não
36032,,Lemur,,não
36032,,GOES,,não
36032,,Global Positioning System (GPS) Constellation,,não
36032,,Glonass Constellation,,não
36032,,Starlink,,não
36032,,OneWeb,,não
36032,,Chinese Space Station,,não
36032,,Qianfan,,não
36032,,Leo,,não
36032,,GeeSAT,,não
36032,,Earth resources,,não
36032,,Search & rescue,,não
36032,,Disaster monitoring,,não
36032,,Tracking and Data Relay Satellite System,,não
36033,,Geostationary,,não
36036,SMOS (Soil Moisture and Ocean Salinity satellite),Space & Earth Science,A — sensoriamento remoto,sim
36037,,Experimental,,não
36086,,Int'l Space Station,,não
36088,,Space & Earth Science,,não
36095,Lotos-S1 (Cosmos 2455),Military,A — sensoriamento remoto; C — sinais cooperativos (AIS/ADS-B/RF),sim
36097,,Geostationary,,não
36097,,Intelsat,,não
36097,,TV,,não
36101,,Geostationary,,não
36101,,TV,,não
36104,,Military,,não
36106,,Geostationary,,não
36106,,Intelsat,,não
36106,,TV,,não
36108,,Geostationary,,não
36108,,Military,,não
36110,Yaogan 7 (Remote Sensing Satellite 7),Yaogan,A — sensoriamento remoto,sim
36110,Yaogan 7 (Remote Sensing Satellite 7),Earth resources,A — sensoriamento remoto,sim
36110,Yaogan 7 (Remote Sensing Satellite 7),Disaster monitoring,A — sensoriamento remoto,sim
36111,,Glonass Operational,,não
36111,,Glonass Constellation,,não
36112,,Glonass Operational,,não
36112,,Glonass Constellation,,não
36113,,Glonass Constellation,,não
36121,Yaogan 8 (Remote Sensing Satellite 8),Yaogan,A — sensoriamento remoto,sim
36121,Yaogan 8 (Remote Sensing Satellite 8),Earth resources,A — sensoriamento remoto,sim
36122,,Amateur radio,,não
36122,,Education,,não
36131,,Geostationary,,não
36131,,TV,,não
36287,,Geostationary,,não
36287,,Beidou,,não
36358,,Raduga,,não
36358,,Military,,não
36395,,Space & Earth Science,,não
36397,,Geostationary,,não
36397,,Intelsat,,não
36397,,TV,,não
36400,,Glonass Constellation,,não
36401,,Glonass Constellation,,não
36402,,Glonass Operational,,não
36402,,Glonass Constellation,,não
36411,"GOES 15 (Geostationary Operational Ennvironmental Satellite, GOES-P)",Brightest,A — sensoriamento remoto,sim
36411,"GOES 15 (Geostationary Operational Ennvironmental Satellite, GOES-P)",Geostationary,A — sensoriamento remoto,sim
36411,"GOES 15 (Geostationary Operational Ennvironmental Satellite, GOES-P)",Intelsat,A — sensoriamento remoto,sim
36411,"GOES 15 (Geostationary Operational Ennvironmental Satellite, GOES-P)",Gorizont,A — sensoriamento remoto,sim
36411,"GOES 15 (Geostationary Operational Ennvironmental Satellite, GOES-P)",Raduga,A — sensoriamento remoto,sim
36411,"GOES 15 (Geostationary Operational Ennvironmental Satellite, GOES-P)",Molniya,A — sensoriamento remoto,sim
36411,"GOES 15 (Geostationary Operational Ennvironmental Satellite, GOES-P)",Iridium,A — sensoriamento remoto,sim
36411,"GOES 15 (Geostationary Operational Ennvironmental Satellite, GOES-P)",Orbcomm,A — sensoriamento remoto,sim
36411,"GOES 15 (Geostationary Operational Ennvironmental Satellite, GOES-P)",Globalstar,A — sensoriamento remoto,sim
36411,"GOES 15 (Geostationary Operational Ennvironmental Satellite, GOES-P)",Amateur radio,A — sensoriamento remoto,sim
36411,"GOES 15 (Geostationary Operational Ennvironmental Satellite, GOES-P)",Experimental,A — sensoriamento remoto,sim
36411,"GOES 15 (Geostationary Operational Ennvironmental Satellite, GOES-P)",Int'l Space Station,A — sensoriamento remoto,sim
36411,"GOES 15 (Geostationary Operational Ennvironmental Satellite, GOES-P)",GPS Operational,A — sensoriamento remoto,sim
36411,"GOES 15 (Geostationary Operational Ennvironmental Satellite, GOES-P)",Glonass Operational,A — sensoriamento remoto,sim
36411,"GOES 15 (Geostationary Operational Ennvironmental Satellite, GOES-P)",Galileo,A — sensoriamento remoto,sim
36411,"GOES 15 (Geostationary Operational Ennvironmental Satellite, GOES-P)",Satellite-Based Augmentation System,A — sensoriamento remoto,sim
36411,"GOES 15 (Geostationary Operational Ennvironmental Satellite, GOES-P)",Navy Navigation Satellite System,A — sensoriamento remoto,sim
36411,"GOES 15 (Geostationary Operational Ennvironmental Satellite, GOES-P)",Russian LEO Navigation,A — sensoriamento remoto,sim
36411,"GOES 15 (Geostationary Operational Ennvironmental Satellite, GOES-P)",Space & Earth Science,A — sensoriamento remoto,sim
36411,"GOES 15 (Geostationary Operational Ennvironmental Satellite, GOES-P)",Geodetic,A — sensoriamento remoto,sim
36411,"GOES 15 (Geostationary Operational Ennvironmental Satellite, GOES-P)",Engineering,A — sensoriamento remoto,sim
36411,"GOES 15 (Geostationary Operational Ennvironmental Satellite, GOES-P)",Education,A — sensoriamento remoto,sim
36411,"GOES 15 (Geostationary Operational Ennvironmental Satellite, GOES-P)",Weather,A — sensoriamento remoto,sim
36411,"GOES 15 (Geostationary Operational Ennvironmental Satellite, GOES-P)",Military,A — sensoriamento remoto,sim
36411,"GOES 15 (Geostationary Operational Ennvironmental Satellite, GOES-P)",Radar Calibration,A — sensoriamento remoto,sim
36411,"GOES 15 (Geostationary Operational Ennvironmental Satellite, GOES-P)",CubeSats,A — sensoriamento remoto,sim
36411,"GOES 15 (Geostationary Operational Ennvironmental Satellite, GOES-P)",XM and Sirius,A — sensoriamento remoto,sim
36411,"GOES 15 (Geostationary Operational Ennvironmental Satellite, GOES-P)",TV,A — sensoriamento remoto,sim
36411,"GOES 15 (Geostationary Operational Ennvironmental Satellite, GOES-P)",Beidou,A — sensoriamento remoto,sim
36411,"GOES 15 (Geostationary Operational Ennvironmental Satellite, GOES-P)",Yaogan,A — sensoriamento remoto,sim
36411,"GOES 15 (Geostationary Operational Ennvironmental Satellite, GOES-P)",Westford Needles,A — sensoriamento remoto,sim
36411,"GOES 15 (Geostationary Operational Ennvironmental Satellite, GOES-P)",Parus,A — sensoriamento remoto,sim
36411,"GOES 15 (Geostationary Operational Ennvironmental Satellite, GOES-P)",Strela,A — sensoriamento remoto,sim
36411,"GOES 15 (Geostationary Operational Ennvironmental Satellite, GOES-P)",NOAA,A — sensoriamento remoto,sim
36411,"GOES 15 (Geostationary Operational Ennvironmental Satellite, GOES-P)",Gonets,A — sensoriamento remoto,sim
36411,"GOES 15 (Geostationary Operational Ennvironmental Satellite, GOES-P)",Tsiklon,A — sensoriamento remoto,sim
36411,"GOES 15 (Geostationary Operational Ennvironmental Satellite, GOES-P)",Tsikada,A — sensoriamento remoto,sim
36411,"GOES 15 (Geostationary Operational Ennvironmental Satellite, GOES-P)",O3B Networks,A — sensoriamento remoto,sim
36411,"GOES 15 (Geostationary Operational Ennvironmental Satellite, GOES-P)",Tselina,A — sensoriamento remoto,sim
36411,"GOES 15 (Geostationary Operational Ennvironmental Satellite, GOES-P)",Celestis,A — sensoriamento remoto,sim
36411,"GOES 15 (Geostationary Operational Ennvironmental Satellite, GOES-P)",IRNSS,A — sensoriamento remoto,sim
36411,"GOES 15 (Geostationary Operational Ennvironmental Satellite, GOES-P)",QZSS,A — sensoriamento remoto,sim
36411,"GOES 15 (Geostationary Operational Ennvironmental Satellite, GOES-P)",Flock,A — sensoriamento remoto,sim
36411,"GOES 15 (Geostationary Operational Ennvironmental Satellite, GOES-P)",Lemur,A — sensoriamento remoto,sim
36411,"GOES 15 (Geostationary Operational Ennvironmental Satellite, GOES-P)",GOES,A — sensoriamento remoto,sim
36411,"GOES 15 (Geostationary Operational Ennvironmental Satellite, GOES-P)",Global Positioning System (GPS) Constellation,A — sensoriamento remoto,sim
36411,"GOES 15 (Geostationary Operational Ennvironmental Satellite, GOES-P)",Glonass Constellation,A — sensoriamento remoto,sim
36411,"GOES 15 (Geostationary Operational Ennvironmental Satellite, GOES-P)",Starlink,A — sensoriamento remoto,sim
36411,"GOES 15 (Geostationary Operational Ennvironmental Satellite, GOES-P)",OneWeb,A — sensoriamento remoto,sim
36411,"GOES 15 (Geostationary Operational Ennvironmental Satellite, GOES-P)",Chinese Space Station,A — sensoriamento remoto,sim
36411,"GOES 15 (Geostationary Operational Ennvironmental Satellite, GOES-P)",Qianfan,A — sensoriamento remoto,sim
36411,"GOES 15 (Geostationary Operational Ennvironmental Satellite, GOES-P)",Leo,A — sensoriamento remoto,sim
36411,"GOES 15 (Geostationary Operational Ennvironmental Satellite, GOES-P)",GeeSAT,A — sensoriamento remoto,sim
36411,"GOES 15 (Geostationary Operational Ennvironmental Satellite, GOES-P)",Earth resources,A — sensoriamento remoto,sim
36411,"GOES 15 (Geostationary Operational Ennvironmental Satellite, GOES-P)",Search & rescue,A — sensoriamento remoto,sim
36411,"GOES 15 (Geostationary Operational Ennvironmental Satellite, GOES-P)",Disaster monitoring,A — sensoriamento remoto,sim
36411,"GOES 15 (Geostationary Operational Ennvironmental Satellite, GOES-P)",Tracking and Data Relay Satellite System,A — sensoriamento remoto,sim
36413,Yaogan 9A (Remote Sensing Satellite 9A),Experimental,A — sensoriamento remoto; C — sinais cooperativos (AIS/ADS-B/RF),sim
36413,Yaogan 9A (Remote Sensing Satellite 9A),Yaogan,A — sensoriamento remoto; C — sinais cooperativos (AIS/ADS-B/RF),sim
36413,Yaogan 9A (Remote Sensing Satellite 9A),Earth resources,A — sensoriamento remoto; C — sinais cooperativos (AIS/ADS-B/RF),sim
36414,Yaogan 9B (Remote Sensing Satellite 9B),Experimental,A — sensoriamento remoto; C — sinais cooperativos (AIS/ADS-B/RF),sim
36414,Yaogan 9B (Remote Sensing Satellite 9B),Yaogan,A — sensoriamento remoto; C — sinais cooperativos (AIS/ADS-B/RF),sim
36414,Yaogan 9B (Remote Sensing Satellite 9B),Earth resources,A — sensoriamento remoto; C — sinais cooperativos (AIS/ADS-B/RF),sim
36415,Yaogan 9C (Remote Sensing Satellite 9C),Experimental,A — sensoriamento remoto; C — sinais cooperativos (AIS/ADS-B/RF),sim
36415,Yaogan 9C (Remote Sensing Satellite 9C),Yaogan,A — sensoriamento remoto; C — sinais cooperativos (AIS/ADS-B/RF),sim
36415,Yaogan 9C (Remote Sensing Satellite 9C),Earth resources,A — sensoriamento remoto; C — sinais cooperativos (AIS/ADS-B/RF),sim
36499,,Geostationary,,não
36499,,TV,,não
36508,Cryosat-2,Space & Earth Science,A — sensoriamento remoto,sim
36516,,Brightest,,não
36516,,Geostationary,,não
36516,,Intelsat,,não
36516,,Gorizont,,não
36516,,Raduga,,não
36516,,Molniya,,não
36516,,Iridium,,não
36516,,Orbcomm,,não
36516,,Globalstar,,não
36516,,Amateur radio,,não
36516,,Experimental,,não
36516,,Int'l Space Station,,não
36516,,GPS Operational,,não
36516,,Glonass Operational,,não
36516,,Galileo,,não
36516,,Satellite-Based Augmentation System,,não
36516,,Navy Navigation Satellite System,,não
36516,,Russian LEO Navigation,,não
36516,,Space & Earth Science,,não
36516,,Geodetic,,não
36516,,Engineering,,não
36516,,Education,,não
36516,,Weather,,não
36516,,Military,,não
36516,,Radar Calibration,,não
36516,,CubeSats,,não
36516,,XM and Sirius,,não
36516,,TV,,não
36516,,Beidou,,não
36516,,Yaogan,,não
36516,,Westford Needles,,não
36516,,Parus,,não
36516,,Strela,,não
36516,,NOAA,,não
36516,,Gonets,,não
36516,,Tsiklon,,não
36516,,Tsikada,,não
36516,,O3B Networks,,não
36516,,Tselina,,não
36516,,Celestis,,não
36516,,IRNSS,,não
36516,,QZSS,,não
36516,,Flock,,não
36516,,Lemur,,não
36516,,GOES,,não
36516,,Global Positioning System (GPS) Constellation,,não
36516,,Glonass Constellation,,não
36516,,Starlink,,não
36516,,OneWeb,,não
36516,,Chinese Space Station,,não
36516,,Qianfan,,não
36516,,Leo,,não
36516,,GeeSAT,,não
36516,,Earth resources,,não
36516,,Search & rescue,,não
36516,,Disaster monitoring,,não
36516,,Tracking and Data Relay Satellite System,,não
36519,,Military,,não
36519,,Parus,,não
36576,,Space & Earth Science,,não
36577,,Space & Earth Science,,não
36578,,Amateur radio,,não
36578,,Engineering,,não
36581,,Geostationary,,não
36581,,TV,,não
36582,,Geostationary,,não
36582,,Military,,não
36585,,GPS Operational,,não
36585,,Global Positioning System (GPS) Constellation,,não
36588,,Experimental,,não
36590,,Geostationary,,não
36590,,Beidou,,não
36592,,Geostationary,,não
36592,,TV,,não
36596,,Experimental,,não
36598,,Space & Earth Science,,não
36599,,Experimental,,não
36605,TanDEM-X (TerraSAR-X add-on for Digital Elevation Measurement),Geodetic,A — sensoriamento remoto,sim
36608,Ofeq 9,Military,A — sensoriamento remoto,sim
36744,"COMS-1 (Communication, Ocean and Meteorological Satellite; Cheollian)",Geostationary,A — sensoriamento remoto,sim
36744,"COMS-1 (Communication, Ocean and Meteorological Satellite; Cheollian)",Space & Earth Science,A — sensoriamento remoto,sim
36744,"COMS-1 (Communication, Ocean and Meteorological Satellite; Cheollian)",Weather,A — sensoriamento remoto,sim
36745,,Geostationary,,não
36745,,TV,,não
36792,,Geostationary,,não
36792,,TV,,não
36795,CartoSat 2B,Earth resources,A — sensoriamento remoto,sim
36796,,Amateur radio,,não
36796,,Space & Earth Science,,não
36797,AISSat-1 (Automatic Identification System Satellite-1),Experimental,C — sinais cooperativos (AIS/ADS-B/RF),sim
36798,Alsat-2A (Algeria Satellite 2A),Earth resources,A — sensoriamento remoto,sim
36799,,Amateur radio,,não
36799,,Engineering,,não
36827,,Experimental,,não
36828,,Experimental,,não
36828,,Beidou,,não
36830,,Geostationary,,não
36830,,TV,,não
36831,,Geostationary,,não
36831,,TV,,não
36834,Yaogan 10 (Remote Sensing Satellite 10),Experimental,A — sensoriamento remoto,sim
36834,Yaogan 10 (Remote Sensing Satellite 10),Space & Earth Science,A — sensoriamento remoto,sim
36834,Yaogan 10 (Remote Sensing Satellite 10),Military,A — sensoriamento remoto,sim
36834,Yaogan 10 (Remote Sensing Satellite 10),Yaogan,A — sensoriamento remoto,sim
36868,,Geostationary,,não
36868,,Military,,não
37137,,Glonass Constellation,,não
37138,,Glonass Constellation,,não
37139,,Glonass Constellation,,não
37150,,Geostationary,,não
37150,,TV,,não
37152,,Strela,,não
37153,,Gonets,,não
37154,,Strela,,não
37158,,Engineering,,não
37158,,QZSS,,não
37162,"FIA Radar 1 (Future Imagery Architecture (FIA) Radar 1, NROL-41, USA 215, Topaz)",Military,A — sensoriamento remoto,sim
37165,Yaogan 11 (Remote Sensing Satellite 11),Space & Earth Science,A — sensoriamento remoto,sim
37165,Yaogan 11 (Remote Sensing Satellite 11),Yaogan,A — sensoriamento remoto,sim
37166,,Engineering,,não
37167,,Engineering,,não
37168,,Military,,não
37174,,Space & Earth Science,,não
37179,Shijian 6G (SJ6-04A),Space & Earth Science,A — sensoriamento remoto,sim
37180,Shijian 6H (SJ6_04B),Space & Earth Science,A — sensoriamento remoto,sim
37185,,Geostationary,,não
37185,,XM and Sirius,,não
37188,,Globalstar,,não
37189,,Globalstar,,não
37190,,Globalstar,,não
37191,,Globalstar,,não
37192,,Globalstar,,não
37193,,Globalstar,,não
37206,,Geostationary,,não
37207,,Geostationary,,não
37207,,TV,,não
37210,,Geostationary,,não
37210,,Beidou,,não
37212,,Military,,não
37214,Fengyun 3B (FY 3B),Weather,A — sensoriamento remoto,sim
37216,COSMO-Skymed 4 (Constellation of small Satellites for Mediterranean basin Observation),Geodetic,A — sensoriamento remoto,sim
37216,COSMO-Skymed 4 (Constellation of small Satellites for Mediterranean basin Observation),Military,A — sensoriamento remoto,sim
37218,,Geostationary,,não
37222,,Space & Earth Science,,não
37223,,Amateur radio,,não
37223,,Space & Earth Science,,não
37224,,Amateur radio,,não
37224,,Space & Earth Science,,não
37225,,Space & Earth Science,,não
37226,,Space & Earth Science,,não
37227,,Amateur radio,,não
37227,,Space & Earth Science,,não
37230,,Experimental,,não
37231,,Experimental,,não
37232,"Advanced Orion 7 (Mentor, NRO L-32, USA 223)",Military,A — sensoriamento remoto; C — sinais cooperativos (AIS/ADS-B/RF),sim
37234,,Geostationary,,não
37237,,Geostationary,,não
37238,,Geostationary,,não
37238,,Intelsat,,não
37256,,Geostationary,,não
37256,,Beidou,,não
37258,,Geostationary,,não
37258,,TV,,não
37264,,Geostationary,,não
37265,,Geostationary,,não
37344,Electro-L1 (GOMS 2 [Geostationary Operational Meteorological Satellite 2]),Geostationary,A — sensoriamento remoto,sim
37344,Electro-L1 (GOMS 2 [Geostationary Operational Meteorological Satellite 2]),Amateur radio,A — sensoriamento remoto,sim
37344,Electro-L1 (GOMS 2 [Geostationary Operational Meteorological Satellite 2]),Weather,A — sensoriamento remoto,sim
37348,"Keyhole 6 (NRO L49, Advanced KH-11, KH-12-6, Improved Crystal, USA 224)",Military,A — sensoriamento remoto,sim
37364,,Military,,não
37372,,Glonass Constellation,,não
37377,,Military,,não
37380,,Amateur radio,,não
37380,,Space & Earth Science,,não
37384,,Geostationary,,não
37384,,Beidou,,não
37386,"SB-WASS 3-5 (Space Based Wide Area Surveillance System) NOSS 3-5, USA 229, NRO L34, Intruder)",Military,A — sensoriamento remoto; C — sinais cooperativos (AIS/ADS-B/RF),sim
37387,Resourcesat 2 (exactView-2),Earth resources,A — sensoriamento remoto; C — sinais cooperativos (AIS/ADS-B/RF),sim
37388,,Space & Earth Science,,não
37389,X-Sat,Space & Earth Science,A — sensoriamento remoto,sim
37391,"SB-WASS 3-5 (Space Based Wide Area Surveillance System) NOSS 3-5, USA 229, NRO L34, Intruder)",Military,A — sensoriamento remoto; C — sinais cooperativos (AIS/ADS-B/RF),sim
37392,,Geostationary,,não
37392,,Intelsat,,não
37392,,TV,,não
37393,,Geostationary,,não
37393,,TV,,não
37481,"SBIRS GEO 1 (Space Based Infrared System Geosynchronous 1, USA 230)",Geostationary,A — sensoriamento remoto,sim
37481,"SBIRS GEO 1 (Space Based Infrared System Geosynchronous 1, USA 230)",Military,A — sensoriamento remoto,sim
37602,,Geostationary,,não
37605,,Geostationary,,não
37605,,Satellite-Based Augmentation System,,não
37606,,Geostationary,,não
37673,,Space & Earth Science,,não
37677,,Geostationary,,não
37677,,TV,,não
37730,,Experimental,,não
37737,,Geostationary,,não
37739,,Globalstar,,não
37740,,Globalstar,,não
37741,,Globalstar,,não
37742,,Globalstar,,não
37743,,Globalstar,,não
37744,,Globalstar,,não
37746,,Geostationary,,não
37748,,Geostationary,,não
37749,,Geostationary,,não
37749,,TV,,não
37753,,Global Positioning System (GPS) Constellation,,não
37755,,Space & Earth Science,,não
37763,,Geostationary,,não
37763,,Beidou,,não
37765,,Experimental,,não
37773,,Space & Earth Science,,não
37775,,Geostationary,,não
37775,,TV,,não
37776,,Geostationary,,não
37776,,TV,,não
37779,,Geostationary,,não
37781,Haiyang 2A (HY 2A),Earth resources,A — sensoriamento remoto,sim
37788,,Space & Earth Science,,não
37789,NigeriaSat-2,Disaster monitoring,A — sensoriamento remoto,sim
37790,Nigeriasat-X,Disaster monitoring,A — sensoriamento remoto,sim
37791,RASAT,Amateur radio,A — sensoriamento remoto,sim
37791,RASAT,Disaster monitoring,A — sensoriamento remoto,sim
37792,AprizeSat 5,Amateur radio,B — coleta de plataformas (DCS/IoT); C — sinais cooperativos (AIS/ADS-B/RF),sim
37792,AprizeSat 5,Experimental,B — coleta de plataformas (DCS/IoT); C — sinais cooperativos (AIS/ADS-B/RF),sim
37793,exactView 6 (AprizeSat 6),Amateur radio,C — sinais cooperativos (AIS/ADS-B/RF),sim
37793,exactView 6 (AprizeSat 6),Experimental,C — sinais cooperativos (AIS/ADS-B/RF),sim
37794,,Earth resources,,não
37804,,Geostationary,,não
37806,,Geostationary,,não
37806,,Military,,não
37809,,Geostationary,,não
37810,,Geostationary,,não
37813,"IGS-6A (Information Gathering Satellite 6A, IGS Optical 4)",Military,A — sensoriamento remoto,sim
37816,,Geostationary,,não
37818,,Military,,não
37820,,Brightest,,não
37820,,Geostationary,,não
37820,,Intelsat,,não
37820,,Gorizont,,não
37820,,Raduga,,não
37820,,Molniya,,não
37820,,Iridium,,não
37820,,Orbcomm,,não
37820,,Globalstar,,não
37820,,Amateur radio,,não
37820,,Experimental,,não
37820,,Int'l Space Station,,não
37820,,GPS Operational,,não
37820,,Glonass Operational,,não
37820,,Galileo,,não
37820,,Satellite-Based Augmentation System,,não
37820,,Navy Navigation Satellite System,,não
37820,,Russian LEO Navigation,,não
37820,,Space & Earth Science,,não
37820,,Geodetic,,não
37820,,Engineering,,não
37820,,Education,,não
37820,,Weather,,não
37820,,Military,,não
37820,,Radar Calibration,,não
37820,,CubeSats,,não
37820,,XM and Sirius,,não
37820,,TV,,não
37820,,Beidou,,não
37820,,Yaogan,,não
37820,,Westford Needles,,não
37820,,Parus,,não
37820,,Strela,,não
37820,,NOAA,,não
37820,,Gonets,,não
37820,,Tsiklon,,não
37820,,Tsikada,,não
37820,,O3B Networks,,não
37820,,Tselina,,não
37820,,Celestis,,não
37820,,IRNSS,,não
37820,,QZSS,,não
37820,,Flock,,não
37820,,Lemur,,não
37820,,GOES,,não
37820,,Global Positioning System (GPS) Constellation,,não
37820,,Glonass Constellation,,não
37820,,Starlink,,não
37820,,OneWeb,,não
37820,,Chinese Space Station,,não
37820,,Qianfan,,não
37820,,Leo,,não
37820,,GeeSAT,,não
37820,,Earth resources,,não
37820,,Search & rescue,,não
37820,,Disaster monitoring,,não
37820,,Tracking and Data Relay Satellite System,,não
37826,,Geostationary,,não
37829,,Glonass Constellation,,não
37834,,Geostationary,,não
37834,,Intelsat,,não
37834,,TV,,não
37836,,Geostationary,,não
37836,,TV,,não
37839,,Amateur radio,,não
37839,,Space & Earth Science,,não
37840,,Tracking and Data Relay Satellite System,,não
37841,,Amateur radio,,não
37841,,Space & Earth Science,,não
37843,,Geostationary,,não
37846,,Galileo,,não
37847,,Galileo,,não
37849,NPP (National Polar-orbiting Operational Environmental Satellite System [NPOESS]),Brightest,A — sensoriamento remoto,sim
37849,NPP (National Polar-orbiting Operational Environmental Satellite System [NPOESS]),Geostationary,A — sensoriamento remoto,sim
37849,NPP (National Polar-orbiting Operational Environmental Satellite System [NPOESS]),Intelsat,A — sensoriamento remoto,sim
37849,NPP (National Polar-orbiting Operational Environmental Satellite System [NPOESS]),Gorizont,A — sensoriamento remoto,sim
37849,NPP (National Polar-orbiting Operational Environmental Satellite System [NPOESS]),Raduga,A — sensoriamento remoto,sim
37849,NPP (National Polar-orbiting Operational Environmental Satellite System [NPOESS]),Molniya,A — sensoriamento remoto,sim
37849,NPP (National Polar-orbiting Operational Environmental Satellite System [NPOESS]),Iridium,A — sensoriamento remoto,sim
37849,NPP (National Polar-orbiting Operational Environmental Satellite System [NPOESS]),Orbcomm,A — sensoriamento remoto,sim
37849,NPP (National Polar-orbiting Operational Environmental Satellite System [NPOESS]),Globalstar,A — sensoriamento remoto,sim
37849,NPP (National Polar-orbiting Operational Environmental Satellite System [NPOESS]),Amateur radio,A — sensoriamento remoto,sim
37849,NPP (National Polar-orbiting Operational Environmental Satellite System [NPOESS]),Experimental,A — sensoriamento remoto,sim
37849,NPP (National Polar-orbiting Operational Environmental Satellite System [NPOESS]),Int'l Space Station,A — sensoriamento remoto,sim
37849,NPP (National Polar-orbiting Operational Environmental Satellite System [NPOESS]),GPS Operational,A — sensoriamento remoto,sim
37849,NPP (National Polar-orbiting Operational Environmental Satellite System [NPOESS]),Glonass Operational,A — sensoriamento remoto,sim
37849,NPP (National Polar-orbiting Operational Environmental Satellite System [NPOESS]),Galileo,A — sensoriamento remoto,sim
37849,NPP (National Polar-orbiting Operational Environmental Satellite System [NPOESS]),Satellite-Based Augmentation System,A — sensoriamento remoto,sim
37849,NPP (National Polar-orbiting Operational Environmental Satellite System [NPOESS]),Navy Navigation Satellite System,A — sensoriamento remoto,sim
37849,NPP (National Polar-orbiting Operational Environmental Satellite System [NPOESS]),Russian LEO Navigation,A — sensoriamento remoto,sim
37849,NPP (National Polar-orbiting Operational Environmental Satellite System [NPOESS]),Space & Earth Science,A — sensoriamento remoto,sim
37849,NPP (National Polar-orbiting Operational Environmental Satellite System [NPOESS]),Geodetic,A — sensoriamento remoto,sim
37849,NPP (National Polar-orbiting Operational Environmental Satellite System [NPOESS]),Engineering,A — sensoriamento remoto,sim
37849,NPP (National Polar-orbiting Operational Environmental Satellite System [NPOESS]),Education,A — sensoriamento remoto,sim
37849,NPP (National Polar-orbiting Operational Environmental Satellite System [NPOESS]),Weather,A — sensoriamento remoto,sim
37849,NPP (National Polar-orbiting Operational Environmental Satellite System [NPOESS]),Military,A — sensoriamento remoto,sim
37849,NPP (National Polar-orbiting Operational Environmental Satellite System [NPOESS]),Radar Calibration,A — sensoriamento remoto,sim
37849,NPP (National Polar-orbiting Operational Environmental Satellite System [NPOESS]),CubeSats,A — sensoriamento remoto,sim
37849,NPP (National Polar-orbiting Operational Environmental Satellite System [NPOESS]),XM and Sirius,A — sensoriamento remoto,sim
37849,NPP (National Polar-orbiting Operational Environmental Satellite System [NPOESS]),TV,A — sensoriamento remoto,sim
37849,NPP (National Polar-orbiting Operational Environmental Satellite System [NPOESS]),Beidou,A — sensoriamento remoto,sim
37849,NPP (National Polar-orbiting Operational Environmental Satellite System [NPOESS]),Yaogan,A — sensoriamento remoto,sim
37849,NPP (National Polar-orbiting Operational Environmental Satellite System [NPOESS]),Westford Needles,A — sensoriamento remoto,sim
37849,NPP (National Polar-orbiting Operational Environmental Satellite System [NPOESS]),Parus,A — sensoriamento remoto,sim
37849,NPP (National Polar-orbiting Operational Environmental Satellite System [NPOESS]),Strela,A — sensoriamento remoto,sim
37849,NPP (National Polar-orbiting Operational Environmental Satellite System [NPOESS]),NOAA,A — sensoriamento remoto,sim
37849,NPP (National Polar-orbiting Operational Environmental Satellite System [NPOESS]),Gonets,A — sensoriamento remoto,sim
37849,NPP (National Polar-orbiting Operational Environmental Satellite System [NPOESS]),Tsiklon,A — sensoriamento remoto,sim
37849,NPP (National Polar-orbiting Operational Environmental Satellite System [NPOESS]),Tsikada,A — sensoriamento remoto,sim
37849,NPP (National Polar-orbiting Operational Environmental Satellite System [NPOESS]),O3B Networks,A — sensoriamento remoto,sim
37849,NPP (National Polar-orbiting Operational Environmental Satellite System [NPOESS]),Tselina,A — sensoriamento remoto,sim
37849,NPP (National Polar-orbiting Operational Environmental Satellite System [NPOESS]),Celestis,A — sensoriamento remoto,sim
37849,NPP (National Polar-orbiting Operational Environmental Satellite System [NPOESS]),IRNSS,A — sensoriamento remoto,sim
37849,NPP (National Polar-orbiting Operational Environmental Satellite System [NPOESS]),QZSS,A — sensoriamento remoto,sim
37849,NPP (National Polar-orbiting Operational Environmental Satellite System [NPOESS]),Flock,A — sensoriamento remoto,sim
37849,NPP (National Polar-orbiting Operational Environmental Satellite System [NPOESS]),Lemur,A — sensoriamento remoto,sim
37849,NPP (National Polar-orbiting Operational Environmental Satellite System [NPOESS]),GOES,A — sensoriamento remoto,sim
37849,NPP (National Polar-orbiting Operational Environmental Satellite System [NPOESS]),Global Positioning System (GPS) Constellation,A — sensoriamento remoto,sim
37849,NPP (National Polar-orbiting Operational Environmental Satellite System [NPOESS]),Glonass Constellation,A — sensoriamento remoto,sim
37849,NPP (National Polar-orbiting Operational Environmental Satellite System [NPOESS]),Starlink,A — sensoriamento remoto,sim
37849,NPP (National Polar-orbiting Operational Environmental Satellite System [NPOESS]),OneWeb,A — sensoriamento remoto,sim
37849,NPP (National Polar-orbiting Operational Environmental Satellite System [NPOESS]),Chinese Space Station,A — sensoriamento remoto,sim
37849,NPP (National Polar-orbiting Operational Environmental Satellite System [NPOESS]),Qianfan,A — sensoriamento remoto,sim
37849,NPP (National Polar-orbiting Operational Environmental Satellite System [NPOESS]),Leo,A — sensoriamento remoto,sim
37849,NPP (National Polar-orbiting Operational Environmental Satellite System [NPOESS]),GeeSAT,A — sensoriamento remoto,sim
37849,NPP (National Polar-orbiting Operational Environmental Satellite System [NPOESS]),Earth resources,A — sensoriamento remoto,sim
37849,NPP (National Polar-orbiting Operational Environmental Satellite System [NPOESS]),Search & rescue,A — sensoriamento remoto,sim
37849,NPP (National Polar-orbiting Operational Environmental Satellite System [NPOESS]),Disaster monitoring,A — sensoriamento remoto,sim
37849,NPP (National Polar-orbiting Operational Environmental Satellite System [NPOESS]),Tracking and Data Relay Satellite System,A — sensoriamento remoto,sim
37867,,Glonass Operational,,não
37867,,Glonass Constellation,,não
37868,,Glonass Operational,,não
37868,,Glonass Constellation,,não
37869,,Glonass Operational,,não
37869,,Glonass Constellation,,não
37875,Yaogan 12 (Remote Sensing Satellite 12),Space & Earth Science,A — sensoriamento remoto,sim
37875,Yaogan 12 (Remote Sensing Satellite 12),Military,A — sensoriamento remoto,sim
37875,Yaogan 12 (Remote Sensing Satellite 12),Yaogan,A — sensoriamento remoto,sim
37930,Chuangxin 1-3 (Innovation 1-3),Space & Earth Science,A — sensoriamento remoto; B — coleta de plataformas (DCS/IoT),sim
37930,Chuangxin 1-3 (Innovation 1-3),Disaster monitoring,A — sensoriamento remoto; B — coleta de plataformas (DCS/IoT),sim
37931,"Shiyan 4 (SY4, Experimental Satellite 4)",Space & Earth Science,A — sensoriamento remoto,sim
37933,,Geostationary,,não
37938,,Glonass Constellation,,não
37948,,Beidou,,não
37950,,Geostationary,,não
37950,,TV,,não
37951,,Geostationary,,não
37954,"IGS-7A (Information Gathering Satellite 7A, IGS Radar 3)",Military,A — sensoriamento remoto,sim
38007,ELISA-W11 (ELectronic Intelligence by SAtellite),Military,A — sensoriamento remoto; C — sinais cooperativos (AIS/ADS-B/RF),sim
38008,ELISA-E24 (ELectronic Intelligence by SAtellite),Military,A — sensoriamento remoto; C — sinais cooperativos (AIS/ADS-B/RF),sim
38009,ELISA-W23 (ELectronic Intelligence by SAtellite),Military,A — sensoriamento remoto; C — sinais cooperativos (AIS/ADS-B/RF),sim
38010,ELISA-E12 (ELectronic Intelligence by SAtellite),Military,A — sensoriamento remoto; C — sinais cooperativos (AIS/ADS-B/RF),sim
38011,SSOT (Sistema Satelital para la Observación de la Tierra),Geodetic,A — sensoriamento remoto,sim
38012,Pléiades HR1A,Military,A — sensoriamento remoto,sim
38013,,Experimental,,não
38014,,Geostationary,,não
38038,Ziyuan 1-02C,Geodetic,A — sensoriamento remoto,sim
38038,Ziyuan 1-02C,Earth resources,A — sensoriamento remoto,sim
38040,,Globalstar,,não
38041,,Globalstar,,não
38042,,Globalstar,,não
38043,,Globalstar,,não
38044,,Globalstar,,não
38045,,Globalstar,,não
38049,Fengyun 2F (FY 2F),Geostationary,A — sensoriamento remoto,sim
38049,Fengyun 2F (FY 2F),Weather,A — sensoriamento remoto,sim
38070,,Geostationary,,não
38070,,Military,,não
38077,,Amateur radio,,não
38077,,CubeSats,,não
38087,,Geostationary,,não
38091,,Beidou,,não
38093,,Geostationary,,não
38093,,Military,,não
38098,,Geostationary,,não
38098,,Intelsat,,não
38101,,Military,,não
38107,,Geostationary,,não
38109,"FIA Radar 2 (Future Imagery Architecture (FIA) Radar 2, NROL-25, USA 234, Topaz)",Military,A — sensoriamento remoto,sim
38245,,Geostationary,,não
38245,,TV,,não
38248,RISat-1 (Radar Imaging Satellite 1),Military,A — sensoriamento remoto,sim
38248,RISat-1 (Radar Imaging Satellite 1),Earth resources,A — sensoriamento remoto,sim
38250,,Beidou,,não
38251,,Beidou,,não
38254,,Geostationary,,não
38254,,Military,,não
38257,Yaogan 14 (Remote Sensing Satellite 14),Military,A — sensoriamento remoto,sim
38257,Yaogan 14 (Remote Sensing Satellite 14),Yaogan,A — sensoriamento remoto,sim
38331,,Geostationary,,não
38331,,TV,,não
38332,,Geostationary,,não
38332,,TV,,não
38337,"Global Change Observation Mission - 1 Water (GCOM-1, Shikuzu)",Amateur radio,A — sensoriamento remoto,sim
38337,"Global Change Observation Mission - 1 Water (GCOM-1, Shikuzu)",Space & Earth Science,A — sensoriamento remoto,sim
38338,"Kompsat-3 (Arirang 3, Korean Multipurpose Satellite-3)",Amateur radio,A — sensoriamento remoto,sim
38338,"Kompsat-3 (Arirang 3, Korean Multipurpose Satellite-3)",Space & Earth Science,A — sensoriamento remoto,sim
38339,SDS-4 (Small Demonstration Satellite-4),CubeSats,C — sinais cooperativos (AIS/ADS-B/RF),sim
38340,,Amateur radio,,não
38340,,Space & Earth Science,,não
38342,,Geostationary,,não
38342,,TV,,não
38352,,Geostationary,,não
38352,,Military,,não
38354,Yaogan 15 (Remote Sensing Satellite 15),Space & Earth Science,A — sensoriamento remoto,sim
38354,Yaogan 15 (Remote Sensing Satellite 15),Military,A — sensoriamento remoto,sim
38354,Yaogan 15 (Remote Sensing Satellite 15),Yaogan,A — sensoriamento remoto,sim
38356,,Geostationary,,não
38356,,Intelsat,,não
38356,,TV,,não
38358,,Space & Earth Science,,não
38466,,Military,,não
38528,"Advanced Orion 8 (Mentor, NRO L-15, USA 237)",Military,A — sensoriamento remoto; C — sinais cooperativos (AIS/ADS-B/RF),sim
38551,,Geostationary,,não
38552,"Meteosat 10 (MSGalaxy-3,MSG 3)",Geostationary,A — sensoriamento remoto,sim
38552,"Meteosat 10 (MSGalaxy-3,MSG 3)",Weather,A — sensoriamento remoto,sim
38652,,Geostationary,,não
38709,,Weather,,não
38711,,Experimental,,não
38730,,Geostationary,,não
38733,,Military,,não
38734,,Gonets,,não
38735,,Amateur radio,,não
38735,,Experimental,,não
38736,,Amateur radio,,não
38736,,Gonets,,não
38740,,Geostationary,,não
38740,,Intelsat,,não
38741,,Geostationary,,não
38745,,Geostationary,,não
38749,,Geostationary,,não
38749,,Intelsat,,não
38753,"Van Allen Probe B (RBSP-B, Radiation Belt Storm Probes)",Space & Earth Science,A — sensoriamento remoto,sim
38755,Spot 6 (Système Probatoire d’Observation de la Terre),Earth resources,A — sensoriamento remoto,sim
38756,,Amateur radio,,não
38756,,Experimental,,não
38758,"SB-WASS 3-6 (Space Based Wide Area Surveillance System) NOSS 3-6, USA 238, NRO L36, Intruder)",Military,A — sensoriamento remoto; C — sinais cooperativos (AIS/ADS-B/RF),sim
38759,,Military,,não
38760,Aeneas,Amateur radio,B — coleta de plataformas (DCS/IoT),sim
38760,Aeneas,CubeSats,B — coleta de plataformas (DCS/IoT),sim
38761,,Amateur radio,,não
38761,,CubeSats,,não
38762,,Amateur radio,,não
38762,,CubeSats,,não
38763,,Amateur radio,,não
38763,,CubeSats,,não
38764,,CubeSats,,não
38765,,CubeSats,,não
38771,MetOp-B (Meteorological Operational satellite),Brightest,A — sensoriamento remoto,sim
38771,MetOp-B (Meteorological Operational satellite),Geostationary,A — sensoriamento remoto,sim
38771,MetOp-B (Meteorological Operational satellite),Intelsat,A — sensoriamento remoto,sim
38771,MetOp-B (Meteorological Operational satellite),Gorizont,A — sensoriamento remoto,sim
38771,MetOp-B (Meteorological Operational satellite),Raduga,A — sensoriamento remoto,sim
38771,MetOp-B (Meteorological Operational satellite),Molniya,A — sensoriamento remoto,sim
38771,MetOp-B (Meteorological Operational satellite),Iridium,A — sensoriamento remoto,sim
38771,MetOp-B (Meteorological Operational satellite),Orbcomm,A — sensoriamento remoto,sim
38771,MetOp-B (Meteorological Operational satellite),Globalstar,A — sensoriamento remoto,sim
38771,MetOp-B (Meteorological Operational satellite),Amateur radio,A — sensoriamento remoto,sim
38771,MetOp-B (Meteorological Operational satellite),Experimental,A — sensoriamento remoto,sim
38771,MetOp-B (Meteorological Operational satellite),Int'l Space Station,A — sensoriamento remoto,sim
38771,MetOp-B (Meteorological Operational satellite),GPS Operational,A — sensoriamento remoto,sim
38771,MetOp-B (Meteorological Operational satellite),Glonass Operational,A — sensoriamento remoto,sim
38771,MetOp-B (Meteorological Operational satellite),Galileo,A — sensoriamento remoto,sim
38771,MetOp-B (Meteorological Operational satellite),Satellite-Based Augmentation System,A — sensoriamento remoto,sim
38771,MetOp-B (Meteorological Operational satellite),Navy Navigation Satellite System,A — sensoriamento remoto,sim
38771,MetOp-B (Meteorological Operational satellite),Russian LEO Navigation,A — sensoriamento remoto,sim
38771,MetOp-B (Meteorological Operational satellite),Space & Earth Science,A — sensoriamento remoto,sim
38771,MetOp-B (Meteorological Operational satellite),Geodetic,A — sensoriamento remoto,sim
38771,MetOp-B (Meteorological Operational satellite),Engineering,A — sensoriamento remoto,sim
38771,MetOp-B (Meteorological Operational satellite),Education,A — sensoriamento remoto,sim
38771,MetOp-B (Meteorological Operational satellite),Weather,A — sensoriamento remoto,sim
38771,MetOp-B (Meteorological Operational satellite),Military,A — sensoriamento remoto,sim
38771,MetOp-B (Meteorological Operational satellite),Radar Calibration,A — sensoriamento remoto,sim
38771,MetOp-B (Meteorological Operational satellite),CubeSats,A — sensoriamento remoto,sim
38771,MetOp-B (Meteorological Operational satellite),XM and Sirius,A — sensoriamento remoto,sim
38771,MetOp-B (Meteorological Operational satellite),TV,A — sensoriamento remoto,sim
38771,MetOp-B (Meteorological Operational satellite),Beidou,A — sensoriamento remoto,sim
38771,MetOp-B (Meteorological Operational satellite),Yaogan,A — sensoriamento remoto,sim
38771,MetOp-B (Meteorological Operational satellite),Westford Needles,A — sensoriamento remoto,sim
38771,MetOp-B (Meteorological Operational satellite),Parus,A — sensoriamento remoto,sim
38771,MetOp-B (Meteorological Operational satellite),Strela,A — sensoriamento remoto,sim
38771,MetOp-B (Meteorological Operational satellite),NOAA,A — sensoriamento remoto,sim
38771,MetOp-B (Meteorological Operational satellite),Gonets,A — sensoriamento remoto,sim
38771,MetOp-B (Meteorological Operational satellite),Tsiklon,A — sensoriamento remoto,sim
38771,MetOp-B (Meteorological Operational satellite),Tsikada,A — sensoriamento remoto,sim
38771,MetOp-B (Meteorological Operational satellite),O3B Networks,A — sensoriamento remoto,sim
38771,MetOp-B (Meteorological Operational satellite),Tselina,A — sensoriamento remoto,sim
38771,MetOp-B (Meteorological Operational satellite),Celestis,A — sensoriamento remoto,sim
38771,MetOp-B (Meteorological Operational satellite),IRNSS,A — sensoriamento remoto,sim
38771,MetOp-B (Meteorological Operational satellite),QZSS,A — sensoriamento remoto,sim
38771,MetOp-B (Meteorological Operational satellite),Flock,A — sensoriamento remoto,sim
38771,MetOp-B (Meteorological Operational satellite),Lemur,A — sensoriamento remoto,sim
38771,MetOp-B (Meteorological Operational satellite),GOES,A — sensoriamento remoto,sim
38771,MetOp-B (Meteorological Operational satellite),Global Positioning System (GPS) Constellation,A — sensoriamento remoto,sim
38771,MetOp-B (Meteorological Operational satellite),Glonass Constellation,A — sensoriamento remoto,sim
38771,MetOp-B (Meteorological Operational satellite),Starlink,A — sensoriamento remoto,sim
38771,MetOp-B (Meteorological Operational satellite),OneWeb,A — sensoriamento remoto,sim
38771,MetOp-B (Meteorological Operational satellite),Chinese Space Station,A — sensoriamento remoto,sim
38771,MetOp-B (Meteorological Operational satellite),Qianfan,A — sensoriamento remoto,sim
38771,MetOp-B (Meteorological Operational satellite),Leo,A — sensoriamento remoto,sim
38771,MetOp-B (Meteorological Operational satellite),GeeSAT,A — sensoriamento remoto,sim
38771,MetOp-B (Meteorological Operational satellite),Earth resources,A — sensoriamento remoto,sim
38771,MetOp-B (Meteorological Operational satellite),Search & rescue,A — sensoriamento remoto,sim
38771,MetOp-B (Meteorological Operational satellite),Disaster monitoring,A — sensoriamento remoto,sim
38771,MetOp-B (Meteorological Operational satellite),Tracking and Data Relay Satellite System,A — sensoriamento remoto,sim
38773,"SB-WASS 3-6 (Space Based Wide Area Surveillance System) NOSS 3-6, USA 238, NRO L36, Intruder)",Military,A — sensoriamento remoto; C — sinais cooperativos (AIS/ADS-B/RF),sim
38774,,Beidou,,não
38775,,Beidou,,não
38778,,Geostationary,,não
38779,,Geostationary,,não
38779,,Satellite-Based Augmentation System,,não
38782,"VRSS-1 (Venezuelan Remote Sensing Satellite, Francisco Miranda)",Earth resources,A — sensoriamento remoto,sim
38833,,GPS Operational,,não
38833,,Global Positioning System (GPS) Constellation,,não
38857,,Galileo,,não
38858,,Galileo,,não
38860,,Experimental,,não
38861,,Experimental,,não
38867,,Geostationary,,não
38867,,Intelsat,,não
38867,,TV,,não
38953,,Geostationary,,não
38953,,Beidou,,não
38977,,Geostationary,,não
38977,,TV,,não
38978,,Geostationary,,não
38978,,TV,,não
38991,,Geostationary,,não
38991,,TV,,não
38992,,Geostationary,,não
38995,,Military,,não
39008,,Geostationary,,não
39008,,TV,,não
39011,"Yaogan 16A (Remote Sensing Satellite 16A, Yaogan Weixing 16)",Yaogan,A — sensoriamento remoto; C — sinais cooperativos (AIS/ADS-B/RF),sim
39012,Yaogan 16B (Remote Sensing Satellite 16B),Yaogan,A — sensoriamento remoto; C — sinais cooperativos (AIS/ADS-B/RF),sim
39013,Yaogan 16C (Remote Sensing Satlelite 16C),Yaogan,A — sensoriamento remoto; C — sinais cooperativos (AIS/ADS-B/RF),sim
39017,,Geostationary,,não
39017,,TV,,não
39019,Pléiades HR1B,Military,A — sensoriamento remoto,sim
39020,,Geostationary,,não
39022,,Geostationary,,não
39030,Göktürk 2,Earth resources,A — sensoriamento remoto,sim
39034,,Geostationary,,não
39034,,Military,,não
39035,,Geostationary,,não
39057,,Military,,não
39057,,Strela,,não
39058,,Military,,não
39058,,Strela,,não
39059,,Military,,não
39059,,Strela,,não
39061,"IGS-8A (Information Gathering Satellite 8A, IGS Radar 4)",Military,A — sensoriamento remoto,sim
39070,,Geostationary,,não
39070,,Tracking and Data Relay Satellite System,,não
39072,,Globalstar,,não
39073,,Globalstar,,não
39074,,Globalstar,,não
39075,,Globalstar,,não
39076,,Globalstar,,não
39077,,Globalstar,,não
39078,,Geostationary,,não
39078,,TV,,não
39079,,Geostationary,,não
39084,Landsat 8,Earth resources,A — sensoriamento remoto,sim
39086,SARAL (Satellite with ARGOS and ALTIKA),Amateur radio,A — sensoriamento remoto; B — coleta de plataformas (DCS/IoT),sim
39086,SARAL (Satellite with ARGOS and ALTIKA),Space & Earth Science,A — sensoriamento remoto; B — coleta de plataformas (DCS/IoT),sim
39086,SARAL (Satellite with ARGOS and ALTIKA),Earth resources,A — sensoriamento remoto; B — coleta de plataformas (DCS/IoT),sim
39087,,Amateur radio,,não
39087,,CubeSats,,não
39088,,Military,,não
39089,,Space & Earth Science,,não
39090,,Amateur radio,,não
39090,,CubeSats,,não
39091,,Amateur radio,,não
39091,,Space & Earth Science,,não
39092,,Amateur radio,,não
39092,,Space & Earth Science,,não
39120,"SBIRS GEO 2 (Space Based Infrared System Geosynchronous 2, USA 241)",Geostationary,A — sensoriamento remoto,sim
39120,"SBIRS GEO 2 (Space Based Infrared System Geosynchronous 2, USA 241)",Military,A — sensoriamento remoto,sim
39122,,Geostationary,,não
39127,,Geostationary,,não
39133,,Amateur radio,,não
39133,,CubeSats,,não
39150,Gaofen 1,Earth resources,A — sensoriamento remoto,sim
39151,,Amateur radio,,não
39151,,CubeSats,,não
39152,,Amateur radio,,não
39152,,CubeSats,,não
39153,,Amateur radio,,não
39153,,Experimental,,não
39153,,CubeSats,,não
39155,,Glonass Operational,,não
39155,,Glonass Constellation,,não
39157,,Geostationary,,não
39157,,TV,,não
39159,Proba 5 (Project for On-Board Autonomy),Earth resources,A — sensoriamento remoto,sim
39160,VNREDSat 1A  (Vietnam Natural Resources Environment and Disaster monitoring small Satellite),Earth resources,A — sensoriamento remoto,sim
39161,,Amateur radio,,não
39161,,Space & Earth Science,,não
39163,,Geostationary,,não
39163,,TV,,não
39166,,GPS Operational,,não
39166,,Global Positioning System (GPS) Constellation,,não
39168,,Military,,não
39172,,Geostationary,,não
39172,,TV,,não
39177,Persona-2 (Cosmos 2486),Military,A — sensoriamento remoto,sim
39188,,O3B Networks,,não
39189,,O3B Networks,,não
39190,,O3B Networks,,não
39191,,O3B Networks,,não
39197,,Space & Earth Science,,não
39199,,Geostationary,,não
39199,,IRNSS,,não
39200,,Brightest,,não
39202,,Experimental,,não
39206,,Military,,não
39208,,Experimental,,não
39209,,Experimental,,não
39210,,Experimental,,não
39211,,Brightest,,não
39215,,Geostationary,,não
39216,INSAT 3D (Indian National Satellite),Geostationary,A — sensoriamento remoto,sim
39216,INSAT 3D (Indian National Satellite),Weather,A — sensoriamento remoto,sim
39222,,Geostationary,,não
39222,,Military,,não
39227,"Kompsat-5 (Arirang 5, Korean Multipurpose Satellite-4)",Brightest,A — sensoriamento remoto,sim
39232,"Keyhole 7 (NRO L65, Advanced KH-11, Improved Crystal, USA 245)",Military,A — sensoriamento remoto,sim
39233,,Geostationary,,não
39233,,TV,,não
39234,,Geostationary,,não
39234,,Military,,não
39237,,Geostationary,,não
39239,"Yaogan 17A (Remote Sensing Satellite 17A, Yaogan Weixing 17)",Yaogan,A — sensoriamento remoto; C — sinais cooperativos (AIS/ADS-B/RF),sim
39240,Yaogan 17B (Remote Sensing Satellite 17B),Yaogan,A — sensoriamento remoto; C — sinais cooperativos (AIS/ADS-B/RF),sim
39241,Yaogan 17C (Remote Sensing Satellite 17C),Yaogan,A — sensoriamento remoto; C — sinais cooperativos (AIS/ADS-B/RF),sim
39249,Gonets M-14,Gonets,B — coleta de plataformas (DCS/IoT),sim
39250,Gonets M-16,Gonets,B — coleta de plataformas (DCS/IoT),sim
39251,Gonets M-17,Gonets,B — coleta de plataformas (DCS/IoT),sim
39253,,Space & Earth Science,,não
39256,,Geostationary,,não
39256,,Military,,não
39260,Fengyun 3C (FY 3C),Weather,A — sensoriamento remoto,sim
39265,Cassiope (CAScade SmallSat and Ionospheric Polar Explorer),Space & Earth Science,A — sensoriamento remoto,sim
39267,,Amateur radio,,não
39267,,Space & Earth Science,,não
39269,,Space & Earth Science,,não
39270,,Space & Earth Science,,não
39285,,Geostationary,,não
39285,,TV,,não
39358,,Experimental,,não
39358,,Space & Earth Science,,não
39360,,XM and Sirius,,não
39370,,Space & Earth Science,,não
39375,,Geostationary,,não
39375,,Raduga,,não
39375,,Military,,não
39378,,Space & Earth Science,,não
39410,Yaogan 19 (Remote Sensing Satellite 19),Yaogan,A — sensoriamento remoto,sim
39416,AprizeSat 7,Amateur radio,B — coleta de plataformas (DCS/IoT); C — sinais cooperativos (AIS/ADS-B/RF),sim
39416,AprizeSat 7,Experimental,B — coleta de plataformas (DCS/IoT); C — sinais cooperativos (AIS/ADS-B/RF),sim
39417,,Amateur radio,,não
39417,,CubeSats,,não
39418,SkySat-1 (S1),Earth resources,A — sensoriamento remoto,sim
39419,DubaiSat-2,Earth resources,A — sensoriamento remoto,sim
39420,,Amateur radio,,não
39420,,CubeSats,,não
39421,,Amateur radio,,não
39421,,Experimental,,não
39422,,Earth resources,,não
39423,WNISat-1 (Weather News Inc. Satellite 1),Amateur radio,A — sensoriamento remoto,sim
39423,WNISat-1 (Weather News Inc. Satellite 1),CubeSats,A — sensoriamento remoto,sim
39424,,CubeSats,,não
39425,AprizeSat 8 (exactView-12),Amateur radio,B — coleta de plataformas (DCS/IoT); C — sinais cooperativos (AIS/ADS-B/RF),sim
39425,AprizeSat 8 (exactView-12),Experimental,B — coleta de plataformas (DCS/IoT); C — sinais cooperativos (AIS/ADS-B/RF),sim
39426,,CubeSats,,não
39427,,Amateur radio,,não
39427,,CubeSats,,não
39428,,Amateur radio,,não
39428,,CubeSats,,não
39429,,Amateur radio,,não
39429,,CubeSats,,não
39430,,Amateur radio,,não
39430,,CubeSats,,não
39431,,Amateur radio,,não
39431,,CubeSats,,não
39432,,Amateur radio,,não
39432,,CubeSats,,não
39435,,Amateur radio,,não
39435,,CubeSats,,não
39438,,Amateur radio,,não
39438,,CubeSats,,não
39440,,Amateur radio,,não
39440,,CubeSats,,não
39441,,Amateur radio,,não
39441,,CubeSats,,não
39442,,Amateur radio,,não
39442,,CubeSats,,não
39444,,Amateur radio,,não
39444,,CubeSats,,não
39445,,Amateur radio,,não
39445,,CubeSats,,não
39446,,Amateur radio,,não
39446,,CubeSats,,não
39451,SWARM-B,Space & Earth Science,A — sensoriamento remoto,sim
39452,SWARM-A,Space & Earth Science,A — sensoriamento remoto,sim
39453,SWARM-C,Space & Earth Science,A — sensoriamento remoto,sim
39455,"Shiyan 5 (SY5, Experimental Satellite 5)",Earth resources,A — sensoriamento remoto,sim
39460,,Geostationary,,não
39462,"FIA Radar 3 (Future Imagery Architecture (FIA) Radar 3, NROL-39, USA 247, Topaz)",Military,A — sensoriamento remoto,sim
39464,,Amateur radio,,não
39464,,Space & Earth Science,,não
39467,,Amateur radio,,não
39467,,CubeSats,,não
39469,,Amateur radio,,não
39469,,CubeSats,,não
39471,,Amateur radio,,não
39471,,CubeSats,,não
39473,,Military,,não
39474,,Military,,não
39476,,Geostationary,,não
39479,,Space & Earth Science,,não
39481,,Geostationary,,não
39483,,Military,,não
39483,,Strela,,não
39484,,Military,,não
39484,,Strela,,não
39485,,Military,,não
39485,,Strela,,não
39487,,Geostationary,,não
39487,,TV,,não
39490,,Radar Calibration,,não
39491,,Radar Calibration,,não
39492,,Amateur radio,,não
39492,,Experimental,,não
39497,,Amateur radio,,não
39497,,Experimental,,não
39498,,Geostationary,,não
39500,,Geostationary,,não
39500,,TV,,não
39504,,Geostationary,,não
39504,,Tracking and Data Relay Satellite System,,não
39508,,Geostationary,,não
39508,,TV,,não
39509,,Geostationary,,não
39509,,Military,,não
39522,,Geostationary,,não
39533,,GPS Operational,,não
39533,,Global Positioning System (GPS) Constellation,,não
39574,GPM Core Observatory (Global Precipitation Measurement),Brightest,A — sensoriamento remoto,sim
39612,,Geostationary,,não
39612,,TV,,não
39613,,Geostationary,,não
39613,,TV,,não
39616,,Geostationary,,não
39617,,Geostationary,,não
39620,,Glonass Operational,,não
39620,,Glonass Constellation,,não
39624,,Experimental,,não
39630,,Weather,,não
39634,Sentinel 1A,Disaster monitoring,A — sensoriamento remoto,sim
39635,,Geostationary,,não
39635,,IRNSS,,não
39652,"Mercury 3 (NROL 67,  250)",Geostationary,A — sensoriamento remoto; C — sinais cooperativos (AIS/ADS-B/RF),sim
39652,"Mercury 3 (NROL 67,  250)",Military,A — sensoriamento remoto; C — sinais cooperativos (AIS/ADS-B/RF),sim
39678,,Space & Earth Science,,não
39727,,Geostationary,,não
39728,,Geostationary,,não
39731,KazEOSat-1 (Kazcosmos Earth Observation Satellite),Earth resources,A — sensoriamento remoto,sim
39741,,GPS Operational,,não
39741,,Global Positioning System (GPS) Constellation,,não
39751,,Geostationary,,não
39751,,Military,,não
39761,,Strela,,não
39762,,Strela,,não
39763,,Strela,,não
39765,,Amateur radio,,não
39765,,Experimental,,não
39766,"Daichi-2 (Advanced Land Observing Satellite-2, ALOS 2 2)",Earth resources,A — sensoriamento remoto,sim
39767,UNIFORM 1  (UNiversity International FORmation Mission 1),Amateur radio,A — sensoriamento remoto,sim
39767,UNIFORM 1  (UNiversity International FORmation Mission 1),Space & Earth Science,A — sensoriamento remoto,sim
39768,,Amateur radio,,não
39768,,Disaster monitoring,,não
39769,Rising-2,Amateur radio,A — sensoriamento remoto,sim
39769,Rising-2,Experimental,A — sensoriamento remoto,sim
39773,,Geostationary,,não
40001,,Glonass Operational,,não
40001,,Glonass Constellation,,não
40010,KazEOSat-2 (kazcosmos Earth Observation Satellite),CubeSats,A — sensoriamento remoto,sim
40011,,CubeSats,,não
40012,,Amateur radio,,não
40012,,CubeSats,,não
40013,Deimos 2,CubeSats,A — sensoriamento remoto,sim
40014,,Amateur radio,,não
40014,,CubeSats,,não
40015,,CubeSats,,não
40016,,Amateur radio,,não
40016,,CubeSats,,não
40017,,Amateur radio,,não
40017,,CubeSats,,não
40018,AprizeSat 9 (exactView-11),Amateur radio,B — coleta de plataformas (DCS/IoT); C — sinais cooperativos (AIS/ADS-B/RF),sim
40018,AprizeSat 9 (exactView-11),CubeSats,B — coleta de plataformas (DCS/IoT); C — sinais cooperativos (AIS/ADS-B/RF),sim
40019,AprizeSat 10 (exactView-13),Amateur radio,B — coleta de plataformas (DCS/IoT); C — sinais cooperativos (AIS/ADS-B/RF),sim
40019,AprizeSat 10 (exactView-13),CubeSats,B — coleta de plataformas (DCS/IoT); C — sinais cooperativos (AIS/ADS-B/RF),sim
40020,,CubeSats,,não
40021,,Amateur radio,,não
40021,,CubeSats,,não
40022,,Amateur radio,,não
40022,,CubeSats,,não
40024,,Amateur radio,,não
40024,,CubeSats,,não
40025,,Amateur radio,,não
40025,,CubeSats,,não
40028,,Amateur radio,,não
40028,,CubeSats,,não
40030,,Amateur radio,,não
40030,,CubeSats,,não
40032,,Amateur radio,,não
40032,,CubeSats,,não
40034,,Amateur radio,,não
40034,,Experimental,,não
40034,,CubeSats,,não
40037,Perseus M2,Amateur radio,C — sinais cooperativos (AIS/ADS-B/RF),sim
40037,Perseus M2,CubeSats,C — sinais cooperativos (AIS/ADS-B/RF),sim
40039,Perseus M1,Amateur radio,C — sinais cooperativos (AIS/ADS-B/RF),sim
40039,Perseus M1,CubeSats,C — sinais cooperativos (AIS/ADS-B/RF),sim
40042,,Amateur radio,,não
40042,,CubeSats,,não
40043,TIGRISat,Amateur radio,A — sensoriamento remoto,sim
40043,TIGRISat,CubeSats,A — sensoriamento remoto,sim
40044,,CubeSats,,não
40044,,Lemur,,não
40045,,CubeSats,,não
40046,,CubeSats,,não
40053,Spot 7 (Système Probatoire d’Observation de la Terre),Earth resources,A — sensoriamento remoto,sim
40054,,Amateur radio,,não
40054,,Experimental,,não
40054,,CubeSats,,não
40055,,Amateur radio,,não
40055,,CubeSats,,não
40056,,Amateur radio,,não
40056,,CubeSats,,não
40057,,Amateur radio,,não
40057,,Experimental,,não
40059,OCO 2  (Orbiting Carbon Observatory),Space & Earth Science,A — sensoriamento remoto,sim
40061,Gonets M-18,Gonets,B — coleta de plataformas (DCS/IoT),sim
40062,Gonets M-19,Gonets,B — coleta de plataformas (DCS/IoT),sim
40063,Gonets M-20,Gonets,B — coleta de plataformas (DCS/IoT),sim
40069,Meteor-M N-2,Brightest,A — sensoriamento remoto,sim
40069,Meteor-M N-2,Geostationary,A — sensoriamento remoto,sim
40069,Meteor-M N-2,Intelsat,A — sensoriamento remoto,sim
40069,Meteor-M N-2,Gorizont,A — sensoriamento remoto,sim
40069,Meteor-M N-2,Raduga,A — sensoriamento remoto,sim
40069,Meteor-M N-2,Molniya,A — sensoriamento remoto,sim
40069,Meteor-M N-2,Iridium,A — sensoriamento remoto,sim
40069,Meteor-M N-2,Orbcomm,A — sensoriamento remoto,sim
40069,Meteor-M N-2,Globalstar,A — sensoriamento remoto,sim
40069,Meteor-M N-2,Amateur radio,A — sensoriamento remoto,sim
40069,Meteor-M N-2,Experimental,A — sensoriamento remoto,sim
40069,Meteor-M N-2,Int'l Space Station,A — sensoriamento remoto,sim
40069,Meteor-M N-2,GPS Operational,A — sensoriamento remoto,sim
40069,Meteor-M N-2,Glonass Operational,A — sensoriamento remoto,sim
40069,Meteor-M N-2,Galileo,A — sensoriamento remoto,sim
40069,Meteor-M N-2,Satellite-Based Augmentation System,A — sensoriamento remoto,sim
40069,Meteor-M N-2,Navy Navigation Satellite System,A — sensoriamento remoto,sim
40069,Meteor-M N-2,Russian LEO Navigation,A — sensoriamento remoto,sim
40069,Meteor-M N-2,Space & Earth Science,A — sensoriamento remoto,sim
40069,Meteor-M N-2,Geodetic,A — sensoriamento remoto,sim
40069,Meteor-M N-2,Engineering,A — sensoriamento remoto,sim
40069,Meteor-M N-2,Education,A — sensoriamento remoto,sim
40069,Meteor-M N-2,Weather,A — sensoriamento remoto,sim
40069,Meteor-M N-2,Military,A — sensoriamento remoto,sim
40069,Meteor-M N-2,Radar Calibration,A — sensoriamento remoto,sim
40069,Meteor-M N-2,CubeSats,A — sensoriamento remoto,sim
40069,Meteor-M N-2,XM and Sirius,A — sensoriamento remoto,sim
40069,Meteor-M N-2,TV,A — sensoriamento remoto,sim
40069,Meteor-M N-2,Beidou,A — sensoriamento remoto,sim
40069,Meteor-M N-2,Yaogan,A — sensoriamento remoto,sim
40069,Meteor-M N-2,Westford Needles,A — sensoriamento remoto,sim
40069,Meteor-M N-2,Parus,A — sensoriamento remoto,sim
40069,Meteor-M N-2,Strela,A — sensoriamento remoto,sim
40069,Meteor-M N-2,NOAA,A — sensoriamento remoto,sim
40069,Meteor-M N-2,Gonets,A — sensoriamento remoto,sim
40069,Meteor-M N-2,Tsiklon,A — sensoriamento remoto,sim
40069,Meteor-M N-2,Tsikada,A — sensoriamento remoto,sim
40069,Meteor-M N-2,O3B Networks,A — sensoriamento remoto,sim
40069,Meteor-M N-2,Tselina,A — sensoriamento remoto,sim
40069,Meteor-M N-2,Celestis,A — sensoriamento remoto,sim
40069,Meteor-M N-2,IRNSS,A — sensoriamento remoto,sim
40069,Meteor-M N-2,QZSS,A — sensoriamento remoto,sim
40069,Meteor-M N-2,Flock,A — sensoriamento remoto,sim
40069,Meteor-M N-2,Lemur,A — sensoriamento remoto,sim
40069,Meteor-M N-2,GOES,A — sensoriamento remoto,sim
40069,Meteor-M N-2,Global Positioning System (GPS) Constellation,A — sensoriamento remoto,sim
40069,Meteor-M N-2,Glonass Constellation,A — sensoriamento remoto,sim
40069,Meteor-M N-2,Starlink,A — sensoriamento remoto,sim
40069,Meteor-M N-2,OneWeb,A — sensoriamento remoto,sim
40069,Meteor-M N-2,Chinese Space Station,A — sensoriamento remoto,sim
40069,Meteor-M N-2,Qianfan,A — sensoriamento remoto,sim
40069,Meteor-M N-2,Leo,A — sensoriamento remoto,sim
40069,Meteor-M N-2,GeeSAT,A — sensoriamento remoto,sim
40069,Meteor-M N-2,Earth resources,A — sensoriamento remoto,sim
40069,Meteor-M N-2,Search & rescue,A — sensoriamento remoto,sim
40069,Meteor-M N-2,Disaster monitoring,A — sensoriamento remoto,sim
40069,Meteor-M N-2,Tracking and Data Relay Satellite System,A — sensoriamento remoto,sim
40070,Relek (ICA-FC1),Experimental,A — sensoriamento remoto,sim
40071,,Amateur radio,,não
40071,,Experimental,,não
40072,"SkySat-2 (B, S2)",Earth resources,A — sensoriamento remoto,sim
40073,,CubeSats,,não
40074,,Amateur radio,,não
40074,,CubeSats,,não
40075,AISSat-2 (Automatic Identification System Satellite-2),CubeSats,C — sinais cooperativos (AIS/ADS-B/RF),sim
40076,,CubeSats,,não
40079,,O3B Networks,,não
40080,,O3B Networks,,não
40081,,O3B Networks,,não
40082,,O3B Networks,,não
40086,ORBCOMM OG2 FM-109,Orbcomm,B — coleta de plataformas (DCS/IoT),sim
40087,ORBCOMM OG2 FM-107,Orbcomm,B — coleta de plataformas (DCS/IoT),sim
40088,,Orbcomm,,não
40089,,Orbcomm,,não
40090,,Orbcomm,,não
40091,ORBCOMM OG2 FM-103,Orbcomm,B — coleta de plataformas (DCS/IoT),sim
40099,,Military,,não
40100,"GSSAP 2 (Geosynchronous Space Situational Awareness Program, USA 254)",Military,A — sensoriamento remoto,sim
40101,,Military,,não
40105,,GPS Operational,,não
40105,,Global Positioning System (GPS) Constellation,,não
40107,,Geostationary,,não
40109,Yaogan 20A (Remote Sensing Satellite 20A),Yaogan,A — sensoriamento remoto,sim
40110,Yaogan 20B (Remote Sensing Satellite 20B),Yaogan,A — sensoriamento remoto,sim
40111,Yaogan 20C (Remote Sensing Satellite 20C),Yaogan,A — sensoriamento remoto,sim
40115,Worldview 3,Space & Earth Science,A — sensoriamento remoto,sim
40118,Gaofen 2,Earth resources,A — sensoriamento remoto,sim
40119,,Space & Earth Science,,não
40128,,Galileo,,não
40129,,Galileo,,não
40136,,Experimental,,não
40137,Chuangxin 1-4 (Innovation 1-4),Experimental,A — sensoriamento remoto; B — coleta de plataformas (DCS/IoT),sim
40137,Chuangxin 1-4 (Innovation 1-4),Disaster monitoring,A — sensoriamento remoto; B — coleta de plataformas (DCS/IoT),sim
40141,,Geostationary,,não
40143,Yaogan 21 (Remote Sensing Satellite 21),Yaogan,A — sensoriamento remoto,sim
40146,,Geostationary,,não
40146,,TV,,não
40147,,Brightest,,não
40147,,Geostationary,,não
40147,,Intelsat,,não
40147,,Gorizont,,não
40147,,Raduga,,não
40147,,Molniya,,não
40147,,Iridium,,não
40147,,Orbcomm,,não
40147,,Globalstar,,não
40147,,Amateur radio,,não
40147,,Experimental,,não
40147,,Int'l Space Station,,não
40147,,GPS Operational,,não
40147,,Glonass Operational,,não
40147,,Galileo,,não
40147,,Satellite-Based Augmentation System,,não
40147,,Navy Navigation Satellite System,,não
40147,,Russian LEO Navigation,,não
40147,,Space & Earth Science,,não
40147,,Geodetic,,não
40147,,Engineering,,não
40147,,Education,,não
40147,,Weather,,não
40147,,Military,,não
40147,,Radar Calibration,,não
40147,,CubeSats,,não
40147,,XM and Sirius,,não
40147,,TV,,não
40147,,Beidou,,não
40147,,Yaogan,,não
40147,,Westford Needles,,não
40147,,Parus,,não
40147,,Strela,,não
40147,,NOAA,,não
40147,,Gonets,,não
40147,,Tsiklon,,não
40147,,Tsikada,,não
40147,,O3B Networks,,não
40147,,Tselina,,não
40147,,Celestis,,não
40147,,IRNSS,,não
40147,,QZSS,,não
40147,,Flock,,não
40147,,Lemur,,não
40147,,GOES,,não
40147,,Global Positioning System (GPS) Constellation,,não
40147,,Glonass Constellation,,não
40147,,Starlink,,não
40147,,OneWeb,,não
40147,,Chinese Space Station,,não
40147,,Qianfan,,não
40147,,Leo,,não
40147,,GeeSAT,,não
40147,,Earth resources,,não
40147,,Search & rescue,,não
40147,,Disaster monitoring,,não
40147,,Tracking and Data Relay Satellite System,,não
40208,CLIO (USA 257),Geostationary,C — sinais cooperativos (AIS/ADS-B/RF),sim
40258,,Geostationary,,não
40258,,Military,,não
40261,,Experimental,,não
40267,Himawari 8,Geostationary,A — sensoriamento remoto,sim
40267,Himawari 8,Weather,A — sensoriamento remoto,sim
40269,,Geostationary,,não
40269,,IRNSS,,não
40271,,Geostationary,,não
40271,,Intelsat,,não
40271,,TV,,não
40272,,Geostationary,,não
40272,,TV,,não
40275,Yaogan 22 (Remote Sensing Satellite 22),Yaogan,A — sensoriamento remoto,sim
40277,,Geostationary,,não
40286,,Experimental,,não
40286,,Military,,não
40294,,GPS Operational,,não
40294,,Global Positioning System (GPS) Constellation,,não
40296,,Military,,não
40298,ASNARO 1 (Advanced Satellite with New system Architecture for Observation),Experimental,A — sensoriamento remoto,sim
40310,Yaogan 24 (Remote Sensing Satellite 24),Yaogan,A — sensoriamento remoto,sim
40315,,Glonass Operational,,não
40315,,Glonass Constellation,,não
40320,,Amateur radio,,não
40320,,Space & Earth Science,,não
40321,,Amateur radio,,não
40321,,Space & Earth Science,,não
40322,,Space & Earth Science,,não
40332,,Geostationary,,não
40333,,Geostationary,,não
40333,,TV,,não
40336,CBERS 4 (China-Brazil Earth Resources Satellite 4),Earth resources,A — sensoriamento remoto,sim
40338,Yaogan 25A (Remote Sensing Satellite 25A),Yaogan,A — sensoriamento remoto; C — sinais cooperativos (AIS/ADS-B/RF),sim
40339,Yaogan 25B (Remote Sensing Satellite 25B),Yaogan,A — sensoriamento remoto; C — sinais cooperativos (AIS/ADS-B/RF),sim
40340,Yaogan 25C (Remote Sensing Satellite 25C),Yaogan,A — sensoriamento remoto; C — sinais cooperativos (AIS/ADS-B/RF),sim
40344,"Improved Trumpet 6 (NROL-35, National Reconnaissance Office Launch-35, SBIRS HEO-3, USA 259)",Military,A — sensoriamento remoto; C — sinais cooperativos (AIS/ADS-B/RF),sim
40345,,Geostationary,,não
40348,,O3B Networks,,não
40349,,O3B Networks,,não
40350,,O3B Networks,,não
40351,,O3B Networks,,não
40355,,Geostationary,,não
40355,,Experimental,,não
40358,Lotos-S2 (Cosmos 2502),Military,A — sensoriamento remoto; C — sinais cooperativos (AIS/ADS-B/RF),sim
40362,Yaogan 26 (Remote Sensing Satellite 26),Yaogan,A — sensoriamento remoto; C — sinais cooperativos (AIS/ADS-B/RF),sim
40364,,Geostationary,,não
40367,Fengyun 2G (FY 2G),Weather,A — sensoriamento remoto,sim
40374,,Geostationary,,não
40376,SMAP (Soil Moisture Active Passive Satellite),Space & Earth Science,A — sensoriamento remoto,sim
40381,"IGS-9A (Information Gathering Satellite 9A, IGS Radar Spare)",Military,A — sensoriamento remoto,sim
40384,,Geostationary,,não
40390,,Space & Earth Science,,não
40390,,NOAA,,não
40420,BARS-M (Cosmos 2503),Military,A — sensoriamento remoto; C — sinais cooperativos (AIS/ADS-B/RF),sim
40424,,Geostationary,,não
40425,,Geostationary,,não
40482,,Space & Earth Science,,não
40483,,Space & Earth Science,,não
40484,,Space & Earth Science,,não
40485,,Space & Earth Science,,não
40505,,Geostationary,,não
40505,,TV,,não
40534,,GPS Operational,,não
40534,,Global Positioning System (GPS) Constellation,,não
40536,"Kompsat-3A (Arirang 3A, Korean Multipurpose Satellite-3A)",Earth resources,A — sensoriamento remoto,sim
40536,"Kompsat-3A (Arirang 3A, Korean Multipurpose Satellite-3A)",Search & rescue,A — sensoriamento remoto,sim
40538,"IGS Optical 5 (IGS-9B, Information Gathering Satellite 9B)",Military,A — sensoriamento remoto,sim
40544,,Galileo,,não
40545,,Galileo,,não
40547,,IRNSS,,não
40549,,Beidou,,não
40552,Gonets M-11 (Gonets M21),Gonets,B — coleta de plataformas (DCS/IoT),sim
40553,Gonets M-12 (Gonets M22),Gonets,B — coleta de plataformas (DCS/IoT),sim
40554,Gonets M-13 (Gonets M23),Gonets,B — coleta de plataformas (DCS/IoT),sim
40555,,Military,,não
40613,,Geostationary,,não
40613,,TV,,não
40614,,Geostationary,,não
40614,,Military,,não
40617,,Geostationary,,não
40652,,Amateur radio,,não
40652,,CubeSats,,não
40653,,CubeSats,,não
40654,,Amateur radio,,não
40654,,CubeSats,,não
40655,,Amateur radio,,não
40655,,CubeSats,,não
40656,,CubeSats,,não
40657,,CubeSats,,não
40658,,CubeSats,,não
40663,,Geostationary,,não
40664,,Geostationary,,não
40697,Sentinel 2A,Earth resources,A — sensoriamento remoto,sim
40699,Persona-3 (Cosmos 2506),Military,A — sensoriamento remoto,sim
40701,Gaofen 8,Earth resources,A — sensoriamento remoto,sim
40715,DMC 3-1 (Disaster Monitoring Constellation),Disaster monitoring,A — sensoriamento remoto,sim
40716,DMC 3-2 (Disaster Monitoring Constellation),Disaster monitoring,A — sensoriamento remoto,sim
40717,DMC 3-3 (Disaster Monitoring Constellation),Disaster monitoring,A — sensoriamento remoto,sim
40718,,Experimental,,não
40719,,Amateur radio,,não
40719,,Experimental,,não
40730,,GPS Operational,,não
40730,,Global Positioning System (GPS) Constellation,,não
40732,Meteosat 11 (MSG 4),Geostationary,A — sensoriamento remoto,sim
40732,Meteosat 11 (MSG 4),Weather,A — sensoriamento remoto,sim
40733,,Geostationary,,não
40746,,Military,,não
40748,,Beidou,,não
40749,,Beidou,,não
40874,,Geostationary,,não
40874,,Intelsat,,não
40874,,TV,,não
40875,,Geostationary,,não
40875,,TV,,não
40878,Yaogan 27 (Remote Sensing Satellite 27),Experimental,A — sensoriamento remoto; C — sinais cooperativos (AIS/ADS-B/RF),sim
40878,Yaogan 27 (Remote Sensing Satellite 27),Military,A — sensoriamento remoto; C — sinais cooperativos (AIS/ADS-B/RF),sim
40878,Yaogan 27 (Remote Sensing Satellite 27),Disaster monitoring,A — sensoriamento remoto; C — sinais cooperativos (AIS/ADS-B/RF),sim
40880,,Geostationary,,não
40882,,Geostationary,,não
40887,,Geostationary,,não
40887,,Military,,não
40889,,Galileo,,não
40890,,Galileo,,não
40892,TJS-1 (Tongxin Jishu Shiyan 1),Geostationary,C — sinais cooperativos (AIS/ADS-B/RF),sim
40895,,Geostationary,,não
40908,,Amateur radio,,não
40908,,CubeSats,,não
40920,,Military,,não
40921,,Military,,não
40922,,Military,,não
40930,,Space & Earth Science,,não
40931,LAPAN A2,Amateur radio,A — sensoriamento remoto,sim
40931,LAPAN A2,Earth resources,A — sensoriamento remoto,sim
40932,Lemur-2 Joel (Lemur 2F1),Lemur,A — sensoriamento remoto; C — sinais cooperativos (AIS/ADS-B/RF),sim
40933,Lemur-2 Chris (Lemur 2F4),Lemur,A — sensoriamento remoto; C — sinais cooperativos (AIS/ADS-B/RF),sim
40934,Lemur-2 Jeroen (Lemur 2F3),Lemur,A — sensoriamento remoto; C — sinais cooperativos (AIS/ADS-B/RF),sim
40935,Lemur-2 Peter (Lemur 2F2),Lemur,A — sensoriamento remoto; C — sinais cooperativos (AIS/ADS-B/RF),sim
40936,exactView 9,Space & Earth Science,C — sinais cooperativos (AIS/ADS-B/RF),sim
40938,,Beidou,,não
40940,,Geostationary,,não
40941,,Geostationary,,não
40946,,Geostationary,,não
40958,"LQSat (Lingqiao Satellite, Jilian 1A)",Amateur radio,A — sensoriamento remoto,sim
40964,"SB-WASS 3-7 (Space Based Wide Area Surveillance System) NOSS 3-7, USA 264, NRO L55, Intruder)",Military,A — sensoriamento remoto; C — sinais cooperativos (AIS/ADS-B/RF),sim
40965,,CubeSats,,não
40966,,CubeSats,,não
40967,,Brightest,,não
40967,,Geostationary,,não
40967,,Intelsat,,não
40967,,Gorizont,,não
40967,,Raduga,,não
40967,,Molniya,,não
40967,,Iridium,,não
40967,,Orbcomm,,não
40967,,Globalstar,,não
40967,,Amateur radio,,não
40967,,Experimental,,não
40967,,Int'l Space Station,,não
40967,,GPS Operational,,não
40967,,Glonass Operational,,não
40967,,Galileo,,não
40967,,Satellite-Based Augmentation System,,não
40967,,Navy Navigation Satellite System,,não
40967,,Russian LEO Navigation,,não
40967,,Space & Earth Science,,não
40967,,Geodetic,,não
40967,,Engineering,,não
40967,,Education,,não
40967,,Weather,,não
40967,,Military,,não
40967,,Radar Calibration,,não
40967,,CubeSats,,não
40967,,XM and Sirius,,não
40967,,TV,,não
40967,,Beidou,,não
40967,,Yaogan,,não
40967,,Westford Needles,,não
40967,,Parus,,não
40967,,Strela,,não
40967,,NOAA,,não
40967,,Gonets,,não
40967,,Tsiklon,,não
40967,,Tsikada,,não
40967,,O3B Networks,,não
40967,,Tselina,,não
40967,,Celestis,,não
40967,,IRNSS,,não
40967,,QZSS,,não
40967,,Flock,,não
40967,,Lemur,,não
40967,,GOES,,não
40967,,Global Positioning System (GPS) Constellation,,não
40967,,Glonass Constellation,,não
40967,,Starlink,,não
40967,,OneWeb,,não
40967,,Chinese Space Station,,não
40967,,Qianfan,,não
40967,,Leo,,não
40967,,GeeSAT,,não
40967,,Earth resources,,não
40967,,Search & rescue,,não
40967,,Disaster monitoring,,não
40967,,Tracking and Data Relay Satellite System,,não
40968,BisonSat (Nwist Qwiqway),Amateur radio,A — sensoriamento remoto,sim
40968,BisonSat (Nwist Qwiqway),Earth resources,A — sensoriamento remoto,sim
40969,,Amateur radio,,não
40969,,CubeSats,,não
40970,,CubeSats,,não
40971,,CubeSats,,não
40972,,CubeSats,,não
40973,,CubeSats,,não
40974,,Amateur radio,,não
40974,,CubeSats,,não
40975,,CubeSats,,não
40976,,CubeSats,,não
40977,,CubeSats,,não
40978,,Military,,não
40981,"SB-WASS 3-7 (Space Based Wide Area Surveillance System) NOSS 3-7, USA 264, NRO L55, Intruder)",Military,A — sensoriamento remoto; C — sinais cooperativos (AIS/ADS-B/RF),sim
40982,,Geostationary,,não
40982,,TV,,não
40984,,Geostationary,,não
41019,,GPS Operational,,não
41019,,Global Positioning System (GPS) Constellation,,não
41021,,Geostationary,,não
41021,,Military,,não
41026,Yaogan 28 (Remote Sensing Satellite 28),Military,A — sensoriamento remoto; C — sinais cooperativos (AIS/ADS-B/RF),sim
41026,Yaogan 28 (Remote Sensing Satellite 28),Yaogan,A — sensoriamento remoto; C — sinais cooperativos (AIS/ADS-B/RF),sim
41028,,Geostationary,,não
41029,,Geostationary,,não
41029,,TV,,não
41032,"EKS-1 (Integrated Space System, Cosmos 2510, Tundra 11L)",Military,A — sensoriamento remoto,sim
41034,,Geostationary,,não
41036,,Geostationary,,não
41036,,TV,,não
41038,Yaogan 29 (Remote Sensing Satellite 29),Military,A — sensoriamento remoto; C — sinais cooperativos (AIS/ADS-B/RF),sim
41038,Yaogan 29 (Remote Sensing Satellite 29),Yaogan,A — sensoriamento remoto; C — sinais cooperativos (AIS/ADS-B/RF),sim
41043,,Experimental,,não
41043,,Space & Earth Science,,não
41105,Electro-L2,Geostationary,A — sensoriamento remoto,sim
41105,Electro-L2,Amateur radio,A — sensoriamento remoto,sim
41105,Electro-L2,Weather,A — sensoriamento remoto,sim
41121,,Geostationary,,não
41121,,Military,,não
41173,,Space & Earth Science,,não
41174,,Galileo,,não
41175,,Galileo,,não
41179,ORBCOMM OG2 FM-114,Orbcomm,B — coleta de plataformas (DCS/IoT),sim
41180,,Orbcomm,,não
41181,,Orbcomm,,não
41182,ORBCOMM OG2 FM-110,Orbcomm,B — coleta de plataformas (DCS/IoT),sim
41183,ORBCOMM OG2 FM-118,Orbcomm,B — coleta de plataformas (DCS/IoT),sim
41184,ORBCOMM OG2 FM-112,Orbcomm,B — coleta de plataformas (DCS/IoT),sim
41185,ORBCOMM OG2 FM-113,Orbcomm,B — coleta de plataformas (DCS/IoT),sim
41186,ORBCOMM OG2 FM-115,Orbcomm,B — coleta de plataformas (DCS/IoT),sim
41187,ORBCOMM OG2 FM-108,Orbcomm,B — coleta de plataformas (DCS/IoT),sim
41188,ORBCOMM OG2 FM-117,Orbcomm,B — coleta de plataformas (DCS/IoT),sim
41189,ORBCOMM OG2 FM-116,Orbcomm,B — coleta de plataformas (DCS/IoT),sim
41191,Express-AMU1 (Eutelsat 36C),Geostationary,A — sensoriamento remoto,sim
41191,Express-AMU1 (Eutelsat 36C),TV,A — sensoriamento remoto,sim
41194,Gaofen 4,Geostationary,A — sensoriamento remoto,sim
41238,,Geostationary,,não
41240,Jason 3,Space & Earth Science,A — sensoriamento remoto,sim
41240,Jason 3,Geodetic,A — sensoriamento remoto,sim
41241,,IRNSS,,não
41308,,Geostationary,,não
41308,,Intelsat,,não
41310,,Geostationary,,não
41310,,TV,,não
41315,,Beidou,,não
41328,,GPS Operational,,não
41328,,Global Positioning System (GPS) Constellation,,não
41330,,Glonass Operational,,não
41330,,Glonass Constellation,,não
41332,,Brightest,,não
41332,,Geostationary,,não
41332,,Intelsat,,não
41332,,Gorizont,,não
41332,,Raduga,,não
41332,,Molniya,,não
41332,,Iridium,,não
41332,,Orbcomm,,não
41332,,Globalstar,,não
41332,,Amateur radio,,não
41332,,Experimental,,não
41332,,Int'l Space Station,,não
41332,,GPS Operational,,não
41332,,Glonass Operational,,não
41332,,Galileo,,não
41332,,Satellite-Based Augmentation System,,não
41332,,Navy Navigation Satellite System,,não
41332,,Russian LEO Navigation,,não
41332,,Space & Earth Science,,não
41332,,Geodetic,,não
41332,,Engineering,,não
41332,,Education,,não
41332,,Weather,,não
41332,,Military,,não
41332,,Radar Calibration,,não
41332,,CubeSats,,não
41332,,XM and Sirius,,não
41332,,TV,,não
41332,,Beidou,,não
41332,,Yaogan,,não
41332,,Westford Needles,,não
41332,,Parus,,não
41332,,Strela,,não
41332,,NOAA,,não
41332,,Gonets,,não
41332,,Tsiklon,,não
41332,,Tsikada,,não
41332,,O3B Networks,,não
41332,,Tselina,,não
41332,,Celestis,,não
41332,,IRNSS,,não
41332,,QZSS,,não
41332,,Flock,,não
41332,,Lemur,,não
41332,,GOES,,não
41332,,Global Positioning System (GPS) Constellation,,não
41332,,Glonass Constellation,,não
41332,,Starlink,,não
41332,,OneWeb,,não
41332,,Chinese Space Station,,não
41332,,Qianfan,,não
41332,,Leo,,não
41332,,GeeSAT,,não
41332,,Earth resources,,não
41332,,Search & rescue,,não
41332,,Disaster monitoring,,não
41332,,Tracking and Data Relay Satellite System,,não
41334,"FIA Radar 4 (Future Imagery Architecture (FIA) Radar 4, NROL-45, USA 267, Topaz)",Military,A — sensoriamento remoto,sim
41335,Sentinel 3A,Space & Earth Science,A — sensoriamento remoto,sim
41335,Sentinel 3A,Earth resources,A — sensoriamento remoto,sim
41337,,Space & Earth Science,,não
41338,,Amateur radio,,não
41338,,Space & Earth Science,,não
41339,,Amateur radio,,não
41339,,Space & Earth Science,,não
41380,,Geostationary,,não
41380,,TV,,não
41382,,Geostationary,,não
41382,,TV,,não
41384,,Geostationary,,não
41384,,IRNSS,,não
41388,,Space & Earth Science,,não
41394,BARS-M (Cosmos 2515),Military,A — sensoriamento remoto; C — sinais cooperativos (AIS/ADS-B/RF),sim
41434,,Geostationary,,não
41434,,Beidou,,não
41456,Sentinel 1B,Space & Earth Science,A — sensoriamento remoto,sim
41456,Sentinel 1B,Earth resources,A — sensoriamento remoto,sim
41469,,Geostationary,,não
41469,,IRNSS,,não
41470,,Brightest,,não
41471,,Geostationary,,não
41473,Yaogan 30 (Remote Sensing Satellite 30),Military,A — sensoriamento remoto; C — sinais cooperativos (AIS/ADS-B/RF),sim
41473,Yaogan 30 (Remote Sensing Satellite 30),Yaogan,A — sensoriamento remoto; C — sinais cooperativos (AIS/ADS-B/RF),sim
41549,,Galileo,,não
41550,,Galileo,,não
41552,,Geostationary,,não
41552,,TV,,não
41554,,Glonass Operational,,não
41554,,Glonass Constellation,,não
41556,Ziyuan 3-2,Earth resources,A — sensoriamento remoto,sim
41579,GEO IK2 12L (Cosmos 2517),Space & Earth Science,A — sensoriamento remoto,sim
41581,,Intelsat,,não
41584,"Advanced Orion 9 (Mentor, NRO L-37, USA 268)",Geostationary,A — sensoriamento remoto; C — sinais cooperativos (AIS/ADS-B/RF),sim
41584,"Advanced Orion 9 (Mentor, NRO L-37, USA 268)",Military,A — sensoriamento remoto; C — sinais cooperativos (AIS/ADS-B/RF),sim
41586,,Beidou,,não
41588,,Geostationary,,não
41588,,TV,,não
41589,,Geostationary,,não
41589,,TV,,não
41591,,Geostationary,,não
41592,,Geostationary,,não
41592,,TV,,não
41599,CartoSat 2C,Military,A — sensoriamento remoto,sim
41599,CartoSat 2C,Earth resources,A — sensoriamento remoto,sim
41603,LAPAN A3,Amateur radio,A — sensoriamento remoto; C — sinais cooperativos (AIS/ADS-B/RF),sim
41622,,Military,,não
41634,,Military,,não
41729,,Geostationary,,não
41747,,Geostationary,,não
41747,,Intelsat,,não
41748,,Geostationary,,não
41748,,Intelsat,,não
41752,INSAT 3DR (Indian National Satellite),Geostationary,A — sensoriamento remoto,sim
41752,INSAT 3DR (Indian National Satellite),Weather,A — sensoriamento remoto,sim
41783,,Amateur radio,,não
41783,,Space & Earth Science,,não
41783,,CubeSats,,não
41785,Alsat-1B,Amateur radio,A — sensoriamento remoto,sim
41786,Alsat-2B,Amateur radio,A — sensoriamento remoto,sim
41789,,Amateur radio,,não
41789,,CubeSats,,não
41790,ScatSat-1,Weather,A — sensoriamento remoto,sim
41793,,Geostationary,,não
41793,,TV,,não
41794,,Geostationary,,não
41836,Himawari 9,Geostationary,A — sensoriamento remoto,sim
41836,Himawari 9,Weather,A — sensoriamento remoto,sim
41838,,Geostationary,,não
41838,,Experimental,,não
41847,,Amateur radio,,não
41849,,Space & Earth Science,,não
41850,,Experimental,,não
41852,,Experimental,,não
41853,,Experimental,,não
41857,Yunhai-1,Weather,A — sensoriamento remoto,sim
41859,,Galileo,,não
41860,,Galileo,,não
41861,,Galileo,,não
41862,,Galileo,,não
41866,GOES 16 (Geostationary Operational Environmental Satellite GOES-R),Geostationary,A — sensoriamento remoto,sim
41866,GOES 16 (Geostationary Operational Environmental Satellite GOES-R),Weather,A — sensoriamento remoto,sim
41866,GOES 16 (Geostationary Operational Environmental Satellite GOES-R),GOES,A — sensoriamento remoto,sim
41869,"TianLian 4 (TL-1-04, CTDRS)",Geostationary,C — sinais cooperativos (AIS/ADS-B/RF),sim
41875,Göktürk 1,Military,A — sensoriamento remoto,sim
41877,Resourcesat 2A,Earth resources,A — sensoriamento remoto,sim
41882,Fengyun 4A (FY 4A),Geostationary,A — sensoriamento remoto,sim
41882,Fengyun 4A (FY 4A),Weather,A — sensoriamento remoto,sim
41884,CYGNSS FM05 (Cyclone Global Navigation Satellite System),Space & Earth Science,A — sensoriamento remoto,sim
41884,CYGNSS FM05 (Cyclone Global Navigation Satellite System),Weather,A — sensoriamento remoto,sim
41885,CYGNSS FM04 (Cyclone Global Navigation Satellite System),Space & Earth Science,A — sensoriamento remoto,sim
41885,CYGNSS FM04 (Cyclone Global Navigation Satellite System),Weather,A — sensoriamento remoto,sim
41886,CYGNSS FM02 (Cyclone Global Navigation Satellite System),Space & Earth Science,A — sensoriamento remoto,sim
41886,CYGNSS FM02 (Cyclone Global Navigation Satellite System),Weather,A — sensoriamento remoto,sim
41887,CYGNSS FM01 (Cyclone Global Navigation Satellite System),Space & Earth Science,A — sensoriamento remoto,sim
41887,CYGNSS FM01 (Cyclone Global Navigation Satellite System),Weather,A — sensoriamento remoto,sim
41888,CYGNSS FM08 (Cyclone Global Navigation Satellite System),Space & Earth Science,A — sensoriamento remoto,sim
41888,CYGNSS FM08 (Cyclone Global Navigation Satellite System),Weather,A — sensoriamento remoto,sim
41890,CYGNSS FM07 (Cyclone Global Navigation Satellite System),Space & Earth Science,A — sensoriamento remoto,sim
41890,CYGNSS FM07 (Cyclone Global Navigation Satellite System),Weather,A — sensoriamento remoto,sim
41891,CYGNSS FM03 (Cyclone Global Navigation Satellite System),Space & Earth Science,A — sensoriamento remoto,sim
41891,CYGNSS FM03 (Cyclone Global Navigation Satellite System),Weather,A — sensoriamento remoto,sim
41893,,Geostationary,,não
41896,,Space & Earth Science,,não
41898,"TanSat (Tan Weixing, Carbon Satellite)",Earth resources,A — sensoriamento remoto,sim
41903,,Geostationary,,não
41903,,TV,,não
41904,,Geostationary,,não
41904,,TV,,não
41911,,Geostationary,,não
41917,,Iridium,,não
41918,,Iridium,,não
41919,,Iridium,,não
41920,,Iridium,,não
41921,,Iridium,,não
41922,,Iridium,,não
41923,,Iridium,,não
41924,,Iridium,,não
41925,,Iridium,,não
41926,,Iridium,,não
41941,,Brightest,,não
41942,,Geostationary,,não
41944,,Geostationary,,não
41945,,Geostationary,,não
41945,,Intelsat,,não
41978,Dove 3p-57 (0 Flock 3P-57 1014),Flock,A — sensoriamento remoto,sim
42058,"SB-WASS 3-8 (Space Based Wide Area Surveillance System) NOSS 3-8, USA 274, NRO L79, Intruder)",Military,A — sensoriamento remoto; C — sinais cooperativos (AIS/ADS-B/RF),sim
42063,Sentinel 2B,Earth resources,A — sensoriamento remoto,sim
42065,"SB-WASS 3-8 (Space Based Wide Area Surveillance System) NOSS 3-8, USA 274, NRO L79, Intruder)",Military,A — sensoriamento remoto; C — sinais cooperativos (AIS/ADS-B/RF),sim
42070,,Geostationary,,não
42070,,TV,,não
42072,IGS Radar 5 (Information Gathering Satellite 10A),Military,A — sensoriamento remoto,sim
42432,,Geostationary,,não
42432,,TV,,não
42662,,Geostationary,,não
42689,,Brightest,,não
42691,Koreasat 7 (Mugungwha 7),Geostationary,C — sinais cooperativos (AIS/ADS-B/RF),sim
42692,,Geostationary,,não
42695,,Geostationary,,não
42698,,Geostationary,,não
42709,,Geostationary,,não
42719,"EKS-2 (Integrated Space System, Cosmos 2518, Tundra 12L)",Military,A — sensoriamento remoto,sim
42738,,QZSS,,não
42740,,Geostationary,,não
42741,,Geostationary,,não
42747,,Geostationary,,não
42747,,Experimental,,não
42749,,Geostationary,,não
42758,,Space & Earth Science,,não
42794,,Amateur radio,,não
42801,,Geostationary,,não
42801,,TV,,não
42803,,Iridium,,não
42804,,Iridium,,não
42805,,Iridium,,não
42806,,Iridium,,não
42807,,Iridium,,não
42808,,Iridium,,não
42809,,Iridium,,não
42810,,Iridium,,não
42811,,Iridium,,não
42812,,Iridium,,não
42814,,Geostationary,,não
42814,,TV,,não
42815,,Geostationary,,não
42818,,Geostationary,,não
42818,,TV,,não
42829,,Amateur radio,,não
42835,WNISat-1R (Weather News Inc. Satellite 1R),Weather,A — sensoriamento remoto,sim
42837,Lemur-2 Greenberg (Lemur 2F42),Lemur,A — sensoriamento remoto; C — sinais cooperativos (AIS/ADS-B/RF),sim
42838,Lemur-2 AndiS (Lemur 2F47),Lemur,A — sensoriamento remoto; C — sinais cooperativos (AIS/ADS-B/RF),sim
42839,Lemur-2 Monson (Lemur 2F44),Lemur,A — sensoriamento remoto; C — sinais cooperativos (AIS/ADS-B/RF),sim
42840,Lemur-2 Furiaus (Lemur 2F45),Lemur,A — sensoriamento remoto; C — sinais cooperativos (AIS/ADS-B/RF),sim
42841,Lemur-2 PeterG (Lemur 2F48),Lemur,A — sensoriamento remoto; C — sinais cooperativos (AIS/ADS-B/RF),sim
42842,Lemur-2 Dembitz (Lemur 2F49),Lemur,A — sensoriamento remoto; C — sinais cooperativos (AIS/ADS-B/RF),sim
42845,Lemur-2 Zachary (Lemur 2F46),Lemur,A — sensoriamento remoto; C — sinais cooperativos (AIS/ADS-B/RF),sim
42846,CORVUS BC1 (Landmapper),Amateur radio,A — sensoriamento remoto,sim
42847,CORVUS BC2 (Landmapper),Amateur radio,A — sensoriamento remoto,sim
42900,Optsat-3000,Military,A — sensoriamento remoto,sim
42901,Venµs,Space & Earth Science,A — sensoriamento remoto,sim
42901,Venµs,Earth resources,A — sensoriamento remoto,sim
42907,,Geostationary,,não
42907,,Military,,não
42915,,Geostationary,,não
42915,,Tracking and Data Relay Satellite System,,não
42917,,Geostationary,,não
42917,,QZSS,,não
42920,FormoSat-5,Amateur radio,A — sensoriamento remoto,sim
42920,FormoSat-5,Space & Earth Science,A — sensoriamento remoto,sim
42934,,Geostationary,,não
42934,,TV,,não
42939,,Glonass Operational,,não
42942,,Geostationary,,não
42942,,TV,,não
42945,Yaogan 30-1-1 (Remote Sensing Satellite 30-1-1),Yaogan,A — sensoriamento remoto; C — sinais cooperativos (AIS/ADS-B/RF),sim
42946,Yaogan 30-1-2 (Remote Sensing Satellite 30-1-2),Yaogan,A — sensoriamento remoto; C — sinais cooperativos (AIS/ADS-B/RF),sim
42947,Yaogan 30-1-3 (Remote Sensing Satellite 30-1-3),Yaogan,A — sensoriamento remoto; C — sinais cooperativos (AIS/ADS-B/RF),sim
42950,,Geostationary,,não
42950,,Intelsat,,não
42951,,Geostationary,,não
42954,VRSS-2 (Antonio Jose de Sucre),Earth resources,A — sensoriamento remoto,sim
42955,,Iridium,,não
42956,,Iridium,,não
42957,,Iridium,,não
42958,,Iridium,,não
42959,,Iridium,,não
42960,,Iridium,,não
42961,,Iridium,,não
42962,,Iridium,,não
42963,,Iridium,,não
42964,,Iridium,,não
42965,,QZSS,,não
42967,,Geostationary,,não
42967,,TV,,não
42969,Sentinel 5P (Sentinel 5 Precursor),Space & Earth Science,A — sensoriamento remoto,sim
42984,,Geostationary,,não
42984,,TV,,não
43001,,Beidou,,não
43002,,Beidou,,não
43010,Fengyun 3D (FY 3D),Weather,A — sensoriamento remoto,sim
43013,NOAA-20 (JPSS-1),Amateur radio,A — sensoriamento remoto,sim
43013,NOAA-20 (JPSS-1),Weather,A — sensoriamento remoto,sim
43013,NOAA-20 (JPSS-1),NOAA,A — sensoriamento remoto,sim
43016,,Amateur radio,,não
43017,,Amateur radio,,não
43028,Yaogan 30-2-1 (Remote Sensing Satellite 30-2-1),Experimental,A — sensoriamento remoto; C — sinais cooperativos (AIS/ADS-B/RF),sim
43028,Yaogan 30-2-1 (Remote Sensing Satellite 30-2-1),Military,A — sensoriamento remoto; C — sinais cooperativos (AIS/ADS-B/RF),sim
43029,Yaogan 30-2-2 (Remote Sensing Satellite 30-2-2),Experimental,A — sensoriamento remoto; C — sinais cooperativos (AIS/ADS-B/RF),sim
43029,Yaogan 30-2-2 (Remote Sensing Satellite 30-2-2),Military,A — sensoriamento remoto; C — sinais cooperativos (AIS/ADS-B/RF),sim
43030,Yaogan 30-2-3 (Remote Sensing Satellite 30-2-3),Experimental,A — sensoriamento remoto; C — sinais cooperativos (AIS/ADS-B/RF),sim
43030,Yaogan 30-2-3 (Remote Sensing Satellite 30-2-3),Military,A — sensoriamento remoto; C — sinais cooperativos (AIS/ADS-B/RF),sim
43032,Lotos-S1 803 (Cosmos 2524),Military,A — sensoriamento remoto; C — sinais cooperativos (AIS/ADS-B/RF),sim
43039,,Geostationary,,não
43039,,TV,,não
43055,,Galileo,,não
43056,,Galileo,,não
43057,,Galileo,,não
43058,,Galileo,,não
43070,,Iridium,,não
43071,,Iridium,,não
43072,,Iridium,,não
43073,,Iridium,,não
43074,,Iridium,,não
43075,,Iridium,,não
43076,,Iridium,,não
43077,,Iridium,,não
43078,,Iridium,,não
43079,,Iridium,,não
43081,Yaogan 30-3-1 (Remote Sensing Satellite 30-3-1),Yaogan,A — sensoriamento remoto; C — sinais cooperativos (AIS/ADS-B/RF),sim
43082,Yaogan 30-3-2 (Remote Sensing Satellite 30-3-2),Yaogan,A — sensoriamento remoto; C — sinais cooperativos (AIS/ADS-B/RF),sim
43083,Yaogan 30-3-3 (Remote Sensing Satellite 30-3-3),Yaogan,A — sensoriamento remoto; C — sinais cooperativos (AIS/ADS-B/RF),sim
43087,,Geostationary,,não
43098,,Military,,não
43107,,Beidou,,não
43108,,Beidou,,não
43145,"FIA Radar 5 (Future Imagery Architecture (FIA) Radar 5, NROL-47, USA 281, Topaz)",Military,A — sensoriamento remoto,sim
43146,LKW-3 (Land Exploration Satellite 3),Military,A — sensoriamento remoto,sim
43162,"SBIRS GEO 4 (Space Based Infrared System Geosynchronous 4, USA 282)",Military,A — sensoriamento remoto,sim
43174,,Geostationary,,não
43175,,Geostationary,,não
43175,,Space & Earth Science,,não
43186,,Amateur radio,,não
43187,,Amateur radio,,não
43188,,Amateur radio,,não
43189,,Amateur radio,,não
43194,"Zhangheng 1 (CSES, China Seismo-Electromagnetic Satellite)",Space & Earth Science,A — sensoriamento remoto,sim
43207,,Beidou,,não
43208,,Beidou,,não
43223,"IGS Optical 6 (IGS-10B, Information Gathering Satellite 10B)",Brightest,A — sensoriamento remoto,sim
43226,GOES 17 (Geostationary Operational Environmental Satellite GOES-S),Geostationary,A — sensoriamento remoto,sim
43226,GOES 17 (Geostationary Operational Environmental Satellite GOES-S),Weather,A — sensoriamento remoto,sim
43226,GOES 17 (Geostationary Operational Environmental Satellite GOES-S),GOES,A — sensoriamento remoto,sim
43228,,Geostationary,,não
43231,,O3B Networks,,não
43232,,O3B Networks,,não
43233,,O3B Networks,,não
43234,,O3B Networks,,não
43245,,Beidou,,não
43246,,Beidou,,não
43249,,Iridium,,não
43250,,Iridium,,não
43251,,Iridium,,não
43252,,Iridium,,não
43253,,Iridium,,não
43254,,Iridium,,não
43255,,Iridium,,não
43256,,Iridium,,não
43257,,Iridium,,não
43258,,Iridium,,não
43275,Yaogan 31-1-1 (Remote Sensing Satellite 31-1-1),Military,A — sensoriamento remoto; C — sinais cooperativos (AIS/ADS-B/RF),sim
43275,Yaogan 31-1-1 (Remote Sensing Satellite 31-1-1),Yaogan,A — sensoriamento remoto; C — sinais cooperativos (AIS/ADS-B/RF),sim
43276,Yaogan 31-1-2 (Remote Sensing Satellite 31-1-2),Military,A — sensoriamento remoto; C — sinais cooperativos (AIS/ADS-B/RF),sim
43276,Yaogan 31-1-2 (Remote Sensing Satellite 31-1-2),Yaogan,A — sensoriamento remoto; C — sinais cooperativos (AIS/ADS-B/RF),sim
43277,Yaogan 31-1-3 (Remote Sensing Satellite 31-1-3),Military,A — sensoriamento remoto; C — sinais cooperativos (AIS/ADS-B/RF),sim
43277,Yaogan 31-1-3 (Remote Sensing Satellite 31-1-3),Yaogan,A — sensoriamento remoto; C — sinais cooperativos (AIS/ADS-B/RF),sim
43286,,IRNSS,,não
43435,,Space & Earth Science,,não
43437,Sentinel 3B,Space & Earth Science,A — sensoriamento remoto,sim
43450,,Geostationary,,não
43461,Gaofen 1-05,Earth resources,A — sensoriamento remoto,sim
43471,,Amateur radio,,não
43471,,Experimental,,não
43471,,Space & Earth Science,,não
43476,Grace Follow-on-1 (Gravity Recovery and Climate Experiment Follow-on-1),Space & Earth Science,A — sensoriamento remoto,sim
43477,Grace Follow-on-2 (Gravity Recovery and Climate Experiment Follow-on-2),Space & Earth Science,A — sensoriamento remoto,sim
43478,,Iridium,,não
43479,,Iridium,,não
43480,,Iridium,,não
43481,,Iridium,,não
43482,,Iridium,,não
43485,Luojia 1,Amateur radio,A — sensoriamento remoto,sim
43488,,Geostationary,,não
43488,,TV,,não
43491,Fengyun 2H (FY 2H),Geostationary,A — sensoriamento remoto,sim
43495,"IGS Radar 6 (Information Gathering Satellite 6, IGS Radar 6)",Brightest,A — sensoriamento remoto,sim
43508,,Glonass Operational,,não
43508,,Glonass Constellation,,não
43539,,Beidou,,não
43562,,Geostationary,,não
43564,,Galileo,,não
43565,,Galileo,,não
43566,,Galileo,,não
43567,,Galileo,,não
43569,,Iridium,,não
43570,,Iridium,,não
43571,,Iridium,,não
43572,,Iridium,,não
43573,,Iridium,,não
43574,,Iridium,,não
43575,,Iridium,,não
43576,,Iridium,,não
43577,,Iridium,,não
43578,,Iridium,,não
43581,,Beidou,,não
43582,,Beidou,,não
43587,,Geostationary,,não
43602,,Beidou,,não
43603,,Beidou,,não
43611,,Geostationary,,não
43613,Icesat-2,Space & Earth Science,A — sensoriamento remoto,sim
43632,,Geostationary,,não
43647,,Beidou,,não
43648,,Beidou,,não
43651,,Geostationary,,não
43651,,Military,,não
43677,,Amateur radio,,não
43677,,Space & Earth Science,,não
43678,Diwata-2B,Amateur radio,A — sensoriamento remoto,sim
43679,,Amateur radio,,não
43683,,Beidou,,não
43687,,Glonass Operational,,não
43687,,Glonass Constellation,,não
43698,,Geostationary,,não
43700,,Geostationary,,não
43700,,Amateur radio,,não
43706,,Beidou,,não
43707,,Beidou,,não
43719,HySIS (Hyperspectral Imaging Satellite),Earth resources,A — sensoriamento remoto,sim
43724,Dove 3r-12 (0 Flock 3R-12 1066),Flock,A — sensoriamento remoto,sim
43758,,Amateur radio,,não
43761,,Amateur radio,,não
43768,AISTechSat-2,Amateur radio,A — sensoriamento remoto; C — sinais cooperativos (AIS/ADS-B/RF),sim
43770,,Amateur radio,,não
43771,,Amateur radio,,não
43773,,Amateur radio,,não
43775,,Amateur radio,,não
43782,,Amateur radio,,não
43784,,Amateur radio,,não
43786,,Amateur radio,,não
43790,Eaglet-1,Amateur radio,A — sensoriamento remoto; C — sinais cooperativos (AIS/ADS-B/RF),sim
43792,ESEO (European Student Earth Orbiter),Amateur radio,A — sensoriamento remoto,sim
43798,,Amateur radio,,não
43800,ICEYE-X2 (ICEYE POC 2),Amateur radio,A — sensoriamento remoto,sim
43803,,Amateur radio,,não
43804,,Amateur radio,,não
43809,Centauri-1,Amateur radio,B — coleta de plataformas (DCS/IoT),sim
43823,GEO-Kompsat-2A,Geostationary,A — sensoriamento remoto,sim
43823,GEO-Kompsat-2A,Amateur radio,A — sensoriamento remoto,sim
43823,GEO-Kompsat-2A,Weather,A — sensoriamento remoto,sim
43824,,Geostationary,,não
43873,,GPS Operational,,não
43873,,Global Positioning System (GPS) Constellation,,não
43874,,Military,,não
43879,iSat (D-Star ONE iSat),Amateur radio,C — sinais cooperativos (AIS/ADS-B/RF),sim
43880,,Amateur radio,,não
43922,,Iridium,,não
43923,,Iridium,,não
43924,,Iridium,,não
43925,,Iridium,,não
43926,,Iridium,,não
43927,,Iridium,,não
43928,,Iridium,,não
43929,,Iridium,,não
43930,,Iridium,,não
43931,,Iridium,,não
43941,"Keyhole 8 (NRO L71, Advanced KH-11, Improved Crystal Block 5, USA 290)",Military,A — sensoriamento remoto,sim
44034,,Geostationary,,não
44049,,Space & Earth Science,,não
44067,,Geostationary,,não
44071,,Geostationary,,não
44071,,Military,,não
44072,PRISMA (PRecursore IperSpettrale della Missione Applicativa),Space & Earth Science,A — sensoriamento remoto,sim
44076,,Geostationary,,não
44112,,O3B Networks,,não
44113,,O3B Networks,,não
44114,,O3B Networks,,não
44115,,O3B Networks,,não
44186,,Geostationary,,não
44186,,TV,,não
44231,,Beidou,,não
44299,,Glonass Operational,,não
44299,,Glonass Constellation,,não
44333,,Geostationary,,não
44334,,Geostationary,,não
44339,,Amateur radio,,não
44341,,Celestis,,não
44343,"COSMIC 2-3 (COSMIC FM-3, Formosat 7C)",Amateur radio,A — sensoriamento remoto,sim
44344,,Experimental,,não
44349,"COSMIC 2-1 (COSMIC FM-1, Formosat 7A)",Amateur radio,A — sensoriamento remoto,sim
44350,"COSMIC 2-4 (COSMIC FM-4, Formosat 7D)",Amateur radio,A — sensoriamento remoto,sim
44351,"COSMIC 2-2 (COSMIC FM-2, Formosat 7B)",Amateur radio,A — sensoriamento remoto,sim
44353,"COSMIC 2-6 (COSMIC FM-6, Formosat 7F)",Amateur radio,A — sensoriamento remoto,sim
44358,"COSMIC 2-5 (COSMIC FM-5, Formosat 7E)",Amateur radio,A — sensoriamento remoto,sim
44387,Meteor-M 2.2,Amateur radio,A — sensoriamento remoto,sim
44390,ICEYE-X4 (ICEYE POC 4),Amateur radio,A — sensoriamento remoto,sim
44453,,Military,,não
44475,,Geostationary,,não
44476,,Geostationary,,não
44476,,Intelsat,,não
44479,,Geostationary,,não
44506,,GPS Operational,,não
44506,,Global Positioning System (GPS) Constellation,,não
44530,,Amateur radio,,não
44542,,Beidou,,não
44543,,Beidou,,não
44624,,Geostationary,,não
44628,ICON (Ionospheric Connection Explorer),Space & Earth Science,A — sensoriamento remoto,sim
44714,,Starlink,,não
44718,,Amateur radio,,não
44718,,Starlink,,não
44723,,Starlink,,não
44725,,Starlink,,não
44741,,Starlink,,não
44744,,Starlink,,não
44747,,Starlink,,não
44748,,Starlink,,não
44751,,Starlink,,não
44752,,Starlink,,não
44753,,Starlink,,não
44768,,Starlink,,não
44771,,Starlink,,não
44772,,Starlink,,não
44793,,Beidou,,não
44794,,Beidou,,não
44800,,Geostationary,,não
44801,,Geostationary,,não
44850,,Glonass Operational,,não
44850,,Glonass Constellation,,não
44864,,Beidou,,não
44865,,Beidou,,não
44881,,Amateur radio,,não
44885,,Amateur radio,,não
44903,Electro-L3,Amateur radio,A — sensoriamento remoto,sim
44909,,Amateur radio,,não
44910,,Geostationary,,não
44927,,Starlink,,não
44929,,Starlink,,não
44930,,Starlink,,não
44941,,Starlink,,não
44949,,Starlink,,não
44961,,Starlink,,não
44968,,Starlink,,não
45026,,Geostationary,,não
45027,,Geostationary,,não
45044,,Starlink,,não
45047,,Starlink,,não
45048,,Starlink,,não
45054,,Starlink,,não
45060,,Starlink,,não
45061,,Starlink,,não
45062,,Starlink,,não
45064,,Starlink,,não
45071,,Starlink,,não
45072,,Starlink,,não
45074,,Starlink,,não
45080,,Starlink,,não
45087,,Starlink,,não
45088,,Starlink,,não
45096,,Starlink,,não
45098,,Starlink,,não
45100,,Starlink,,não
45110,,Military,,não
45131,,OneWeb,,não
45132,,OneWeb,,não
45133,,OneWeb,,não
45134,,OneWeb,,não
45135,,OneWeb,,não
45136,,OneWeb,,não
45137,,OneWeb,,não
45138,,OneWeb,,não
45139,,OneWeb,,não
45140,,OneWeb,,não
45141,,OneWeb,,não
45142,,OneWeb,,não
45143,,OneWeb,,não
45144,,OneWeb,,não
45145,,OneWeb,,não
45146,,OneWeb,,não
45147,,OneWeb,,não
45148,,OneWeb,,não
45149,,OneWeb,,não
45150,,OneWeb,,não
45151,,OneWeb,,não
45152,,OneWeb,,não
45153,,OneWeb,,não
45154,,OneWeb,,não
45155,,OneWeb,,não
45156,,OneWeb,,não
45157,,OneWeb,,não
45158,,OneWeb,,não
45159,,OneWeb,,não
45160,,OneWeb,,não
45161,,OneWeb,,não
45162,,OneWeb,,não
45163,,OneWeb,,não
45164,,OneWeb,,não
45183,,Starlink,,não
45185,,Starlink,,não
45187,,Starlink,,não
45189,,Starlink,,não
45197,,Starlink,,não
45198,,Starlink,,não
45201,,Starlink,,não
45206,,Starlink,,não
45212,,Starlink,,não
45217,,Starlink,,não
45222,,Starlink,,não
45223,,Starlink,,não
45225,,Starlink,,não
45227,,Starlink,,não
45228,,Starlink,,não
45229,,Starlink,,não
45230,,Starlink,,não
45235,,Starlink,,não
45237,,Starlink,,não
45245,,Geostationary,,não
45246,GEO-Kompsat-2B,Geostationary,A — sensoriamento remoto,sim
45246,GEO-Kompsat-2B,Amateur radio,A — sensoriamento remoto,sim
45344,,Geostationary,,não
45344,,Beidou,,não
45358,,Glonass Operational,,não
45358,,Glonass Constellation,,não
45366,,Starlink,,não
45367,,Starlink,,não
45368,,Starlink,,não
45369,,Starlink,,não
45370,,Starlink,,não
45374,,Starlink,,não
45375,,Starlink,,não
45376,,Starlink,,não
45377,,Starlink,,não
45379,,Starlink,,não
45383,,Starlink,,não
45384,,Starlink,,não
45386,,Starlink,,não
45387,,Starlink,,não
45389,,Starlink,,não
45390,,Starlink,,não
45395,,Starlink,,não
45397,,Starlink,,não
45399,,Starlink,,não
45404,,Starlink,,não
45405,,Starlink,,não
45406,,Starlink,,não
45408,,Starlink,,não
45412,,Starlink,,não
45414,,Starlink,,não
45415,,Starlink,,não
45417,,Starlink,,não
45419,,Starlink,,não
45424,,OneWeb,,não
45425,,OneWeb,,não
45426,,OneWeb,,não
45427,,OneWeb,,não
45428,,OneWeb,,não
45429,,OneWeb,,não
45430,,OneWeb,,não
45431,,OneWeb,,não
45432,,OneWeb,,não
45433,,OneWeb,,não
45434,,OneWeb,,não
45435,,OneWeb,,não
45436,,OneWeb,,não
45437,,OneWeb,,não
45438,,OneWeb,,não
45439,,OneWeb,,não
45440,,OneWeb,,não
45441,,OneWeb,,não
45442,,OneWeb,,não
45443,,OneWeb,,não
45444,,OneWeb,,não
45445,,OneWeb,,não
45446,,OneWeb,,não
45447,,OneWeb,,não
45448,,OneWeb,,não
45449,,OneWeb,,não
45450,,OneWeb,,não
45451,,OneWeb,,não
45452,,OneWeb,,não
45453,,OneWeb,,não
45454,,OneWeb,,não
45455,,OneWeb,,não
45456,,OneWeb,,não
45457,,OneWeb,,não
45540,,Starlink,,não
45542,,Starlink,,não
45543,,Starlink,,não
45544,,Starlink,,não
45555,,Starlink,,não
45564,,Starlink,,não
45565,,Starlink,,não
45567,,Starlink,,não
45570,,Starlink,,não
45573,,Starlink,,não
45578,,Starlink,,não
45580,,Starlink,,não
45581,,Starlink,,não
45582,,Starlink,,não
45586,,Starlink,,não
45589,,Starlink,,não
45590,,Starlink,,não
45608,"EKS-4 (Integrated Space System, Cosmos 2546, Tundra 14L)",Military,A — sensoriamento remoto,sim
45660,,Starlink,,não
45663,,Starlink,,não
45665,,Starlink,,não
45668,,Starlink,,não
45669,,Starlink,,não
45670,,Starlink,,não
45671,,Starlink,,não
45673,,Starlink,,não
45675,,Starlink,,não
45676,,Starlink,,não
45677,,Starlink,,não
45679,,Starlink,,não
45685,,Starlink,,não
45686,,Starlink,,não
45689,,Starlink,,não
45693,,Starlink,,não
45695,,Starlink,,não
45696,,Starlink,,não
45697,,Starlink,,não
45700,,Starlink,,não
45701,,Starlink,,não
45703,,Starlink,,não
45710,,Starlink,,não
45711,,Starlink,,não
45712,,Starlink,,não
45731,,Starlink,,não
45735,,Starlink,,não
45741,,Starlink,,não
45744,,Starlink,,não
45746,,Starlink,,não
45747,,Starlink,,não
45751,,Starlink,,não
45754,,Starlink,,não
45755,,Starlink,,não
45759,,Starlink,,não
45764,,Starlink,,não
45772,,Starlink,,não
45773,,Starlink,,não
45780,,Starlink,,não
45786,,Starlink,,não
45807,,Beidou,,não
45854,,GPS Operational,,não
45860,Ofeq 16,Military,A — sensoriamento remoto,sim
45873,NROL-129 (USA 305),Brightest,A — sensoriamento remoto,sim
45874,NROL-129 (USA 306),Brightest,A — sensoriamento remoto,sim
45875,NROL-129 (USA 307),Brightest,A — sensoriamento remoto,sim
45876,NROL-129 (USA 308),Brightest,A — sensoriamento remoto,sim
46027,,Starlink,,não
46028,,Starlink,,não
46029,,Starlink,,não
46032,,Starlink,,não
46033,,Starlink,,não
46034,,Starlink,,não
46035,,Starlink,,não
46036,,Starlink,,não
46039,,Starlink,,não
46043,,Starlink,,não
46045,,Starlink,,não
46047,,Starlink,,não
46048,,Starlink,,não
46051,,Starlink,,não
46053,,Starlink,,não
46054,,Starlink,,não
46055,,Starlink,,não
46058,,Starlink,,não
46059,,Starlink,,não
46060,,Starlink,,não
46061,,Starlink,,não
46063,,Starlink,,não
46064,,Starlink,,não
46066,,Starlink,,não
46070,,Starlink,,não
46073,,Starlink,,não
46074,,Starlink,,não
46075,,Starlink,,não
46076,,Starlink,,não
46077,,Starlink,,não
46079,,Starlink,,não
46080,,Starlink,,não
46082,,Starlink,,não
46083,,Starlink,,não
46114,,Geostationary,,não
46114,,Intelsat,,não
46141,,Starlink,,não
46146,,Starlink,,não
46160,,Starlink,,não
46174,,Starlink,,não
46292,FSSCAT-A,Amateur radio,A — sensoriamento remoto,sim
46320,NAPA-1 (Royal Thai Air Force Sat-1),Amateur radio,A — sensoriamento remoto,sim
46342,,Starlink,,não
46348,,Starlink,,não
46353,,Starlink,,não
46355,,Starlink,,não
46375,,Starlink,,não
46384,,Starlink,,não
46493,,Amateur radio,,não
46494,,Amateur radio,,não
46495,,Amateur radio,,não
46496,ICEYE-X7 (ICEYE POC 7),Amateur radio,A — sensoriamento remoto,sim
46497,ICEYE-X6 (ICEYE POC 6),Amateur radio,A — sensoriamento remoto,sim
46504,,Amateur radio,,não
46505,,Amateur radio,,não
46506,,Amateur radio,,não
46507,,Amateur radio,,não
46537,,Starlink,,não
46553,,Starlink,,não
46563,,Starlink,,não
46698,,Starlink,,não
46702,,Starlink,,não
46705,,Starlink,,não
46706,,Starlink,,não
46709,,Starlink,,não
46718,,Starlink,,não
46725,,Starlink,,não
46768,,Starlink,,não
46774,,Starlink,,não
46786,,Starlink,,não
46794,,Starlink,,não
46805,,Glonass Operational,,não
46805,,Glonass Constellation,,não
46826,,GPS Operational,,não
46826,,Global Positioning System (GPS) Constellation,,não
46906,KSM-1A (Kleos Scouting Mission 1A),Amateur radio,A — sensoriamento remoto; C — sinais cooperativos (AIS/ADS-B/RF),sim
46907,KSM-1B (Kleos Scouting Mission 1B),Amateur radio,A — sensoriamento remoto; C — sinais cooperativos (AIS/ADS-B/RF),sim
46912,KSM-1C (Kleos Scouting Mission 1C),Amateur radio,A — sensoriamento remoto; C — sinais cooperativos (AIS/ADS-B/RF),sim
46914,KSM-1D (Kleos Scouting Mission 1D),Amateur radio,A — sensoriamento remoto; C — sinais cooperativos (AIS/ADS-B/RF),sim
46918,"USA 310 (NROL101, USA 310)",Military,A — sensoriamento remoto,sim
46984,Sentinel 6 (Michael Freilich),Space & Earth Science,A — sensoriamento remoto,sim
47122,,Starlink,,não
47126,,Starlink,,não
47135,,Starlink,,não
47143,,Starlink,,não
47157,,Starlink,,não
47171,,Starlink,,não
47179,,Starlink,,não
47256,,Geostationary,,não
47258,,OneWeb,,não
47259,,OneWeb,,não
47260,,OneWeb,,não
47261,,OneWeb,,não
47262,,OneWeb,,não
47263,,OneWeb,,não
47264,,OneWeb,,não
47265,,OneWeb,,não
47266,,OneWeb,,não
47267,,OneWeb,,não
47268,,OneWeb,,não
47269,,OneWeb,,não
47270,,OneWeb,,não
47271,,OneWeb,,não
47272,,OneWeb,,não
47273,,OneWeb,,não
47274,,OneWeb,,não
47275,,OneWeb,,não
47276,,OneWeb,,não
47277,,OneWeb,,não
47278,,OneWeb,,não
47279,,OneWeb,,não
47280,,OneWeb,,não
47281,,OneWeb,,não
47282,,OneWeb,,não
47283,,OneWeb,,não
47284,,OneWeb,,não
47285,,OneWeb,,não
47286,,OneWeb,,não
47287,,OneWeb,,não
47288,,OneWeb,,não
47289,,OneWeb,,não
47290,,OneWeb,,não
47291,,OneWeb,,não
47292,,OneWeb,,não
47293,,OneWeb,,não
47306,,Geostationary,,não
47306,,TV,,não
47351,,Starlink,,não
47352,,Starlink,,não
47353,,Starlink,,não
47354,,Starlink,,não
47355,,Starlink,,não
47356,,Starlink,,não
47357,,Starlink,,não
47358,,Starlink,,não
47361,,Starlink,,não
47362,,Starlink,,não
47366,,Starlink,,não
47367,,Starlink,,não
47368,,Starlink,,não
47371,,Starlink,,não
47373,,Starlink,,não
47375,,Starlink,,não
47376,,Starlink,,não
47377,,Starlink,,não
47378,,Starlink,,não
47379,,Starlink,,não
47381,,Starlink,,não
47382,,Starlink,,não
47383,,Starlink,,não
47384,,Starlink,,não
47385,,Starlink,,não
47386,,Starlink,,não
47388,,Starlink,,não
47389,,Starlink,,não
47390,,Starlink,,não
47391,,Starlink,,não
47397,,Starlink,,não
47399,,Starlink,,não
47400,,Starlink,,não
47401,,Starlink,,não
47405,,Starlink,,não
47407,,Starlink,,não
47408,,Starlink,,não
47448,,Amateur radio,,não
47486,Kepler-14 STELLA,Celestis,B — coleta de plataformas (DCS/IoT),sim
47504,,Amateur radio,,não
47555,,Starlink,,não
47596,,Starlink,,não
47621,,Starlink,,não
47625,,Starlink,,não
47627,,Starlink,,não
47628,,Starlink,,não
47630,,Starlink,,não
47632,,Starlink,,não
47638,,Starlink,,não
47648,,Starlink,,não
47650,,Starlink,,não
47655,,Starlink,,não
47656,,Starlink,,não
47722,,Starlink,,não
47723,,Starlink,,não
47728,,Starlink,,não
47730,,Starlink,,não
47733,,Starlink,,não
47734,,Starlink,,não
47736,,Starlink,,não
47739,,Starlink,,não
47742,,Starlink,,não
47746,,Starlink,,não
47747,,Starlink,,não
47750,,Starlink,,não
47753,,Starlink,,não
47760,,Starlink,,não
47767,,Starlink,,não
47770,,Starlink,,não
47771,,Starlink,,não
47772,,Starlink,,não
47773,,Starlink,,não
47778,,Starlink,,não
47780,,Starlink,,não
47787,,Starlink,,não
47788,,Starlink,,não
47789,,Starlink,,não
47790,,Starlink,,não
47791,,Starlink,,não
47792,,Starlink,,não
47793,,Starlink,,não
47796,,Starlink,,não
47797,,Starlink,,não
47798,,Starlink,,não
47799,,Starlink,,não
47800,,Starlink,,não
47802,,Starlink,,não
47804,,Starlink,,não
47805,,Starlink,,não
47806,,Starlink,,não
47807,,Starlink,,não
47808,,Starlink,,não
47810,,Starlink,,não
47814,,Starlink,,não
47815,,Starlink,,não
47816,,Starlink,,não
47817,,Starlink,,não
47819,,Starlink,,não
47821,,Starlink,,não
47822,,Starlink,,não
47823,,Starlink,,não
47824,,Starlink,,não
47825,,Starlink,,não
47826,,Starlink,,não
47827,,Starlink,,não
47828,,Starlink,,não
47830,,Starlink,,não
47831,,Starlink,,não
47832,,Starlink,,não
47833,,Starlink,,não
47834,,Starlink,,não
47836,,Starlink,,não
47837,,Starlink,,não
47838,,Starlink,,não
47839,,Starlink,,não
47840,,Starlink,,não
47841,,Starlink,,não
47843,,Starlink,,não
47844,,Starlink,,não
47845,,Starlink,,não
47861,,Starlink,,não
47870,,Starlink,,não
47873,,Starlink,,não
47874,,Starlink,,não
47879,,Starlink,,não
47884,,Starlink,,não
47887,,Starlink,,não
47894,,Starlink,,não
47895,,Starlink,,não
47896,,Starlink,,não
47898,,Starlink,,não
47901,,Starlink,,não
47904,,Starlink,,não
47907,,Starlink,,não
47910,,Starlink,,não
47911,,Starlink,,não
47916,,Starlink,,não
47919,,Starlink,,não
47932,CAS500-1,Amateur radio,A — sensoriamento remoto,sim
47945,,Amateur radio,,não
47947,,Amateur radio,,não
47978,,Starlink,,não
47981,,Starlink,,não
47993,,Starlink,,não
47997,,Starlink,,não
48000,,Starlink,,não
48009,,Starlink,,não
48010,,Starlink,,não
48019,,Starlink,,não
48022,,Starlink,,não
48023,,Starlink,,não
48042,,OneWeb,,não
48043,,OneWeb,,não
48044,,OneWeb,,não
48045,,OneWeb,,não
48046,,OneWeb,,não
48047,,OneWeb,,não
48048,,OneWeb,,não
48049,,OneWeb,,não
48050,,OneWeb,,não
48051,,OneWeb,,não
48052,,OneWeb,,não
48053,,OneWeb,,não
48054,,OneWeb,,não
48055,,OneWeb,,não
48056,,OneWeb,,não
48057,,OneWeb,,não
48058,,OneWeb,,não
48059,,OneWeb,,não
48060,,OneWeb,,não
48061,,OneWeb,,não
48062,,OneWeb,,não
48063,,OneWeb,,não
48064,,OneWeb,,não
48065,,OneWeb,,não
48066,,OneWeb,,não
48067,,OneWeb,,não
48068,,OneWeb,,não
48069,,OneWeb,,não
48070,,OneWeb,,não
48071,,OneWeb,,não
48072,,OneWeb,,não
48073,,OneWeb,,não
48074,,OneWeb,,não
48075,,OneWeb,,não
48076,,OneWeb,,não
48077,,OneWeb,,não
48093,,Starlink,,não
48094,,Starlink,,não
48095,,Starlink,,não
48096,,Starlink,,não
48097,,Starlink,,não
48098,,Starlink,,não
48099,,Starlink,,não
48100,,Starlink,,não
48101,,Starlink,,não
48104,,Starlink,,não
48105,,Starlink,,não
48106,,Starlink,,não
48107,,Starlink,,não
48111,,Starlink,,não
48112,,Starlink,,não
48113,,Starlink,,não
48115,,Starlink,,não
48116,,Starlink,,não
48117,,Starlink,,não
48119,,Starlink,,não
48120,,Starlink,,não
48121,,Starlink,,não
48123,,Starlink,,não
48124,,Starlink,,não
48125,,Starlink,,não
48126,,Starlink,,não
48127,,Starlink,,não
48128,,Starlink,,não
48129,,Starlink,,não
48130,,Starlink,,não
48131,,Starlink,,não
48132,,Starlink,,não
48133,,Starlink,,não
48134,,Starlink,,não
48135,,Starlink,,não
48136,,Starlink,,não
48137,,Starlink,,não
48138,,Starlink,,não
48139,,Starlink,,não
48140,,Starlink,,não
48142,,Starlink,,não
48143,,Starlink,,não
48144,,Starlink,,não
48148,,Starlink,,não
48149,,Starlink,,não
48150,,Starlink,,não
48151,,Starlink,,não
48210,,OneWeb,,não
48211,,OneWeb,,não
48212,,OneWeb,,não
48213,,OneWeb,,não
48214,,OneWeb,,não
48215,,OneWeb,,não
48216,,OneWeb,,não
48217,,OneWeb,,não
48218,,OneWeb,,não
48219,,OneWeb,,não
48220,,OneWeb,,não
48221,,OneWeb,,não
48222,,OneWeb,,não
48223,,OneWeb,,não
48224,,OneWeb,,não
48225,,OneWeb,,não
48226,,OneWeb,,não
48227,,OneWeb,,não
48228,,OneWeb,,não
48229,,OneWeb,,não
48230,,OneWeb,,não
48231,,OneWeb,,não
48232,,OneWeb,,não
48233,,OneWeb,,não
48234,,OneWeb,,não
48235,,OneWeb,,não
48236,,OneWeb,,não
48237,,OneWeb,,não
48238,,OneWeb,,não
48239,,OneWeb,,não
48240,,OneWeb,,não
48241,,OneWeb,,não
48242,,OneWeb,,não
48243,,OneWeb,,não
48244,,OneWeb,,não
48245,,OneWeb,,não
48247,"Keyhole 9 (NRO L82, Advanced KH-11, Evolved Improved Crystal Block F2, USA 314)",Military,A — sensoriamento remoto,sim
48269,Lemur-2 Amanda-Svant,Lemur,A — sensoriamento remoto; C — sinais cooperativos (AIS/ADS-B/RF),sim
48274,,Amateur radio,,não
48274,,Chinese Space Station,,não
48276,,Starlink,,não
48277,,Starlink,,não
48278,,Starlink,,não
48280,,Starlink,,não
48282,,Starlink,,não
48283,,Starlink,,não
48284,,Starlink,,não
48286,,Starlink,,não
48287,,Starlink,,não
48289,,Starlink,,não
48291,,Starlink,,não
48292,,Starlink,,não
48293,,Starlink,,não
48294,,Starlink,,não
48295,,Starlink,,não
48298,,Starlink,,não
48299,,Starlink,,não
48300,,Starlink,,não
48301,,Starlink,,não
48303,,Starlink,,não
48304,,Starlink,,não
48305,,Starlink,,não
48306,,Starlink,,não
48309,,Starlink,,não
48310,,Starlink,,não
48311,,Starlink,,não
48312,,Starlink,,não
48314,,Starlink,,não
48315,,Starlink,,não
48316,,Starlink,,não
48317,,Starlink,,não
48318,,Starlink,,não
48319,,Starlink,,não
48320,,Starlink,,não
48321,,Starlink,,não
48323,,Starlink,,não
48325,,Starlink,,não
48326,,Starlink,,não
48327,,Starlink,,não
48328,,Starlink,,não
48329,,Starlink,,não
48330,,Starlink,,não
48331,,Starlink,,não
48333,,Starlink,,não
48334,,Starlink,,não
48353,,Starlink,,não
48354,,Starlink,,não
48355,,Starlink,,não
48356,,Starlink,,não
48357,,Starlink,,não
48358,,Starlink,,não
48359,,Starlink,,não
48360,,Starlink,,não
48361,,Starlink,,não
48362,,Starlink,,não
48364,,Starlink,,não
48365,,Starlink,,não
48367,,Starlink,,não
48368,,Starlink,,não
48370,,Starlink,,não
48371,,Starlink,,não
48373,,Starlink,,não
48374,,Starlink,,não
48375,,Starlink,,não
48376,,Starlink,,não
48377,,Starlink,,não
48378,,Starlink,,não
48379,,Starlink,,não
48380,,Starlink,,não
48381,,Starlink,,não
48382,,Starlink,,não
48385,,Starlink,,não
48386,,Starlink,,não
48388,,Starlink,,não
48390,,Starlink,,não
48391,,Starlink,,não
48392,,Starlink,,não
48395,,Starlink,,não
48396,,Starlink,,não
48397,,Starlink,,não
48398,,Starlink,,não
48399,,Starlink,,não
48400,,Starlink,,não
48401,,Starlink,,não
48404,,Starlink,,não
48405,,Starlink,,não
48406,,Starlink,,não
48408,,Starlink,,não
48410,,Starlink,,não
48411,,Starlink,,não
48412,,Starlink,,não
48428,,Starlink,,não
48431,,Starlink,,não
48432,,Starlink,,não
48433,,Starlink,,não
48434,,Starlink,,não
48435,,Starlink,,não
48436,,Starlink,,não
48437,,Starlink,,não
48438,,Starlink,,não
48439,,Starlink,,não
48440,,Starlink,,não
48441,,Starlink,,não
48442,,Starlink,,não
48443,,Starlink,,não
48444,,Starlink,,não
48445,,Starlink,,não
48449,,Starlink,,não
48452,,Starlink,,não
48453,,Starlink,,não
48454,,Starlink,,não
48455,,Starlink,,não
48458,,Starlink,,não
48459,,Starlink,,não
48462,,Starlink,,não
48464,,Starlink,,não
48465,,Starlink,,não
48466,,Starlink,,não
48467,,Starlink,,não
48468,,Starlink,,não
48469,,Starlink,,não
48470,,Starlink,,não
48471,,Starlink,,não
48472,,Starlink,,não
48473,,Starlink,,não
48474,,Starlink,,não
48478,,Starlink,,não
48479,,Starlink,,não
48481,,Starlink,,não
48482,,Starlink,,não
48483,,Starlink,,não
48485,,Starlink,,não
48487,,Starlink,,não
48553,,Starlink,,não
48554,,Starlink,,não
48555,,Starlink,,não
48556,,Starlink,,não
48557,,Starlink,,não
48558,,Starlink,,não
48562,,Starlink,,não
48563,,Starlink,,não
48564,,Starlink,,não
48566,,Starlink,,não
48568,,Starlink,,não
48569,,Starlink,,não
48571,,Starlink,,não
48572,,Starlink,,não
48573,,Starlink,,não
48574,,Starlink,,não
48575,,Starlink,,não
48576,,Starlink,,não
48577,,Starlink,,não
48578,,Starlink,,não
48580,,Starlink,,não
48581,,Starlink,,não
48582,,Starlink,,não
48583,,Starlink,,não
48586,,Starlink,,não
48587,,Starlink,,não
48589,,Starlink,,não
48593,,Starlink,,não
48594,,Starlink,,não
48595,,Starlink,,não
48596,,Starlink,,não
48597,,Starlink,,não
48602,,Starlink,,não
48603,,Starlink,,não
48604,,Starlink,,não
48639,,Starlink,,não
48640,,Starlink,,não
48641,,Starlink,,não
48642,,Starlink,,não
48643,,Starlink,,não
48644,,Starlink,,não
48646,,Starlink,,não
48648,,Starlink,,não
48649,,Starlink,,não
48650,,Starlink,,não
48651,,Starlink,,não
48653,,Starlink,,não
48655,,Starlink,,não
48656,,Starlink,,não
48657,,Starlink,,não
48658,,Starlink,,não
48659,,Starlink,,não
48662,,Starlink,,não
48663,,Starlink,,não
48666,,Starlink,,não
48667,,Starlink,,não
48668,,Starlink,,não
48669,,Starlink,,não
48670,,Starlink,,não
48671,,Starlink,,não
48672,,Starlink,,não
48673,,Starlink,,não
48674,,Starlink,,não
48676,,Starlink,,não
48678,,Starlink,,não
48679,,Starlink,,não
48681,,Starlink,,não
48682,,Starlink,,não
48683,,Starlink,,não
48684,,Starlink,,não
48685,,Starlink,,não
48686,,Starlink,,não
48687,,Starlink,,não
48688,,Starlink,,não
48690,,Starlink,,não
48691,,Starlink,,não
48692,,Starlink,,não
48693,,Starlink,,não
48694,,Starlink,,não
48695,,Starlink,,não
48696,,Starlink,,não
48767,,OneWeb,,não
48768,,OneWeb,,não
48769,,OneWeb,,não
48770,,OneWeb,,não
48771,,OneWeb,,não
48772,,OneWeb,,não
48773,,OneWeb,,não
48774,,OneWeb,,não
48775,,OneWeb,,não
48776,,OneWeb,,não
48777,,OneWeb,,não
48778,,OneWeb,,não
48779,,OneWeb,,não
48780,,OneWeb,,não
48781,,OneWeb,,não
48782,,OneWeb,,não
48783,,OneWeb,,não
48784,,OneWeb,,não
48785,,OneWeb,,não
48786,,OneWeb,,não
48787,,OneWeb,,não
48788,,OneWeb,,não
48789,,OneWeb,,não
48790,,OneWeb,,não
48791,,OneWeb,,não
48792,,OneWeb,,não
48793,,OneWeb,,não
48794,,OneWeb,,não
48795,,OneWeb,,não
48796,,OneWeb,,não
48797,,OneWeb,,não
48798,,OneWeb,,não
48799,,OneWeb,,não
48800,,OneWeb,,não
48801,,OneWeb,,não
48802,,OneWeb,,não
48808,Fengyun 4B (FY 4B),Weather,A — sensoriamento remoto,sim
48859,,GPS Operational,,não
48859,,Global Positioning System (GPS) Constellation,,não
48881,,Starlink,,não
48909,,Amateur radio,,não
48967,,OneWeb,,não
48968,,OneWeb,,não
48970,,OneWeb,,não
48971,,OneWeb,,não
48972,,OneWeb,,não
48973,,OneWeb,,não
48974,,OneWeb,,não
48975,,OneWeb,,não
48976,,OneWeb,,não
48977,,OneWeb,,não
48978,,OneWeb,,não
48979,,OneWeb,,não
48980,,OneWeb,,não
48981,,OneWeb,,não
48982,,OneWeb,,não
48984,,OneWeb,,não
48985,,OneWeb,,não
48986,,OneWeb,,não
48987,,OneWeb,,não
48988,,OneWeb,,não
48989,,OneWeb,,não
48990,,OneWeb,,não
48991,,OneWeb,,não
48992,,OneWeb,,não
48993,,OneWeb,,não
48994,,OneWeb,,não
48995,,OneWeb,,não
48996,,OneWeb,,não
48997,,OneWeb,,não
48998,,OneWeb,,não
48999,,OneWeb,,não
49000,,OneWeb,,não
49001,,OneWeb,,não
49002,,OneWeb,,não
49008,Fengyun 3E (FY 3E),Weather,A — sensoriamento remoto,sim
49044,,Int'l Space Station,,não
49056,,Geostationary,,não
49062,,Geostationary,,não
49075,,OneWeb,,não
49076,,OneWeb,,não
49077,,OneWeb,,não
49078,,OneWeb,,não
49079,,OneWeb,,não
49080,,OneWeb,,não
49081,,OneWeb,,não
49082,,OneWeb,,não
49083,,OneWeb,,não
49084,,OneWeb,,não
49085,,OneWeb,,não
49086,,OneWeb,,não
49087,,OneWeb,,não
49088,,OneWeb,,não
49089,,OneWeb,,não
49090,,OneWeb,,não
49091,,OneWeb,,não
49092,,OneWeb,,não
49093,,OneWeb,,não
49094,,OneWeb,,não
49095,,OneWeb,,não
49096,,OneWeb,,não
49097,,OneWeb,,não
49098,,OneWeb,,não
49099,,OneWeb,,não
49100,,OneWeb,,não
49101,,OneWeb,,não
49102,,OneWeb,,não
49103,,OneWeb,,não
49104,,OneWeb,,não
49105,,OneWeb,,não
49106,,OneWeb,,não
49107,,OneWeb,,não
49108,,OneWeb,,não
49115,,Geostationary,,não
49132,,Starlink,,não
49133,,Starlink,,não
49134,,Starlink,,não
49135,,Starlink,,não
49137,,Starlink,,não
49138,,Starlink,,não
49139,,Starlink,,não
49141,,Starlink,,não
49143,,Starlink,,não
49144,,Starlink,,não
49145,,Starlink,,não
49146,,Starlink,,não
49147,,Starlink,,não
49148,,Starlink,,não
49151,,Starlink,,não
49153,,Starlink,,não
49154,,Starlink,,não
49155,,Starlink,,não
49156,,Starlink,,não
49157,,Starlink,,não
49158,,Starlink,,não
49159,,Starlink,,não
49160,,Starlink,,não
49161,,Starlink,,não
49163,,Starlink,,não
49164,,Starlink,,não
49165,,Starlink,,não
49166,,Starlink,,não
49167,,Starlink,,não
49169,,Starlink,,não
49171,,Starlink,,não
49173,,Starlink,,não
49175,,Starlink,,não
49176,,Starlink,,não
49177,,Starlink,,não
49178,,Starlink,,não
49179,,Starlink,,não
49181,,Starlink,,não
49186,,OneWeb,,não
49187,,OneWeb,,não
49188,,OneWeb,,não
49189,,OneWeb,,não
49190,,OneWeb,,não
49191,,OneWeb,,não
49192,,OneWeb,,não
49193,,OneWeb,,não
49194,,OneWeb,,não
49195,,OneWeb,,não
49196,,OneWeb,,não
49197,,OneWeb,,não
49198,,OneWeb,,não
49199,,OneWeb,,não
49200,,OneWeb,,não
49201,,OneWeb,,não
49202,,OneWeb,,não
49203,,OneWeb,,não
49204,,OneWeb,,não
49205,,OneWeb,,não
49206,,OneWeb,,não
49207,,OneWeb,,não
49208,,OneWeb,,não
49209,,OneWeb,,não
49210,,OneWeb,,não
49211,,OneWeb,,não
49212,,OneWeb,,não
49213,,OneWeb,,não
49214,,OneWeb,,não
49215,,OneWeb,,não
49216,,OneWeb,,não
49217,,OneWeb,,não
49218,,OneWeb,,não
49219,,OneWeb,,não
49258,,Military,,não
49264,CuPID (Cusp Plasma Imaging Detector),Amateur radio,A — sensoriamento remoto,sim
49279,,OneWeb,,não
49280,,OneWeb,,não
49281,,OneWeb,,não
49282,,OneWeb,,não
49283,,OneWeb,,não
49284,,OneWeb,,não
49285,,OneWeb,,não
49286,,OneWeb,,não
49287,,OneWeb,,não
49288,,OneWeb,,não
49289,,OneWeb,,não
49290,,OneWeb,,não
49291,,OneWeb,,não
49292,,OneWeb,,não
49293,,OneWeb,,não
49294,,OneWeb,,não
49295,,OneWeb,,não
49296,,OneWeb,,não
49297,,OneWeb,,não
49298,,OneWeb,,não
49299,,OneWeb,,não
49300,,OneWeb,,não
49301,,OneWeb,,não
49302,,OneWeb,,não
49303,,OneWeb,,não
49304,,OneWeb,,não
49305,,OneWeb,,não
49306,,OneWeb,,não
49307,,OneWeb,,não
49308,,OneWeb,,não
49309,,OneWeb,,não
49310,,OneWeb,,não
49311,,OneWeb,,não
49312,,OneWeb,,não
49313,,OneWeb,,não
49314,,OneWeb,,não
49332,,Geostationary,,não
49396,,Amateur radio,,não
49398,,Amateur radio,,não
49399,,Amateur radio,,não
49402,,Amateur radio,,não
49409,,Starlink,,não
49410,,Starlink,,não
49411,,Starlink,,não
49413,,Starlink,,não
49414,,Starlink,,não
49415,,Starlink,,não
49416,,Starlink,,não
49417,,Starlink,,não
49418,,Starlink,,não
49419,,Starlink,,não
49420,,Starlink,,não
49421,,Starlink,,não
49422,,Starlink,,não
49424,,Starlink,,não
49425,,Starlink,,não
49426,,Starlink,,não
49427,,Starlink,,não
49428,,Starlink,,não
49430,,Starlink,,não
49431,,Starlink,,não
49432,,Starlink,,não
49433,,Starlink,,não
49434,,Starlink,,não
49435,,Starlink,,não
49436,,Starlink,,não
49437,,Starlink,,não
49438,,Starlink,,não
49440,,Starlink,,não
49441,,Starlink,,não
49442,,Starlink,,não
49443,,Starlink,,não
49444,,Starlink,,não
49445,,Starlink,,não
49446,,Starlink,,não
49447,,Starlink,,não
49449,,Starlink,,não
49450,,Starlink,,não
49451,,Starlink,,não
49452,,Starlink,,não
49453,,Starlink,,não
49454,,Starlink,,não
49455,,Starlink,,não
49456,,Starlink,,não
49457,,Starlink,,não
49458,,Starlink,,não
49459,,Starlink,,não
49460,,Starlink,,não
49724,,Starlink,,não
49725,,Starlink,,não
49727,,Starlink,,não
49728,,Starlink,,não
49729,,Starlink,,não
49730,,Starlink,,não
49732,,Starlink,,não
49733,,Starlink,,não
49734,,Starlink,,não
49735,,Starlink,,não
49736,,Starlink,,não
49737,,Starlink,,não
49738,,Starlink,,não
49739,,Starlink,,não
49740,,Starlink,,não
49741,,Starlink,,não
49742,,Starlink,,não
49743,,Starlink,,não
49744,,Starlink,,não
49745,,Starlink,,não
49746,,Starlink,,não
49747,,Starlink,,não
49748,,Starlink,,não
49749,,Starlink,,não
49750,,Starlink,,não
49751,,Starlink,,não
49752,,Starlink,,não
49753,,Starlink,,não
49754,,Starlink,,não
49755,,Starlink,,não
49756,,Starlink,,não
49757,,Starlink,,não
49758,,Starlink,,não
49759,,Starlink,,não
49760,,Starlink,,não
49761,,Starlink,,não
49762,,Starlink,,não
49763,,Starlink,,não
49765,,Starlink,,não
49766,,Starlink,,não
49767,,Starlink,,não
49768,,Starlink,,não
49769,,Starlink,,não
49770,,Starlink,,não
49771,,Starlink,,não
49809,,Galileo,,não
49810,,Galileo,,não
50159,,Starlink,,não
50161,,Starlink,,não
50163,,Starlink,,não
50165,,Starlink,,não
50166,,Starlink,,não
50167,,Starlink,,não
50169,,Starlink,,não
50170,,Starlink,,não
50171,,Starlink,,não
50172,,Starlink,,não
50173,,Starlink,,não
50174,,Starlink,,não
50175,,Starlink,,não
50176,,Starlink,,não
50177,,Starlink,,não
50179,,Starlink,,não
50180,,Starlink,,não
50181,,Starlink,,não
50182,,Starlink,,não
50183,,Starlink,,não
50185,,Starlink,,não
50186,,Starlink,,não
50187,,Starlink,,não
50189,,Starlink,,não
50190,,Starlink,,não
50191,,Starlink,,não
50192,,Starlink,,não
50193,,Starlink,,não
50195,,Starlink,,não
50197,,Starlink,,não
50198,,Starlink,,não
50199,,Starlink,,não
50200,,Starlink,,não
50202,,Starlink,,não
50203,,Starlink,,não
50204,,Starlink,,não
50205,,Starlink,,não
50212,,Geostationary,,não
50212,,Military,,não
50319,,Geostationary,,não
50463,,Space & Earth Science,,não
50466,,Amateur radio,,não
50469,,OneWeb,,não
50470,,OneWeb,,não
50471,,OneWeb,,não
50472,,OneWeb,,não
50473,,OneWeb,,não
50474,,OneWeb,,não
50475,,OneWeb,,não
50476,,OneWeb,,não
50477,,OneWeb,,não
50478,,OneWeb,,não
50479,,OneWeb,,não
50480,,OneWeb,,não
50481,,OneWeb,,não
50482,,OneWeb,,não
50483,,OneWeb,,não
50484,,OneWeb,,não
50485,,OneWeb,,não
50486,,OneWeb,,não
50487,,OneWeb,,não
50488,,OneWeb,,não
50489,,OneWeb,,não
50490,,OneWeb,,não
50491,,OneWeb,,não
50492,,OneWeb,,não
50493,,OneWeb,,não
50494,,OneWeb,,não
50495,,OneWeb,,não
50496,,OneWeb,,não
50497,,OneWeb,,não
50498,,OneWeb,,não
50499,,OneWeb,,não
50500,,OneWeb,,não
50501,,OneWeb,,não
50502,,OneWeb,,não
50503,,OneWeb,,não
50504,,OneWeb,,não
50804,,Starlink,,não
50805,,Starlink,,não
50806,,Starlink,,não
50808,,Starlink,,não
50809,,Starlink,,não
50812,,Starlink,,não
50813,,Starlink,,não
50814,,Starlink,,não
50815,,Starlink,,não
50816,,Starlink,,não
50817,,Starlink,,não
50818,,Starlink,,não
50819,,Starlink,,não
50820,,Starlink,,não
50821,,Starlink,,não
50822,,Starlink,,não
50823,,Starlink,,não
50825,,Starlink,,não
50827,,Starlink,,não
50828,,Starlink,,não
50829,,Starlink,,não
50830,,Starlink,,não
50831,,Starlink,,não
50832,,Starlink,,não
50834,,Starlink,,não
50835,,Starlink,,não
50836,,Starlink,,não
50837,,Starlink,,não
50839,,Starlink,,não
50840,,Starlink,,não
50841,,Starlink,,não
50842,,Starlink,,não
50844,,Starlink,,não
50845,,Starlink,,não
50846,,Starlink,,não
50848,,Starlink,,não
50849,,Starlink,,não
50850,,Starlink,,não
50851,,Starlink,,não
50993,Dove 4x-44 (0 Flock 4x-44 247b),Amateur radio,A — sensoriamento remoto,sim
51061,,Amateur radio,,não
51104,,Starlink,,não
51105,,Starlink,,não
51106,,Starlink,,não
51108,,Starlink,,não
51109,,Starlink,,não
51110,,Starlink,,não
51111,,Starlink,,não
51112,,Starlink,,não
51113,,Starlink,,não
51114,,Starlink,,não
51115,,Starlink,,não
51116,,Starlink,,não
51117,,Starlink,,não
51118,,Starlink,,não
51120,,Starlink,,não
51121,,Starlink,,não
51123,,Starlink,,não
51124,,Starlink,,não
51125,,Starlink,,não
51126,,Starlink,,não
51127,,Starlink,,não
51128,,Starlink,,não
51129,,Starlink,,não
51130,,Starlink,,não
51131,,Starlink,,não
51132,,Starlink,,não
51133,,Starlink,,não
51135,,Starlink,,não
51136,,Starlink,,não
51137,,Starlink,,não
51138,,Starlink,,não
51139,,Starlink,,não
51140,,Starlink,,não
51141,,Starlink,,não
51142,,Starlink,,não
51143,,Starlink,,não
51144,,Starlink,,não
51146,,Starlink,,não
51147,,Starlink,,não
51148,,Starlink,,não
51149,,Starlink,,não
51150,,Starlink,,não
51152,,Starlink,,não
51461,,Starlink,,não
51462,,Starlink,,não
51463,,Starlink,,não
51464,,Starlink,,não
51465,,Starlink,,não
51467,,Starlink,,não
51468,,Starlink,,não
51469,,Starlink,,não
51472,,Starlink,,não
51622,,OneWeb,,não
51623,,OneWeb,,não
51624,,OneWeb,,não
51625,,OneWeb,,não
51626,,OneWeb,,não
51627,,OneWeb,,não
51628,,OneWeb,,não
51629,,OneWeb,,não
51630,,OneWeb,,não
51631,,OneWeb,,não
51632,,OneWeb,,não
51633,,OneWeb,,não
51634,,OneWeb,,não
51635,,OneWeb,,não
51636,,OneWeb,,não
51637,,OneWeb,,não
51638,,OneWeb,,não
51639,,OneWeb,,não
51640,,OneWeb,,não
51641,,OneWeb,,não
51642,,OneWeb,,não
51643,,OneWeb,,não
51644,,OneWeb,,não
51645,,OneWeb,,não
51646,,OneWeb,,não
51647,,OneWeb,,não
51648,,OneWeb,,não
51649,,OneWeb,,não
51650,,OneWeb,,não
51651,,OneWeb,,não
51652,,OneWeb,,não
51653,,OneWeb,,não
51654,,OneWeb,,não
51655,,OneWeb,,não
51714,,Starlink,,não
51715,,Starlink,,não
51716,,Starlink,,não
51717,,Starlink,,não
51718,,Starlink,,não
51719,,Starlink,,não
51720,,Starlink,,não
51721,,Starlink,,não
51722,,Starlink,,não
51724,,Starlink,,não
51725,,Starlink,,não
51726,,Starlink,,não
51727,,Starlink,,não
51729,,Starlink,,não
51731,,Starlink,,não
51732,,Starlink,,não
51733,,Starlink,,não
51734,,Starlink,,não
51735,,Starlink,,não
51736,,Starlink,,não
51737,,Starlink,,não
51738,,Starlink,,não
51739,,Starlink,,não
51740,,Starlink,,não
51741,,Starlink,,não
51742,,Starlink,,não
51743,,Starlink,,não
51744,,Starlink,,não
51745,,Starlink,,não
51746,,Starlink,,não
51747,,Starlink,,não
51748,,Starlink,,não
51749,,Starlink,,não
51750,,Starlink,,não
51751,,Starlink,,não
51752,,Starlink,,não
51753,,Starlink,,não
51754,,Starlink,,não
51755,,Starlink,,não
51756,,Starlink,,não
51757,,Starlink,,não
51758,,Starlink,,não
51759,,Starlink,,não
51768,,Starlink,,não
51769,,Starlink,,não
51770,,Starlink,,não
51771,,Starlink,,não
51772,,Starlink,,não
51773,,Starlink,,não
51774,,Starlink,,não
51775,,Starlink,,não
51776,,Starlink,,não
51777,,Starlink,,não
51778,,Starlink,,não
51779,,Starlink,,não
51780,,Starlink,,não
51781,,Starlink,,não
51782,,Starlink,,não
51783,,Starlink,,não
51784,,Starlink,,não
51785,,Starlink,,não
51786,,Starlink,,não
51787,,Starlink,,não
51788,,Starlink,,não
51789,,Starlink,,não
51790,,Starlink,,não
51791,,Starlink,,não
51792,,Starlink,,não
51795,,Starlink,,não
51798,,Starlink,,não
51799,,Starlink,,não
51801,,Starlink,,não
51803,,Starlink,,não
51804,,Starlink,,não
51805,,Starlink,,não
51807,,Starlink,,não
51808,,Starlink,,não
51809,,Starlink,,não
51810,,Starlink,,não
51811,,Starlink,,não
51812,,Starlink,,não
51813,,Starlink,,não
51814,,Starlink,,não
51815,,Starlink,,não
51850,GOES 18 (Geostationary Operational Environmental Satellite GOES-T),Geostationary,A — sensoriamento remoto,sim
51850,GOES 18 (Geostationary Operational Environmental Satellite GOES-T),Weather,A — sensoriamento remoto,sim
51852,,Starlink,,não
51854,,Starlink,,não
51855,,Starlink,,não
51856,,Starlink,,não
51857,,Starlink,,não
51858,,Starlink,,não
51859,,Starlink,,não
51860,,Starlink,,não
51861,,Starlink,,não
51862,,Starlink,,não
51863,,Starlink,,não
51864,,Starlink,,não
51865,,Starlink,,não
51866,,Starlink,,não
51867,,Starlink,,não
51868,,Starlink,,não
51869,,Starlink,,não
51870,,Starlink,,não
51871,,Starlink,,não
51872,,Starlink,,não
51873,,Starlink,,não
51874,,Starlink,,não
51875,,Starlink,,não
51876,,Starlink,,não
51877,,Starlink,,não
51878,,Starlink,,não
51879,,Starlink,,não
51880,,Starlink,,não
51881,,Starlink,,não
51882,,Starlink,,não
51883,,Starlink,,não
51884,,Starlink,,não
51885,,Starlink,,não
51886,,Starlink,,não
51887,,Starlink,,não
51888,,Starlink,,não
51889,,Starlink,,não
51891,,Starlink,,não
51892,,Starlink,,não
51893,,Starlink,,não
51894,,Starlink,,não
51895,,Starlink,,não
51896,,Starlink,,não
51897,,Starlink,,não
51898,,Starlink,,não
51956,,Starlink,,não
51957,,Starlink,,não
51958,,Starlink,,não
51959,,Starlink,,não
51960,,Starlink,,não
51962,,Starlink,,não
51963,,Starlink,,não
51964,,Starlink,,não
51965,,Starlink,,não
51966,,Starlink,,não
51968,,Starlink,,não
51969,,Starlink,,não
51970,,Starlink,,não
51971,,Starlink,,não
51972,,Starlink,,não
51973,,Starlink,,não
51974,,Starlink,,não
51975,,Starlink,,não
51977,,Starlink,,não
51980,,Starlink,,não
51981,,Starlink,,não
51983,,Starlink,,não
51984,,Starlink,,não
51985,,Starlink,,não
51986,,Starlink,,não
51987,,Starlink,,não
51988,,Starlink,,não
51989,,Starlink,,não
51990,,Starlink,,não
51991,,Starlink,,não
51992,,Starlink,,não
51993,,Starlink,,não
51994,,Starlink,,não
51995,,Starlink,,não
51996,,Starlink,,não
51997,,Starlink,,não
51998,,Starlink,,não
52000,,Starlink,,não
52001,,Starlink,,não
52002,,Starlink,,não
52084,Yaogan 34 (Remote Sensing Satellite 34),Military,A — sensoriamento remoto,sim
52090,,Starlink,,não
52092,,Starlink,,não
52093,,Starlink,,não
52094,,Starlink,,não
52095,,Starlink,,não
52096,,Starlink,,não
52098,,Starlink,,não
52100,,Starlink,,não
52101,,Starlink,,não
52102,,Starlink,,não
52103,,Starlink,,não
52105,,Starlink,,não
52106,,Starlink,,não
52107,,Starlink,,não
52108,,Starlink,,não
52110,,Starlink,,não
52111,,Starlink,,não
52112,,Starlink,,não
52113,,Starlink,,não
52114,,Starlink,,não
52115,,Starlink,,não
52116,,Starlink,,não
52117,,Starlink,,não
52118,,Starlink,,não
52119,,Starlink,,não
52120,,Starlink,,não
52121,,Starlink,,não
52122,,Starlink,,não
52123,,Starlink,,não
52125,,Starlink,,não
52126,,Starlink,,não
52127,,Starlink,,não
52129,,Starlink,,não
52131,,Starlink,,não
52132,,Starlink,,não
52133,,Starlink,,não
52134,,Starlink,,não
52136,,Starlink,,não
52137,,Starlink,,não
52138,,Starlink,,não
52139,,Starlink,,não
52140,,Starlink,,não
52161,,Amateur radio,,não
52259,NROL-85 (USA 327),Military,A — sensoriamento remoto; C — sinais cooperativos (AIS/ADS-B/RF),sim
52262,,Starlink,,não
52263,,Starlink,,não
52264,,Starlink,,não
52265,,Starlink,,não
52266,,Starlink,,não
52267,,Starlink,,não
52268,,Starlink,,não
52269,,Starlink,,não
52270,,Starlink,,não
52271,,Starlink,,não
52272,,Starlink,,não
52273,,Starlink,,não
52274,,Starlink,,não
52275,,Starlink,,não
52276,,Starlink,,não
52278,,Starlink,,não
52280,,Starlink,,não
52281,,Starlink,,não
52282,,Starlink,,não
52283,,Starlink,,não
52284,,Starlink,,não
52286,,Starlink,,não
52287,,Starlink,,não
52288,,Starlink,,não
52289,,Starlink,,não
52290,,Starlink,,não
52292,,Starlink,,não
52293,,Starlink,,não
52294,,Starlink,,não
52295,,Starlink,,não
52296,,Starlink,,não
52297,,Starlink,,não
52298,,Starlink,,não
52300,,Starlink,,não
52301,,Starlink,,não
52302,,Starlink,,não
52303,,Starlink,,não
52304,,Starlink,,não
52305,,Starlink,,não
52306,,Starlink,,não
52307,,Starlink,,não
52309,,Starlink,,não
52310,,Starlink,,não
52311,,Starlink,,não
52312,,Starlink,,não
52313,,Starlink,,não
52331,,Starlink,,não
52332,,Starlink,,não
52333,,Starlink,,não
52334,,Starlink,,não
52335,,Starlink,,não
52336,,Starlink,,não
52337,,Starlink,,não
52339,,Starlink,,não
52340,,Starlink,,não
52341,,Starlink,,não
52342,,Starlink,,não
52343,,Starlink,,não
52344,,Starlink,,não
52345,,Starlink,,não
52346,,Starlink,,não
52347,,Starlink,,não
52348,,Starlink,,não
52349,,Starlink,,não
52350,,Starlink,,não
52352,,Starlink,,não
52353,,Starlink,,não
52355,,Starlink,,não
52356,,Starlink,,não
52357,,Starlink,,não
52358,,Starlink,,não
52359,,Starlink,,não
52361,,Starlink,,não
52362,,Starlink,,não
52363,,Starlink,,não
52364,,Starlink,,não
52365,,Starlink,,não
52366,,Starlink,,não
52367,,Starlink,,não
52368,,Starlink,,não
52369,,Starlink,,não
52370,,Starlink,,não
52371,,Starlink,,não
52372,,Starlink,,não
52373,,Starlink,,não
52374,,Starlink,,não
52375,,Starlink,,não
52377,,Starlink,,não
52378,,Starlink,,não
52379,,Starlink,,não
52380,,Starlink,,não
52382,,Starlink,,não
52383,,Starlink,,não
52422,BRO-6,Amateur radio,A — sensoriamento remoto; C — sinais cooperativos (AIS/ADS-B/RF),sim
52452,,Starlink,,não
52453,,Starlink,,não
52454,,Starlink,,não
52455,,Starlink,,não
52456,,Starlink,,não
52457,,Starlink,,não
52458,,Starlink,,não
52459,,Starlink,,não
52461,,Starlink,,não
52462,,Starlink,,não
52463,,Starlink,,não
52464,,Starlink,,não
52465,,Starlink,,não
52467,,Starlink,,não
52468,,Starlink,,não
52469,,Starlink,,não
52470,,Starlink,,não
52471,,Starlink,,não
52472,,Starlink,,não
52473,,Starlink,,não
52475,,Starlink,,não
52476,,Starlink,,não
52477,,Starlink,,não
52478,,Starlink,,não
52479,,Starlink,,não
52480,,Starlink,,não
52482,,Starlink,,não
52483,,Starlink,,não
52484,,Starlink,,não
52485,,Starlink,,não
52486,,Starlink,,não
52487,,Starlink,,não
52488,,Starlink,,não
52489,,Starlink,,não
52490,,Starlink,,não
52491,,Starlink,,não
52492,,Starlink,,não
52493,,Starlink,,não
52494,,Starlink,,não
52496,,Starlink,,não
52497,,Starlink,,não
52498,,Starlink,,não
52500,,Starlink,,não
52501,,Starlink,,não
52502,,Starlink,,não
52503,,Starlink,,não
52535,,Starlink,,não
52536,,Starlink,,não
52537,,Starlink,,não
52538,,Starlink,,não
52539,,Starlink,,não
52540,,Starlink,,não
52541,,Starlink,,não
52542,,Starlink,,não
52543,,Starlink,,não
52544,,Starlink,,não
52546,,Starlink,,não
52548,,Starlink,,não
52549,,Starlink,,não
52550,,Starlink,,não
52551,,Starlink,,não
52552,,Starlink,,não
52554,,Starlink,,não
52557,,Starlink,,não
52559,,Starlink,,não
52560,,Starlink,,não
52561,,Starlink,,não
52562,,Starlink,,não
52563,,Starlink,,não
52564,,Starlink,,não
52565,,Starlink,,não
52566,,Starlink,,não
52567,,Starlink,,não
52568,,Starlink,,não
52569,,Starlink,,não
52574,,Starlink,,não
52576,,Starlink,,não
52577,,Starlink,,não
52578,,Starlink,,não
52579,,Starlink,,não
52580,,Starlink,,não
52581,,Starlink,,não
52583,,Starlink,,não
52584,,Starlink,,não
52585,,Starlink,,não
52586,,Starlink,,não
52587,,Starlink,,não
52588,,Starlink,,não
52598,,Starlink,,não
52599,,Starlink,,não
52600,,Starlink,,não
52601,,Starlink,,não
52602,,Starlink,,não
52603,,Starlink,,não
52604,,Starlink,,não
52605,,Starlink,,não
52606,,Starlink,,não
52607,,Starlink,,não
52608,,Starlink,,não
52609,,Starlink,,não
52610,,Starlink,,não
52611,,Starlink,,não
52612,,Starlink,,não
52614,,Starlink,,não
52615,,Starlink,,não
52617,,Starlink,,não
52618,,Starlink,,não
52619,,Starlink,,não
52620,,Starlink,,não
52621,,Starlink,,não
52622,,Starlink,,não
52623,,Starlink,,não
52624,,Starlink,,não
52625,,Starlink,,não
52626,,Starlink,,não
52627,,Starlink,,não
52628,,Starlink,,não
52629,,Starlink,,não
52630,,Starlink,,não
52631,,Starlink,,não
52632,,Starlink,,não
52633,,Starlink,,não
52634,,Starlink,,não
52635,,Starlink,,não
52636,,Starlink,,não
52637,,Starlink,,não
52638,,Starlink,,não
52639,,Starlink,,não
52640,,Starlink,,não
52641,,Starlink,,não
52642,,Starlink,,não
52643,,Starlink,,não
52644,,Starlink,,não
52645,,Starlink,,não
52646,,Starlink,,não
52648,,Starlink,,não
52649,,Starlink,,não
52650,,Starlink,,não
52656,,Starlink,,não
52657,,Starlink,,não
52658,,Starlink,,não
52659,,Starlink,,não
52660,,Starlink,,não
52662,,Starlink,,não
52663,,Starlink,,não
52664,,Starlink,,não
52665,,Starlink,,não
52666,,Starlink,,não
52667,,Starlink,,não
52668,,Starlink,,não
52669,,Starlink,,não
52670,,Starlink,,não
52671,,Starlink,,não
52672,,Starlink,,não
52673,,Starlink,,não
52674,,Starlink,,não
52675,,Starlink,,não
52676,,Starlink,,não
52678,,Starlink,,não
52679,,Starlink,,não
52680,,Starlink,,não
52681,,Starlink,,não
52682,,Starlink,,não
52684,,Starlink,,não
52685,,Starlink,,não
52686,,Starlink,,não
52687,,Starlink,,não
52688,,Starlink,,não
52690,,Starlink,,não
52692,,Starlink,,não
52693,,Starlink,,não
52694,,Starlink,,não
52695,,Starlink,,não
52697,,Starlink,,não
52698,,Starlink,,não
52699,,Starlink,,não
52700,,Starlink,,não
52702,,Starlink,,não
52703,,Starlink,,não
52704,,Starlink,,não
52705,,Starlink,,não
52706,,Starlink,,não
52707,,Starlink,,não
52708,,Starlink,,não
52761,,Amateur radio,,não
52763,,Amateur radio,,não
52771,,Amateur radio,,não
52817,,Geostationary,,não
52830,,Starlink,,não
52831,,Starlink,,não
52832,,Starlink,,não
52833,,Starlink,,não
52834,,Starlink,,não
52835,,Starlink,,não
52836,,Starlink,,não
52837,,Starlink,,não
52838,,Starlink,,não
52839,,Starlink,,não
52840,,Starlink,,não
52841,,Starlink,,não
52842,,Starlink,,não
52843,,Starlink,,não
52844,,Starlink,,não
52845,,Starlink,,não
52846,,Starlink,,não
52847,,Starlink,,não
52848,,Starlink,,não
52849,,Starlink,,não
52850,,Starlink,,não
52851,,Starlink,,não
52852,,Starlink,,não
52854,,Starlink,,não
52855,,Starlink,,não
52856,,Starlink,,não
52857,,Starlink,,não
52858,,Starlink,,não
52859,,Starlink,,não
52860,,Starlink,,não
52861,,Starlink,,não
52862,,Starlink,,não
52863,,Starlink,,não
52864,,Starlink,,não
52865,,Starlink,,não
52866,,Starlink,,não
52867,,Starlink,,não
52868,,Starlink,,não
52869,,Starlink,,não
52871,,Starlink,,não
52872,,Starlink,,não
52873,,Starlink,,não
52875,,Starlink,,não
52876,,Starlink,,não
52877,,Starlink,,não
52878,,Starlink,,não
52879,,Starlink,,não
52880,,Starlink,,não
52882,,Starlink,,não
52887,SARah-1,Brightest,A — sensoriamento remoto,sim
52888,,Globalstar,,não
52897,STEP Cube Lab 2,Amateur radio,A — sensoriamento remoto,sim
52898,RANDEV,Amateur radio,A — sensoriamento remoto,sim
52899,,Amateur radio,,não
52900,,Amateur radio,,não
52903,,Geostationary,,não
52904,,Geostationary,,não
52984,,Glonass Operational,,não
52986,,Starlink,,não
52987,,Starlink,,não
52988,,Starlink,,não
52989,,Starlink,,não
52990,,Starlink,,não
52991,,Starlink,,não
52992,,Starlink,,não
52994,,Starlink,,não
52995,,Starlink,,não
52996,,Starlink,,não
52998,,Starlink,,não
52999,,Starlink,,não
53000,,Starlink,,não
53001,,Starlink,,não
53002,,Starlink,,não
53003,,Starlink,,não
53004,,Starlink,,não
53005,,Starlink,,não
53006,,Starlink,,não
53007,,Starlink,,não
53008,,Starlink,,não
53009,,Starlink,,não
53010,,Starlink,,não
53011,,Starlink,,não
53012,,Starlink,,não
53013,,Starlink,,não
53014,,Starlink,,não
53015,,Starlink,,não
53016,,Starlink,,não
53017,,Starlink,,não
53018,,Starlink,,não
53019,,Starlink,,não
53020,,Starlink,,não
53022,,Starlink,,não
53023,,Starlink,,não
53024,,Starlink,,não
53025,,Starlink,,não
53026,,Starlink,,não
53027,,Starlink,,não
53029,,Starlink,,não
53030,,Starlink,,não
53031,,Starlink,,não
53032,,Starlink,,não
53033,,Starlink,,não
53034,,Starlink,,não
53035,,Starlink,,não
53036,,Starlink,,não
53037,,Starlink,,não
53038,,Starlink,,não
53043,,Starlink,,não
53045,,Starlink,,não
53046,,Starlink,,não
53047,,Starlink,,não
53048,,Starlink,,não
53049,,Starlink,,não
53050,,Starlink,,não
53051,,Starlink,,não
53052,,Starlink,,não
53053,,Starlink,,não
53054,,Starlink,,não
53055,,Starlink,,não
53056,,Starlink,,não
53057,,Starlink,,não
53058,,Starlink,,não
53059,,Starlink,,não
53060,,Starlink,,não
53061,,Starlink,,não
53062,,Starlink,,não
53063,,Starlink,,não
53064,,Starlink,,não
53065,,Starlink,,não
53066,,Starlink,,não
53068,,Starlink,,não
53069,,Starlink,,não
53070,,Starlink,,não
53071,,Starlink,,não
53072,,Starlink,,não
53073,,Starlink,,não
53075,,Starlink,,não
53076,,Starlink,,não
53078,,Starlink,,não
53079,,Starlink,,não
53080,,Starlink,,não
53081,,Starlink,,não
53082,,Starlink,,não
53083,,Starlink,,não
53084,,Starlink,,não
53085,,Starlink,,não
53086,,Starlink,,não
53088,,Starlink,,não
53106,,Amateur radio,,não
53107,,Amateur radio,,não
53108,,Amateur radio,,não
53109,,Amateur radio,,não
53110,,Amateur radio,,não
53111,,Amateur radio,,não
53134,,Starlink,,não
53135,,Starlink,,não
53136,,Starlink,,não
53137,,Starlink,,não
53138,,Starlink,,não
53139,,Starlink,,não
53140,,Starlink,,não
53141,,Starlink,,não
53142,,Starlink,,não
53143,,Starlink,,não
53144,,Starlink,,não
53145,,Starlink,,não
53147,,Starlink,,não
53149,,Starlink,,não
53151,,Starlink,,não
53152,,Starlink,,não
53153,,Starlink,,não
53154,,Starlink,,não
53155,,Starlink,,não
53156,,Starlink,,não
53158,,Starlink,,não
53159,,Starlink,,não
53160,,Starlink,,não
53161,,Starlink,,não
53162,,Starlink,,não
53163,,Starlink,,não
53164,,Starlink,,não
53165,,Starlink,,não
53166,,Starlink,,não
53167,,Starlink,,não
53168,,Starlink,,não
53169,,Starlink,,não
53170,,Starlink,,não
53171,,Starlink,,não
53172,,Starlink,,não
53173,,Starlink,,não
53174,,Starlink,,não
53175,,Starlink,,não
53176,,Starlink,,não
53177,,Starlink,,não
53178,,Starlink,,não
53179,,Starlink,,não
53180,,Starlink,,não
53182,,Starlink,,não
53183,,Starlink,,não
53184,,Starlink,,não
53189,,Starlink,,não
53190,,Starlink,,não
53191,,Starlink,,não
53192,,Starlink,,não
53193,,Starlink,,não
53194,,Starlink,,não
53197,,Starlink,,não
53198,,Starlink,,não
53199,,Starlink,,não
53200,,Starlink,,não
53201,,Starlink,,não
53202,,Starlink,,não
53203,,Starlink,,não
53204,,Starlink,,não
53205,,Starlink,,não
53206,,Starlink,,não
53207,,Starlink,,não
53208,,Starlink,,não
53209,,Starlink,,não
53210,,Starlink,,não
53212,,Starlink,,não
53213,,Starlink,,não
53214,,Starlink,,não
53215,,Starlink,,não
53216,,Starlink,,não
53218,,Starlink,,não
53219,,Starlink,,não
53220,,Starlink,,não
53221,,Starlink,,não
53224,,Starlink,,não
53225,,Starlink,,não
53226,,Starlink,,não
53227,,Starlink,,não
53228,,Starlink,,não
53229,,Starlink,,não
53230,,Starlink,,não
53231,,Starlink,,não
53232,,Starlink,,não
53233,,Starlink,,não
53234,,Starlink,,não
53239,,Amateur radio,,não
53242,,Starlink,,não
53243,,Starlink,,não
53244,,Starlink,,não
53246,,Starlink,,não
53247,,Starlink,,não
53248,,Starlink,,não
53249,,Starlink,,não
53250,,Starlink,,não
53251,,Starlink,,não
53252,,Starlink,,não
53253,,Starlink,,não
53254,,Starlink,,não
53255,,Starlink,,não
53256,,Starlink,,não
53257,,Starlink,,não
53258,,Starlink,,não
53259,,Starlink,,não
53261,,Starlink,,não
53262,,Starlink,,não
53263,,Starlink,,não
53264,,Starlink,,não
53265,,Starlink,,não
53266,,Starlink,,não
53267,,Starlink,,não
53268,,Starlink,,não
53272,,Starlink,,não
53273,,Starlink,,não
53274,,Starlink,,não
53275,,Starlink,,não
53276,,Starlink,,não
53277,,Starlink,,não
53278,,Starlink,,não
53280,,Starlink,,não
53282,,Starlink,,não
53283,,Starlink,,não
53285,,Starlink,,não
53286,,Starlink,,não
53287,,Starlink,,não
53288,,Starlink,,não
53289,,Starlink,,não
53290,,Starlink,,não
53291,,Starlink,,não
53292,,Starlink,,não
53293,,Starlink,,não
53294,,Starlink,,não
53346,,Amateur radio,,não
53370,Khayyam,Amateur radio,A — sensoriamento remoto,sim
53388,,Starlink,,não
53389,,Starlink,,não
53390,,Starlink,,não
53391,,Starlink,,não
53392,,Starlink,,não
53393,,Starlink,,não
53394,,Starlink,,não
53395,,Starlink,,não
53396,,Starlink,,não
53397,,Starlink,,não
53398,,Starlink,,não
53399,,Starlink,,não
53400,,Starlink,,não
53401,,Starlink,,não
53402,,Starlink,,não
53403,,Starlink,,não
53404,,Starlink,,não
53405,,Starlink,,não
53406,,Starlink,,não
53408,,Starlink,,não
53409,,Starlink,,não
53410,,Starlink,,não
53411,,Starlink,,não
53412,,Starlink,,não
53413,,Starlink,,não
53414,,Starlink,,não
53415,,Starlink,,não
53416,,Starlink,,não
53417,,Starlink,,não
53418,,Starlink,,não
53419,,Starlink,,não
53420,,Starlink,,não
53421,,Starlink,,não
53422,,Starlink,,não
53423,,Starlink,,não
53424,,Starlink,,não
53425,,Starlink,,não
53426,,Starlink,,não
53429,,Starlink,,não
53430,,Starlink,,não
53431,,Starlink,,não
53432,,Starlink,,não
53433,,Starlink,,não
53435,,Starlink,,não
53436,,Starlink,,não
53438,,Starlink,,não
53439,,Starlink,,não
53465,,Starlink,,não
53466,,Starlink,,não
53467,,Starlink,,não
53468,,Starlink,,não
53469,,Starlink,,não
53470,,Starlink,,não
53471,,Starlink,,não
53472,,Starlink,,não
53473,,Starlink,,não
53474,,Starlink,,não
53475,,Starlink,,não
53476,,Starlink,,não
53478,,Starlink,,não
53479,,Starlink,,não
53480,,Starlink,,não
53481,,Starlink,,não
53482,,Starlink,,não
53484,,Starlink,,não
53485,,Starlink,,não
53486,,Starlink,,não
53487,,Starlink,,não
53488,,Starlink,,não
53489,,Starlink,,não
53490,,Starlink,,não
53491,,Starlink,,não
53492,,Starlink,,não
53494,,Starlink,,não
53495,,Starlink,,não
53497,,Starlink,,não
53498,,Starlink,,não
53499,,Starlink,,não
53501,,Starlink,,não
53502,,Starlink,,não
53504,,Starlink,,não
53505,,Starlink,,não
53508,,Starlink,,não
53509,,Starlink,,não
53528,,Starlink,,não
53529,,Starlink,,não
53530,,Starlink,,não
53531,,Starlink,,não
53532,,Starlink,,não
53533,,Starlink,,não
53535,,Starlink,,não
53536,,Starlink,,não
53537,,Starlink,,não
53539,,Starlink,,não
53540,,Starlink,,não
53541,,Starlink,,não
53542,,Starlink,,não
53543,,Starlink,,não
53544,,Starlink,,não
53545,,Starlink,,não
53546,,Starlink,,não
53547,,Starlink,,não
53548,,Starlink,,não
53551,,Starlink,,não
53552,,Starlink,,não
53553,,Starlink,,não
53554,,Starlink,,não
53555,,Starlink,,não
53556,,Starlink,,não
53557,,Starlink,,não
53558,,Starlink,,não
53560,,Starlink,,não
53561,,Starlink,,não
53562,,Starlink,,não
53563,,Starlink,,não
53564,,Starlink,,não
53565,,Starlink,,não
53566,,Starlink,,não
53567,,Starlink,,não
53568,,Starlink,,não
53569,,Starlink,,não
53570,,Starlink,,não
53571,,Starlink,,não
53572,,Starlink,,não
53574,,Starlink,,não
53575,,Starlink,,não
53576,,Starlink,,não
53577,,Starlink,,não
53578,,Starlink,,não
53579,,Starlink,,não
53588,,Starlink,,não
53589,,Starlink,,não
53590,,Starlink,,não
53591,,Starlink,,não
53592,,Starlink,,não
53595,,Starlink,,não
53598,,Starlink,,não
53600,,Starlink,,não
53601,,Starlink,,não
53602,,Starlink,,não
53603,,Starlink,,não
53604,,Starlink,,não
53606,,Starlink,,não
53607,,Starlink,,não
53608,,Starlink,,não
53609,,Starlink,,não
53610,,Starlink,,não
53612,,Starlink,,não
53613,,Starlink,,não
53616,,Starlink,,não
53619,,Starlink,,não
53620,,Starlink,,não
53621,,Starlink,,não
53622,,Starlink,,não
53623,,Starlink,,não
53624,,Starlink,,não
53626,,Starlink,,não
53627,,Starlink,,não
53628,,Starlink,,não
53629,,Starlink,,não
53630,,Starlink,,não
53631,,Starlink,,não
53632,,Starlink,,não
53633,,Starlink,,não
53634,,Starlink,,não
53636,,Starlink,,não
53637,,Starlink,,não
53638,,Starlink,,não
53639,,Starlink,,não
53640,,Starlink,,não
53641,,Starlink,,não
53700,,Starlink,,não
53701,,Starlink,,não
53702,,Starlink,,não
53703,,Starlink,,não
53704,,Starlink,,não
53705,,Starlink,,não
53706,,Starlink,,não
53707,,Starlink,,não
53708,,Starlink,,não
53709,,Starlink,,não
53711,,Starlink,,não
53712,,Starlink,,não
53715,,Starlink,,não
53716,,Starlink,,não
53718,,Starlink,,não
53719,,Starlink,,não
53720,,Starlink,,não
53721,,Starlink,,não
53722,,Starlink,,não
53723,,Starlink,,não
53724,,Starlink,,não
53726,,Starlink,,não
53727,,Starlink,,não
53728,,Starlink,,não
53729,,Starlink,,não
53730,,Starlink,,não
53731,,Starlink,,não
53732,,Starlink,,não
53733,,Starlink,,não
53734,,Starlink,,não
53735,,Starlink,,não
53736,,Starlink,,não
53738,,Starlink,,não
53740,,Starlink,,não
53742,,Starlink,,não
53743,,Starlink,,não
53744,,Starlink,,não
53745,,Starlink,,não
53746,,Starlink,,não
53750,,Starlink,,não
53765,,Geostationary,,não
53773,,Starlink,,não
53774,,Starlink,,não
53775,,Starlink,,não
53777,,Starlink,,não
53778,,Starlink,,não
53779,,Starlink,,não
53780,,Starlink,,não
53781,,Starlink,,não
53783,,Starlink,,não
53784,,Starlink,,não
53787,,Starlink,,não
53789,,Starlink,,não
53790,,Starlink,,não
53792,,Starlink,,não
53793,,Starlink,,não
53794,,Starlink,,não
53795,,Starlink,,não
53797,,Starlink,,não
53798,,Starlink,,não
53799,,Starlink,,não
53800,,Starlink,,não
53801,,Starlink,,não
53802,,Starlink,,não
53803,,Starlink,,não
53804,,Starlink,,não
53805,,Starlink,,não
53806,,Starlink,,não
53807,,Amateur radio,,não
53819,,Starlink,,não
53820,,Starlink,,não
53823,,Starlink,,não
53824,,Starlink,,não
53825,,Starlink,,não
53826,,Starlink,,não
53827,,Starlink,,não
53828,,Starlink,,não
53829,,Starlink,,não
53830,,Starlink,,não
53831,,Starlink,,não
53832,,Starlink,,não
53833,,Starlink,,não
53834,,Starlink,,não
53835,,Starlink,,não
53836,,Starlink,,não
53837,,Starlink,,não
53838,,Starlink,,não
53839,,Starlink,,não
53840,,Starlink,,não
53841,,Starlink,,não
53842,,Starlink,,não
53843,,Starlink,,não
53844,,Starlink,,não
53845,,Starlink,,não
53846,,Starlink,,não
53847,,Starlink,,não
53848,,Starlink,,não
53849,,Starlink,,não
53850,,Starlink,,não
53851,,Starlink,,não
53852,,Starlink,,não
53853,,Starlink,,não
53854,,Starlink,,não
53855,,Starlink,,não
53856,,Starlink,,não
53857,,Starlink,,não
53859,,Starlink,,não
53860,,Starlink,,não
53861,,Starlink,,não
53863,,Starlink,,não
53864,,Starlink,,não
53866,,Starlink,,não
53867,,Starlink,,não
53868,,Starlink,,não
53869,,Starlink,,não
53870,,Starlink,,não
53871,,Starlink,,não
53883,"Keyhole 11 (NROL 91, Advanced KH-11, Evolved Improved Crystal 19, USA 338)",Brightest,A — sensoriamento remoto,sim
53886,,Starlink,,não
53887,,Starlink,,não
53889,,Starlink,,não
53890,,Starlink,,não
53891,,Starlink,,não
53892,,Starlink,,não
53893,,Starlink,,não
53894,,Starlink,,não
53896,,Starlink,,não
53897,,Starlink,,não
53898,,Starlink,,não
53900,,Starlink,,não
53902,,Starlink,,não
53903,,Starlink,,não
53904,,Starlink,,não
53905,,Starlink,,não
53906,,Starlink,,não
53908,,Starlink,,não
53909,,Starlink,,não
53911,,Starlink,,não
53912,,Starlink,,não
53913,,Starlink,,não
53914,,Starlink,,não
53916,,Starlink,,não
53917,,Starlink,,não
53918,,Starlink,,não
53919,,Starlink,,não
53920,,Starlink,,não
53922,,Starlink,,não
53923,,Starlink,,não
53924,,Starlink,,não
53925,,Starlink,,não
53926,,Starlink,,não
53928,,Starlink,,não
53929,,Starlink,,não
53930,,Starlink,,não
53932,,Starlink,,não
53933,,Starlink,,não
53934,,Starlink,,não
53936,,Starlink,,não
53960,,Geostationary,,não
53961,,Geostationary,,não
53964,,Starlink,,não
53966,,Starlink,,não
53967,,Starlink,,não
53968,,Starlink,,não
53969,,Starlink,,não
53970,,Starlink,,não
53973,,Starlink,,não
53974,,Starlink,,não
53975,,Starlink,,não
53976,,Starlink,,não
53977,,Starlink,,não
53978,,Starlink,,não
53979,,Starlink,,não
53980,,Starlink,,não
53981,,Starlink,,não
53982,,Starlink,,não
53984,,Starlink,,não
53985,,Starlink,,não
53986,,Starlink,,não
53988,,Starlink,,não
53991,,Starlink,,não
53992,,Starlink,,não
53993,,Starlink,,não
53994,,Starlink,,não
53995,,Starlink,,não
53996,,Starlink,,não
53997,,Starlink,,não
53998,,Starlink,,não
53999,,Starlink,,não
54000,,Starlink,,não
54002,,Starlink,,não
54003,,Starlink,,não
54004,,Starlink,,não
54005,,Starlink,,não
54006,,Starlink,,não
54007,,Starlink,,não
54008,,Starlink,,não
54009,,Starlink,,não
54010,,Starlink,,não
54011,,Starlink,,não
54012,,Starlink,,não
54013,,Starlink,,não
54015,,Starlink,,não
54023,,Amateur radio,,não
54026,,Geostationary,,não
54027,,Geostationary,,não
54031,,Glonass Operational,,não
54031,,Glonass Constellation,,não
54048,,Geostationary,,não
54051,,Starlink,,não
54052,,Starlink,,não
54053,,Starlink,,não
54054,,Starlink,,não
54055,,Starlink,,não
54056,,Starlink,,não
54058,,Starlink,,não
54059,,Starlink,,não
54060,,Starlink,,não
54061,,Starlink,,não
54062,,Starlink,,não
54064,,Starlink,,não
54065,,Starlink,,não
54066,,Starlink,,não
54067,,Starlink,,não
54068,,Starlink,,não
54070,,Starlink,,não
54071,,Starlink,,não
54073,,Starlink,,não
54074,,Starlink,,não
54075,,Starlink,,não
54076,,Starlink,,não
54077,,Starlink,,não
54079,,Starlink,,não
54082,,Starlink,,não
54083,,Starlink,,não
54084,,Starlink,,não
54085,,Starlink,,não
54086,,Starlink,,não
54087,,Starlink,,não
54088,,Starlink,,não
54089,,Starlink,,não
54090,,Starlink,,não
54091,,Starlink,,não
54093,,Starlink,,não
54095,,Starlink,,não
54096,,Starlink,,não
54097,,Starlink,,não
54098,,Starlink,,não
54099,,Starlink,,não
54100,,Starlink,,não
54101,,Starlink,,não
54102,,Starlink,,não
54103,,Starlink,,não
54104,,Starlink,,não
54113,,OneWeb,,não
54114,,OneWeb,,não
54115,,OneWeb,,não
54116,,OneWeb,,não
54117,,OneWeb,,não
54118,,OneWeb,,não
54119,,OneWeb,,não
54120,,OneWeb,,não
54121,,OneWeb,,não
54122,,OneWeb,,não
54123,,OneWeb,,não
54124,,OneWeb,,não
54125,,OneWeb,,não
54126,,OneWeb,,não
54127,,OneWeb,,não
54128,,OneWeb,,não
54129,,OneWeb,,não
54130,,OneWeb,,não
54131,,OneWeb,,não
54132,,OneWeb,,não
54133,,OneWeb,,não
54134,,OneWeb,,não
54135,,OneWeb,,não
54136,,OneWeb,,não
54137,,OneWeb,,não
54138,,OneWeb,,não
54139,,OneWeb,,não
54140,,OneWeb,,não
54141,,OneWeb,,não
54142,,OneWeb,,não
54143,,OneWeb,,não
54144,,OneWeb,,não
54145,,OneWeb,,não
54146,,OneWeb,,não
54147,,OneWeb,,não
54148,,OneWeb,,não
54153,,Amateur radio,,não
54157,,Starlink,,não
54158,,Starlink,,não
54159,,Starlink,,não
54160,,Starlink,,não
54161,,Starlink,,não
54162,,Starlink,,não
54163,,Starlink,,não
54164,,Starlink,,não
54165,,Starlink,,não
54166,,Starlink,,não
54167,,Starlink,,não
54168,,Starlink,,não
54169,,Starlink,,não
54170,,Starlink,,não
54172,,Starlink,,não
54173,,Starlink,,não
54174,,Starlink,,não
54175,,Starlink,,não
54176,,Starlink,,não
54177,,Starlink,,não
54178,,Starlink,,não
54179,,Starlink,,não
54181,,Starlink,,não
54182,,Starlink,,não
54183,,Starlink,,não
54184,,Starlink,,não
54185,,Starlink,,não
54187,,Starlink,,não
54188,,Starlink,,não
54190,,Starlink,,não
54191,,Starlink,,não
54192,,Starlink,,não
54193,,Starlink,,não
54194,,Starlink,,não
54195,,Starlink,,não
54196,,Starlink,,não
54198,,Starlink,,não
54199,,Starlink,,não
54200,,Starlink,,não
54201,,Starlink,,não
54202,,Starlink,,não
54203,,Starlink,,não
54204,,Starlink,,não
54205,,Starlink,,não
54206,,Starlink,,não
54207,,Starlink,,não
54208,,Starlink,,não
54209,,Starlink,,não
54216,,Amateur radio,,não
54216,,Chinese Space Station,,não
54225,,Geostationary,,não
54234,,Amateur radio,,não
54234,,Weather,,não
54234,,NOAA,,não
54243,,Geostationary,,não
54244,,Geostationary,,não
54259,,Geostationary,,não
54260,,Geostationary,,não
54377,,Glonass Operational,,não
54377,,Glonass Constellation,,não
54642,,OneWeb,,não
54643,,OneWeb,,não
54644,,OneWeb,,não
54645,,OneWeb,,não
54646,,OneWeb,,não
54647,,OneWeb,,não
54648,,OneWeb,,não
54649,,OneWeb,,não
54650,,OneWeb,,não
54651,,OneWeb,,não
54652,,OneWeb,,não
54653,,OneWeb,,não
54654,,OneWeb,,não
54655,,OneWeb,,não
54656,,OneWeb,,não
54657,,OneWeb,,não
54658,,OneWeb,,não
54659,,OneWeb,,não
54660,,OneWeb,,não
54661,,OneWeb,,não
54662,,OneWeb,,não
54663,,OneWeb,,não
54664,,OneWeb,,não
54665,,OneWeb,,não
54666,,OneWeb,,não
54667,,OneWeb,,não
54668,,OneWeb,,não
54669,,OneWeb,,não
54670,,OneWeb,,não
54671,,OneWeb,,não
54672,,OneWeb,,não
54673,,OneWeb,,não
54674,,OneWeb,,não
54675,,OneWeb,,não
54676,,OneWeb,,não
54677,,OneWeb,,não
54678,,OneWeb,,não
54679,,OneWeb,,não
54680,,OneWeb,,não
54681,,OneWeb,,não
54741,,Geostationary,,não
54741,,Intelsat,,não
54742,,Geostationary,,não
54742,,Intelsat,,não
54743,,Geostationary,,não
54743,,Weather,,não
54754,,Space & Earth Science,,não
54758,,Starlink,,não
54759,,Starlink,,não
54760,,Starlink,,não
54761,,Starlink,,não
54762,,Starlink,,não
54763,,Starlink,,não
54764,,Starlink,,não
54766,,Starlink,,não
54767,,Starlink,,não
54768,,Starlink,,não
54770,,Starlink,,não
54771,,Starlink,,não
54772,,Starlink,,não
54773,,Starlink,,não
54774,,Starlink,,não
54775,,Starlink,,não
54776,,Starlink,,não
54777,,Starlink,,não
54778,,Starlink,,não
54779,,Starlink,,não
54780,,Starlink,,não
54781,,Starlink,,não
54783,,Starlink,,não
54784,,Starlink,,não
54785,,Starlink,,não
54787,,Starlink,,não
54788,,Starlink,,não
54789,,Starlink,,não
54790,,Starlink,,não
54791,,Starlink,,não
54792,,Starlink,,não
54793,,Starlink,,não
54795,,Starlink,,não
54796,,Starlink,,não
54797,,Starlink,,não
54798,,Starlink,,não
54799,,Starlink,,não
54800,,Starlink,,não
54801,,Starlink,,não
54802,,Starlink,,não
54803,,Starlink,,não
54804,,Starlink,,não
54805,,Starlink,,não
54806,,Starlink,,não
54807,,Starlink,,não
54808,,Starlink,,não
54809,,Starlink,,não
54810,,Starlink,,não
54811,,Starlink,,não
54820,,Starlink,,não
54821,,Starlink,,não
54822,,Starlink,,não
54823,,Starlink,,não
54824,,Starlink,,não
54826,,Starlink,,não
54827,,Starlink,,não
54828,,Starlink,,não
54830,,Starlink,,não
54831,,Starlink,,não
54834,,Starlink,,não
54835,,Starlink,,não
54838,,Starlink,,não
54840,,Starlink,,não
54841,,Starlink,,não
54842,,Starlink,,não
54843,,Starlink,,não
54844,,Starlink,,não
54845,,Starlink,,não
54846,,Starlink,,não
54847,,Starlink,,não
54848,,Starlink,,não
54850,,Starlink,,não
54851,,Starlink,,não
54852,,Starlink,,não
54853,,Starlink,,não
54855,,Starlink,,não
54856,,Starlink,,não
54857,,Starlink,,não
54858,,Starlink,,não
54859,,Starlink,,não
54860,,Starlink,,não
54861,,Starlink,,não
54862,,Starlink,,não
54863,,Starlink,,não
54864,,Starlink,,não
54865,,Starlink,,não
54866,,Starlink,,não
54867,,Starlink,,não
54868,,Starlink,,não
54869,,Starlink,,não
54870,,Starlink,,não
54871,,Starlink,,não
54873,,Starlink,,não
55009,,Amateur radio,,não
55010,Menut,Amateur radio,A — sensoriamento remoto,sim
55011,BRO-8,Amateur radio,A — sensoriamento remoto; C — sinais cooperativos (AIS/ADS-B/RF),sim
55012,Connecta T1-2,Amateur radio,B — coleta de plataformas (DCS/IoT),sim
55051,,Amateur radio,,não
55053,EOS Sat-1 (EOS Agrisat-1),Amateur radio,A — sensoriamento remoto,sim
55060,,Amateur radio,,não
55076,,Amateur radio,,não
55103,,Amateur radio,,não
55104,,Amateur radio,,não
55109,,Amateur radio,,não
55110,,Amateur radio,,não
55111,,Amateur radio,,não
55112,,Amateur radio,,não
55140,,OneWeb,,não
55141,,OneWeb,,não
55142,,OneWeb,,não
55143,,OneWeb,,não
55144,,OneWeb,,não
55145,,OneWeb,,não
55146,,OneWeb,,não
55147,,OneWeb,,não
55148,,OneWeb,,não
55149,,OneWeb,,não
55150,,OneWeb,,não
55151,,OneWeb,,não
55152,,OneWeb,,não
55153,,OneWeb,,não
55154,,OneWeb,,não
55155,,OneWeb,,não
55156,,OneWeb,,não
55157,,OneWeb,,não
55158,,OneWeb,,não
55159,,OneWeb,,não
55160,,OneWeb,,não
55161,,OneWeb,,não
55162,,OneWeb,,não
55163,,OneWeb,,não
55164,,OneWeb,,não
55165,,OneWeb,,não
55166,,OneWeb,,não
55167,,OneWeb,,não
55168,,OneWeb,,não
55169,,OneWeb,,não
55170,,OneWeb,,não
55171,,OneWeb,,não
55172,,OneWeb,,não
55173,,OneWeb,,não
55174,,OneWeb,,não
55175,,OneWeb,,não
55176,,OneWeb,,não
55177,,OneWeb,,não
55178,,OneWeb,,não
55179,,OneWeb,,não
55268,,GPS Operational,,não
55268,,Global Positioning System (GPS) Constellation,,não
55269,,Starlink,,não
55271,,Starlink,,não
55272,,Starlink,,não
55273,,Starlink,,não
55274,,Starlink,,não
55275,,Starlink,,não
55276,,Starlink,,não
55277,,Starlink,,não
55278,,Starlink,,não
55280,,Starlink,,não
55281,,Starlink,,não
55282,,Starlink,,não
55283,,Starlink,,não
55284,,Starlink,,não
55285,,Starlink,,não
55286,,Starlink,,não
55287,,Starlink,,não
55288,,Starlink,,não
55289,,Starlink,,não
55290,,Starlink,,não
55291,,Starlink,,não
55292,,Starlink,,não
55293,,Starlink,,não
55294,,Starlink,,não
55295,,Starlink,,não
55296,,Starlink,,não
55297,,Starlink,,não
55299,,Starlink,,não
55300,,Starlink,,não
55302,,Starlink,,não
55303,,Starlink,,não
55304,,Starlink,,não
55305,,Starlink,,não
55306,,Starlink,,não
55307,,Starlink,,não
55309,,Starlink,,não
55310,,Starlink,,não
55311,,Starlink,,não
55312,,Starlink,,não
55313,,Starlink,,não
55314,,Starlink,,não
55315,,Starlink,,não
55316,,Starlink,,não
55317,,Starlink,,não
55318,,Starlink,,não
55319,,Starlink,,não
55329,IGS Radar 7 (Information Gathering Satellite),Brightest,A — sensoriamento remoto,sim
55331,,Starlink,,não
55332,,Starlink,,não
55333,,Starlink,,não
55334,,Starlink,,não
55335,,Starlink,,não
55336,,Starlink,,não
55337,,Starlink,,não
55338,,Starlink,,não
55339,,Starlink,,não
55340,,Starlink,,não
55341,,Starlink,,não
55342,,Starlink,,não
55343,,Starlink,,não
55345,,Starlink,,não
55346,,Starlink,,não
55347,,Starlink,,não
55348,,Starlink,,não
55349,,Starlink,,não
55350,,Starlink,,não
55351,,Starlink,,não
55352,,Starlink,,não
55353,,Starlink,,não
55354,,Starlink,,não
55355,,Starlink,,não
55357,,Starlink,,não
55358,,Starlink,,não
55359,,Starlink,,não
55360,,Starlink,,não
55361,,Starlink,,não
55362,,Starlink,,não
55364,,Starlink,,não
55365,,Starlink,,não
55366,,Starlink,,não
55367,,Starlink,,não
55368,,Starlink,,não
55369,,Starlink,,não
55370,,Starlink,,não
55371,,Starlink,,não
55372,,Starlink,,não
55373,,Starlink,,não
55374,,Starlink,,não
55375,,Starlink,,não
55376,,Starlink,,não
55377,,Starlink,,não
55378,,Starlink,,não
55379,,Starlink,,não
55380,,Starlink,,não
55381,,Starlink,,não
55382,,Starlink,,não
55383,,Starlink,,não
55384,,Starlink,,não
55385,,Starlink,,não
55386,,Starlink,,não
55392,,Starlink,,não
55393,,Starlink,,não
55395,,Starlink,,não
55396,,Starlink,,não
55397,,Starlink,,não
55398,,Starlink,,não
55399,,Starlink,,não
55400,,Starlink,,não
55401,,Starlink,,não
55402,,Starlink,,não
55403,,Starlink,,não
55404,,Starlink,,não
55405,,Starlink,,não
55406,,Starlink,,não
55407,,Starlink,,não
55410,,Starlink,,não
55411,,Starlink,,não
55413,,Starlink,,não
55414,,Starlink,,não
55416,,Starlink,,não
55418,,Starlink,,não
55419,,Starlink,,não
55420,,Starlink,,não
55421,,Starlink,,não
55422,,Starlink,,não
55423,,Starlink,,não
55425,,Starlink,,não
55426,,Starlink,,não
55428,,Starlink,,não
55429,,Starlink,,não
55430,,Starlink,,não
55431,,Starlink,,não
55432,,Starlink,,não
55433,,Starlink,,não
55434,,Starlink,,não
55435,,Starlink,,não
55436,,Starlink,,não
55438,,Starlink,,não
55439,,Starlink,,não
55449,,Starlink,,não
55450,,Starlink,,não
55451,,Starlink,,não
55452,,Starlink,,não
55453,,Starlink,,não
55454,,Starlink,,não
55455,,Starlink,,não
55456,,Starlink,,não
55457,,Starlink,,não
55458,,Starlink,,não
55459,,Starlink,,não
55460,,Starlink,,não
55461,,Starlink,,não
55462,,Starlink,,não
55463,,Starlink,,não
55464,,Starlink,,não
55465,,Starlink,,não
55466,,Starlink,,não
55467,,Starlink,,não
55468,,Starlink,,não
55469,,Starlink,,não
55470,,Starlink,,não
55471,,Starlink,,não
55472,,Starlink,,não
55474,,Starlink,,não
55475,,Starlink,,não
55477,,Starlink,,não
55478,,Starlink,,não
55479,,Starlink,,não
55480,,Starlink,,não
55481,,Starlink,,não
55483,,Starlink,,não
55484,,Starlink,,não
55485,,Starlink,,não
55486,,Starlink,,não
55487,,Starlink,,não
55488,,Starlink,,não
55489,,Starlink,,não
55490,,Starlink,,não
55491,,Starlink,,não
55492,,Starlink,,não
55493,,Starlink,,não
55494,,Starlink,,não
55495,,Starlink,,não
55497,,Starlink,,não
55498,,Starlink,,não
55499,,Starlink,,não
55500,,Starlink,,não
55501,,Starlink,,não
55506,Electro-L4,Amateur radio,A — sensoriamento remoto,sim
55569,,Starlink,,não
55570,,Starlink,,não
55571,,Starlink,,não
55572,,Starlink,,não
55573,,Starlink,,não
55574,,Starlink,,não
55575,,Starlink,,não
55576,,Starlink,,não
55577,,Starlink,,não
55579,,Starlink,,não
55580,,Starlink,,não
55581,,Starlink,,não
55582,,Starlink,,não
55583,,Starlink,,não
55584,,Starlink,,não
55585,,Starlink,,não
55586,,Starlink,,não
55587,,Starlink,,não
55588,,Starlink,,não
55589,,Starlink,,não
55590,,Starlink,,não
55591,,Starlink,,não
55592,,Starlink,,não
55593,,Starlink,,não
55594,,Starlink,,não
55596,,Starlink,,não
55597,,Starlink,,não
55598,,Starlink,,não
55599,,Starlink,,não
55600,,Starlink,,não
55601,,Starlink,,não
55602,,Starlink,,não
55603,,Starlink,,não
55604,,Starlink,,não
55605,,Starlink,,não
55607,,Starlink,,não
55608,,Starlink,,não
55609,,Starlink,,não
55610,,Starlink,,não
55611,,Starlink,,não
55612,,Starlink,,não
55614,,Starlink,,não
55615,,Starlink,,não
55616,,Starlink,,não
55617,,Starlink,,não
55618,,Starlink,,não
55619,,Starlink,,não
55620,,Starlink,,não
55621,,Starlink,,não
55622,,Starlink,,não
55623,,Starlink,,não
55628,,Starlink,,não
55629,,Starlink,,não
55630,,Starlink,,não
55631,,Starlink,,não
55632,,Starlink,,não
55633,,Starlink,,não
55634,,Starlink,,não
55635,,Starlink,,não
55636,,Starlink,,não
55637,,Starlink,,não
55638,,Starlink,,não
55639,,Starlink,,não
55640,,Starlink,,não
55641,,Starlink,,não
55643,,Starlink,,não
55644,,Starlink,,não
55647,,Starlink,,não
55648,,Starlink,,não
55649,,Starlink,,não
55650,,Starlink,,não
55651,,Starlink,,não
55652,,Starlink,,não
55653,,Starlink,,não
55654,,Starlink,,não
55655,,Starlink,,não
55657,,Starlink,,não
55658,,Starlink,,não
55659,,Starlink,,não
55660,,Starlink,,não
55661,,Starlink,,não
55662,,Starlink,,não
55663,,Starlink,,não
55664,,Starlink,,não
55665,,Starlink,,não
55667,,Starlink,,não
55668,,Starlink,,não
55669,,Starlink,,não
55670,,Starlink,,não
55671,,Starlink,,não
55673,,Starlink,,não
55674,,Starlink,,não
55675,,Starlink,,não
55676,,Starlink,,não
55677,,Starlink,,não
55686,,Geostationary,,não
55741,,Starlink,,não
55742,,Starlink,,não
55743,,Starlink,,não
55744,,Starlink,,não
55746,,Starlink,,não
55747,,Starlink,,não
55748,,Starlink,,não
55750,,Starlink,,não
55751,,Starlink,,não
55752,,Starlink,,não
55753,,Starlink,,não
55754,,Starlink,,não
55756,,Starlink,,não
55757,,Starlink,,não
55758,,Starlink,,não
55760,,Starlink,,não
55761,,Starlink,,não
55762,,Starlink,,não
55763,,Starlink,,não
55764,,Starlink,,não
55765,,Starlink,,não
55766,,Starlink,,não
55767,,Starlink,,não
55769,,Starlink,,não
55770,,Starlink,,não
55771,,Starlink,,não
55772,,Starlink,,não
55773,,Starlink,,não
55774,,Starlink,,não
55775,,Starlink,,não
55777,,Starlink,,não
55778,,Starlink,,não
55779,,Starlink,,não
55780,,Starlink,,não
55781,,Starlink,,não
55782,,Starlink,,não
55783,,Starlink,,não
55784,,Starlink,,não
55785,,Starlink,,não
55786,,Starlink,,não
55787,,Starlink,,não
55788,,Starlink,,não
55789,,Starlink,,não
55790,,Starlink,,não
55791,,Starlink,,não
55796,,OneWeb,,não
55797,,OneWeb,,não
55798,,OneWeb,,não
55799,,OneWeb,,não
55800,,OneWeb,,não
55801,,OneWeb,,não
55802,,OneWeb,,não
55803,,OneWeb,,não
55804,,OneWeb,,não
55805,,OneWeb,,não
55806,,OneWeb,,não
55807,,OneWeb,,não
55808,,OneWeb,,não
55809,,OneWeb,,não
55810,,OneWeb,,não
55811,,OneWeb,,não
55812,,OneWeb,,não
55813,,OneWeb,,não
55814,,OneWeb,,não
55815,,OneWeb,,não
55816,,OneWeb,,não
55817,,OneWeb,,não
55818,,OneWeb,,não
55819,,OneWeb,,não
55820,,OneWeb,,não
55821,,OneWeb,,não
55822,,OneWeb,,não
55823,,OneWeb,,não
55824,,OneWeb,,não
55825,,OneWeb,,não
55826,,OneWeb,,não
55827,,OneWeb,,não
55828,,OneWeb,,não
55829,,OneWeb,,não
55830,,OneWeb,,não
55831,,OneWeb,,não
55832,,OneWeb,,não
55833,,OneWeb,,não
55834,,OneWeb,,não
55835,,OneWeb,,não
55841,,Geostationary,,não
55914,,Starlink,,não
55915,,Starlink,,não
55916,,Starlink,,não
55918,,Starlink,,não
55919,,Starlink,,não
55920,,Starlink,,não
55921,,Starlink,,não
55922,,Starlink,,não
55923,,Starlink,,não
55924,,Starlink,,não
55925,,Starlink,,não
55926,,Starlink,,não
55927,,Starlink,,não
55928,,Starlink,,não
55930,,Starlink,,não
55931,,Starlink,,não
55932,,Starlink,,não
55933,,Starlink,,não
55934,,Starlink,,não
55935,,Starlink,,não
55936,,Starlink,,não
55937,,Starlink,,não
55938,,Starlink,,não
55939,,Starlink,,não
55940,,Starlink,,não
55941,,Starlink,,não
55942,,Starlink,,não
55943,,Starlink,,não
55944,,Starlink,,não
55945,,Starlink,,não
55946,,Starlink,,não
55948,,Starlink,,não
55949,,Starlink,,não
55950,,Starlink,,não
55951,,Starlink,,não
55952,,Starlink,,não
55954,,Starlink,,não
55955,,Starlink,,não
55956,,Starlink,,não
55957,,Starlink,,não
55958,,Starlink,,não
55959,,Starlink,,não
55960,,Starlink,,não
55961,,Starlink,,não
55962,,Starlink,,não
55963,,Starlink,,não
55964,,Starlink,,não
55965,,Starlink,,não
55970,,Geostationary,,não
55971,,Geostationary,,não
55986,,Starlink,,não
55987,,Starlink,,não
55988,,Starlink,,não
55989,,Starlink,,não
55990,,Starlink,,não
55991,,Starlink,,não
55993,,Starlink,,não
55994,,Starlink,,não
55996,,Starlink,,não
55998,,Starlink,,não
55999,,Starlink,,não
56000,,Starlink,,não
56001,,Starlink,,não
56002,,Starlink,,não
56003,,Starlink,,não
56004,,Starlink,,não
56005,,Starlink,,não
56006,,Starlink,,não
56007,,Starlink,,não
56008,,Starlink,,não
56009,,Starlink,,não
56010,,Starlink,,não
56011,,Starlink,,não
56012,,Starlink,,não
56013,,Starlink,,não
56014,,Starlink,,não
56015,,Starlink,,não
56016,,Starlink,,não
56017,,Starlink,,não
56018,,Starlink,,não
56019,,Starlink,,não
56020,,Starlink,,não
56021,,Starlink,,não
56022,,Starlink,,não
56023,,Starlink,,não
56024,,Starlink,,não
56025,,Starlink,,não
56026,,Starlink,,não
56027,,Starlink,,não
56028,,Starlink,,não
56029,,Starlink,,não
56030,,Starlink,,não
56031,,Starlink,,não
56032,,Starlink,,não
56034,,Starlink,,não
56035,,Starlink,,não
56036,,Starlink,,não
56037,,Starlink,,não
56038,,Starlink,,não
56039,,Starlink,,não
56040,,Starlink,,não
56041,,Starlink,,não
56046,,OneWeb,,não
56047,,OneWeb,,não
56048,,OneWeb,,não
56049,,OneWeb,,não
56050,,OneWeb,,não
56051,,OneWeb,,não
56052,,OneWeb,,não
56053,,OneWeb,,não
56054,,OneWeb,,não
56055,,OneWeb,,não
56056,,OneWeb,,não
56057,,OneWeb,,não
56058,,OneWeb,,não
56059,,OneWeb,,não
56060,,OneWeb,,não
56061,,OneWeb,,não
56062,,OneWeb,,não
56063,,OneWeb,,não
56064,,OneWeb,,não
56065,,OneWeb,,não
56066,,OneWeb,,não
56067,,OneWeb,,não
56068,,OneWeb,,não
56069,,OneWeb,,não
56070,,OneWeb,,não
56071,,OneWeb,,não
56072,,OneWeb,,não
56073,,OneWeb,,não
56074,,OneWeb,,não
56075,,OneWeb,,não
56076,,OneWeb,,não
56077,,OneWeb,,não
56078,,OneWeb,,não
56079,,OneWeb,,não
56080,,OneWeb,,não
56081,,OneWeb,,não
56094,,Starlink,,não
56095,,Starlink,,não
56096,,Starlink,,não
56097,,Starlink,,não
56098,,Starlink,,não
56100,,Starlink,,não
56101,,Starlink,,não
56102,,Starlink,,não
56103,,Starlink,,não
56104,,Starlink,,não
56105,,Starlink,,não
56107,,Starlink,,não
56108,,Starlink,,não
56109,,Starlink,,não
56110,,Starlink,,não
56111,,Starlink,,não
56112,,Starlink,,não
56113,,Starlink,,não
56115,,Starlink,,não
56116,,Starlink,,não
56117,,Starlink,,não
56119,,Starlink,,não
56120,,Starlink,,não
56121,,Starlink,,não
56122,,Starlink,,não
56123,,Starlink,,não
56124,,Starlink,,não
56125,,Starlink,,não
56126,,Starlink,,não
56127,,Starlink,,não
56128,,Starlink,,não
56129,,Starlink,,não
56130,,Starlink,,não
56131,,Starlink,,não
56132,,Starlink,,não
56133,,Starlink,,não
56134,,Starlink,,não
56136,,Starlink,,não
56137,,Starlink,,não
56138,,Starlink,,não
56140,,Starlink,,não
56141,,Starlink,,não
56142,,Starlink,,não
56143,,Starlink,,não
56144,,Starlink,,não
56146,,Starlink,,não
56148,,Starlink,,não
56174,,Geostationary,,não
56192,,Amateur radio,,não
56209,GHGSat-C7 (Gaspard),Amateur radio,A — sensoriamento remoto,sim
56287,,Starlink,,não
56288,,Starlink,,não
56289,,Starlink,,não
56290,,Starlink,,não
56291,,Starlink,,não
56292,,Starlink,,não
56294,,Starlink,,não
56295,,Starlink,,não
56296,,Starlink,,não
56297,,Starlink,,não
56298,,Starlink,,não
56299,,Starlink,,não
56300,,Starlink,,não
56301,,Starlink,,não
56302,,Starlink,,não
56304,,Starlink,,não
56305,,Starlink,,não
56306,,Starlink,,não
56317,,Starlink,,não
56318,,Starlink,,não
56319,,Starlink,,não
56320,,Starlink,,não
56321,,Starlink,,não
56322,,Starlink,,não
56323,,Starlink,,não
56324,,Starlink,,não
56325,,Starlink,,não
56326,,Starlink,,não
56327,,Starlink,,não
56328,,Starlink,,não
56329,,Starlink,,não
56331,,Starlink,,não
56332,,Starlink,,não
56333,,Starlink,,não
56334,,Starlink,,não
56335,,Starlink,,não
56336,,Starlink,,não
56337,,Starlink,,não
56338,,Starlink,,não
56339,,Starlink,,não
56340,,Starlink,,não
56341,,Starlink,,não
56342,,Starlink,,não
56343,,Starlink,,não
56344,,Starlink,,não
56345,,Starlink,,não
56346,,Starlink,,não
56347,,Starlink,,não
56348,,Starlink,,não
56349,,Starlink,,não
56350,,Starlink,,não
56351,,Starlink,,não
56352,,Starlink,,não
56353,,Starlink,,não
56354,,Starlink,,não
56356,,Starlink,,não
56357,,Starlink,,não
56358,,Starlink,,não
56359,,Starlink,,não
56360,,Starlink,,não
56361,,Starlink,,não
56362,,Starlink,,não
56374,,Starlink,,não
56375,,Starlink,,não
56376,,Starlink,,não
56377,,Starlink,,não
56378,,Starlink,,não
56379,,Starlink,,não
56381,,Starlink,,não
56382,,Starlink,,não
56383,,Starlink,,não
56384,,Starlink,,não
56385,,Starlink,,não
56386,,Starlink,,não
56387,,Starlink,,não
56388,,Starlink,,não
56389,,Starlink,,não
56391,,Starlink,,não
56392,,Starlink,,não
56393,,Starlink,,não
56394,,Starlink,,não
56395,,Starlink,,não
56396,,Starlink,,não
56397,,Starlink,,não
56398,,Starlink,,não
56399,,Starlink,,não
56400,,Starlink,,não
56404,,Starlink,,não
56405,,Starlink,,não
56406,,Starlink,,não
56407,,Starlink,,não
56408,,Starlink,,não
56409,,Starlink,,não
56410,,Starlink,,não
56411,,Starlink,,não
56412,,Starlink,,não
56413,,Starlink,,não
56414,,Starlink,,não
56416,,Starlink,,não
56417,,Starlink,,não
56418,,Starlink,,não
56419,,Starlink,,não
56420,,Starlink,,não
56421,,Starlink,,não
56422,,Starlink,,não
56423,,Starlink,,não
56424,,Starlink,,não
56425,,Starlink,,não
56426,,Starlink,,não
56427,,Starlink,,não
56428,,Starlink,,não
56429,,Starlink,,não
56448,,Starlink,,não
56449,,Starlink,,não
56450,,Starlink,,não
56451,,Starlink,,não
56452,,Starlink,,não
56453,,Starlink,,não
56454,,Starlink,,não
56455,,Starlink,,não
56456,,Starlink,,não
56457,,Starlink,,não
56458,,Starlink,,não
56459,,Starlink,,não
56460,,Starlink,,não
56461,,Starlink,,não
56462,,Starlink,,não
56463,,Starlink,,não
56464,,Starlink,,não
56465,,Starlink,,não
56466,,Starlink,,não
56467,,Starlink,,não
56468,,Starlink,,não
56469,,Starlink,,não
56470,,Starlink,,não
56471,,Starlink,,não
56472,,Starlink,,não
56474,,Starlink,,não
56475,,Starlink,,não
56476,,Starlink,,não
56477,,Starlink,,não
56478,,Starlink,,não
56479,,Starlink,,não
56480,,Starlink,,não
56481,,Starlink,,não
56482,,Starlink,,não
56483,,Starlink,,não
56484,,Starlink,,não
56485,,Starlink,,não
56487,,Starlink,,não
56488,,Starlink,,não
56489,,Starlink,,não
56490,,Starlink,,não
56491,,Starlink,,não
56492,,Starlink,,não
56493,,Starlink,,não
56494,,Starlink,,não
56495,,Starlink,,não
56496,,Starlink,,não
56497,,Starlink,,não
56498,,Starlink,,não
56503,,Starlink,,não
56504,,Starlink,,não
56505,,Starlink,,não
56506,,Starlink,,não
56507,,Starlink,,não
56508,,Starlink,,não
56509,,Starlink,,não
56510,,Starlink,,não
56511,,Starlink,,não
56512,,Starlink,,não
56513,,Starlink,,não
56515,,Starlink,,não
56516,,Starlink,,não
56517,,Starlink,,não
56518,,Starlink,,não
56519,,Starlink,,não
56520,,Starlink,,não
56521,,Starlink,,não
56522,,Starlink,,não
56523,,Starlink,,não
56524,,Starlink,,não
56525,,Starlink,,não
56526,,Starlink,,não
56527,,Starlink,,não
56528,,Starlink,,não
56529,,Starlink,,não
56530,,Starlink,,não
56531,,Starlink,,não
56532,,Starlink,,não
56533,,Starlink,,não
56534,,Starlink,,não
56535,,Starlink,,não
56536,,Starlink,,não
56537,,Starlink,,não
56538,,Starlink,,não
56539,,Starlink,,não
56540,,Starlink,,não
56541,,Starlink,,não
56542,,Starlink,,não
56544,,Starlink,,não
56545,,Starlink,,não
56546,,Starlink,,não
56547,,Starlink,,não
56548,,Starlink,,não
56549,,Starlink,,não
56550,,Starlink,,não
56551,,Starlink,,não
56552,,Starlink,,não
56553,,Starlink,,não
56554,,Starlink,,não
56555,,Starlink,,não
56556,,Starlink,,não
56557,,Starlink,,não
56558,,Starlink,,não
56688,,Starlink,,não
56689,,Starlink,,não
56690,,Starlink,,não
56692,,Starlink,,não
56693,,Starlink,,não
56694,,Starlink,,não
56695,,Starlink,,não
56697,,Starlink,,não
56698,,Starlink,,não
56699,,Starlink,,não
56700,,Starlink,,não
56701,,Starlink,,não
56702,,Starlink,,não
56703,,Starlink,,não
56704,,Starlink,,não
56705,,Starlink,,não
56706,,Starlink,,não
56707,,Starlink,,não
56708,,Starlink,,não
56709,,Starlink,,não
56710,,OneWeb,,não
56711,,OneWeb,,não
56712,,OneWeb,,não
56713,,OneWeb,,não
56714,,OneWeb,,não
56715,,OneWeb,,não
56716,,OneWeb,,não
56717,,OneWeb,,não
56718,,OneWeb,,não
56719,,OneWeb,,não
56720,,OneWeb,,não
56721,,OneWeb,,não
56722,,OneWeb,,não
56723,,OneWeb,,não
56724,,OneWeb,,não
56725,,OneWeb,,não
56726,,Iridium,,não
56727,,Iridium,,não
56728,,Iridium,,não
56729,,Iridium,,não
56730,,Iridium,,não
56744,,Amateur radio,,não
56745,,Amateur radio,,não
56746,,Amateur radio,,não
56749,,Amateur radio,,não
56757,,Geostationary,,não
56767,,Starlink,,não
56768,,Starlink,,não
56770,,Starlink,,não
56772,,Starlink,,não
56773,,Starlink,,não
56774,,Starlink,,não
56775,,Starlink,,não
56776,,Starlink,,não
56777,,Starlink,,não
56778,,Starlink,,não
56779,,Starlink,,não
56780,,Starlink,,não
56781,,Starlink,,não
56782,,Starlink,,não
56783,,Starlink,,não
56784,,Starlink,,não
56785,,Starlink,,não
56786,,Starlink,,não
56787,,Starlink,,não
56788,,Starlink,,não
56790,,Starlink,,não
56791,,Starlink,,não
56792,,Starlink,,não
56793,,Starlink,,não
56794,,Starlink,,não
56795,,Starlink,,não
56796,,Starlink,,não
56797,,Starlink,,não
56799,,Starlink,,não
56800,,Starlink,,não
56801,,Starlink,,não
56803,,Starlink,,não
56804,,Starlink,,não
56805,,Starlink,,não
56806,,Starlink,,não
56807,,Starlink,,não
56808,,Starlink,,não
56809,,Starlink,,não
56810,,Starlink,,não
56812,,Starlink,,não
56813,,Starlink,,não
56814,,Starlink,,não
56816,,Starlink,,não
56818,,Starlink,,não
56823,,Starlink,,não
56824,,Starlink,,não
56825,,Starlink,,não
56826,,Starlink,,não
56827,,Starlink,,não
56828,,Starlink,,não
56832,,Starlink,,não
56833,,Starlink,,não
56834,,Starlink,,não
56835,,Starlink,,não
56836,,Starlink,,não
56837,,Starlink,,não
56838,,Starlink,,não
56839,,Starlink,,não
56840,,Starlink,,não
56841,,Starlink,,não
56842,,Starlink,,não
56843,,Starlink,,não
56844,,Starlink,,não
56876,,Starlink,,não
56877,,Starlink,,não
56878,,Starlink,,não
56879,,Starlink,,não
56880,,Starlink,,não
56881,,Starlink,,não
56882,,Starlink,,não
56883,,Starlink,,não
56884,,Starlink,,não
56885,,Starlink,,não
56886,,Starlink,,não
56887,,Starlink,,não
56888,,Starlink,,não
56889,,Starlink,,não
56890,,Starlink,,não
56891,,Starlink,,não
56892,,Starlink,,não
56893,,Starlink,,não
56894,,Starlink,,não
56895,,Starlink,,não
56896,,Starlink,,não
56897,,Starlink,,não
56898,,Starlink,,não
56899,,Starlink,,não
56900,,Starlink,,não
56901,,Starlink,,não
56902,,Starlink,,não
56903,,Starlink,,não
56904,,Starlink,,não
56905,,Starlink,,não
56906,,Starlink,,não
56907,,Starlink,,não
56908,,Starlink,,não
56909,,Starlink,,não
56910,,Starlink,,não
56911,,Starlink,,não
56912,,Starlink,,não
56913,,Starlink,,não
56914,,Starlink,,não
56915,,Starlink,,não
56916,,Starlink,,não
56917,,Starlink,,não
56918,,Starlink,,não
56919,,Starlink,,não
56920,,Starlink,,não
56921,,Starlink,,não
56922,,Starlink,,não
56923,,Starlink,,não
56924,,Starlink,,não
56925,,Starlink,,não
56926,,Starlink,,não
56927,,Starlink,,não
56950,,Amateur radio,,não
56955,,Amateur radio,,não
56956,,Amateur radio,,não
56957,,Amateur radio,,não
56963,,Amateur radio,,não
56970,,Lemur,,não
57049,,Starlink,,não
57050,,Starlink,,não
57051,,Starlink,,não
57052,,Starlink,,não
57053,,Starlink,,não
57054,,Starlink,,não
57055,,Starlink,,não
57056,,Starlink,,não
57057,,Starlink,,não
57058,,Starlink,,não
57059,,Starlink,,não
57060,,Starlink,,não
57061,,Starlink,,não
57062,,Starlink,,não
57063,,Starlink,,não
57064,,Starlink,,não
57065,,Starlink,,não
57066,,Starlink,,não
57067,,Starlink,,não
57068,,Starlink,,não
57069,,Starlink,,não
57070,,Starlink,,não
57071,,Starlink,,não
57072,,Starlink,,não
57073,,Starlink,,não
57074,,Starlink,,não
57075,,Starlink,,não
57076,,Starlink,,não
57077,,Starlink,,não
57079,,Starlink,,não
57080,,Starlink,,não
57081,,Starlink,,não
57082,,Starlink,,não
57083,,Starlink,,não
57084,,Starlink,,não
57085,,Starlink,,não
57086,,Starlink,,não
57087,,Starlink,,não
57088,,Starlink,,não
57089,,Starlink,,não
57090,,Starlink,,não
57091,,Starlink,,não
57092,,Starlink,,não
57093,,Starlink,,não
57094,,Starlink,,não
57101,,Starlink,,não
57102,,Starlink,,não
57104,,Starlink,,não
57105,,Starlink,,não
57106,,Starlink,,não
57107,,Starlink,,não
57108,,Starlink,,não
57109,,Starlink,,não
57110,,Starlink,,não
57111,,Starlink,,não
57112,,Starlink,,não
57113,,Starlink,,não
57114,,Starlink,,não
57115,,Starlink,,não
57116,,Starlink,,não
57117,,Starlink,,não
57119,,Starlink,,não
57120,,Starlink,,não
57121,,Starlink,,não
57122,,Starlink,,não
57123,,Starlink,,não
57124,,Starlink,,não
57125,,Starlink,,não
57126,,Starlink,,não
57127,,Starlink,,não
57128,,Starlink,,não
57129,,Starlink,,não
57130,,Starlink,,não
57131,,Starlink,,não
57132,,Starlink,,não
57133,,Starlink,,não
57134,,Starlink,,não
57135,,Starlink,,não
57136,,Starlink,,não
57137,,Starlink,,não
57138,,Starlink,,não
57139,,Starlink,,não
57141,,Starlink,,não
57142,,Starlink,,não
57143,,Starlink,,não
57144,,Starlink,,não
57145,,Starlink,,não
57146,,Starlink,,não
57147,,Starlink,,não
57148,,Starlink,,não
57149,,Starlink,,não
57150,,Starlink,,não
57151,,Starlink,,não
57152,,Starlink,,não
57153,,Starlink,,não
57154,,Starlink,,não
57155,,Starlink,,não
57166,,Amateur radio,,não
57168,,Amateur radio,,não
57169,,Amateur radio,,não
57170,,Amateur radio,,não
57172,,Amateur radio,,não
57173,,Amateur radio,,não
57174,,Amateur radio,,não
57175,,Amateur radio,,não
57176,,Amateur radio,,não
57177,,Amateur radio,,não
57178,,Amateur radio,,não
57179,,Amateur radio,,não
57180,,Amateur radio,,não
57182,,Amateur radio,,não
57184,,Amateur radio,,não
57186,,Amateur radio,,não
57187,,Amateur radio,,não
57188,,Amateur radio,,não
57189,,Amateur radio,,não
57191,,Amateur radio,,não
57192,,Amateur radio,,não
57193,,Amateur radio,,não
57194,,Amateur radio,,não
57195,,Amateur radio,,não
57196,,Amateur radio,,não
57197,,Amateur radio,,não
57199,,Amateur radio,,não
57200,,Amateur radio,,não
57201,,Amateur radio,,não
57202,,Amateur radio,,não
57203,,Amateur radio,,não
57204,,Amateur radio,,não
57206,,Amateur radio,,não
57208,,Amateur radio,,não
57209,,Space & Earth Science,,não
57217,,Amateur radio,,não
57218,,Starlink,,não
57219,,Starlink,,não
57220,,Starlink,,não
57222,,Starlink,,não
57223,,Starlink,,não
57224,,Starlink,,não
57225,,Starlink,,não
57226,,Starlink,,não
57227,,Starlink,,não
57228,,Starlink,,não
57229,,Starlink,,não
57230,,Starlink,,não
57231,,Starlink,,não
57232,,Starlink,,não
57233,,Starlink,,não
57234,,Starlink,,não
57235,,Starlink,,não
57236,,Starlink,,não
57237,,Starlink,,não
57238,,Starlink,,não
57239,,Starlink,,não
57240,,Starlink,,não
57241,,Starlink,,não
57242,,Starlink,,não
57243,,Starlink,,não
57244,,Starlink,,não
57245,,Starlink,,não
57246,,Starlink,,não
57247,,Starlink,,não
57248,,Starlink,,não
57249,,Starlink,,não
57250,,Starlink,,não
57251,,Starlink,,não
57252,,Starlink,,não
57253,,Starlink,,não
57254,,Starlink,,não
57255,,Starlink,,não
57256,,Starlink,,não
57257,,Starlink,,não
57258,,Starlink,,não
57260,,Starlink,,não
57261,,Starlink,,não
57262,,Starlink,,não
57263,,Starlink,,não
57264,,Starlink,,não
57290,,Starlink,,não
57291,,Starlink,,não
57294,,Starlink,,não
57300,,Starlink,,não
57301,,Starlink,,não
57302,,Starlink,,não
57310,,Starlink,,não
57328,,Starlink,,não
57329,,Starlink,,não
57330,,Starlink,,não
57331,,Starlink,,não
57332,,Starlink,,não
57333,,Starlink,,não
57334,,Starlink,,não
57335,,Starlink,,não
57336,,Starlink,,não
57337,,Starlink,,não
57338,,Starlink,,não
57339,,Starlink,,não
57340,,Starlink,,não
57341,,Starlink,,não
57342,,Starlink,,não
57343,,Starlink,,não
57344,,Starlink,,não
57345,,Starlink,,não
57346,,Starlink,,não
57347,,Starlink,,não
57348,,Starlink,,não
57349,,Starlink,,não
57350,,Starlink,,não
57351,,Starlink,,não
57352,,Starlink,,não
57353,,Starlink,,não
57354,,Starlink,,não
57355,,Starlink,,não
57356,,Starlink,,não
57357,,Starlink,,não
57358,,Starlink,,não
57359,,Starlink,,não
57360,,Starlink,,não
57361,,Starlink,,não
57362,,Starlink,,não
57363,,Starlink,,não
57364,,Starlink,,não
57365,,Starlink,,não
57366,,Starlink,,não
57367,,Starlink,,não
57368,,Starlink,,não
57369,,Starlink,,não
57370,,Starlink,,não
57371,,Starlink,,não
57372,,Starlink,,não
57373,,Starlink,,não
57374,,Starlink,,não
57375,,Starlink,,não
57376,,Starlink,,não
57377,,Starlink,,não
57378,,Starlink,,não
57379,,Starlink,,não
57380,,Starlink,,não
57381,,Starlink,,não
57391,,Lemur,,não
57404,,Starlink,,não
57407,,Starlink,,não
57408,,Starlink,,não
57409,,Starlink,,não
57410,,Starlink,,não
57411,,Starlink,,não
57412,,Starlink,,não
57413,,Starlink,,não
57414,,Starlink,,não
57415,,Starlink,,não
57416,,Starlink,,não
57417,,Starlink,,não
57418,,Starlink,,não
57433,,Starlink,,não
57434,,Starlink,,não
57438,,Starlink,,não
57441,,Starlink,,não
57442,,Starlink,,não
57443,,Starlink,,não
57444,,Starlink,,não
57445,,Starlink,,não
57446,,Starlink,,não
57447,,Starlink,,não
57448,,Starlink,,não
57449,,Starlink,,não
57450,,Starlink,,não
57451,,Starlink,,não
57457,,Starlink,,não
57458,,Starlink,,não
57460,,Starlink,,não
57461,,Starlink,,não
57462,,Starlink,,não
57465,,Starlink,,não
57467,,Starlink,,não
57468,,Starlink,,não
57469,,Starlink,,não
57470,,Starlink,,não
57472,,Starlink,,não
57475,,Starlink,,não
57476,,Starlink,,não
57477,,Starlink,,não
57479,,Geostationary,,não
57482,,Amateur radio,,não
57484,,Amateur radio,,não
57485,,Amateur radio,,não
57486,,Amateur radio,,não
57495,,Starlink,,não
57496,,Starlink,,não
57497,,Starlink,,não
57498,,Starlink,,não
57499,,Starlink,,não
57500,,Starlink,,não
57501,,Starlink,,não
57503,,Starlink,,não
57504,,Starlink,,não
57505,,Starlink,,não
57506,,Starlink,,não
57507,,Starlink,,não
57508,,Starlink,,não
57509,,Starlink,,não
57510,,Starlink,,não
57511,,Starlink,,não
57512,,Starlink,,não
57513,,Starlink,,não
57514,,Starlink,,não
57515,,Starlink,,não
57516,,Starlink,,não
57517,,Glonass Constellation,,não
57521,,Starlink,,não
57522,,Starlink,,não
57523,,Starlink,,não
57524,,Starlink,,não
57525,,Starlink,,não
57526,,Starlink,,não
57527,,Starlink,,não
57528,,Starlink,,não
57529,,Starlink,,não
57530,,Starlink,,não
57531,,Starlink,,não
57532,,Starlink,,não
57533,,Starlink,,não
57534,,Starlink,,não
57602,,Starlink,,não
57603,,Starlink,,não
57604,,Starlink,,não
57605,,Starlink,,não
57606,,Starlink,,não
57607,,Starlink,,não
57608,,Starlink,,não
57609,,Starlink,,não
57610,,Starlink,,não
57611,,Starlink,,não
57612,,Starlink,,não
57613,,Starlink,,não
57614,,Starlink,,não
57615,,Starlink,,não
57616,,Starlink,,não
57617,,Starlink,,não
57618,,Starlink,,não
57620,,Starlink,,não
57621,,Starlink,,não
57622,,Starlink,,não
57623,,Starlink,,não
57624,,Geostationary,,não
57632,,Starlink,,não
57633,,Starlink,,não
57634,,Starlink,,não
57635,,Starlink,,não
57636,,Starlink,,não
57637,,Starlink,,não
57638,,Starlink,,não
57639,,Starlink,,não
57640,,Starlink,,não
57641,,Starlink,,não
57642,,Starlink,,não
57643,,Starlink,,não
57644,,Starlink,,não
57645,,Starlink,,não
57646,,Starlink,,não
57647,,Starlink,,não
57648,,Starlink,,não
57650,,Starlink,,não
57651,,Starlink,,não
57652,,Starlink,,não
57653,,Starlink,,não
57663,,Starlink,,não
57665,,Starlink,,não
57666,,Starlink,,não
57667,,Starlink,,não
57668,,Starlink,,não
57669,,Starlink,,não
57670,,Starlink,,não
57671,,Starlink,,não
57672,,Starlink,,não
57673,,Starlink,,não
57676,,Starlink,,não
57677,,Starlink,,não
57678,,Starlink,,não
57679,,Starlink,,não
57680,,Starlink,,não
57681,,Starlink,,não
57682,,Starlink,,não
57683,,Starlink,,não
57698,,Starlink,,não
57699,,Starlink,,não
57700,,Starlink,,não
57701,,Starlink,,não
57702,,Starlink,,não
57703,,Starlink,,não
57704,,Starlink,,não
57707,,Starlink,,não
57708,,Starlink,,não
57709,,Starlink,,não
57710,,Starlink,,não
57711,,Starlink,,não
57712,,Starlink,,não
57713,,Starlink,,não
57714,,Starlink,,não
57715,,Starlink,,não
57716,,Starlink,,não
57717,,Starlink,,não
57718,,Starlink,,não
57719,,Starlink,,não
57732,,Starlink,,não
57733,,Starlink,,não
57734,,Starlink,,não
57735,,Starlink,,não
57736,,Starlink,,não
57737,,Starlink,,não
57738,,Starlink,,não
57739,,Starlink,,não
57740,,Starlink,,não
57741,,Starlink,,não
57742,,Starlink,,não
57743,,Starlink,,não
57744,,Starlink,,não
57745,,Starlink,,não
57746,,Starlink,,não
57747,,Starlink,,não
57748,,Starlink,,não
57749,,Starlink,,não
57750,,Starlink,,não
57751,,Starlink,,não
57752,,Starlink,,não
57753,,Starlink,,não
57771,,Starlink,,não
57772,,Starlink,,não
57773,,Starlink,,não
57774,,Starlink,,não
57775,,Starlink,,não
57776,,Starlink,,não
57777,,Starlink,,não
57778,,Starlink,,não
57779,,Starlink,,não
57780,,Starlink,,não
57781,,Starlink,,não
57782,,Starlink,,não
57783,,Starlink,,não
57784,,Starlink,,não
57785,,Starlink,,não
57786,,Starlink,,não
57787,,Starlink,,não
57788,,Starlink,,não
57789,,Starlink,,não
57791,,Starlink,,não
57800,,Amateur radio,,não
57809,,Starlink,,não
57810,,Starlink,,não
57811,,Starlink,,não
57812,,Starlink,,não
57813,,Starlink,,não
57814,,Starlink,,não
57815,,Starlink,,não
57816,,Starlink,,não
57817,,Starlink,,não
57818,,Starlink,,não
57819,,Starlink,,não
57820,,Starlink,,não
57821,,Starlink,,não
57823,,Starlink,,não
57824,,Starlink,,não
57825,,Starlink,,não
57826,,Starlink,,não
57827,,Starlink,,não
57828,,Starlink,,não
57829,,Starlink,,não
57840,,Starlink,,não
57841,,Starlink,,não
57842,,Starlink,,não
57843,,Starlink,,não
57844,,Starlink,,não
57847,,Starlink,,não
57848,,Starlink,,não
57849,,Starlink,,não
57850,,Starlink,,não
57851,,Starlink,,não
57852,,Starlink,,não
57853,,Starlink,,não
57854,,Starlink,,não
57855,,Starlink,,não
57856,,Starlink,,não
57857,,Starlink,,não
57858,,Starlink,,não
57859,,Starlink,,não
57860,,Starlink,,não
57864,,Starlink,,não
57865,,Starlink,,não
57866,,Starlink,,não
57867,,Starlink,,não
57868,,Starlink,,não
57869,,Starlink,,não
57870,,Starlink,,não
57871,,Starlink,,não
57872,,Starlink,,não
57873,,Starlink,,não
57874,,Starlink,,não
57875,,Starlink,,não
57876,,Starlink,,não
57877,,Starlink,,não
57878,,Starlink,,não
57879,,Starlink,,não
57880,,Starlink,,não
57882,,Starlink,,não
57883,,Starlink,,não
57884,,Starlink,,não
57885,,Starlink,,não
57891,,Starlink,,não
57892,,Starlink,,não
57893,,Starlink,,não
57894,,Starlink,,não
57895,,Starlink,,não
57896,,Starlink,,não
57897,,Starlink,,não
57898,,Starlink,,não
57899,,Starlink,,não
57900,,Starlink,,não
57901,,Starlink,,não
57902,,Starlink,,não
57903,,Starlink,,não
57904,,Starlink,,não
57906,,Starlink,,não
57907,,Starlink,,não
57908,,Starlink,,não
57909,,Starlink,,não
57910,,Starlink,,não
57911,,Starlink,,não
57912,,Starlink,,não
57913,,Starlink,,não
57914,,Starlink,,não
57915,,Starlink,,não
57917,,Starlink,,não
57918,,Starlink,,não
57919,,Starlink,,não
57920,,Starlink,,não
57921,,Starlink,,não
57923,,Starlink,,não
57924,,Starlink,,não
57925,,Starlink,,não
57926,,Starlink,,não
57928,,Starlink,,não
57931,,Starlink,,não
57932,,Starlink,,não
57933,,Starlink,,não
57935,,Starlink,,não
57936,,Starlink,,não
57937,,Starlink,,não
57938,,Starlink,,não
57939,,Starlink,,não
57940,,Starlink,,não
57941,,Starlink,,não
57942,,Starlink,,não
57943,,Starlink,,não
57944,,Starlink,,não
57945,,Starlink,,não
57946,,Starlink,,não
57947,,Starlink,,não
57949,,Starlink,,não
57950,,Starlink,,não
57951,,Starlink,,não
57952,,Starlink,,não
57953,,Starlink,,não
57954,,Starlink,,não
57955,,Starlink,,não
57964,,Starlink,,não
57965,,Starlink,,não
57966,,Starlink,,não
57967,,Starlink,,não
57968,,Starlink,,não
57970,,Starlink,,não
57971,,Starlink,,não
57972,,Starlink,,não
57973,,Starlink,,não
57974,,Starlink,,não
57975,,Starlink,,não
57976,,Starlink,,não
57977,,Starlink,,não
57978,,Starlink,,não
57979,,Starlink,,não
57981,,Starlink,,não
57982,,Starlink,,não
57983,,Starlink,,não
57984,,Starlink,,não
57985,,Starlink,,não
57991,,Starlink,,não
57992,,Starlink,,não
57993,,Starlink,,não
57994,,Starlink,,não
57995,,Starlink,,não
57997,,Starlink,,não
57998,,Starlink,,não
57999,,Starlink,,não
58000,,Starlink,,não
58001,,Starlink,,não
58002,,Starlink,,não
58004,,Starlink,,não
58005,,Starlink,,não
58006,,Starlink,,não
58007,,Starlink,,não
58008,,Starlink,,não
58009,,Starlink,,não
58010,,Starlink,,não
58011,,Starlink,,não
58012,,Starlink,,não
58017,,Amateur radio,,não
58018,,Amateur radio,,não
58019,,Amateur radio,,não
58020,,Amateur radio,,não
58021,,Amateur radio,,não
58022,,Amateur radio,,não
58023,,Amateur radio,,não
58024,,Amateur radio,,não
58028,,Starlink,,não
58029,,Starlink,,não
58030,,Starlink,,não
58031,,Starlink,,não
58032,,Starlink,,não
58033,,Starlink,,não
58034,,Starlink,,não
58035,,Starlink,,não
58036,,Starlink,,não
58037,,Starlink,,não
58038,,Starlink,,não
58040,,Starlink,,não
58041,,Starlink,,não
58042,,Starlink,,não
58043,,Starlink,,não
58044,,Starlink,,não
58045,,Starlink,,não
58046,,Starlink,,não
58047,,Starlink,,não
58048,,Starlink,,não
58051,,Starlink,,não
58052,,Starlink,,não
58053,,Starlink,,não
58054,,Starlink,,não
58055,,Starlink,,não
58056,,Starlink,,não
58057,,Starlink,,não
58058,,Starlink,,não
58059,,Starlink,,não
58060,,Starlink,,não
58061,,Starlink,,não
58062,,Starlink,,não
58063,,Starlink,,não
58064,,Starlink,,não
58065,,Starlink,,não
58066,,Starlink,,não
58067,,Starlink,,não
58068,,Starlink,,não
58069,,Starlink,,não
58070,,Starlink,,não
58072,,Starlink,,não
58075,,Starlink,,não
58076,,Starlink,,não
58077,,Starlink,,não
58078,,Starlink,,não
58079,,Starlink,,não
58080,,Starlink,,não
58081,,Starlink,,não
58082,,Starlink,,não
58083,,Starlink,,não
58084,,Starlink,,não
58085,,Starlink,,não
58086,,Starlink,,não
58087,,Starlink,,não
58088,,Starlink,,não
58089,,Starlink,,não
58090,,Starlink,,não
58091,,Starlink,,não
58092,,Starlink,,não
58093,,Starlink,,não
58094,,Starlink,,não
58095,,Starlink,,não
58096,,Starlink,,não
58097,,Starlink,,não
58098,,Starlink,,não
58099,,Starlink,,não
58100,,Starlink,,não
58101,,Starlink,,não
58102,,Starlink,,não
58103,,Starlink,,não
58104,,Starlink,,não
58105,,Starlink,,não
58106,,Starlink,,não
58107,,Starlink,,não
58108,,Starlink,,não
58109,,Starlink,,não
58110,,Starlink,,não
58111,,Starlink,,não
58112,,Starlink,,não
58113,,Starlink,,não
58114,,Starlink,,não
58115,,Starlink,,não
58116,,Starlink,,não
58117,,Starlink,,não
58118,,Starlink,,não
58119,,Starlink,,não
58120,,Starlink,,não
58121,,Starlink,,não
58122,,Starlink,,não
58123,,Starlink,,não
58124,,Starlink,,não
58125,,Starlink,,não
58126,,Starlink,,não
58127,,Starlink,,não
58128,,Starlink,,não
58129,,Starlink,,não
58130,,Starlink,,não
58131,,Starlink,,não
58132,,Starlink,,não
58133,,Starlink,,não
58134,,Starlink,,não
58135,,Starlink,,não
58136,,Starlink,,não
58137,,Starlink,,não
58138,,Starlink,,não
58139,,Starlink,,não
58140,,Starlink,,não
58150,,Starlink,,não
58151,,Starlink,,não
58152,,Starlink,,não
58153,,Starlink,,não
58154,,Starlink,,não
58155,,Starlink,,não
58156,,Starlink,,não
58157,,Starlink,,não
58158,,Starlink,,não
58159,,Starlink,,não
58160,,Starlink,,não
58161,,Starlink,,não
58162,,Starlink,,não
58163,,Starlink,,não
58164,,Starlink,,não
58165,,Starlink,,não
58166,,Starlink,,não
58167,,Starlink,,não
58168,,Starlink,,não
58169,,Starlink,,não
58170,,Starlink,,não
58171,,Starlink,,não
58175,,Starlink,,não
58176,,Starlink,,não
58177,,Starlink,,não
58178,,Starlink,,não
58179,,Starlink,,não
58180,,Starlink,,não
58181,,Starlink,,não
58182,,Starlink,,não
58183,,Starlink,,não
58184,,Starlink,,não
58185,,Starlink,,não
58186,,Starlink,,não
58187,,Starlink,,não
58188,,Starlink,,não
58189,,Starlink,,não
58190,,Starlink,,não
58191,,Starlink,,não
58192,,Starlink,,não
58193,,Starlink,,não
58194,,Starlink,,não
58195,,Starlink,,não
58196,,Starlink,,não
58197,,Starlink,,não
58206,,Starlink,,não
58207,,Starlink,,não
58208,,Starlink,,não
58209,,Starlink,,não
58210,,Starlink,,não
58211,,Starlink,,não
58212,,Starlink,,não
58213,,Starlink,,não
58214,,Starlink,,não
58215,,Starlink,,não
58217,,Starlink,,não
58218,,Starlink,,não
58219,,Starlink,,não
58220,,Starlink,,não
58221,,Starlink,,não
58222,,Starlink,,não
58223,,Starlink,,não
58224,,Starlink,,não
58225,,Starlink,,não
58226,,Starlink,,não
58227,,Starlink,,não
58228,,Starlink,,não
58230,,Starlink,,não
58231,,Starlink,,não
58232,,Starlink,,não
58233,,Starlink,,não
58234,,Starlink,,não
58236,,Starlink,,não
58237,,Starlink,,não
58238,,Starlink,,não
58239,,Starlink,,não
58240,,Starlink,,não
58241,,Starlink,,não
58242,,Starlink,,não
58243,,Starlink,,não
58244,,Starlink,,não
58245,,Starlink,,não
58246,,Starlink,,não
58247,,Starlink,,não
58248,,Starlink,,não
58249,,Starlink,,não
58250,,Starlink,,não
58251,,Starlink,,não
58252,,Starlink,,não
58253,,Geostationary,,não
58259,,Lemur,,não
58262,,Amateur radio,,não
58264,,Amateur radio,,não
58271,,Flock,,não
58273,,Flock,,não
58274,,Flock,,não
58276,,Amateur radio,,não
58280,,Flock,,não
58282,,Flock,,não
58284,,Flock,,não
58285,,Flock,,não
58286,,Flock,,não
58288,,Amateur radio,,não
58294,,Amateur radio,,não
58295,,Amateur radio,,não
58297,,Amateur radio,,não
58300,,Amateur radio,,não
58301,,Amateur radio,,não
58302,,Amateur radio,,não
58304,,Flock,,não
58306,,Flock,,não
58308,,Flock,,não
58309,,Flock,,não
58318,,Flock,,não
58320,,Flock,,não
58321,,Amateur radio,,não
58322,,Flock,,não
58327,,Flock,,não
58328,,Flock,,não
58334,,Amateur radio,,não
58336,,Amateur radio,,não
58336,,Lemur,,não
58340,,Lemur,,não
58352,,Starlink,,não
58353,,Starlink,,não
58354,,Starlink,,não
58355,,Starlink,,não
58356,,Starlink,,não
58357,,Starlink,,não
58358,,Starlink,,não
58359,,Starlink,,não
58360,,Starlink,,não
58361,,Starlink,,não
58362,,Starlink,,não
58363,,Starlink,,não
58364,,Starlink,,não
58365,,Starlink,,não
58366,,Starlink,,não
58367,,Starlink,,não
58368,,Starlink,,não
58369,,Starlink,,não
58370,,Starlink,,não
58371,,Starlink,,não
58372,,Starlink,,não
58373,,Starlink,,não
58374,,Starlink,,não
58375,,Starlink,,não
58376,,Starlink,,não
58377,,Starlink,,não
58378,,Starlink,,não
58379,,Starlink,,não
58380,,Starlink,,não
58381,,Starlink,,não
58382,,Starlink,,não
58383,,Starlink,,não
58384,,Starlink,,não
58385,,Starlink,,não
58386,,Starlink,,não
58387,,Starlink,,não
58388,,Starlink,,não
58389,,Starlink,,não
58390,,Starlink,,não
58391,,Starlink,,não
58393,,Starlink,,não
58394,,Starlink,,não
58395,,Starlink,,não
58400,,Amateur radio,,não
58400,,Military,,não
58402,,Starlink,,não
58403,,Starlink,,não
58404,,Starlink,,não
58405,,Starlink,,não
58406,,Starlink,,não
58407,,Starlink,,não
58408,,Starlink,,não
58409,,Starlink,,não
58410,,Starlink,,não
58411,,Starlink,,não
58412,,Starlink,,não
58413,,Starlink,,não
58414,,Starlink,,não
58415,,Starlink,,não
58416,,Starlink,,não
58417,,Starlink,,não
58418,,Starlink,,não
58419,,Starlink,,não
58420,,Starlink,,não
58421,,Starlink,,não
58422,,Starlink,,não
58423,,Starlink,,não
58424,,Starlink,,não
58437,,Starlink,,não
58438,,Starlink,,não
58439,,Starlink,,não
58440,,Starlink,,não
58441,,Starlink,,não
58442,,Starlink,,não
58443,,Starlink,,não
58444,,Starlink,,não
58445,,Starlink,,não
58446,,Starlink,,não
58447,,Starlink,,não
58448,,Starlink,,não
58449,,Starlink,,não
58450,,Starlink,,não
58451,,Starlink,,não
58452,,Starlink,,não
58453,,Starlink,,não
58454,,Starlink,,não
58455,,Starlink,,não
58457,,Starlink,,não
58458,,Starlink,,não
58459,,Starlink,,não
58463,,Amateur radio,,não
58466,,Amateur radio,,não
58469,,Amateur radio,,não
58473,,Starlink,,não
58475,,Starlink,,não
58476,,Starlink,,não
58477,,Starlink,,não
58478,,Starlink,,não
58480,,Starlink,,não
58481,,Starlink,,não
58482,,Starlink,,não
58483,,Starlink,,não
58484,,Starlink,,não
58485,,Starlink,,não
58486,,Starlink,,não
58487,,Starlink,,não
58488,,Starlink,,não
58489,,Starlink,,não
58490,,Starlink,,não
58491,,Starlink,,não
58492,,Starlink,,não
58493,,Starlink,,não
58494,,Starlink,,não
58495,,Starlink,,não
58508,,Starlink,,não
58509,,Starlink,,não
58510,,Starlink,,não
58511,,Starlink,,não
58512,,Starlink,,não
58513,,Starlink,,não
58514,,Starlink,,não
58515,,Starlink,,não
58516,,Starlink,,não
58517,,Starlink,,não
58518,,Starlink,,não
58519,,Starlink,,não
58520,,Starlink,,não
58521,,Starlink,,não
58523,,Starlink,,não
58524,,Starlink,,não
58525,,Starlink,,não
58526,,Starlink,,não
58527,,Starlink,,não
58528,,Starlink,,não
58529,,Starlink,,não
58530,,Starlink,,não
58531,,Starlink,,não
58532,,Starlink,,não
58533,,Starlink,,não
58534,,Starlink,,não
58535,,Starlink,,não
58536,,Starlink,,não
58537,,Starlink,,não
58538,,Starlink,,não
58539,,Starlink,,não
58540,,Starlink,,não
58541,,Starlink,,não
58542,,Starlink,,não
58543,,Starlink,,não
58544,,Starlink,,não
58545,,Starlink,,não
58546,,Starlink,,não
58547,,Starlink,,não
58548,,Starlink,,não
58549,,Starlink,,não
58550,,Starlink,,não
58551,,Starlink,,não
58552,,Starlink,,não
58557,,Yaogan,,não
58558,,Yaogan,,não
58559,,Yaogan,,não
58589,,Starlink,,não
58590,,Starlink,,não
58592,,Starlink,,não
58593,,Starlink,,não
58594,,Starlink,,não
58595,,Starlink,,não
58596,,Starlink,,não
58597,,Starlink,,não
58598,,Starlink,,não
58600,,Starlink,,não
58601,,Starlink,,não
58602,,Starlink,,não
58603,,Starlink,,não
58604,,Starlink,,não
58605,,Starlink,,não
58606,,Starlink,,não
58607,,Starlink,,não
58608,,Starlink,,não
58609,,Starlink,,não
58610,,Starlink,,não
58611,,Starlink,,não
58619,,Starlink,,não
58621,,Starlink,,não
58622,,Starlink,,não
58623,,Starlink,,não
58624,,Starlink,,não
58625,,Starlink,,não
58626,,Starlink,,não
58627,,Starlink,,não
58628,,Starlink,,não
58629,,Starlink,,não
58630,,Starlink,,não
58631,,Starlink,,não
58632,,Starlink,,não
58633,,Starlink,,não
58634,,Starlink,,não
58635,,Starlink,,não
58636,,Starlink,,não
58637,,Starlink,,não
58638,,Starlink,,não
58639,,Starlink,,não
58640,,Starlink,,não
58654,,Beidou,,não
58655,,Beidou,,não
58666,,Military,,não
58668,,Starlink,,não
58669,,Starlink,,não
58670,,Starlink,,não
58671,,Starlink,,não
58672,,Starlink,,não
58673,,Starlink,,não
58674,,Starlink,,não
58675,,Starlink,,não
58676,,Starlink,,não
58677,,Starlink,,não
58678,,Starlink,,não
58679,,Starlink,,não
58680,,Starlink,,não
58681,,Starlink,,não
58682,,Starlink,,não
58683,,Starlink,,não
58684,,Starlink,,não
58685,,Starlink,,não
58686,,Starlink,,não
58689,,Starlink,,não
58694,,Geostationary,,não
58698,,Geostationary,,não
58705,,Starlink,,não
58706,,Starlink,,não
58707,,Starlink,,não
58708,,Starlink,,não
58709,,Starlink,,não
58710,,Starlink,,não
58711,,Starlink,,não
58712,,Starlink,,não
58713,,Starlink,,não
58714,,Starlink,,não
58715,,Starlink,,não
58716,,Starlink,,não
58717,,Starlink,,não
58718,,Starlink,,não
58719,,Starlink,,não
58720,,Starlink,,não
58721,,Starlink,,não
58722,,Starlink,,não
58723,,Starlink,,não
58724,,Starlink,,não
58725,,Starlink,,não
58727,,Amateur radio,,não
58729,,Starlink,,não
58732,,Starlink,,não
58733,,Starlink,,não
58734,,Starlink,,não
58735,,Starlink,,não
58736,,Starlink,,não
58737,,Starlink,,não
58738,,Starlink,,não
58739,,Starlink,,não
58740,,Starlink,,não
58741,,Starlink,,não
58742,,Starlink,,não
58743,,Starlink,,não
58744,,Starlink,,não
58745,,Starlink,,não
58746,,Starlink,,não
58747,,Starlink,,não
58748,,Starlink,,não
58749,,Starlink,,não
58750,,Starlink,,não
58755,,Amateur radio,,não
58762,,Military,,não
58765,,Starlink,,não
58766,,Starlink,,não
58767,,Starlink,,não
58769,,Starlink,,não
58770,,Starlink,,não
58771,,Starlink,,não
58772,,Starlink,,não
58773,,Starlink,,não
58774,,Starlink,,não
58775,,Starlink,,não
58776,,Starlink,,não
58777,,Starlink,,não
58778,,Starlink,,não
58779,,Starlink,,não
58781,,Starlink,,não
58783,,Starlink,,não
58784,,Starlink,,não
58785,,Starlink,,não
58786,,Starlink,,não
58787,,Starlink,,não
58788,,Starlink,,não
58789,,Starlink,,não
58790,,Starlink,,não
58791,,Starlink,,não
58793,,Starlink,,não
58794,,Starlink,,não
58795,,Starlink,,não
58796,,Starlink,,não
58797,,Starlink,,não
58798,,Starlink,,não
58800,,Starlink,,não
58801,,Starlink,,não
58803,,Starlink,,não
58804,,Starlink,,não
58806,,Starlink,,não
58807,,Starlink,,não
58808,,Starlink,,não
58809,,Starlink,,não
58810,,Amateur radio,,não
58826,,Starlink,,não
58827,,Starlink,,não
58828,,Starlink,,não
58829,,Starlink,,não
58830,,Starlink,,não
58831,,Starlink,,não
58832,,Starlink,,não
58834,,Starlink,,não
58835,,Starlink,,não
58836,,Starlink,,não
58838,,Starlink,,não
58839,,Starlink,,não
58840,,Starlink,,não
58841,,Starlink,,não
58842,,Starlink,,não
58843,,Starlink,,não
58844,,Starlink,,não
58845,,Starlink,,não
58846,,Starlink,,não
58847,,Starlink,,não
58853,,Starlink,,não
58854,,Starlink,,não
58855,,Starlink,,não
58856,,Starlink,,não
58858,,Starlink,,não
58859,,Starlink,,não
58860,,Starlink,,não
58861,,Starlink,,não
58862,,Starlink,,não
58863,,Starlink,,não
58864,,Starlink,,não
58865,,Starlink,,não
58866,,Starlink,,não
58867,,Starlink,,não
58868,,Starlink,,não
58869,,Starlink,,não
58870,,Starlink,,não
58871,,Starlink,,não
58872,,Starlink,,não
58873,,Starlink,,não
58874,,Starlink,,não
58875,,Starlink,,não
58876,,Starlink,,não
58877,,Starlink,,não
58878,,Starlink,,não
58879,,Starlink,,não
58880,,Starlink,,não
58881,,Starlink,,não
58882,,Starlink,,não
58883,,Starlink,,não
58884,,Starlink,,não
58885,,Starlink,,não
58886,,Starlink,,não
58887,,Starlink,,não
58889,,Starlink,,não
58890,,Starlink,,não
58891,,Starlink,,não
58893,,Starlink,,não
58894,,Starlink,,não
58895,,Starlink,,não
58897,,Starlink,,não
58899,,Lemur,,não
58900,,Lemur,,não
58903,,Lemur,,não
58928,,Amateur radio,,não
58928,,Space & Earth Science,,não
58928,,Earth resources,,não
58931,,Starlink,,não
58932,,Starlink,,não
58933,,Starlink,,não
58934,,Starlink,,não
58935,,Starlink,,não
58936,,Starlink,,não
58937,,Starlink,,não
58938,,Starlink,,não
58939,,Starlink,,não
58940,,Starlink,,não
58941,,Starlink,,não
58942,,Starlink,,não
58943,,Starlink,,não
58944,,Starlink,,não
58945,,Starlink,,não
58946,,Starlink,,não
58947,,Starlink,,não
58948,,Starlink,,não
58949,,Starlink,,não
58951,,Starlink,,não
58952,,Starlink,,não
58965,,Starlink,,não
58966,,Starlink,,não
58967,,Starlink,,não
58968,,Starlink,,não
58969,,Starlink,,não
58970,,Starlink,,não
58971,,Starlink,,não
58972,,Starlink,,não
58973,,Starlink,,não
58974,,Starlink,,não
58975,,Starlink,,não
58976,,Starlink,,não
58977,,Starlink,,não
58978,,Starlink,,não
58979,,Starlink,,não
58980,,Starlink,,não
58981,,Starlink,,não
58983,,Starlink,,não
58984,,Starlink,,não
58985,,Starlink,,não
58986,,Starlink,,não
58989,,Amateur radio,,não
58995,,Geostationary,,não
58998,,Starlink,,não
58999,,Starlink,,não
59000,,Starlink,,não
59002,,Starlink,,não
59004,,Starlink,,não
59005,,Starlink,,não
59006,,Starlink,,não
59007,,Starlink,,não
59008,,Starlink,,não
59009,,Starlink,,não
59010,,Starlink,,não
59011,,Starlink,,não
59012,,Starlink,,não
59013,,Starlink,,não
59014,,Starlink,,não
59015,,Starlink,,não
59016,,Starlink,,não
59017,,Starlink,,não
59018,,Starlink,,não
59019,,Starlink,,não
59023,,Starlink,,não
59024,,Starlink,,não
59025,,Starlink,,não
59027,,Starlink,,não
59028,,Starlink,,não
59029,,Starlink,,não
59030,,Starlink,,não
59031,,Starlink,,não
59032,,Starlink,,não
59033,,Starlink,,não
59034,,Starlink,,não
59035,,Starlink,,não
59036,,Starlink,,não
59037,,Starlink,,não
59038,,Starlink,,não
59039,,Starlink,,não
59040,,Starlink,,não
59041,,Starlink,,não
59042,,Starlink,,não
59043,,Starlink,,não
59044,,Starlink,,não
59045,,Starlink,,não
59046,,Starlink,,não
59051,,Amateur radio,,não
59065,,Amateur radio,,não
59066,,Amateur radio,,não
59067,,Amateur radio,,não
59068,,Amateur radio,,não
59071,,Amateur radio,,não
59072,,Amateur radio,,não
59074,,Starlink,,não
59075,,Starlink,,não
59076,,Starlink,,não
59077,,Starlink,,não
59078,,Starlink,,não
59079,,Starlink,,não
59081,,Starlink,,não
59082,,Starlink,,não
59083,,Starlink,,não
59084,,Starlink,,não
59085,,Starlink,,não
59086,,Starlink,,não
59087,,Starlink,,não
59088,,Starlink,,não
59089,,Starlink,,não
59090,,Starlink,,não
59092,,Starlink,,não
59093,,Starlink,,não
59095,,Starlink,,não
59096,,Starlink,,não
59100,,Amateur radio,,não
59101,,Amateur radio,,não
59103,,Amateur radio,,não
59104,,Amateur radio,,não
59105,,Amateur radio,,não
59107,,Amateur radio,,não
59108,,Amateur radio,,não
59112,,Amateur radio,,não
59117,,Amateur radio,,não
59120,,Amateur radio,,não
59126,,Amateur radio,,não
59129,,Amateur radio,,não
59132,,Amateur radio,,não
59146,,Lemur,,não
59152,,Starlink,,não
59153,,Starlink,,não
59154,,Starlink,,não
59155,,Starlink,,não
59156,,Starlink,,não
59157,,Starlink,,não
59158,,Starlink,,não
59159,,Starlink,,não
59160,,Starlink,,não
59161,,Starlink,,não
59162,,Starlink,,não
59163,,Starlink,,não
59164,,Starlink,,não
59165,,Starlink,,não
59166,,Starlink,,não
59167,,Starlink,,não
59168,,Starlink,,não
59169,,Starlink,,não
59170,,Starlink,,não
59171,,Starlink,,não
59172,,Starlink,,não
59173,,Starlink,,não
59174,,Starlink,,não
59175,,Amateur radio,,não
59178,,Starlink,,não
59179,,Starlink,,não
59180,,Starlink,,não
59181,,Starlink,,não
59182,,Starlink,,não
59184,,Starlink,,não
59185,,Starlink,,não
59186,,Starlink,,não
59187,,Starlink,,não
59188,,Starlink,,não
59189,,Starlink,,não
59190,,Starlink,,não
59191,,Starlink,,não
59192,,Starlink,,não
59193,,Starlink,,não
59194,,Starlink,,não
59195,,Starlink,,não
59196,,Starlink,,não
59197,,Starlink,,não
59198,,Starlink,,não
59199,,Starlink,,não
59200,,Starlink,,não
59201,,Starlink,,não
59202,,Starlink,,não
59203,,Starlink,,não
59204,,Starlink,,não
59205,,Starlink,,não
59206,,Starlink,,não
59207,,Starlink,,não
59208,,Starlink,,não
59209,,Starlink,,não
59210,,Starlink,,não
59211,,Starlink,,não
59212,,Starlink,,não
59213,,Starlink,,não
59214,,Starlink,,não
59215,,Starlink,,não
59216,,Starlink,,não
59217,,Starlink,,não
59218,,Starlink,,não
59219,,Starlink,,não
59220,,Starlink,,não
59221,,Starlink,,não
59222,,Starlink,,não
59223,,Starlink,,não
59232,,Starlink,,não
59233,,Starlink,,não
59234,,Starlink,,não
59235,,Starlink,,não
59236,,Starlink,,não
59237,,Starlink,,não
59238,,Starlink,,não
59239,,Starlink,,não
59240,,Starlink,,não
59241,,Starlink,,não
59242,,Starlink,,não
59243,,Starlink,,não
59244,,Starlink,,não
59246,,Starlink,,não
59247,,Starlink,,não
59248,,Starlink,,não
59249,,Starlink,,não
59250,,Starlink,,não
59252,,Starlink,,não
59253,,Starlink,,não
59254,,Starlink,,não
59255,,Starlink,,não
59256,,Starlink,,não
59258,,Starlink,,não
59259,,Starlink,,não
59261,,Starlink,,não
59263,,Starlink,,não
59264,,Starlink,,não
59265,,Starlink,,não
59266,,Starlink,,não
59267,,Starlink,,não
59268,,Starlink,,não
59269,,Starlink,,não
59270,,Starlink,,não
59271,,Starlink,,não
59272,,Starlink,,não
59273,,Starlink,,não
59296,,Starlink,,não
59297,,Starlink,,não
59298,,Starlink,,não
59299,,Starlink,,não
59300,,Starlink,,não
59301,,Starlink,,não
59302,,Starlink,,não
59303,,Starlink,,não
59304,,Starlink,,não
59305,,Starlink,,não
59306,,Starlink,,não
59307,,Starlink,,não
59308,,Starlink,,não
59309,,Starlink,,não
59310,,Starlink,,não
59312,,Starlink,,não
59313,,Starlink,,não
59314,,Starlink,,não
59315,,Starlink,,não
59316,,Starlink,,não
59317,,Starlink,,não
59318,,Starlink,,não
59320,,Starlink,,não
59321,,Starlink,,não
59322,,Starlink,,não
59323,,Starlink,,não
59324,,Starlink,,não
59325,,Starlink,,não
59326,,Starlink,,não
59327,,Starlink,,não
59328,,Starlink,,não
59329,,Starlink,,não
59330,,Starlink,,não
59331,,Starlink,,não
59332,,Starlink,,não
59333,,Starlink,,não
59334,,Starlink,,não
59335,,Starlink,,não
59336,,Starlink,,não
59337,,Starlink,,não
59338,,Starlink,,não
59339,,Starlink,,não
59340,,Starlink,,não
59341,,Starlink,,não
59342,,Starlink,,não
59343,,Weather,,não
59346,,Geostationary,,não
59348,,Starlink,,não
59349,,Starlink,,não
59350,,Starlink,,não
59351,,Starlink,,não
59352,,Starlink,,não
59353,,Starlink,,não
59354,,Starlink,,não
59355,,Starlink,,não
59356,,Starlink,,não
59357,,Starlink,,não
59358,,Starlink,,não
59359,,Starlink,,não
59360,,Starlink,,não
59361,,Starlink,,não
59362,,Starlink,,não
59363,,Starlink,,não
59364,,Starlink,,não
59365,,Starlink,,não
59366,,Starlink,,não
59367,,Starlink,,não
59368,,Starlink,,não
59369,,Starlink,,não
59370,,Starlink,,não
59374,,Starlink,,não
59375,,Starlink,,não
59376,,Starlink,,não
59377,,Starlink,,não
59378,,Starlink,,não
59379,,Starlink,,não
59380,,Starlink,,não
59381,,Starlink,,não
59382,,Starlink,,não
59384,,Starlink,,não
59385,,Starlink,,não
59386,,Starlink,,não
59387,,Starlink,,não
59388,,Starlink,,não
59389,,Starlink,,não
59390,,Starlink,,não
59391,,Starlink,,não
59392,,Starlink,,não
59393,,Starlink,,não
59394,,Starlink,,não
59397,,Starlink,,não
59398,,Starlink,,não
59399,,Starlink,,não
59400,,Starlink,,não
59401,,Starlink,,não
59402,,Starlink,,não
59403,,Starlink,,não
59404,,Starlink,,não
59405,,Starlink,,não
59406,,Starlink,,não
59407,,Starlink,,não
59409,,Starlink,,não
59410,,Starlink,,não
59411,,Starlink,,não
59412,,Starlink,,não
59413,,Starlink,,não
59414,,Starlink,,não
59415,,Starlink,,não
59416,,Starlink,,não
59417,,Starlink,,não
59418,,Starlink,,não
59419,,Starlink,,não
59420,,Starlink,,não
59421,,Starlink,,não
59422,,Starlink,,não
59423,,Starlink,,não
59424,,Starlink,,não
59425,,Starlink,,não
59426,,Starlink,,não
59427,,Starlink,,não
59429,,Starlink,,não
59430,,Starlink,,não
59431,,Starlink,,não
59432,,Starlink,,não
59433,,Starlink,,não
59434,,Starlink,,não
59435,,Starlink,,não
59436,,Starlink,,não
59437,,Starlink,,não
59438,,Starlink,,não
59439,,Starlink,,não
59441,,Starlink,,não
59451,,Amateur radio,,não
59453,,Military,,não
59481,,Weather,,não
59481,,Military,,não
59534,,Starlink,,não
59535,,Starlink,,não
59536,,Starlink,,não
59537,,Starlink,,não
59539,,Starlink,,não
59540,,Starlink,,não
59541,,Starlink,,não
59542,,Starlink,,não
59543,,Starlink,,não
59544,,Starlink,,não
59545,,Starlink,,não
59546,,Starlink,,não
59547,,Starlink,,não
59548,,Starlink,,não
59549,,Starlink,,não
59550,,Starlink,,não
59551,,Starlink,,não
59552,,Starlink,,não
59553,,Starlink,,não
59554,,Starlink,,não
59555,,Starlink,,não
59556,,Starlink,,não
59557,,Yaogan,,não
59564,,Starlink,,não
59565,,Starlink,,não
59566,,Starlink,,não
59567,,Starlink,,não
59568,,Starlink,,não
59569,,Starlink,,não
59570,,Starlink,,não
59571,,Starlink,,não
59572,,Starlink,,não
59573,,Starlink,,não
59574,,Starlink,,não
59575,,Starlink,,não
59576,,Starlink,,não
59577,,Starlink,,não
59578,,Starlink,,não
59579,,Starlink,,não
59580,,Starlink,,não
59581,,Starlink,,não
59582,,Starlink,,não
59583,,Starlink,,não
59584,,Starlink,,não
59585,,Starlink,,não
59586,,Starlink,,não
59588,,Amateur radio,,não
59598,,Galileo,,não
59600,,Galileo,,não
59601,,Starlink,,não
59602,,Starlink,,não
59603,,Starlink,,não
59604,,Starlink,,não
59605,,Starlink,,não
59606,,Starlink,,não
59607,,Starlink,,não
59608,,Starlink,,não
59609,,Starlink,,não
59610,,Starlink,,não
59611,,Starlink,,não
59612,,Starlink,,não
59613,,Starlink,,não
59614,,Starlink,,não
59616,,Starlink,,não
59617,,Starlink,,não
59618,,Starlink,,não
59619,,Starlink,,não
59621,,Starlink,,não
59622,,Starlink,,não
59623,,Starlink,,não
59631,,Starlink,,não
59632,,Starlink,,não
59633,,Starlink,,não
59634,,Starlink,,não
59635,,Starlink,,não
59636,,Starlink,,não
59637,,Starlink,,não
59638,,Starlink,,não
59639,,Starlink,,não
59640,,Starlink,,não
59641,,Starlink,,não
59642,,Starlink,,não
59643,,Starlink,,não
59644,,Starlink,,não
59645,,Starlink,,não
59646,,Starlink,,não
59647,,Starlink,,não
59650,,Starlink,,não
59651,,Starlink,,não
59652,,Starlink,,não
59653,,Starlink,,não
59654,,Starlink,,não
59655,,Starlink,,não
59656,,Starlink,,não
59657,,Starlink,,não
59658,,Starlink,,não
59659,,Starlink,,não
59660,,Starlink,,não
59661,,Starlink,,não
59662,,Starlink,,não
59663,,Starlink,,não
59664,,Starlink,,não
59666,,Starlink,,não
59667,,Starlink,,não
59668,,Starlink,,não
59669,,Starlink,,não
59670,,Starlink,,não
59671,,Starlink,,não
59672,,Starlink,,não
59673,,Starlink,,não
59674,,Starlink,,não
59675,,Starlink,,não
59676,,Starlink,,não
59682,,Starlink,,não
59683,,Starlink,,não
59684,,Starlink,,não
59685,,Starlink,,não
59686,,Starlink,,não
59687,,Starlink,,não
59688,,Starlink,,não
59689,,Starlink,,não
59690,,Starlink,,não
59691,,Starlink,,não
59693,,Starlink,,não
59694,,Starlink,,não
59695,,Starlink,,não
59696,,Starlink,,não
59697,,Starlink,,não
59698,,Starlink,,não
59699,,Starlink,,não
59700,,Starlink,,não
59701,,Starlink,,não
59702,,Starlink,,não
59703,,Starlink,,não
59704,,Starlink,,não
59708,,Starlink,,não
59709,,Starlink,,não
59710,,Starlink,,não
59711,,Starlink,,não
59712,,Starlink,,não
59713,,Starlink,,não
59714,,Starlink,,não
59715,,Starlink,,não
59716,,Starlink,,não
59717,,Starlink,,não
59718,,Starlink,,não
59719,,Starlink,,não
59720,,Starlink,,não
59721,,Starlink,,não
59722,,Starlink,,não
59723,,Starlink,,não
59724,,Starlink,,não
59725,,Starlink,,não
59726,,Starlink,,não
59727,,Starlink,,não
59730,,Starlink,,não
59731,,Starlink,,não
59733,,Starlink,,não
59734,,Starlink,,não
59735,,Starlink,,não
59736,,Starlink,,não
59737,,Starlink,,não
59738,,Starlink,,não
59739,,Starlink,,não
59740,,Starlink,,não
59741,,Starlink,,não
59742,,Starlink,,não
59743,,Starlink,,não
59744,,Starlink,,não
59745,,Starlink,,não
59746,,Starlink,,não
59747,,Starlink,,não
59748,,Starlink,,não
59749,,Starlink,,não
59750,,Starlink,,não
59751,,Starlink,,não
59752,,Starlink,,não
59754,,Starlink,,não
59755,,Starlink,,não
59756,,Starlink,,não
59757,,Starlink,,não
59758,,Starlink,,não
59759,,Starlink,,não
59760,,Starlink,,não
59761,,Starlink,,não
59762,,Starlink,,não
59763,,Starlink,,não
59765,,Starlink,,não
59766,,Starlink,,não
59767,,Starlink,,não
59768,,Starlink,,não
59769,,Starlink,,não
59770,,Starlink,,não
59771,,Starlink,,não
59772,,Starlink,,não
59773,,Amateur radio,,não
59774,,Amateur radio,,não
59775,,Amateur radio,,não
59776,,Amateur radio,,não
59777,,Amateur radio,,não
59778,,Amateur radio,,não
59779,,Amateur radio,,não
59780,,Amateur radio,,não
59781,,Amateur radio,,não
59782,,Starlink,,não
59783,,Starlink,,não
59784,,Starlink,,não
59785,,Starlink,,não
59786,,Starlink,,não
59787,,Starlink,,não
59788,,Starlink,,não
59789,,Starlink,,não
59790,,Starlink,,não
59791,,Starlink,,não
59794,,Starlink,,não
59795,,Starlink,,não
59797,,Starlink,,não
59798,,Starlink,,não
59799,,Starlink,,não
59800,,Starlink,,não
59801,,Starlink,,não
59802,,Starlink,,não
59803,,Starlink,,não
59804,,Starlink,,não
59809,,Amateur radio,,não
59835,,Starlink,,não
59836,,Starlink,,não
59837,,Starlink,,não
59838,,Starlink,,não
59839,,Starlink,,não
59841,,Starlink,,não
59842,,Starlink,,não
59843,,Starlink,,não
59844,,Starlink,,não
59845,,Starlink,,não
59846,,Starlink,,não
59847,,Starlink,,não
59848,,Starlink,,não
59849,,Starlink,,não
59850,,Starlink,,não
59851,,Starlink,,não
59853,,Starlink,,não
59854,,Starlink,,não
59855,,Starlink,,não
59856,,Starlink,,não
59857,,Starlink,,não
59858,,Starlink,,não
59859,,Starlink,,não
59860,,Starlink,,não
59862,,Starlink,,não
59863,,Starlink,,não
59864,,Starlink,,não
59865,,Starlink,,não
59866,,Starlink,,não
59867,,Starlink,,não
59868,,Starlink,,não
59869,,Starlink,,não
59870,,Starlink,,não
59871,,Starlink,,não
59873,,Starlink,,não
59874,,Starlink,,não
59875,,Starlink,,não
59876,,Starlink,,não
59877,,Starlink,,não
59878,,Starlink,,não
59879,,Starlink,,não
59880,,Starlink,,não
59885,,Starlink,,não
59886,,Starlink,,não
59887,,Starlink,,não
59888,,Starlink,,não
59889,,Starlink,,não
59890,,Starlink,,não
59891,,Starlink,,não
59892,,Starlink,,não
59893,,Starlink,,não
59894,,Starlink,,não
59895,,Starlink,,não
59896,,Starlink,,não
59897,,Starlink,,não
59898,,Starlink,,não
59899,,Starlink,,não
59900,,Starlink,,não
59901,,Starlink,,não
59902,,Starlink,,não
59903,,Starlink,,não
59904,,Starlink,,não
59905,,Starlink,,não
59906,,Starlink,,não
59907,,Starlink,,não
59908,,Space & Earth Science,,não
59908,,Earth resources,,não
59915,,Geostationary,,não
59922,,Starlink,,não
59923,,Starlink,,não
59924,,Starlink,,não
59925,,Starlink,,não
59926,,Starlink,,não
59927,,Starlink,,não
59928,,Starlink,,não
59929,,Starlink,,não
59930,,Starlink,,não
59931,,Starlink,,não
59932,,Starlink,,não
59933,,Starlink,,não
59934,,Starlink,,não
59936,,Starlink,,não
59937,,Starlink,,não
59938,,Starlink,,não
59939,,Starlink,,não
59940,,Starlink,,não
59941,,Starlink,,não
59942,,Starlink,,não
59943,,Starlink,,não
59944,,Starlink,,não
59945,,Starlink,,não
59947,,Starlink,,não
59948,,Starlink,,não
59949,,Starlink,,não
59950,,Starlink,,não
59952,,Starlink,,não
59954,,Starlink,,não
59955,,Starlink,,não
59956,,Starlink,,não
59957,,Starlink,,não
59958,,Starlink,,não
59959,,Starlink,,não
59960,,Starlink,,não
59961,,Starlink,,não
59962,,Starlink,,não
59963,,Starlink,,não
59964,,Starlink,,não
60016,,Starlink,,não
60017,,Starlink,,não
60018,,Starlink,,não
60019,,Starlink,,não
60020,,Starlink,,não
60021,,Starlink,,não
60022,,Starlink,,não
60023,,Starlink,,não
60024,,Starlink,,não
60026,,Starlink,,não
60027,,Starlink,,não
60028,,Starlink,,não
60029,,Starlink,,não
60030,,Starlink,,não
60031,,Starlink,,não
60032,,Starlink,,não
60034,,Starlink,,não
60035,,Starlink,,não
60036,,Starlink,,não
60037,,Starlink,,não
60038,,Starlink,,não
60039,,Starlink,,não
60040,,Starlink,,não
60041,,Starlink,,não
60042,,Starlink,,não
60043,,Starlink,,não
60044,,Starlink,,não
60045,,Starlink,,não
60046,,Starlink,,não
60047,,Starlink,,não
60048,,Starlink,,não
60049,,Starlink,,não
60050,,Starlink,,não
60052,,Starlink,,não
60053,,Starlink,,não
60054,,Starlink,,não
60055,,Starlink,,não
60056,,Starlink,,não
60057,,Starlink,,não
60059,,Starlink,,não
60060,,Starlink,,não
60061,,Starlink,,não
60062,,Starlink,,não
60063,,Starlink,,não
60064,,Starlink,,não
60065,,Starlink,,não
60066,,Starlink,,não
60067,,Starlink,,não
60068,,Starlink,,não
60069,,Starlink,,não
60070,,Starlink,,não
60071,,Starlink,,não
60077,,Starlink,,não
60079,,Amateur radio,,não
60081,,Amateur radio,,não
60082,,Amateur radio,,não
60083,,Amateur radio,,não
60084,,Amateur radio,,não
60086,,Geostationary,,não
60091,,Starlink,,não
60092,,Starlink,,não
60093,,Starlink,,não
60094,,Starlink,,não
60095,,Starlink,,não
60096,,Starlink,,não
60097,,Starlink,,não
60098,,Starlink,,não
60099,,Starlink,,não
60100,,Starlink,,não
60101,,Starlink,,não
60102,,Starlink,,não
60103,,Starlink,,não
60104,,Starlink,,não
60105,,Starlink,,não
60106,,Starlink,,não
60107,,Starlink,,não
60108,,Starlink,,não
60109,,Starlink,,não
60110,,Starlink,,não
60111,,Starlink,,não
60112,,Starlink,,não
60113,,Starlink,,não
60114,,Starlink,,não
60115,,Starlink,,não
60116,,Starlink,,não
60117,,Starlink,,não
60118,,Starlink,,não
60119,,Starlink,,não
60120,,Starlink,,não
60121,,Starlink,,não
60122,,Starlink,,não
60123,,Starlink,,não
60124,,Starlink,,não
60125,,Starlink,,não
60126,,Starlink,,não
60127,,Starlink,,não
60128,,Starlink,,não
60129,,Starlink,,não
60130,,Starlink,,não
60131,,Starlink,,não
60132,,Starlink,,não
60133,,Geostationary,,não
60133,,Weather,,não
60133,,GOES,,não
60135,,Starlink,,não
60136,,Starlink,,não
60137,,Starlink,,não
60138,,Starlink,,não
60140,,Starlink,,não
60141,,Starlink,,não
60142,,Starlink,,não
60143,,Starlink,,não
60144,,Starlink,,não
60145,,Starlink,,não
60146,,Starlink,,não
60147,,Starlink,,não
60148,,Starlink,,não
60149,,Starlink,,não
60150,,Starlink,,não
60151,,Starlink,,não
60152,,Starlink,,não
60153,,Starlink,,não
60154,,Starlink,,não
60155,,Starlink,,não
60156,,Starlink,,não
60157,,Starlink,,não
60183,,Starlink,,não
60184,,Starlink,,não
60185,,Starlink,,não
60186,,Starlink,,não
60187,,Starlink,,não
60188,,Starlink,,não
60189,,Starlink,,não
60190,,Starlink,,não
60191,,Starlink,,não
60192,,Starlink,,não
60193,,Starlink,,não
60194,,Starlink,,não
60195,,Starlink,,não
60196,,Starlink,,não
60197,,Starlink,,não
60198,,Starlink,,não
60199,,Starlink,,não
60200,,Starlink,,não
60201,,Starlink,,não
60202,,Starlink,,não
60203,,Amateur radio,,não
60206,,Amateur radio,,não
60207,,Amateur radio,,não
60209,,Amateur radio,,não
60233,,Geostationary,,não
60235,,Amateur radio,,não
60236,,Amateur radio,,não
60237,,Amateur radio,,não
60238,,Amateur radio,,não
60239,,Amateur radio,,não
60240,,Amateur radio,,não
60241,,Amateur radio,,não
60242,,Amateur radio,,não
60243,,Amateur radio,,não
60246,,Amateur radio,,não
60255,,Starlink,,não
60256,,Starlink,,não
60257,,Starlink,,não
60258,,Starlink,,não
60259,,Starlink,,não
60260,,Starlink,,não
60261,,Starlink,,não
60262,,Starlink,,não
60263,,Starlink,,não
60264,,Starlink,,não
60265,,Starlink,,não
60266,,Starlink,,não
60267,,Starlink,,não
60268,,Starlink,,não
60269,,Starlink,,não
60270,,Starlink,,não
60271,,Starlink,,não
60272,,Starlink,,não
60273,,Starlink,,não
60274,,Starlink,,não
60275,,Starlink,,não
60276,,Starlink,,não
60277,,Starlink,,não
60278,,Starlink,,não
60279,,Starlink,,não
60280,,Starlink,,não
60281,,Starlink,,não
60282,,Starlink,,não
60283,,Starlink,,não
60284,,Starlink,,não
60285,,Starlink,,não
60286,,Starlink,,não
60287,,Starlink,,não
60288,,Starlink,,não
60289,,Starlink,,não
60290,,Starlink,,não
60291,,Starlink,,não
60292,,Starlink,,não
60293,,Starlink,,não
60294,,Starlink,,não
60295,,Starlink,,não
60296,,Starlink,,não
60297,,Starlink,,não
60298,,Starlink,,não
60299,,Starlink,,não
60300,,Starlink,,não
60301,,Starlink,,não
60302,,Starlink,,não
60303,,Starlink,,não
60304,,Starlink,,não
60305,,Starlink,,não
60306,,Starlink,,não
60307,,Starlink,,não
60308,,Starlink,,não
60309,,Starlink,,não
60310,,Starlink,,não
60312,,Starlink,,não
60313,,Starlink,,não
60314,,Starlink,,não
60315,,Starlink,,não
60316,,Starlink,,não
60317,,Starlink,,não
60318,,Starlink,,não
60319,,Starlink,,não
60320,,Starlink,,não
60321,,Starlink,,não
60329,,Starlink,,não
60330,,Starlink,,não
60331,,Starlink,,não
60332,,Starlink,,não
60333,,Starlink,,não
60334,,Starlink,,não
60335,,Starlink,,não
60336,,Starlink,,não
60338,,Starlink,,não
60339,,Starlink,,não
60340,,Starlink,,não
60341,,Starlink,,não
60342,,Starlink,,não
60343,,Starlink,,não
60344,,Starlink,,não
60345,,Starlink,,não
60346,,Starlink,,não
60347,,Starlink,,não
60348,,Starlink,,não
60349,,Starlink,,não
60350,,Starlink,,não
60351,,Starlink,,não
60355,,Starlink,,não
60356,,Starlink,,não
60358,,Starlink,,não
60359,,Starlink,,não
60360,,Starlink,,não
60361,,Starlink,,não
60362,,Starlink,,não
60363,,Starlink,,não
60364,,Starlink,,não
60365,,Starlink,,não
60366,,Starlink,,não
60367,,Starlink,,não
60368,,Starlink,,não
60370,,Starlink,,não
60371,,Starlink,,não
60372,,Starlink,,não
60373,,Starlink,,não
60374,,Starlink,,não
60375,,Starlink,,não
60376,,Starlink,,não
60377,,Starlink,,não
60379,,Qianfan,,não
60380,,Qianfan,,não
60381,,Qianfan,,não
60382,,Qianfan,,não
60383,,Qianfan,,não
60384,,Qianfan,,não
60385,,Qianfan,,não
60386,,Qianfan,,não
60387,,Qianfan,,não
60388,,Qianfan,,não
60389,,Qianfan,,não
60390,,Qianfan,,não
60391,,Qianfan,,não
60392,,Qianfan,,não
60393,,Qianfan,,não
60394,,Qianfan,,não
60395,,Qianfan,,não
60396,,Qianfan,,não
60398,,Starlink,,não
60399,,Starlink,,não
60400,,Starlink,,não
60401,,Starlink,,não
60402,,Starlink,,não
60403,,Starlink,,não
60404,,Starlink,,não
60405,,Starlink,,não
60406,,Starlink,,não
60407,,Starlink,,não
60408,,Starlink,,não
60409,,Starlink,,não
60410,,Starlink,,não
60411,,Starlink,,não
60412,,Starlink,,não
60413,,Starlink,,não
60414,,Starlink,,não
60415,,Starlink,,não
60416,,Starlink,,não
60417,,Starlink,,não
60418,,Starlink,,não
60425,,Starlink,,não
60426,,Starlink,,não
60427,,Starlink,,não
60428,,Starlink,,não
60429,,Starlink,,não
60430,,Starlink,,não
60431,,Starlink,,não
60432,,Starlink,,não
60433,,Starlink,,não
60434,,Starlink,,não
60435,,Starlink,,não
60436,,Starlink,,não
60437,,Starlink,,não
60438,,Starlink,,não
60439,,Starlink,,não
60440,,Starlink,,não
60441,,Starlink,,não
60442,,Starlink,,não
60443,,Starlink,,não
60444,,Starlink,,não
60445,,Starlink,,não
60446,,Starlink,,não
60447,,Starlink,,não
60454,,Amateur radio,,não
60458,,Yaogan,,não
60459,,Yaogan,,não
60460,,Yaogan,,não
60461,,Yaogan,,não
60462,,Yaogan,,não
60463,,Yaogan,,não
60464,,Yaogan,,não
60465,,Yaogan,,não
60466,,Yaogan,,não
60469,,Amateur radio,,não
60471,,Lemur,,não
60472,,Amateur radio,,não
60475,,Amateur radio,,não
60476,,Amateur radio,,não
60478,,Amateur radio,,não
60480,,Flock,,não
60481,,Flock,,não
60486,,Flock,,não
60487,,Flock,,não
60488,,Flock,,não
60489,,Flock,,não
60490,,Flock,,não
60491,,Flock,,não
60492,,Flock,,não
60494,,Flock,,não
60495,,Flock,,não
60497,,Flock,,não
60501,,Flock,,não
60505,,Flock,,não
60509,,Flock,,não
60511,,Flock,,não
60512,,Flock,,não
60513,,Flock,,não
60514,,Flock,,não
60516,,Flock,,não
60517,,Flock,,não
60518,,Flock,,não
60519,,Flock,,não
60520,,Amateur radio,,não
60522,,Amateur radio,,não
60524,,Amateur radio,,não
60525,,Amateur radio,,não
60526,,Amateur radio,,não
60527,,Amateur radio,,não
60528,,Amateur radio,,não
60530,,Amateur radio,,não
60533,,Lemur,,não
60534,,Amateur radio,,não
60535,,Amateur radio,,não
60536,,Lemur,,não
60538,,Amateur radio,,não
60539,,Amateur radio,,não
60542,,Amateur radio,,não
60546,,Amateur radio,,não
60548,,Amateur radio,,não
60549,,Amateur radio,,não
60551,,Amateur radio,,não
60552,,Amateur radio,,não
60553,,Amateur radio,,não
60554,,Amateur radio,,não
60555,,Amateur radio,,não
60556,,Amateur radio,,não
60559,,Flock,,não
60561,,Flock,,não
60563,,Flock,,não
60565,,Amateur radio,,não
60573,,Amateur radio,,não
60576,,Lemur,,não
60577,,Lemur,,não
60578,,Lemur,,não
60579,,Lemur,,não
60580,,Amateur radio,,não
60583,,Starlink,,não
60584,,Starlink,,não
60585,,Starlink,,não
60586,,Starlink,,não
60587,,Starlink,,não
60588,,Starlink,,não
60589,,Starlink,,não
60590,,Starlink,,não
60591,,Starlink,,não
60592,,Starlink,,não
60593,,Starlink,,não
60594,,Starlink,,não
60595,,Starlink,,não
60596,,Starlink,,não
60597,,Starlink,,não
60598,,Starlink,,não
60599,,Starlink,,não
60600,,Starlink,,não
60601,,Starlink,,não
60602,,Starlink,,não
60603,,Starlink,,não
60604,,Starlink,,não
60606,,Geostationary,,não
60720,,Starlink,,não
60721,,Starlink,,não
60722,,Starlink,,não
60723,,Starlink,,não
60724,,Starlink,,não
60725,,Starlink,,não
60726,,Starlink,,não
60727,,Starlink,,não
60728,,Starlink,,não
60729,,Starlink,,não
60730,,Starlink,,não
60731,,Starlink,,não
60732,,Starlink,,não
60733,,Starlink,,não
60734,,Starlink,,não
60737,,Starlink,,não
60738,,Starlink,,não
60739,,Starlink,,não
60740,,Starlink,,não
60903,,Starlink,,não
60904,,Starlink,,não
60905,,Starlink,,não
60906,,Starlink,,não
60907,,Starlink,,não
60908,,Starlink,,não
60909,,Starlink,,não
60910,,Starlink,,não
60911,,Starlink,,não
60912,,Starlink,,não
60913,,Starlink,,não
60915,,Starlink,,não
60916,,Starlink,,não
60917,,Starlink,,não
60918,,Starlink,,não
60919,,Starlink,,não
60920,,Starlink,,não
60921,,Starlink,,não
60922,,Starlink,,não
60923,,Starlink,,não
60924,,Starlink,,não
60925,,Starlink,,não
60926,,Starlink,,não
60927,,Starlink,,não
60928,,Starlink,,não
60929,,Starlink,,não
60930,,Starlink,,não
60931,,Starlink,,não
60932,,Starlink,,não
60933,,Starlink,,não
60934,,Starlink,,não
60935,,Starlink,,não
60936,,Starlink,,não
60937,,Starlink,,não
60939,,Starlink,,não
60940,,Starlink,,não
60941,,Starlink,,não
60942,,Starlink,,não
60943,,Starlink,,não
60944,,Starlink,,não
60945,,Yaogan,,não
60946,,Yaogan,,não
60947,,Yaogan,,não
60948,,Yaogan,,não
60949,,Yaogan,,não
60950,,Yaogan,,não
60989,,Earth resources,,não
60991,,Starlink,,não
60992,,Starlink,,não
60993,,Starlink,,não
60994,,Starlink,,não
60995,,Starlink,,não
60996,,Starlink,,não
60997,,Starlink,,não
60998,,Starlink,,não
60999,,Starlink,,não
61000,,Starlink,,não
61001,,Starlink,,não
61002,,Starlink,,não
61003,,Starlink,,não
61004,,Starlink,,não
61005,,Starlink,,não
61006,,Starlink,,não
61007,,Starlink,,não
61008,,Starlink,,não
61010,,Starlink,,não
61045,,Amateur radio,,não
61046,,Amateur radio,,não
61047,,Amateur radio,,não
61048,,Amateur radio,,não
61049,,Amateur radio,,não
61050,,Starlink,,não
61051,,Starlink,,não
61053,,Starlink,,não
61054,,Starlink,,não
61055,,Starlink,,não
61056,,Starlink,,não
61057,,Starlink,,não
61058,,Starlink,,não
61059,,Starlink,,não
61060,,Starlink,,não
61061,,Starlink,,não
61062,,Starlink,,não
61063,,Starlink,,não
61064,,Starlink,,não
61065,,Starlink,,não
61066,,Starlink,,não
61068,,Starlink,,não
61069,,Starlink,,não
61070,,Starlink,,não
61072,,Amateur radio,,não
61182,,Galileo,,não
61183,,Galileo,,não
61186,,Beidou,,não
61187,,Beidou,,não
61220,,Amateur radio,,não
61221,,Amateur radio,,não
61222,,Amateur radio,,não
61223,,Amateur radio,,não
61224,,Amateur radio,,não
61243,,Starlink,,não
61244,,Starlink,,não
61245,,Starlink,,não
61246,,Starlink,,não
61247,,Starlink,,não
61248,,Starlink,,não
61249,,Starlink,,não
61251,,Starlink,,não
61252,,Starlink,,não
61253,,Starlink,,não
61254,,Starlink,,não
61255,,Starlink,,não
61256,,Starlink,,não
61257,,Starlink,,não
61258,,Starlink,,não
61259,,Starlink,,não
61260,,Starlink,,não
61261,,Starlink,,não
61262,,Starlink,,não
61509,,Starlink,,não
61510,,Starlink,,não
61511,,Starlink,,não
61512,,Starlink,,não
61513,,Starlink,,não
61514,,Starlink,,não
61515,,Starlink,,não
61516,,Starlink,,não
61517,,Starlink,,não
61518,,Starlink,,não
61519,,Starlink,,não
61520,,Starlink,,não
61521,,Starlink,,não
61522,,Starlink,,não
61523,,Starlink,,não
61524,,Starlink,,não
61525,,Starlink,,não
61526,,Starlink,,não
61527,,Starlink,,não
61528,,Starlink,,não
61529,,Starlink,,não
61530,,Starlink,,não
61531,,Starlink,,não
61532,,Starlink,,não
61533,,Starlink,,não
61534,,Starlink,,não
61535,,Starlink,,não
61536,,Starlink,,não
61538,,Starlink,,não
61539,,Starlink,,não
61540,,Starlink,,não
61541,,Starlink,,não
61542,,Starlink,,não
61543,,Starlink,,não
61544,,Starlink,,não
61545,,Starlink,,não
61546,,Starlink,,não
61547,,Starlink,,não
61548,,Starlink,,não
61549,,Starlink,,não
61550,,Starlink,,não
61551,,Starlink,,não
61552,,Qianfan,,não
61553,,Qianfan,,não
61554,,Qianfan,,não
61555,,Qianfan,,não
61556,,Qianfan,,não
61557,,Qianfan,,não
61558,,Qianfan,,não
61559,,Qianfan,,não
61560,,Qianfan,,não
61561,,Qianfan,,não
61562,,Qianfan,,não
61563,,Qianfan,,não
61564,,Qianfan,,não
61565,,Qianfan,,não
61566,,Qianfan,,não
61567,,Qianfan,,não
61568,,Qianfan,,não
61569,,Qianfan,,não
61574,,Starlink,,não
61575,,Starlink,,não
61576,,Starlink,,não
61577,,Starlink,,não
61578,,Starlink,,não
61579,,Starlink,,não
61580,,Starlink,,não
61581,,Starlink,,não
61582,,Starlink,,não
61583,,Starlink,,não
61584,,Starlink,,não
61585,,Starlink,,não
61586,,Starlink,,não
61587,,Starlink,,não
61588,,Starlink,,não
61589,,Starlink,,não
61590,,Starlink,,não
61591,,Starlink,,não
61592,,Starlink,,não
61593,,Starlink,,não
61594,,OneWeb,,não
61595,,OneWeb,,não
61596,,OneWeb,,não
61597,,OneWeb,,não
61598,,OneWeb,,não
61599,,OneWeb,,não
61600,,OneWeb,,não
61601,,OneWeb,,não
61602,,OneWeb,,não
61603,,OneWeb,,não
61604,,OneWeb,,não
61605,,OneWeb,,não
61606,,OneWeb,,não
61607,,OneWeb,,não
61608,,OneWeb,,não
61609,,OneWeb,,não
61610,,OneWeb,,não
61611,,OneWeb,,não
61612,,OneWeb,,não
61613,,OneWeb,,não
61617,,Yaogan,,não
61618,,Yaogan,,não
61619,,Yaogan,,não
61621,,Starlink,,não
61622,,Starlink,,não
61623,,Starlink,,não
61624,,Starlink,,não
61625,,Starlink,,não
61626,,Starlink,,não
61627,,Starlink,,não
61628,,Starlink,,não
61629,,Starlink,,não
61630,,Starlink,,não
61631,,Starlink,,não
61632,,Starlink,,não
61633,,Starlink,,não
61634,,Starlink,,não
61635,,Starlink,,não
61636,,Starlink,,não
61637,,Starlink,,não
61638,,Starlink,,não
61639,,Starlink,,não
61640,,Starlink,,não
61641,,Starlink,,não
61642,,Starlink,,não
61643,,Starlink,,não
61661,,Starlink,,não
61662,,Starlink,,não
61663,,Starlink,,não
61664,,Starlink,,não
61665,,Starlink,,não
61666,,Starlink,,não
61667,,Starlink,,não
61668,,Starlink,,não
61669,,Starlink,,não
61670,,Starlink,,não
61671,,Starlink,,não
61672,,Starlink,,não
61673,,Starlink,,não
61674,,Starlink,,não
61675,,Starlink,,não
61676,,Starlink,,não
61677,,Starlink,,não
61678,,Starlink,,não
61679,,Starlink,,não
61680,,Starlink,,não
61681,,Starlink,,não
61682,,Starlink,,não
61687,,Starlink,,não
61688,,Starlink,,não
61689,,Starlink,,não
61690,,Starlink,,não
61691,,Starlink,,não
61692,,Starlink,,não
61693,,Starlink,,não
61694,,Starlink,,não
61695,,Starlink,,não
61696,,Starlink,,não
61697,,Starlink,,não
61699,,Starlink,,não
61700,,Starlink,,não
61701,,Starlink,,não
61702,,Starlink,,não
61704,,Starlink,,não
61705,,Starlink,,não
61706,,Starlink,,não
61707,,Starlink,,não
61708,,Starlink,,não
61709,,Starlink,,não
61710,,Starlink,,não
61711,,Starlink,,não
61712,,Starlink,,não
61713,,Starlink,,não
61714,,Starlink,,não
61715,,Starlink,,não
61716,,Starlink,,não
61717,,Starlink,,não
61718,,Starlink,,não
61719,,Starlink,,não
61720,,Starlink,,não
61721,,Starlink,,não
61722,,Starlink,,não
61723,,Starlink,,não
61724,,Starlink,,não
61725,,Starlink,,não
61726,,Starlink,,não
61727,,Starlink,,não
61728,,Starlink,,não
61729,,Starlink,,não
61737,,Amateur radio,,não
61738,,Amateur radio,,não
61739,,Amateur radio,,não
61740,,Amateur radio,,não
61741,,Amateur radio,,não
61742,,Amateur radio,,não
61743,,Amateur radio,,não
61744,,Amateur radio,,não
61745,,Amateur radio,,não
61746,,Amateur radio,,não
61747,,Amateur radio,,não
61748,,Amateur radio,,não
61749,,Amateur radio,,não
61750,,Amateur radio,,não
61751,,Amateur radio,,não
61752,,Amateur radio,,não
61753,,Amateur radio,,não
61754,,Amateur radio,,não
61755,,Amateur radio,,não
61756,,Amateur radio,,não
61758,,Amateur radio,,não
61759,,Amateur radio,,não
61760,,Amateur radio,,não
61761,,Amateur radio,,não
61763,,Amateur radio,,não
61764,,Amateur radio,,não
61768,,Amateur radio,,não
61769,,Amateur radio,,não
61771,,Amateur radio,,não
61773,,Amateur radio,,não
61774,,Amateur radio,,não
61775,,Amateur radio,,não
61776,,Amateur radio,,não
61777,,Amateur radio,,não
61778,,Amateur radio,,não
61779,,Amateur radio,,não
61780,,Amateur radio,,não
61781,,Amateur radio,,não
61784,,Amateur radio,,não
61785,,Amateur radio,,não
61786,,Amateur radio,,não
61787,,Amateur radio,,não
61788,,Amateur radio,,não
61789,,Amateur radio,,não
61790,,Amateur radio,,não
61845,,Starlink,,não
61846,,Starlink,,não
61847,,Starlink,,não
61848,,Starlink,,não
61849,,Starlink,,não
61850,,Starlink,,não
61851,,Starlink,,não
61852,,Starlink,,não
61853,,Starlink,,não
61854,,Starlink,,não
61855,,Starlink,,não
61856,,Starlink,,não
61857,,Starlink,,não
61858,,Starlink,,não
61859,,Starlink,,não
61860,,Starlink,,não
61861,,Starlink,,não
61862,,Starlink,,não
61863,,Starlink,,não
61864,,Starlink,,não
61865,,Starlink,,não
61866,,Starlink,,não
61867,,Starlink,,não
61874,,Starlink,,não
61875,,Starlink,,não
61877,,Starlink,,não
61878,,Starlink,,não
61879,,Starlink,,não
61880,,Starlink,,não
61881,,Starlink,,não
61882,,Starlink,,não
61883,,Starlink,,não
61884,,Starlink,,não
61885,,Starlink,,não
61886,,Starlink,,não
61887,,Starlink,,não
61888,,Starlink,,não
61889,,Starlink,,não
61890,,Starlink,,não
61891,,Starlink,,não
61892,,Starlink,,não
61893,,Starlink,,não
61912,,Starlink,,não
61913,,Starlink,,não
61914,,Starlink,,não
61916,,Starlink,,não
61917,,Starlink,,não
61918,,Starlink,,não
61919,,Starlink,,não
61920,,Starlink,,não
61921,,Starlink,,não
61922,,Starlink,,não
61923,,Starlink,,não
61924,,Starlink,,não
61925,,Starlink,,não
61926,,Starlink,,não
61927,,Starlink,,não
61928,,Starlink,,não
61929,,Starlink,,não
61930,,Starlink,,não
61931,,Starlink,,não
61932,,Starlink,,não
61933,,Starlink,,não
61935,,Starlink,,não
61939,,Starlink,,não
61940,,Starlink,,não
61941,,Starlink,,não
61942,,Starlink,,não
61943,,Starlink,,não
61944,,Starlink,,não
61945,,Starlink,,não
61946,,Starlink,,não
61947,,Starlink,,não
61948,,Starlink,,não
61949,,Starlink,,não
61950,,Starlink,,não
61951,,Starlink,,não
61952,,Starlink,,não
61953,,Starlink,,não
61954,,Starlink,,não
61955,,Starlink,,não
61956,,Starlink,,não
61957,,Starlink,,não
61958,,Starlink,,não
61959,,Starlink,,não
61960,,Starlink,,não
61961,,Starlink,,não
61962,,Starlink,,não
61963,,Starlink,,não
61964,,Starlink,,não
61965,,Starlink,,não
61966,,Starlink,,não
61967,,Starlink,,não
61968,,Starlink,,não
61969,,Starlink,,não
61970,,Starlink,,não
61971,,Starlink,,não
61972,,Starlink,,não
61973,,Starlink,,não
61974,,Starlink,,não
61975,,Starlink,,não
61976,,Starlink,,não
61977,,Starlink,,não
61978,,Starlink,,não
61979,,Starlink,,não
61980,,Starlink,,não
61981,,Starlink,,não
61982,,Starlink,,não
62006,,Geostationary,,não
62008,,Starlink,,não
62009,,Starlink,,não
62010,,Starlink,,não
62011,,Starlink,,não
62012,,Starlink,,não
62013,,Starlink,,não
62014,,Starlink,,não
62015,,Starlink,,não
62016,,Starlink,,não
62017,,Starlink,,não
62018,,Starlink,,não
62019,,Starlink,,não
62020,,Starlink,,não
62021,,Starlink,,não
62022,,Starlink,,não
62023,,Starlink,,não
62024,,Starlink,,não
62025,,Starlink,,não
62026,,Starlink,,não
62027,,Starlink,,não
62032,,Starlink,,não
62033,,Starlink,,não
62034,,Starlink,,não
62035,,Starlink,,não
62036,,Starlink,,não
62037,,Starlink,,não
62039,,Starlink,,não
62040,,Starlink,,não
62041,,Starlink,,não
62042,,Starlink,,não
62043,,Starlink,,não
62044,,Starlink,,não
62045,,Starlink,,não
62046,,Starlink,,não
62047,,Starlink,,não
62048,,Starlink,,não
62049,,Starlink,,não
62050,,Starlink,,não
62051,,Starlink,,não
62052,,Starlink,,não
62053,,Starlink,,não
62054,,Starlink,,não
62055,,Starlink,,não
62057,,Starlink,,não
62058,,Starlink,,não
62059,,Starlink,,não
62060,,Starlink,,não
62061,,Starlink,,não
62062,,Starlink,,não
62063,,Starlink,,não
62064,,Starlink,,não
62065,,Starlink,,não
62066,,Starlink,,não
62067,,Starlink,,não
62068,,Starlink,,não
62069,,Starlink,,não
62070,,Starlink,,não
62071,,Starlink,,não
62072,,Starlink,,não
62073,,Starlink,,não
62074,,Starlink,,não
62075,,Starlink,,não
62076,,Starlink,,não
62081,,Amateur radio,,não
62082,,Amateur radio,,não
62083,,Amateur radio,,não
62084,,Amateur radio,,não
62085,,Amateur radio,,não
62088,,Starlink,,não
62089,,Starlink,,não
62090,,Starlink,,não
62091,,Starlink,,não
62092,,Starlink,,não
62093,,Starlink,,não
62094,,Starlink,,não
62095,,Starlink,,não
62096,,Starlink,,não
62097,,Starlink,,não
62098,,Starlink,,não
62099,,Starlink,,não
62100,,Starlink,,não
62101,,Starlink,,não
62102,,Starlink,,não
62103,,Starlink,,não
62104,,Starlink,,não
62107,,Starlink,,não
62108,,Starlink,,não
62109,,Starlink,,não
62110,,Starlink,,não
62114,,Starlink,,não
62115,,Starlink,,não
62116,,Starlink,,não
62117,,Starlink,,não
62118,,Starlink,,não
62119,,Starlink,,não
62120,,Starlink,,não
62121,,Starlink,,não
62122,,Starlink,,não
62123,,Starlink,,não
62124,,Starlink,,não
62125,,Starlink,,não
62126,,Starlink,,não
62127,,Starlink,,não
62128,,Starlink,,não
62129,,Starlink,,não
62130,,Starlink,,não
62131,,Starlink,,não
62132,,Starlink,,não
62133,,Starlink,,não
62134,,Starlink,,não
62135,,Starlink,,não
62136,,Starlink,,não
62137,,Starlink,,não
62139,,Starlink,,não
62140,,Starlink,,não
62141,,Starlink,,não
62142,,Starlink,,não
62143,,Starlink,,não
62144,,Starlink,,não
62145,,Starlink,,não
62146,,Starlink,,não
62147,,Starlink,,não
62148,,Starlink,,não
62149,,Starlink,,não
62150,,Starlink,,não
62151,,Starlink,,não
62152,,Starlink,,não
62153,,Starlink,,não
62154,,Starlink,,não
62155,,Starlink,,não
62156,,Starlink,,não
62157,,Starlink,,não
62158,,Starlink,,não
62159,,Starlink,,não
62160,,Starlink,,não
62161,,Starlink,,não
62162,,Starlink,,não
62165,,Starlink,,não
62166,,Starlink,,não
62167,,Starlink,,não
62168,,Starlink,,não
62169,,Starlink,,não
62170,,Starlink,,não
62171,,Starlink,,não
62172,,Starlink,,não
62173,,Starlink,,não
62174,,Starlink,,não
62175,,Starlink,,não
62176,,Starlink,,não
62177,,Starlink,,não
62178,,Starlink,,não
62179,,Starlink,,não
62180,,Starlink,,não
62181,,Starlink,,não
62182,,Starlink,,não
62183,,Starlink,,não
62184,,Starlink,,não
62192,,Starlink,,não
62193,,Starlink,,não
62194,,Starlink,,não
62195,,Starlink,,não
62196,,Starlink,,não
62197,,Starlink,,não
62198,,Starlink,,não
62199,,Starlink,,não
62200,,Starlink,,não
62201,,Starlink,,não
62202,,Starlink,,não
62203,,Starlink,,não
62204,,Starlink,,não
62205,,Starlink,,não
62206,,Starlink,,não
62207,,Starlink,,não
62208,,Starlink,,não
62209,,Starlink,,não
62210,,Starlink,,não
62211,,Starlink,,não
62212,,Starlink,,não
62213,,Starlink,,não
62214,,Starlink,,não
62215,,Starlink,,não
62218,,Starlink,,não
62219,,Starlink,,não
62220,,Starlink,,não
62221,,Starlink,,não
62222,,Starlink,,não
62223,,Starlink,,não
62224,,Starlink,,não
62225,,Starlink,,não
62226,,Starlink,,não
62227,,Starlink,,não
62228,,Starlink,,não
62229,,Starlink,,não
62230,,Starlink,,não
62231,,Starlink,,não
62232,,Starlink,,não
62233,,Starlink,,não
62234,,Starlink,,não
62235,,Starlink,,não
62236,,Starlink,,não
62238,,Qianfan,,não
62239,,Qianfan,,não
62240,,Qianfan,,não
62241,,Qianfan,,não
62242,,Qianfan,,não
62243,,Qianfan,,não
62244,,Qianfan,,não
62245,,Qianfan,,não
62246,,Qianfan,,não
62247,,Qianfan,,não
62248,,Qianfan,,não
62249,,Qianfan,,não
62250,,Qianfan,,não
62251,,Qianfan,,não
62252,,Qianfan,,não
62253,,Qianfan,,não
62254,,Qianfan,,não
62255,,Qianfan,,não
62259,,XM and Sirius,,não
62262,,Starlink,,não
62267,,Starlink,,não
62268,,Starlink,,não
62269,,Starlink,,não
62270,,Starlink,,não
62271,,Starlink,,não
62272,,Starlink,,não
62273,,Starlink,,não
62274,,Starlink,,não
62275,,Starlink,,não
62276,,Starlink,,não
62277,,Starlink,,não
62278,,Starlink,,não
62279,,Starlink,,não
62280,,Starlink,,não
62281,,Starlink,,não
62282,,Starlink,,não
62283,,Starlink,,não
62284,,Starlink,,não
62285,,Starlink,,não
62286,,Starlink,,não
62287,,Starlink,,não
62288,,Starlink,,não
62289,,Starlink,,não
62301,,Starlink,,não
62302,,Starlink,,não
62303,,Starlink,,não
62304,,Starlink,,não
62305,,Starlink,,não
62306,,Starlink,,não
62307,,Starlink,,não
62308,,Starlink,,não
62309,,Starlink,,não
62310,,Starlink,,não
62311,,Starlink,,não
62312,,Starlink,,não
62313,,Starlink,,não
62314,,Starlink,,não
62315,,Starlink,,não
62316,,Starlink,,não
62317,,Starlink,,não
62319,,Starlink,,não
62320,,Starlink,,não
62321,,Starlink,,não
62322,,Starlink,,não
62339,,GPS Operational,,não
62339,,Global Positioning System (GPS) Constellation,,não
62377,,Amateur radio,,não
62378,,Amateur radio,,não
62383,,Amateur radio,,não
62384,,Amateur radio,,não
62388,,Amateur radio,,não
62389,,Amateur radio,,não
62400,,Amateur radio,,não
62401,,Amateur radio,,não
62402,,Amateur radio,,não
62406,,Amateur radio,,não
62409,,Starlink,,não
62410,,Starlink,,não
62411,,Starlink,,não
62413,,Starlink,,não
62414,,Starlink,,não
62415,,Starlink,,não
62416,,Starlink,,não
62417,,Starlink,,não
62418,,Starlink,,não
62420,,Starlink,,não
62421,,Starlink,,não
62422,,Starlink,,não
62423,,Starlink,,não
62424,,Starlink,,não
62425,,Starlink,,não
62426,,Starlink,,não
62427,,Starlink,,não
62428,,Starlink,,não
62429,,Starlink,,não
62432,,Starlink,,não
62433,,Starlink,,não
62434,,Starlink,,não
62435,,Starlink,,não
62436,,Starlink,,não
62437,,Starlink,,não
62438,,Starlink,,não
62439,,Starlink,,não
62440,,Starlink,,não
62441,,Starlink,,não
62442,,Starlink,,não
62443,,Starlink,,não
62444,,Starlink,,não
62445,,Starlink,,não
62446,,Starlink,,não
62448,,Starlink,,não
62449,,Starlink,,não
62450,,Starlink,,não
62451,,Starlink,,não
62452,,Starlink,,não
62453,,Starlink,,não
62459,,Amateur radio,,não
62460,,Amateur radio,,não
62462,,Starlink,,não
62463,,Starlink,,não
62465,,Starlink,,não
62466,,Starlink,,não
62467,,Starlink,,não
62468,,Starlink,,não
62469,,Starlink,,não
62470,,Starlink,,não
62471,,Starlink,,não
62472,,Starlink,,não
62473,,Starlink,,não
62474,,Starlink,,não
62475,,Starlink,,não
62476,,Starlink,,não
62477,,Starlink,,não
62478,,Starlink,,não
62479,,Starlink,,não
62480,,Starlink,,não
62481,,Starlink,,não
62482,,Starlink,,não
62487,,Starlink,,não
62488,,Starlink,,não
62489,,Starlink,,não
62490,,Starlink,,não
62491,,Starlink,,não
62492,,Starlink,,não
62493,,Starlink,,não
62494,,Starlink,,não
62495,,Starlink,,não
62496,,Starlink,,não
62497,,Starlink,,não
62498,,Starlink,,não
62499,,Starlink,,não
62500,,Starlink,,não
62501,,Starlink,,não
62502,,Starlink,,não
62503,,Starlink,,não
62504,,Starlink,,não
62505,,Starlink,,não
62506,,Starlink,,não
62507,,Starlink,,não
62508,,Starlink,,não
62509,,Starlink,,não
62510,,Starlink,,não
62511,,Starlink,,não
62512,,Starlink,,não
62513,,Starlink,,não
62514,,Starlink,,não
62515,,Starlink,,não
62516,,Starlink,,não
62517,,Starlink,,não
62518,,Starlink,,não
62519,,Starlink,,não
62520,,Starlink,,não
62521,,Starlink,,não
62522,,Starlink,,não
62523,,Starlink,,não
62524,,Starlink,,não
62525,,Starlink,,não
62526,,Starlink,,não
62527,,Starlink,,não
62528,,Starlink,,não
62529,,Starlink,,não
62530,,Starlink,,não
62531,,Starlink,,não
62554,,Starlink,,não
62555,,Starlink,,não
62556,,Starlink,,não
62557,,Starlink,,não
62558,,Starlink,,não
62559,,Starlink,,não
62560,,Starlink,,não
62561,,Starlink,,não
62562,,Starlink,,não
62563,,Starlink,,não
62564,,Starlink,,não
62565,,Starlink,,não
62566,,Starlink,,não
62567,,Starlink,,não
62568,,Starlink,,não
62569,,Starlink,,não
62570,,Starlink,,não
62571,,Starlink,,não
62572,,Starlink,,não
62573,,Starlink,,não
62574,,Starlink,,não
62587,,Starlink,,não
62588,,Starlink,,não
62589,,Starlink,,não
62590,,Starlink,,não
62591,,Starlink,,não
62592,,Starlink,,não
62593,,Starlink,,não
62595,,Starlink,,não
62597,,Starlink,,não
62598,,Starlink,,não
62599,,Starlink,,não
62600,,Starlink,,não
62601,,Starlink,,não
62602,,Starlink,,não
62603,,Starlink,,não
62604,,Starlink,,não
62605,,Starlink,,não
62606,,Starlink,,não
62607,,Starlink,,não
62611,,Amateur radio,,não
62616,,Amateur radio,,não
62619,,Amateur radio,,não
62621,,Amateur radio,,não
62628,,Amateur radio,,não
62630,,Amateur radio,,não
62633,,Flock,,não
62635,,Amateur radio,,não
62636,,Flock,,não
62637,,Amateur radio,,não
62638,,Flock,,não
62639,,Flock,,não
62641,,Flock,,não
62642,,Flock,,não
62644,,Amateur radio,,não
62645,,Flock,,não
62647,,Flock,,não
62652,,Flock,,não
62654,,Amateur radio,,não
62659,,Flock,,não
62660,,Flock,,não
62661,,Flock,,não
62663,,Flock,,não
62666,,Flock,,não
62667,,Flock,,não
62670,,Flock,,não
62671,,Amateur radio,,não
62675,,Flock,,não
62676,,Amateur radio,,não
62677,,Amateur radio,,não
62678,,Flock,,não
62679,,Flock,,não
62680,,Flock,,não
62681,,Flock,,não
62683,,Amateur radio,,não
62683,,Flock,,não
62685,,Flock,,não
62688,,Amateur radio,,não
62694,,Lemur,,não
62695,,Amateur radio,,não
62696,,Lemur,,não
62697,,Amateur radio,,não
62698,,Amateur radio,,não
62699,,Lemur,,não
62700,,Amateur radio,,não
62703,,Amateur radio,,não
62705,,Amateur radio,,não
62706,,Lemur,,não
62707,,Amateur radio,,não
62708,,Amateur radio,,não
62709,,Amateur radio,,não
62711,,Lemur,,não
62712,,Lemur,,não
62713,,Amateur radio,,não
62714,,Amateur radio,,não
62715,,Amateur radio,,não
62735,,Starlink,,não
62736,,Starlink,,não
62737,,Starlink,,não
62738,,Starlink,,não
62739,,Starlink,,não
62740,,Starlink,,não
62741,,Starlink,,não
62742,,Starlink,,não
62743,,Starlink,,não
62744,,Starlink,,não
62745,,Starlink,,não
62746,,Starlink,,não
62747,,Starlink,,não
62748,,Starlink,,não
62749,,Starlink,,não
62750,,Starlink,,não
62751,,Starlink,,não
62752,,Starlink,,não
62753,,Starlink,,não
62754,,Starlink,,não
62755,,Starlink,,não
62758,,Starlink,,não
62759,,Starlink,,não
62760,,Starlink,,não
62761,,Starlink,,não
62762,,Starlink,,não
62763,,Starlink,,não
62764,,Starlink,,não
62765,,Starlink,,não
62766,,Starlink,,não
62767,,Starlink,,não
62768,,Starlink,,não
62769,,Starlink,,não
62770,,Starlink,,não
62771,,Starlink,,não
62772,,Starlink,,não
62773,,Starlink,,não
62774,,Starlink,,não
62775,,Starlink,,não
62776,,Starlink,,não
62777,,Starlink,,não
62778,,Starlink,,não
62779,,Starlink,,não
62780,,Starlink,,não
62781,,Starlink,,não
62782,,Starlink,,não
62783,,Starlink,,não
62784,,Starlink,,não
62785,,Qianfan,,não
62786,,Qianfan,,não
62787,,Qianfan,,não
62788,,Qianfan,,não
62789,,Qianfan,,não
62790,,Qianfan,,não
62791,,Qianfan,,não
62792,,Qianfan,,não
62793,,Qianfan,,não
62794,,Qianfan,,não
62795,,Qianfan,,não
62796,,Qianfan,,não
62797,,Qianfan,,não
62798,,Qianfan,,não
62799,,Qianfan,,não
62800,,Qianfan,,não
62801,,Qianfan,,não
62802,,Qianfan,,não
62806,,Starlink,,não
62807,,Starlink,,não
62808,,Starlink,,não
62809,,Starlink,,não
62810,,Starlink,,não
62811,,Starlink,,não
62812,,Starlink,,não
62813,,Starlink,,não
62814,,Starlink,,não
62815,,Starlink,,não
62816,,Starlink,,não
62817,,Starlink,,não
62818,,Starlink,,não
62819,,Starlink,,não
62820,,Starlink,,não
62821,,Starlink,,não
62822,,Starlink,,não
62824,,Starlink,,não
62825,,Starlink,,não
62826,,Starlink,,não
62828,,Starlink,,não
62829,,Starlink,,não
62830,,Starlink,,não
62831,,Starlink,,não
62832,,Starlink,,não
62833,,Starlink,,não
62834,,Starlink,,não
62835,,Starlink,,não
62836,,Starlink,,não
62837,,Starlink,,não
62838,,Starlink,,não
62839,,Starlink,,não
62840,,Starlink,,não
62841,,Starlink,,não
62842,,Starlink,,não
62843,,Starlink,,não
62844,,Starlink,,não
62845,,Starlink,,não
62846,,Starlink,,não
62847,,Starlink,,não
62848,,Starlink,,não
62849,,Starlink,,não
62852,,Geostationary,,não
62854,,Starlink,,não
62855,,Starlink,,não
62856,,Starlink,,não
62857,,Starlink,,não
62858,,Starlink,,não
62859,,Starlink,,não
62860,,Starlink,,não
62861,,Starlink,,não
62862,,Starlink,,não
62863,,Starlink,,não
62864,,Starlink,,não
62865,,Starlink,,não
62866,,Starlink,,não
62867,,Starlink,,não
62868,,Starlink,,não
62869,,Starlink,,não
62870,,Starlink,,não
62871,,Starlink,,não
62872,,Starlink,,não
62873,,Starlink,,não
62874,,Starlink,,não
62875,,Starlink,,não
62879,,Starlink,,não
62880,,Starlink,,não
62881,,Starlink,,não
62882,,Starlink,,não
62883,,Starlink,,não
62884,,Starlink,,não
62885,,Starlink,,não
62886,,Starlink,,não
62887,,Starlink,,não
62888,,Starlink,,não
62889,,Starlink,,não
62890,,Starlink,,não
62891,,Starlink,,não
62892,,Starlink,,não
62893,,Starlink,,não
62894,,Starlink,,não
62895,,Starlink,,não
62896,,Starlink,,não
62897,,Starlink,,não
62898,,Starlink,,não
62899,,Starlink,,não
62907,,Starlink,,não
62908,,Starlink,,não
62909,,Starlink,,não
62910,,Starlink,,não
62911,,Starlink,,não
62912,,Starlink,,não
62913,,Starlink,,não
62914,,Starlink,,não
62915,,Starlink,,não
62916,,Starlink,,não
62917,,Starlink,,não
62918,,Starlink,,não
62919,,Starlink,,não
62920,,Starlink,,não
62921,,Starlink,,não
62922,,Starlink,,não
62923,,Starlink,,não
62924,,Starlink,,não
62925,,Starlink,,não
62926,,Starlink,,não
62927,,Starlink,,não
62929,,Amateur radio,,não
62930,,Amateur radio,,não
62931,,Amateur radio,,não
62932,,Amateur radio,,não
62934,,Amateur radio,,não
62948,,Starlink,,não
62949,,Starlink,,não
62950,,Starlink,,não
62951,,Starlink,,não
62952,,Starlink,,não
62953,,Starlink,,não
62954,,Starlink,,não
62955,,Starlink,,não
62956,,Starlink,,não
62957,,Starlink,,não
62958,,Starlink,,não
62959,,Starlink,,não
62960,,Starlink,,não
62961,,Starlink,,não
62962,,Starlink,,não
62963,,Starlink,,não
62964,,Starlink,,não
62965,,Starlink,,não
62966,,Starlink,,não
62967,,Starlink,,não
62968,,Starlink,,não
62969,,Starlink,,não
62970,,Starlink,,não
62981,,Starlink,,não
62982,,Starlink,,não
62983,,Starlink,,não
62984,,Starlink,,não
62985,,Starlink,,não
62986,,Starlink,,não
62987,,Starlink,,não
62988,,Starlink,,não
62989,,Starlink,,não
62990,,Starlink,,não
62991,,Starlink,,não
62992,,Starlink,,não
62993,,Starlink,,não
62994,,Starlink,,não
62995,,Starlink,,não
62996,,Starlink,,não
62997,,Starlink,,não
62998,,Starlink,,não
62999,,Starlink,,não
63000,,Starlink,,não
63001,,Starlink,,não
63005,,Starlink,,não
63006,,Starlink,,não
63007,,Starlink,,não
63008,,Starlink,,não
63009,,Starlink,,não
63010,,Starlink,,não
63011,,Starlink,,não
63012,,Starlink,,não
63013,,Starlink,,não
63014,,Starlink,,não
63015,,Starlink,,não
63016,,Starlink,,não
63017,,Starlink,,não
63018,,Starlink,,não
63019,,Starlink,,não
63020,,Starlink,,não
63021,,Starlink,,não
63022,,Starlink,,não
63023,,Starlink,,não
63024,,Starlink,,não
63025,,Starlink,,não
63029,,Starlink,,não
63030,,Starlink,,não
63031,,Starlink,,não
63032,,Starlink,,não
63033,,Starlink,,não
63034,,Starlink,,não
63035,,Starlink,,não
63036,,Starlink,,não
63037,,Starlink,,não
63038,,Starlink,,não
63039,,Starlink,,não
63040,,Starlink,,não
63041,,Starlink,,não
63042,,Starlink,,não
63043,,Starlink,,não
63044,,Starlink,,não
63045,,Starlink,,não
63046,,Starlink,,não
63047,,Starlink,,não
63048,,Starlink,,não
63049,,Starlink,,não
63050,,Starlink,,não
63051,,Starlink,,não
63052,,Starlink,,não
63053,,Starlink,,não
63054,,Starlink,,não
63055,,Starlink,,não
63056,,Starlink,,não
63057,,Starlink,,não
63058,,Starlink,,não
63059,,Starlink,,não
63060,,Starlink,,não
63061,,Starlink,,não
63062,,Starlink,,não
63063,,Starlink,,não
63064,,Starlink,,não
63065,,Starlink,,não
63066,,Starlink,,não
63067,,Starlink,,não
63068,,Starlink,,não
63069,,Starlink,,não
63070,,Starlink,,não
63071,,Starlink,,não
63072,,Starlink,,não
63073,,Starlink,,não
63074,,Starlink,,não
63075,,Geostationary,,não
63077,,Starlink,,não
63078,,Starlink,,não
63079,,Starlink,,não
63080,,Starlink,,não
63081,,Starlink,,não
63082,,Starlink,,não
63083,,Starlink,,não
63084,,Starlink,,não
63085,,Starlink,,não
63086,,Starlink,,não
63087,,Starlink,,não
63088,,Starlink,,não
63089,,Starlink,,não
63090,,Starlink,,não
63091,,Starlink,,não
63092,,Starlink,,não
63093,,Starlink,,não
63094,,Starlink,,não
63095,,Starlink,,não
63096,,Starlink,,não
63097,,Starlink,,não
63098,,Starlink,,não
63104,,Starlink,,não
63105,,Starlink,,não
63106,,Starlink,,não
63107,,Starlink,,não
63108,,Starlink,,não
63109,,Starlink,,não
63110,,Starlink,,não
63111,,Starlink,,não
63112,,Starlink,,não
63113,,Starlink,,não
63114,,Starlink,,não
63115,,Starlink,,não
63116,,Starlink,,não
63117,,Starlink,,não
63118,,Starlink,,não
63119,,Starlink,,não
63120,,Starlink,,não
63121,,Starlink,,não
63122,,Starlink,,não
63123,,Starlink,,não
63124,,Starlink,,não
63132,,Starlink,,não
63133,,Starlink,,não
63134,,Starlink,,não
63135,,Starlink,,não
63136,,Starlink,,não
63137,,Starlink,,não
63138,,Starlink,,não
63139,,Starlink,,não
63140,,Starlink,,não
63141,,Starlink,,não
63142,,Starlink,,não
63143,,Starlink,,não
63144,,Starlink,,não
63145,,Starlink,,não
63146,,Starlink,,não
63147,,Starlink,,não
63148,,Starlink,,não
63149,,Starlink,,não
63150,,Starlink,,não
63151,,Starlink,,não
63152,,Starlink,,não
63153,,Amateur radio,,não
63159,,Qianfan,,não
63160,,Qianfan,,não
63161,,Qianfan,,não
63162,,Qianfan,,não
63163,,Qianfan,,não
63164,,Qianfan,,não
63165,,Qianfan,,não
63166,,Qianfan,,não
63167,,Qianfan,,não
63168,,Qianfan,,não
63169,,Qianfan,,não
63170,,Qianfan,,não
63171,,Qianfan,,não
63172,,Qianfan,,não
63173,,Qianfan,,não
63174,,Qianfan,,não
63175,,Qianfan,,não
63176,,Qianfan,,não
63183,,Starlink,,não
63184,,Starlink,,não
63185,,Starlink,,não
63186,,Starlink,,não
63187,,Starlink,,não
63188,,Starlink,,não
63189,,Starlink,,não
63190,,Starlink,,não
63191,,Starlink,,não
63192,,Starlink,,não
63193,,Starlink,,não
63194,,Starlink,,não
63195,,Starlink,,não
63196,,Starlink,,não
63197,,Starlink,,não
63198,,Starlink,,não
63199,,Starlink,,não
63200,,Starlink,,não
63201,,Starlink,,não
63202,,Starlink,,não
63203,,Starlink,,não
63210,,Amateur radio,,não
63211,,Amateur radio,,não
63213,,Amateur radio,,não
63214,,Amateur radio,,não
63215,,Amateur radio,,não
63216,,Amateur radio,,não
63217,,Amateur radio,,não
63218,,Amateur radio,,não
63219,,Amateur radio,,não
63230,,Amateur radio,,não
63231,,Amateur radio,,não
63232,,Amateur radio,,não
63233,,Amateur radio,,não
63235,,Amateur radio,,não
63236,,Amateur radio,,não
63237,,Amateur radio,,não
63238,,Amateur radio,,não
63239,,Amateur radio,,não
63240,,Amateur radio,,não
63242,,Amateur radio,,não
63243,,Amateur radio,,não
63245,,Amateur radio,,não
63246,,Lemur,,não
63248,,Lemur,,não
63249,,Amateur radio,,não
63251,,Amateur radio,,não
63253,,Amateur radio,,não
63255,,Amateur radio,,não
63257,,Amateur radio,,não
63258,,Amateur radio,,não
63259,,Lemur,,não
63260,,Amateur radio,,não
63261,,Lemur,,não
63262,,Lemur,,não
63264,,Lemur,,não
63265,,Starlink,,não
63266,,Starlink,,não
63267,,Starlink,,não
63268,,Starlink,,não
63269,,Starlink,,não
63270,,Starlink,,não
63271,,Starlink,,não
63272,,Starlink,,não
63273,,Starlink,,não
63274,,Starlink,,não
63275,,Starlink,,não
63276,,Starlink,,não
63278,,Starlink,,não
63279,,Starlink,,não
63280,,Starlink,,não
63281,,Starlink,,não
63282,,Starlink,,não
63283,,Starlink,,não
63284,,Starlink,,não
63285,,Starlink,,não
63286,,Starlink,,não
63287,,Starlink,,não
63300,,Amateur radio,,não
63301,,Amateur radio,,não
63302,,Amateur radio,,não
63303,,Amateur radio,,não
63304,,Amateur radio,,não
63307,,Starlink,,não
63308,,Starlink,,não
63309,,Starlink,,não
63310,,Starlink,,não
63311,,Starlink,,não
63312,,Starlink,,não
63313,,Starlink,,não
63314,,Starlink,,não
63315,,Starlink,,não
63316,,Starlink,,não
63317,,Starlink,,não
63318,,Starlink,,não
63319,,Starlink,,não
63320,,Starlink,,não
63321,,Starlink,,não
63322,,Starlink,,não
63323,,Starlink,,não
63324,,Starlink,,não
63325,,Starlink,,não
63326,,Starlink,,não
63327,,Starlink,,não
63328,,Starlink,,não
63329,,Starlink,,não
63350,,Brightest,,não
63351,,Lemur,,não
63352,,Lemur,,não
63353,,Lemur,,não
63354,,Lemur,,não
63355,,Lemur,,não
63356,,Lemur,,não
63357,,Lemur,,não
63358,,Lemur,,não
63363,,Starlink,,não
63364,,Starlink,,não
63365,,Starlink,,não
63366,,Starlink,,não
63367,,Starlink,,não
63368,,Starlink,,não
63369,,Starlink,,não
63370,,Starlink,,não
63371,,Starlink,,não
63372,,Starlink,,não
63373,,Starlink,,não
63374,,Starlink,,não
63375,,Starlink,,não
63376,,Starlink,,não
63377,,Starlink,,não
63378,,Starlink,,não
63379,,Starlink,,não
63380,,Starlink,,não
63381,,Starlink,,não
63383,,Starlink,,não
63384,,Starlink,,não
63385,,Starlink,,não
63386,,Starlink,,não
63387,,Starlink,,não
63388,,Starlink,,não
63389,,Starlink,,não
63395,,Lemur,,não
63399,,Starlink,,não
63400,,Starlink,,não
63401,,Starlink,,não
63402,,Starlink,,não
63403,,Starlink,,não
63404,,Starlink,,não
63405,,Starlink,,não
63407,,Starlink,,não
63408,,Starlink,,não
63409,,Starlink,,não
63410,,Starlink,,não
63411,,Starlink,,não
63412,,Starlink,,não
63413,,Starlink,,não
63414,,Starlink,,não
63415,,Starlink,,não
63416,,Starlink,,não
63417,,Starlink,,não
63418,,Starlink,,não
63419,,Starlink,,não
63420,,Starlink,,não
63421,,Starlink,,não
63422,,Starlink,,não
63423,,Starlink,,não
63424,,Starlink,,não
63425,,Starlink,,não
63426,,Starlink,,não
63433,,Starlink,,não
63434,,Starlink,,não
63435,,Starlink,,não
63436,,Starlink,,não
63437,,Starlink,,não
63438,,Starlink,,não
63439,,Starlink,,não
63440,,Starlink,,não
63441,,Starlink,,não
63442,,Starlink,,não
63443,,Starlink,,não
63444,,Starlink,,não
63445,,Starlink,,não
63446,,Starlink,,não
63447,,Starlink,,não
63448,,Starlink,,não
63449,,Starlink,,não
63450,,Starlink,,não
63451,,Starlink,,não
63452,,Starlink,,não
63453,,Starlink,,não
63454,,Starlink,,não
63455,,Starlink,,não
63456,,Starlink,,não
63457,,Starlink,,não
63458,,Starlink,,não
63459,,Starlink,,não
63460,,Starlink,,não
63461,,Starlink,,não
63462,,Starlink,,não
63463,,Starlink,,não
63464,,Starlink,,não
63465,,Starlink,,não
63466,,Starlink,,não
63467,,Starlink,,não
63468,,Starlink,,não
63469,,Starlink,,não
63470,,Starlink,,não
63471,,Starlink,,não
63472,,Starlink,,não
63473,,Starlink,,não
63474,,Starlink,,não
63475,,Starlink,,não
63476,,Starlink,,não
63477,,Starlink,,não
63478,,Starlink,,não
63479,,Starlink,,não
63480,,Starlink,,não
63481,,Starlink,,não
63483,,Starlink,,não
63484,,Starlink,,não
63485,,Starlink,,não
63486,,Starlink,,não
63487,,Starlink,,não
63489,,Amateur radio,,não
63493,,Starlink,,não
63494,,Starlink,,não
63495,,Starlink,,não
63496,,Starlink,,não
63497,,Starlink,,não
63498,,Starlink,,não
63499,,Starlink,,não
63500,,Starlink,,não
63501,,Starlink,,não
63502,,Starlink,,não
63503,,Starlink,,não
63504,,Starlink,,não
63505,,Starlink,,não
63506,,Starlink,,não
63507,,Starlink,,não
63508,,Starlink,,não
63509,,Starlink,,não
63510,,Starlink,,não
63511,,Starlink,,não
63512,,Starlink,,não
63513,,Starlink,,não
63514,,Starlink,,não
63515,,Starlink,,não
63516,,Starlink,,não
63517,,Starlink,,não
63518,,Starlink,,não
63519,,Starlink,,não
63548,,Starlink,,não
63549,,Starlink,,não
63550,,Starlink,,não
63551,,Starlink,,não
63552,,Starlink,,não
63553,,Starlink,,não
63554,,Starlink,,não
63556,,Starlink,,não
63557,,Starlink,,não
63558,,Starlink,,não
63559,,Starlink,,não
63560,,Starlink,,não
63561,,Starlink,,não
63562,,Starlink,,não
63563,,Starlink,,não
63564,,Starlink,,não
63565,,Starlink,,não
63566,,Starlink,,não
63567,,Starlink,,não
63568,,Starlink,,não
63569,,Starlink,,não
63570,,Starlink,,não
63571,,Starlink,,não
63572,,Starlink,,não
63573,,Starlink,,não
63575,,Starlink,,não
63576,,Starlink,,não
63577,,Starlink,,não
63578,,Starlink,,não
63579,,Starlink,,não
63580,,Starlink,,não
63581,,Starlink,,não
63582,,Starlink,,não
63583,,Starlink,,não
63584,,Starlink,,não
63585,,Starlink,,não
63586,,Starlink,,não
63587,,Starlink,,não
63588,,Starlink,,não
63589,,Starlink,,não
63590,,Starlink,,não
63591,,Starlink,,não
63592,,Starlink,,não
63593,,Starlink,,não
63594,,Starlink,,não
63595,,Starlink,,não
63634,,Starlink,,não
63635,,Starlink,,não
63636,,Starlink,,não
63637,,Starlink,,não
63638,,Starlink,,não
63639,,Starlink,,não
63640,,Starlink,,não
63641,,Starlink,,não
63642,,Starlink,,não
63643,,Starlink,,não
63644,,Starlink,,não
63645,,Starlink,,não
63646,,Starlink,,não
63647,,Starlink,,não
63648,,Starlink,,não
63649,,Starlink,,não
63650,,Starlink,,não
63651,,Starlink,,não
63652,,Starlink,,não
63653,,Starlink,,não
63654,,Starlink,,não
63655,,Starlink,,não
63656,,Starlink,,não
63657,,Starlink,,não
63658,,Starlink,,não
63659,,Starlink,,não
63660,,Starlink,,não
63661,,Starlink,,não
63664,,Starlink,,não
63665,,Starlink,,não
63667,,Starlink,,não
63668,,Starlink,,não
63669,,Starlink,,não
63670,,Starlink,,não
63671,,Starlink,,não
63672,,Starlink,,não
63673,,Starlink,,não
63674,,Starlink,,não
63675,,Starlink,,não
63676,,Starlink,,não
63677,,Starlink,,não
63678,,Starlink,,não
63679,,Starlink,,não
63680,,Starlink,,não
63681,,Starlink,,não
63682,,Starlink,,não
63684,,Starlink,,não
63685,,Starlink,,não
63686,,Starlink,,não
63697,,Starlink,,não
63698,,Starlink,,não
63699,,Starlink,,não
63700,,Starlink,,não
63701,,Starlink,,não
63702,,Starlink,,não
63703,,Starlink,,não
63704,,Starlink,,não
63705,,Starlink,,não
63706,,Starlink,,não
63707,,Starlink,,não
63708,,Starlink,,não
63709,,Starlink,,não
63710,,Starlink,,não
63711,,Starlink,,não
63712,,Starlink,,não
63713,,Starlink,,não
63714,,Starlink,,não
63715,,Starlink,,não
63716,,Starlink,,não
63717,,Starlink,,não
63718,,Starlink,,não
63719,,Starlink,,não
63720,,Starlink,,não
63721,,Starlink,,não
63722,,Starlink,,não
63723,,Starlink,,não
63724,,Leo,,não
63725,,Leo,,não
63726,,Leo,,não
63727,,Leo,,não
63728,,Leo,,não
63729,,Leo,,não
63730,,Leo,,não
63731,,Leo,,não
63732,,Leo,,não
63733,,Leo,,não
63734,,Leo,,não
63735,,Leo,,não
63736,,Leo,,não
63737,,Leo,,não
63738,,Leo,,não
63739,,Leo,,não
63740,,Leo,,não
63741,,Leo,,não
63742,,Leo,,não
63743,,Leo,,não
63744,,Leo,,não
63745,,Leo,,não
63746,,Leo,,não
63747,,Leo,,não
63748,,Leo,,não
63749,,Leo,,não
63750,,Leo,,não
63751,,Starlink,,não
63752,,Starlink,,não
63753,,Starlink,,não
63754,,Starlink,,não
63755,,Starlink,,não
63756,,Starlink,,não
63757,,Starlink,,não
63758,,Starlink,,não
63759,,Starlink,,não
63760,,Starlink,,não
63761,,Starlink,,não
63762,,Starlink,,não
63763,,Starlink,,não
63764,,Starlink,,não
63765,,Starlink,,não
63766,,Starlink,,não
63767,,Starlink,,não
63768,,Starlink,,não
63769,,Starlink,,não
63770,,Starlink,,não
63771,,Starlink,,não
63772,,Space & Earth Science,,não
63773,,Starlink,,não
63774,,Starlink,,não
63775,,Starlink,,não
63776,,Starlink,,não
63777,,Starlink,,não
63778,,Starlink,,não
63779,,Starlink,,não
63780,,Starlink,,não
63781,,Starlink,,não
63782,,Starlink,,não
63783,,Starlink,,não
63784,,Starlink,,não
63786,,Starlink,,não
63787,,Starlink,,não
63788,,Starlink,,não
63789,,Starlink,,não
63790,,Starlink,,não
63791,,Starlink,,não
63792,,Starlink,,não
63793,,Starlink,,não
63794,,Starlink,,não
63795,,Starlink,,não
63796,,Starlink,,não
63797,,Starlink,,não
63798,,Starlink,,não
63799,,Starlink,,não
63800,,Starlink,,não
63802,,Starlink,,não
63803,,Starlink,,não
63804,,Starlink,,não
63805,,Starlink,,não
63806,,Starlink,,não
63807,,Starlink,,não
63808,,Starlink,,não
63809,,Starlink,,não
63810,,Starlink,,não
63812,,Starlink,,não
63813,,Starlink,,não
63814,,Starlink,,não
63815,,Starlink,,não
63816,,Starlink,,não
63817,,Starlink,,não
63818,,Starlink,,não
63819,,Starlink,,não
63820,,Starlink,,não
63821,,Starlink,,não
63822,,Starlink,,não
63823,,Starlink,,não
63824,,Starlink,,não
63825,,Starlink,,não
63826,,Starlink,,não
63827,,Starlink,,não
63828,,Starlink,,não
63829,,Starlink,,não
63830,,Starlink,,não
63831,,Starlink,,não
63832,,Starlink,,não
63833,,Amateur radio,,não
63834,,Amateur radio,,não
63835,,Amateur radio,,não
63836,,Starlink,,não
63837,,Starlink,,não
63838,,Starlink,,não
63839,,Starlink,,não
63840,,Starlink,,não
63841,,Starlink,,não
63842,,Starlink,,não
63843,,Starlink,,não
63844,,Starlink,,não
63845,,Starlink,,não
63846,,Starlink,,não
63847,,Starlink,,não
63848,,Starlink,,não
63849,,Starlink,,não
63850,,Starlink,,não
63851,,Starlink,,não
63853,,Starlink,,não
63854,,Starlink,,não
63855,,Starlink,,não
63856,,Starlink,,não
63857,,Starlink,,não
63858,,Starlink,,não
63859,,Starlink,,não
63860,,Starlink,,não
63861,,Starlink,,não
63862,,Starlink,,não
63863,,Starlink,,não
63864,,Starlink,,não
63865,,Starlink,,não
63866,,Starlink,,não
63867,,Starlink,,não
63868,,Starlink,,não
63869,,Starlink,,não
63870,,Starlink,,não
63871,,Starlink,,não
63872,,Starlink,,não
63873,,Starlink,,não
63874,,Starlink,,não
63875,,Starlink,,não
63877,,Starlink,,não
63878,,Starlink,,não
63879,,Starlink,,não
63880,,Starlink,,não
63881,,Starlink,,não
63882,,Starlink,,não
63883,,Starlink,,não
63884,,Starlink,,não
63885,,Starlink,,não
63886,,Starlink,,não
63887,,Starlink,,não
63888,,Starlink,,não
63889,,Starlink,,não
63890,,Starlink,,não
63891,,Starlink,,não
63893,,Starlink,,não
63894,,Starlink,,não
63895,,Starlink,,não
63896,,Starlink,,não
63897,,Starlink,,não
63898,,Starlink,,não
63899,,Starlink,,não
63900,,Starlink,,não
63901,,Starlink,,não
63902,,Starlink,,não
63903,,Starlink,,não
63904,,Starlink,,não
63905,,Starlink,,não
63906,,Starlink,,não
63907,,Starlink,,não
63908,,Starlink,,não
63909,,Starlink,,não
63910,,Starlink,,não
63911,,Starlink,,não
63912,,Starlink,,não
63913,,Starlink,,não
63914,,Starlink,,não
63915,,Starlink,,não
63916,,Starlink,,não
63917,,Starlink,,não
63918,,Yaogan,,não
63919,,Yaogan,,não
63920,,Yaogan,,não
63926,,Starlink,,não
63927,,Starlink,,não
63928,,Starlink,,não
63929,,Starlink,,não
63930,,Starlink,,não
63931,,Starlink,,não
63932,,Starlink,,não
63933,,Starlink,,não
63934,,Starlink,,não
63935,,Starlink,,não
63936,,Starlink,,não
63937,,Starlink,,não
63938,,Starlink,,não
63939,,Starlink,,não
63940,,Starlink,,não
63941,,Starlink,,não
63942,,Starlink,,não
63943,,Starlink,,não
63944,,Starlink,,não
63945,,Starlink,,não
63946,,Starlink,,não
63947,,Starlink,,não
63948,,Starlink,,não
63949,,Starlink,,não
63950,,Starlink,,não
63951,,Starlink,,não
63952,,Starlink,,não
63953,,Starlink,,não
63954,,Starlink,,não
63955,,Starlink,,não
63956,,Starlink,,não
63957,,Starlink,,não
63958,,Starlink,,não
63959,,Starlink,,não
63960,,Starlink,,não
63961,,Starlink,,não
63962,,Starlink,,não
63963,,Starlink,,não
63964,,Starlink,,não
63965,,Starlink,,não
63966,,Starlink,,não
63967,,Starlink,,não
63968,,Starlink,,não
63969,,Starlink,,não
63970,,Starlink,,não
63971,,Starlink,,não
63972,,Starlink,,não
63973,,Starlink,,não
63974,,Starlink,,não
63975,,Starlink,,não
63976,,Starlink,,não
63977,,Starlink,,não
63978,,Starlink,,não
63979,,Starlink,,não
63994,,Starlink,,não
63995,,Starlink,,não
63996,,Starlink,,não
63997,,Starlink,,não
63998,,Starlink,,não
63999,,Starlink,,não
64000,,Starlink,,não
64001,,Starlink,,não
64002,,Starlink,,não
64003,,Starlink,,não
64004,,Starlink,,não
64005,,Starlink,,não
64006,,Starlink,,não
64007,,Starlink,,não
64008,,Starlink,,não
64009,,Starlink,,não
64010,,Starlink,,não
64011,,Starlink,,não
64012,,Starlink,,não
64013,,Starlink,,não
64014,,Starlink,,não
64015,,Starlink,,não
64016,,Starlink,,não
64017,,Starlink,,não
64018,,Starlink,,não
64019,,Starlink,,não
64020,,Starlink,,não
64021,,Starlink,,não
64022,,Starlink,,não
64023,,Starlink,,não
64024,,Starlink,,não
64025,,Starlink,,não
64026,,Starlink,,não
64027,,Starlink,,não
64028,,Starlink,,não
64029,,Starlink,,não
64030,,Starlink,,não
64031,,Starlink,,não
64032,,Starlink,,não
64033,,Starlink,,não
64034,,Starlink,,não
64035,,Starlink,,não
64036,,Starlink,,não
64037,,Starlink,,não
64038,,Starlink,,não
64039,,Starlink,,não
64040,,Starlink,,não
64041,,Starlink,,não
64042,,Starlink,,não
64043,,Starlink,,não
64044,,Starlink,,não
64045,,Starlink,,não
64046,,Starlink,,não
64047,,Starlink,,não
64062,,Geostationary,,não
64064,,Starlink,,não
64065,,Starlink,,não
64066,,Starlink,,não
64067,,Starlink,,não
64068,,Starlink,,não
64069,,Starlink,,não
64070,,Starlink,,não
64071,,Starlink,,não
64072,,Starlink,,não
64073,,Starlink,,não
64074,,Starlink,,não
64075,,Starlink,,não
64076,,Starlink,,não
64077,,Starlink,,não
64078,,Starlink,,não
64079,,Starlink,,não
64080,,Starlink,,não
64081,,Starlink,,não
64082,,Starlink,,não
64083,,Starlink,,não
64084,,Starlink,,não
64085,,Starlink,,não
64086,,Starlink,,não
64096,,Starlink,,não
64097,,Starlink,,não
64098,,Starlink,,não
64099,,Starlink,,não
64100,,Starlink,,não
64101,,Starlink,,não
64102,,Starlink,,não
64103,,Starlink,,não
64104,,Starlink,,não
64105,,Starlink,,não
64106,,Starlink,,não
64107,,Starlink,,não
64108,,Starlink,,não
64109,,Starlink,,não
64110,,Starlink,,não
64111,,Starlink,,não
64112,,Starlink,,não
64113,,Starlink,,não
64114,,Starlink,,não
64115,,Starlink,,não
64116,,Starlink,,não
64117,,Starlink,,não
64118,,Starlink,,não
64119,,Starlink,,não
64120,,Starlink,,não
64121,,Starlink,,não
64122,,Starlink,,não
64123,,Starlink,,não
64124,,Starlink,,não
64125,,Starlink,,não
64126,,Starlink,,não
64127,,Starlink,,não
64128,,Starlink,,não
64129,,Starlink,,não
64130,,Starlink,,não
64131,,Starlink,,não
64132,,Starlink,,não
64133,,Starlink,,não
64134,,Starlink,,não
64135,,Starlink,,não
64136,,Starlink,,não
64138,,Starlink,,não
64139,,Starlink,,não
64140,,Starlink,,não
64141,,Starlink,,não
64142,,Starlink,,não
64143,,Starlink,,não
64144,,Starlink,,não
64145,,Starlink,,não
64146,,Starlink,,não
64147,,Starlink,,não
64148,,Starlink,,não
64149,,Starlink,,não
64150,,Starlink,,não
64151,,Starlink,,não
64152,,Starlink,,não
64153,,Starlink,,não
64154,,Starlink,,não
64155,,Starlink,,não
64156,,Starlink,,não
64157,,Starlink,,não
64158,,Starlink,,não
64159,,Starlink,,não
64160,,Starlink,,não
64161,,Starlink,,não
64162,,Starlink,,não
64163,,Starlink,,não
64164,,Starlink,,não
64165,,Starlink,,não
64166,,Starlink,,não
64167,,Starlink,,não
64168,,Starlink,,não
64169,,Starlink,,não
64170,,Starlink,,não
64171,,Starlink,,não
64172,,Starlink,,não
64173,,Starlink,,não
64174,,Starlink,,não
64175,,Starlink,,não
64176,,Starlink,,não
64177,,Starlink,,não
64178,,Starlink,,não
64179,,Starlink,,não
64180,,Starlink,,não
64181,,Starlink,,não
64182,,Starlink,,não
64183,,Starlink,,não
64184,,Starlink,,não
64185,,Starlink,,não
64186,,Starlink,,não
64187,,Starlink,,não
64188,,Starlink,,não
64189,,Starlink,,não
64190,,Starlink,,não
64191,,Starlink,,não
64192,,Starlink,,não
64193,,Starlink,,não
64194,,Starlink,,não
64195,,Starlink,,não
64196,,Starlink,,não
64202,,Global Positioning System (GPS) Constellation,,não
64203,,Starlink,,não
64204,,Starlink,,não
64205,,Starlink,,não
64206,,Starlink,,não
64207,,Starlink,,não
64208,,Starlink,,não
64209,,Starlink,,não
64210,,Starlink,,não
64211,,Starlink,,não
64212,,Starlink,,não
64213,,Starlink,,não
64214,,Starlink,,não
64215,,Starlink,,não
64216,,Starlink,,não
64217,,Starlink,,não
64218,,Starlink,,não
64219,,Starlink,,não
64220,,Starlink,,não
64221,,Starlink,,não
64222,,Starlink,,não
64223,,Starlink,,não
64224,,Starlink,,não
64225,,Starlink,,não
64226,,Starlink,,não
64227,,Starlink,,não
64228,,Starlink,,não
64229,,Starlink,,não
64233,,Starlink,,não
64234,,Starlink,,não
64235,,Starlink,,não
64236,,Starlink,,não
64237,,Starlink,,não
64238,,Starlink,,não
64239,,Starlink,,não
64240,,Starlink,,não
64241,,Starlink,,não
64242,,Starlink,,não
64243,,Starlink,,não
64244,,Starlink,,não
64245,,Starlink,,não
64246,,Starlink,,não
64247,,Starlink,,não
64248,,Starlink,,não
64249,,Starlink,,não
64250,,Starlink,,não
64251,,Starlink,,não
64252,,Starlink,,não
64253,,Starlink,,não
64254,,Starlink,,não
64255,,Starlink,,não
64256,,Starlink,,não
64257,,Starlink,,não
64258,,Starlink,,não
64259,,Starlink,,não
64260,,Starlink,,não
64261,,Starlink,,não
64262,,Starlink,,não
64263,,Starlink,,não
64264,,Starlink,,não
64265,,Starlink,,não
64266,,Starlink,,não
64267,,Starlink,,não
64268,,Starlink,,não
64269,,Starlink,,não
64270,,Starlink,,não
64271,,Starlink,,não
64272,,Starlink,,não
64273,,Starlink,,não
64274,,Starlink,,não
64275,,Starlink,,não
64276,,Starlink,,não
64277,,Starlink,,não
64278,,Starlink,,não
64279,,Starlink,,não
64280,,Starlink,,não
64281,,Starlink,,não
64282,,Starlink,,não
64290,,XM and Sirius,,não
64291,,Starlink,,não
64292,,Starlink,,não
64293,,Starlink,,não
64294,,Starlink,,não
64295,,Starlink,,não
64296,,Starlink,,não
64297,,Starlink,,não
64298,,Starlink,,não
64299,,Starlink,,não
64300,,Starlink,,não
64301,,Starlink,,não
64302,,Starlink,,não
64303,,Starlink,,não
64304,,Starlink,,não
64305,,Starlink,,não
64306,,Starlink,,não
64307,,Starlink,,não
64308,,Starlink,,não
64309,,Starlink,,não
64310,,Starlink,,não
64311,,Starlink,,não
64312,,Starlink,,não
64313,,Starlink,,não
64314,,Starlink,,não
64315,,Starlink,,não
64316,,Starlink,,não
64317,,Starlink,,não
64318,,Starlink,,não
64319,,Starlink,,não
64320,,Starlink,,não
64321,,Starlink,,não
64322,,Starlink,,não
64323,,Starlink,,não
64324,,Starlink,,não
64325,,Starlink,,não
64327,,Starlink,,não
64328,,Starlink,,não
64329,,Starlink,,não
64330,,Starlink,,não
64331,,Starlink,,não
64332,,Starlink,,não
64333,,Starlink,,não
64334,,Starlink,,não
64335,,Starlink,,não
64336,,Starlink,,não
64337,,Starlink,,não
64338,,Starlink,,não
64339,,Starlink,,não
64344,,Starlink,,não
64345,,Starlink,,não
64346,,Starlink,,não
64347,,Starlink,,não
64348,,Starlink,,não
64349,,Starlink,,não
64350,,Starlink,,não
64351,,Starlink,,não
64352,,Starlink,,não
64353,,Starlink,,não
64354,,Starlink,,não
64355,,Starlink,,não
64356,,Starlink,,não
64357,,Starlink,,não
64358,,Starlink,,não
64359,,Starlink,,não
64360,,Starlink,,não
64361,,Starlink,,não
64362,,Starlink,,não
64363,,Starlink,,não
64364,,Starlink,,não
64365,,Starlink,,não
64366,,Starlink,,não
64367,,Starlink,,não
64368,,Starlink,,não
64369,,Starlink,,não
64370,,Starlink,,não
64371,,Starlink,,não
64372,,Starlink,,não
64373,,Starlink,,não
64374,,Starlink,,não
64375,,Starlink,,não
64376,,Starlink,,não
64377,,Starlink,,não
64378,,Starlink,,não
64379,,Starlink,,não
64380,,Starlink,,não
64381,,Starlink,,não
64382,,Starlink,,não
64383,,Starlink,,não
64384,,Starlink,,não
64385,,Starlink,,não
64386,,Starlink,,não
64387,,Starlink,,não
64388,,Starlink,,não
64389,,Starlink,,não
64390,,Starlink,,não
64391,,Starlink,,não
64392,,Starlink,,não
64412,,Starlink,,não
64413,,Starlink,,não
64414,,Starlink,,não
64415,,Starlink,,não
64416,,Starlink,,não
64417,,Starlink,,não
64418,,Starlink,,não
64419,,Starlink,,não
64420,,Starlink,,não
64421,,Starlink,,não
64422,,Starlink,,não
64423,,Starlink,,não
64424,,Starlink,,não
64425,,Starlink,,não
64426,,Starlink,,não
64427,,Starlink,,não
64428,,Starlink,,não
64429,,Starlink,,não
64430,,Starlink,,não
64431,,Starlink,,não
64432,,Starlink,,não
64433,,Starlink,,não
64434,,Starlink,,não
64435,,Starlink,,não
64436,,Starlink,,não
64437,,Starlink,,não
64438,,Starlink,,não
64439,,Starlink,,não
64440,,Starlink,,não
64441,,Starlink,,não
64442,,Starlink,,não
64443,,Starlink,,não
64444,,Starlink,,não
64445,,Starlink,,não
64446,,Starlink,,não
64447,,Starlink,,não
64448,,Starlink,,não
64449,,Starlink,,não
64450,,Starlink,,não
64451,,Starlink,,não
64452,,Starlink,,não
64453,,Starlink,,não
64454,,Starlink,,não
64455,,Starlink,,não
64456,,Starlink,,não
64457,,Starlink,,não
64458,,Starlink,,não
64459,,Starlink,,não
64460,,Starlink,,não
64461,,Starlink,,não
64462,,Starlink,,não
64463,,Starlink,,não
64464,,Starlink,,não
64465,,Starlink,,não
64466,,Military,,não
64470,,Geostationary,,não
64472,,Starlink,,não
64473,,Starlink,,não
64474,,Starlink,,não
64475,,Starlink,,não
64476,,Starlink,,não
64477,,Starlink,,não
64478,,Starlink,,não
64479,,Starlink,,não
64480,,Starlink,,não
64481,,Starlink,,não
64482,,Starlink,,não
64483,,Starlink,,não
64484,,Starlink,,não
64485,,Starlink,,não
64486,,Starlink,,não
64487,,Starlink,,não
64488,,Starlink,,não
64489,,Starlink,,não
64490,,Starlink,,não
64491,,Starlink,,não
64492,,Starlink,,não
64493,,Starlink,,não
64494,,Starlink,,não
64495,,Starlink,,não
64497,,Starlink,,não
64498,,Starlink,,não
64500,,Leo,,não
64501,,Leo,,não
64502,,Leo,,não
64503,,Leo,,não
64504,,Leo,,não
64505,,Leo,,não
64506,,Leo,,não
64507,,Leo,,não
64508,,Leo,,não
64509,,Leo,,não
64510,,Leo,,não
64511,,Leo,,não
64513,,Leo,,não
64514,,Leo,,não
64515,,Leo,,não
64516,,Leo,,não
64517,,Leo,,não
64518,,Leo,,não
64519,,Leo,,não
64520,,Leo,,não
64521,,Leo,,não
64522,,Leo,,não
64523,,Leo,,não
64524,,Leo,,não
64525,,Leo,,não
64526,,Leo,,não
64530,,Amateur radio,,não
64531,,Amateur radio,,não
64533,,Amateur radio,,não
64534,,Amateur radio,,não
64535,,Amateur radio,,não
64536,,Amateur radio,,não
64537,,Amateur radio,,não
64538,,Amateur radio,,não
64539,,Amateur radio,,não
64540,,Amateur radio,,não
64542,,Amateur radio,,não
64544,,Amateur radio,,não
64545,,Amateur radio,,não
64549,,Amateur radio,,não
64550,,Amateur radio,,não
64553,,Amateur radio,,não
64555,,Amateur radio,,não
64557,,Amateur radio,,não
64559,,Amateur radio,,não
64560,,Amateur radio,,não
64561,,Lemur,,não
64562,,Amateur radio,,não
64565,,Lemur,,não
64566,,Amateur radio,,não
64570,,Amateur radio,,não
64572,,Amateur radio,,não
64574,,Amateur radio,,não
64575,,Amateur radio,,não
64578,,Amateur radio,,não
64579,,Amateur radio,,não
64580,,Amateur radio,,não
64581,,Amateur radio,,não
64584,,Amateur radio,,não
64586,,Lemur,,não
64589,,Amateur radio,,não
64590,,Amateur radio,,não
64594,,Starlink,,não
64595,,Starlink,,não
64596,,Starlink,,não
64597,,Starlink,,não
64598,,Starlink,,não
64599,,Starlink,,não
64600,,Starlink,,não
64601,,Starlink,,não
64602,,Starlink,,não
64603,,Starlink,,não
64604,,Starlink,,não
64605,,Starlink,,não
64606,,Starlink,,não
64607,,Starlink,,não
64608,,Starlink,,não
64609,,Starlink,,não
64610,,Starlink,,não
64611,,Starlink,,não
64612,,Starlink,,não
64613,,Starlink,,não
64614,,Starlink,,não
64615,,Starlink,,não
64616,,Starlink,,não
64617,,Starlink,,não
64618,,Starlink,,não
64619,,Starlink,,não
64620,,Starlink,,não
64664,,Starlink,,não
64665,,Starlink,,não
64666,,Starlink,,não
64667,,Starlink,,não
64668,,Starlink,,não
64669,,Starlink,,não
64670,,Starlink,,não
64671,,Starlink,,não
64672,,Starlink,,não
64673,,Starlink,,não
64674,,Starlink,,não
64675,,Starlink,,não
64676,,Starlink,,não
64677,,Starlink,,não
64678,,Starlink,,não
64679,,Starlink,,não
64680,,Starlink,,não
64681,,Starlink,,não
64682,,Starlink,,não
64683,,Starlink,,não
64684,,Starlink,,não
64685,,Starlink,,não
64686,,Starlink,,não
64687,,Starlink,,não
64688,,Starlink,,não
64689,,Starlink,,não
64690,,Starlink,,não
64694,,Space & Earth Science,,não
64696,,Starlink,,não
64697,,Starlink,,não
64698,,Starlink,,não
64699,,Starlink,,não
64700,,Starlink,,não
64701,,Starlink,,não
64702,,Starlink,,não
64703,,Starlink,,não
64704,,Starlink,,não
64705,,Starlink,,não
64706,,Starlink,,não
64707,,Starlink,,não
64708,,Starlink,,não
64709,,Starlink,,não
64710,,Starlink,,não
64711,,Starlink,,não
64712,,Starlink,,não
64713,,Starlink,,não
64714,,Starlink,,não
64715,,Starlink,,não
64716,,Starlink,,não
64717,,Starlink,,não
64718,,Starlink,,não
64719,,Starlink,,não
64720,,Starlink,,não
64721,,Starlink,,não
64723,,Geostationary,,não
64723,,Weather,,não
64724,,Starlink,,não
64725,,Starlink,,não
64726,,Starlink,,não
64727,,Starlink,,não
64728,,Starlink,,não
64729,,Starlink,,não
64730,,Starlink,,não
64731,,Starlink,,não
64732,,Starlink,,não
64733,,Starlink,,não
64734,,Starlink,,não
64735,,Starlink,,não
64736,,Starlink,,não
64737,,Starlink,,não
64738,,Starlink,,não
64739,,Starlink,,não
64740,,Starlink,,não
64741,,Starlink,,não
64742,,Starlink,,não
64743,,Starlink,,não
64744,,Starlink,,não
64745,,Starlink,,não
64746,,Starlink,,não
64747,,Starlink,,não
64748,,Starlink,,não
64749,,Starlink,,não
64750,,Starlink,,não
64755,,Starlink,,não
64756,,Starlink,,não
64757,,Starlink,,não
64758,,Starlink,,não
64759,,Starlink,,não
64760,,Starlink,,não
64761,,Starlink,,não
64762,,Starlink,,não
64763,,Starlink,,não
64764,,Starlink,,não
64765,,Starlink,,não
64766,,Starlink,,não
64767,,Starlink,,não
64768,,Starlink,,não
64769,,Starlink,,não
64770,,Starlink,,não
64771,,Starlink,,não
64772,,Starlink,,não
64773,,Starlink,,não
64774,,Starlink,,não
64775,,Starlink,,não
64776,,Starlink,,não
64777,,Starlink,,não
64778,,Starlink,,não
64779,,Starlink,,não
64780,,Starlink,,não
64781,,Starlink,,não
64782,,Starlink,,não
64784,,Geostationary,,não
64784,,Military,,não
64790,,Starlink,,não
64791,,Starlink,,não
64792,,Starlink,,não
64793,,Starlink,,não
64794,,Starlink,,não
64795,,Starlink,,não
64796,,Starlink,,não
64797,,Starlink,,não
64798,,Starlink,,não
64799,,Starlink,,não
64800,,Starlink,,não
64801,,Starlink,,não
64802,,Starlink,,não
64803,,Starlink,,não
64804,,Starlink,,não
64805,,Starlink,,não
64806,,Starlink,,não
64807,,Starlink,,não
64808,,Starlink,,não
64809,,Starlink,,não
64810,,Starlink,,não
64811,,Starlink,,não
64812,,Starlink,,não
64813,,Starlink,,não
64814,,Starlink,,não
64815,,Starlink,,não
64816,,Leo,,não
64817,,Leo,,não
64818,,Leo,,não
64819,,Leo,,não
64820,,Leo,,não
64822,,Leo,,não
64823,,Leo,,não
64824,,Leo,,não
64825,,Leo,,não
64826,,Leo,,não
64827,,Leo,,não
64828,,Leo,,não
64829,,Leo,,não
64830,,Leo,,não
64831,,Leo,,não
64832,,Leo,,não
64833,,Leo,,não
64834,,Leo,,não
64835,,Leo,,não
64836,,Leo,,não
64837,,Leo,,não
64838,,Leo,,não
64839,,Leo,,não
64840,,Lemur,,não
64841,,Lemur,,não
64842,,Starlink,,não
64843,,Starlink,,não
64844,,Starlink,,não
64845,,Starlink,,não
64846,,Starlink,,não
64847,,Starlink,,não
64848,,Starlink,,não
64849,,Starlink,,não
64850,,Starlink,,não
64851,,Starlink,,não
64852,,Starlink,,não
64853,,Starlink,,não
64854,,Starlink,,não
64855,,Starlink,,não
64856,,Starlink,,não
64857,,Starlink,,não
64858,,Starlink,,não
64859,,Starlink,,não
64860,,Starlink,,não
64861,,Starlink,,não
64862,,Starlink,,não
64863,,Starlink,,não
64864,,Starlink,,não
64865,,Starlink,,não
64869,,Amateur radio,,não
64875,,Amateur radio,,não
64878,,Amateur radio,,não
64879,,Amateur radio,,não
64880,,Amateur radio,,não
64881,,Amateur radio,,não
64882,,Amateur radio,,não
64883,,Amateur radio,,não
64884,,Amateur radio,,não
64886,,Amateur radio,,não
64887,,Amateur radio,,não
64888,,Amateur radio,,não
64889,,Amateur radio,,não
64890,,Amateur radio,,não
64891,,Amateur radio,,não
64892,,Amateur radio,,não
64893,,Amateur radio,,não
64894,,Amateur radio,,não
64895,,Amateur radio,,não
64904,,Starlink,,não
64905,,Starlink,,não
64906,,Starlink,,não
64907,,Starlink,,não
64908,,Starlink,,não
64909,,Starlink,,não
64910,,Starlink,,não
64911,,Starlink,,não
64912,,Starlink,,não
64913,,Starlink,,não
64914,,Starlink,,não
64915,,Starlink,,não
64916,,Starlink,,não
64917,,Starlink,,não
64918,,Starlink,,não
64919,,Starlink,,não
64920,,Starlink,,não
64921,,Starlink,,não
64922,,Starlink,,não
64923,,Starlink,,não
64924,,Starlink,,não
64925,,Starlink,,não
64926,,Starlink,,não
64927,,Starlink,,não
64928,,Starlink,,não
64929,,Starlink,,não
64930,,Starlink,,não
64931,,Starlink,,não
64932,,Starlink,,não
64933,,Starlink,,não
64934,,Starlink,,não
64935,,Starlink,,não
64936,,Starlink,,não
64937,,Starlink,,não
64938,,Starlink,,não
64939,,Starlink,,não
64940,,Starlink,,não
64941,,Starlink,,não
64942,,Starlink,,não
64943,,Starlink,,não
64944,,Starlink,,não
64945,,Starlink,,não
64946,,Starlink,,não
64947,,Starlink,,não
64948,,Starlink,,não
64949,,Starlink,,não
64950,,Starlink,,não
64951,,Starlink,,não
64952,,Starlink,,não
64953,,Starlink,,não
64954,,Starlink,,não
64955,,Starlink,,não
65015,,Starlink,,não
65016,,Starlink,,não
65017,,Starlink,,não
65018,,Starlink,,não
65019,,Starlink,,não
65020,,Starlink,,não
65021,,Starlink,,não
65022,,Starlink,,não
65023,,Starlink,,não
65024,,Starlink,,não
65025,,Starlink,,não
65026,,Starlink,,não
65027,,Starlink,,não
65028,,Starlink,,não
65029,,Starlink,,não
65030,,Starlink,,não
65031,,Starlink,,não
65032,,Starlink,,não
65034,,Starlink,,não
65035,,Starlink,,não
65036,,Starlink,,não
65037,,Starlink,,não
65038,,Starlink,,não
65039,,Starlink,,não
65040,,Starlink,,não
65041,,Starlink,,não
65042,,Starlink,,não
65056,,Starlink,,não
65057,,Starlink,,não
65058,,Starlink,,não
65059,,Starlink,,não
65060,,Starlink,,não
65061,,Starlink,,não
65062,,Starlink,,não
65063,,Starlink,,não
65064,,Starlink,,não
65065,,Starlink,,não
65066,,Starlink,,não
65067,,Starlink,,não
65068,,Starlink,,não
65069,,Starlink,,não
65070,,Starlink,,não
65071,,Starlink,,não
65072,,Starlink,,não
65073,,Starlink,,não
65074,,Starlink,,não
65078,,Starlink,,não
65079,,Starlink,,não
65080,,Starlink,,não
65081,,Starlink,,não
65082,,Starlink,,não
65083,,Starlink,,não
65084,,Starlink,,não
65086,,Starlink,,não
65087,,Starlink,,não
65088,,Starlink,,não
65089,,Starlink,,não
65090,,Starlink,,não
65091,,Starlink,,não
65092,,Starlink,,não
65093,,Starlink,,não
65094,,Starlink,,não
65095,,Starlink,,não
65096,,Starlink,,não
65097,,Starlink,,não
65098,,Starlink,,não
65099,,Starlink,,não
65100,,Starlink,,não
65101,,Starlink,,não
65102,,Starlink,,não
65103,,Starlink,,não
65104,,Starlink,,não
65105,,Starlink,,não
65119,,GeeSAT,,não
65120,,GeeSAT,,não
65121,,GeeSAT,,não
65122,,GeeSAT,,não
65123,,GeeSAT,,não
65124,,GeeSAT,,não
65125,,GeeSAT,,não
65126,,GeeSAT,,não
65127,,GeeSAT,,não
65128,,GeeSAT,,não
65129,,GeeSAT,,não
65132,,Leo,,não
65133,,Leo,,não
65134,,Leo,,não
65135,,Leo,,não
65136,,Leo,,não
65137,,Leo,,não
65138,,Leo,,não
65139,,Leo,,não
65140,,Leo,,não
65141,,Leo,,não
65142,,Leo,,não
65143,,Leo,,não
65144,,Leo,,não
65145,,Leo,,não
65146,,Leo,,não
65147,,Leo,,não
65148,,Leo,,não
65149,,Leo,,não
65150,,Leo,,não
65151,,Leo,,não
65152,,Leo,,não
65153,,Leo,,não
65154,,Leo,,não
65155,,Leo,,não
65174,,Starlink,,não
65175,,Starlink,,não
65176,,Starlink,,não
65177,,Starlink,,não
65178,,Starlink,,não
65179,,Starlink,,não
65180,,Starlink,,não
65181,,Starlink,,não
65182,,Starlink,,não
65183,,Starlink,,não
65184,,Starlink,,não
65185,,Starlink,,não
65186,,Starlink,,não
65187,,Starlink,,não
65188,,Starlink,,não
65189,,Starlink,,não
65190,,Starlink,,não
65191,,Starlink,,não
65192,,Starlink,,não
65193,,Starlink,,não
65194,,Starlink,,não
65195,,Starlink,,não
65196,,Starlink,,não
65197,,Starlink,,não
65198,,Starlink,,não
65199,,Starlink,,não
65200,,Starlink,,não
65201,,Starlink,,não
65202,,Starlink,,não
65203,,Starlink,,não
65204,,Starlink,,não
65205,,Starlink,,não
65206,,Starlink,,não
65207,,Starlink,,não
65208,,Starlink,,não
65209,,Starlink,,não
65210,,Starlink,,não
65211,,Starlink,,não
65212,,Starlink,,não
65213,,Starlink,,não
65214,,Starlink,,não
65215,,Starlink,,não
65216,,Starlink,,não
65217,,Starlink,,não
65218,,Starlink,,não
65219,,Starlink,,não
65220,,Starlink,,não
65221,,Starlink,,não
65222,,Starlink,,não
65223,,Starlink,,não
65224,,Starlink,,não
65225,,Starlink,,não
65235,,Starlink,,não
65236,,Starlink,,não
65237,,Starlink,,não
65238,,Starlink,,não
65239,,Starlink,,não
65240,,Starlink,,não
65241,,Starlink,,não
65242,,Starlink,,não
65243,,Starlink,,não
65244,,Starlink,,não
65245,,Starlink,,não
65246,,Starlink,,não
65247,,Starlink,,não
65248,,Starlink,,não
65249,,Starlink,,não
65250,,Starlink,,não
65251,,Starlink,,não
65252,,Starlink,,não
65253,,Starlink,,não
65254,,Starlink,,não
65255,,Starlink,,não
65256,,Starlink,,não
65257,,Starlink,,não
65258,,Starlink,,não
65271,,Military,,não
65273,,Starlink,,não
65274,,Starlink,,não
65275,,Starlink,,não
65276,,Starlink,,não
65277,,Starlink,,não
65278,,Starlink,,não
65279,,Starlink,,não
65280,,Starlink,,não
65281,,Starlink,,não
65282,,Starlink,,não
65283,,Starlink,,não
65284,,Starlink,,não
65285,,Starlink,,não
65286,,Starlink,,não
65287,,Starlink,,não
65288,,Starlink,,não
65289,,Starlink,,não
65290,,Starlink,,não
65291,,Starlink,,não
65292,,Starlink,,não
65293,,Starlink,,não
65294,,Starlink,,não
65295,,Starlink,,não
65296,,Starlink,,não
65313,,Amateur radio,,não
65323,,Starlink,,não
65324,,Starlink,,não
65325,,Starlink,,não
65326,,Starlink,,não
65327,,Starlink,,não
65328,,Starlink,,não
65329,,Starlink,,não
65330,,Starlink,,não
65331,,Starlink,,não
65332,,Amateur radio,,não
65332,,Starlink,,não
65333,,Starlink,,não
65334,,Starlink,,não
65335,,Starlink,,não
65336,,Starlink,,não
65337,,Starlink,,não
65338,,Starlink,,não
65339,,Starlink,,não
65340,,Starlink,,não
65341,,Starlink,,não
65342,,Starlink,,não
65343,,Starlink,,não
65344,,Starlink,,não
65345,,Starlink,,não
65346,,Starlink,,não
65347,,Starlink,,não
65348,,Starlink,,não
65349,,Starlink,,não
65350,,Starlink,,não
65351,,Starlink,,não
65352,,Starlink,,não
65353,,Starlink,,não
65354,,Starlink,,não
65355,,Starlink,,não
65356,,Starlink,,não
65357,,Starlink,,não
65358,,Starlink,,não
65359,,Starlink,,não
65360,,Starlink,,não
65361,,Starlink,,não
65362,,Starlink,,não
65363,,Starlink,,não
65364,,Starlink,,não
65365,,Starlink,,não
65366,,Starlink,,não
65367,,Starlink,,não
65368,,Starlink,,não
65369,,Starlink,,não
65370,,Starlink,,não
65371,,Starlink,,não
65372,,Starlink,,não
65373,,Starlink,,não
65374,,Starlink,,não
65375,,Starlink,,não
65376,,Starlink,,não
65377,,Starlink,,não
65378,,Starlink,,não
65379,,Starlink,,não
65380,,Starlink,,não
65381,,Starlink,,não
65382,,Starlink,,não
65383,,Starlink,,não
65384,,Starlink,,não
65385,,Starlink,,não
65386,,Starlink,,não
65387,,Starlink,,não
65388,,Starlink,,não
65389,,Starlink,,não
65390,,Starlink,,não
65391,,Starlink,,não
65392,,Starlink,,não
65393,,Starlink,,não
65394,,Starlink,,não
65395,,Starlink,,não
65396,,Starlink,,não
65397,,Starlink,,não
65398,,Starlink,,não
65399,,Starlink,,não
65400,,Starlink,,não
65401,,Starlink,,não
65402,,Starlink,,não
65403,,Lemur,,não
65404,,Starlink,,não
65405,,Starlink,,não
65406,,Starlink,,não
65407,,Starlink,,não
65408,,Starlink,,não
65409,,Starlink,,não
65410,,Starlink,,não
65411,,Starlink,,não
65412,,Starlink,,não
65413,,Starlink,,não
65415,,Starlink,,não
65416,,Starlink,,não
65417,,Starlink,,não
65418,,Starlink,,não
65419,,Starlink,,não
65420,,Starlink,,não
65421,,Starlink,,não
65422,,Starlink,,não
65423,,Starlink,,não
65424,,Starlink,,não
65425,,Starlink,,não
65426,,Starlink,,não
65427,,Starlink,,não
65428,,Starlink,,não
65429,,Starlink,,não
65430,,Starlink,,não
65431,,Starlink,,não
65434,,Starlink,,não
65435,,Starlink,,não
65436,,Starlink,,não
65437,,Starlink,,não
65438,,Starlink,,não
65439,,Starlink,,não
65440,,Starlink,,não
65441,,Starlink,,não
65442,,Starlink,,não
65443,,Starlink,,não
65444,,Starlink,,não
65445,,Starlink,,não
65446,,Starlink,,não
65447,,Starlink,,não
65448,,Starlink,,não
65449,,Starlink,,não
65450,,Starlink,,não
65451,,Starlink,,não
65452,,Starlink,,não
65453,,Starlink,,não
65454,,Starlink,,não
65455,,Starlink,,não
65456,,Starlink,,não
65457,,Starlink,,não
65458,,Starlink,,não
65459,,Starlink,,não
65460,,Starlink,,não
65461,,Starlink,,não
65462,,Starlink,,não
65463,,Starlink,,não
65464,,Starlink,,não
65465,,Starlink,,não
65466,,Starlink,,não
65467,,Starlink,,não
65468,,Starlink,,não
65469,,Starlink,,não
65470,,Starlink,,não
65471,,Starlink,,não
65472,,Starlink,,não
65473,,Starlink,,não
65474,,Starlink,,não
65475,,Starlink,,não
65476,,Starlink,,não
65477,,Starlink,,não
65478,,Starlink,,não
65479,,Starlink,,não
65480,,Starlink,,não
65481,,Starlink,,não
65482,,Starlink,,não
65483,,Starlink,,não
65484,,Starlink,,não
65485,,Starlink,,não
65492,,Starlink,,não
65493,,Starlink,,não
65494,,Starlink,,não
65495,,Starlink,,não
65496,,Starlink,,não
65497,,Starlink,,não
65498,,Starlink,,não
65499,,Starlink,,não
65500,,Starlink,,não
65501,,Starlink,,não
65502,,Starlink,,não
65503,,Starlink,,não
65504,,Starlink,,não
65505,,Starlink,,não
65506,,Starlink,,não
65507,,Starlink,,não
65508,,Starlink,,não
65509,,Starlink,,não
65510,,Starlink,,não
65511,,Starlink,,não
65512,,Starlink,,não
65513,,Starlink,,não
65514,,Starlink,,não
65515,,Starlink,,não
65516,,Starlink,,não
65517,,Starlink,,não
65518,,Starlink,,não
65519,,Starlink,,não
65520,,Starlink,,não
65521,,Starlink,,não
65522,,Starlink,,não
65523,,Starlink,,não
65524,,Starlink,,não
65525,,Starlink,,não
65526,,Starlink,,não
65527,,Starlink,,não
65528,,Starlink,,não
65529,,Starlink,,não
65530,,Starlink,,não
65531,,Starlink,,não
65532,,Starlink,,não
65533,,Starlink,,não
65534,,Starlink,,não
65535,,Starlink,,não
65536,,Starlink,,não
65537,,Starlink,,não
65538,,Starlink,,não
65539,,Starlink,,não
65540,,Starlink,,não
65541,,Starlink,,não
65542,,Starlink,,não
65543,,Starlink,,não
65550,,GeeSAT,,não
65551,,GeeSAT,,não
65552,,GeeSAT,,não
65553,,GeeSAT,,não
65554,,GeeSAT,,não
65555,,GeeSAT,,não
65556,,GeeSAT,,não
65557,,GeeSAT,,não
65558,,GeeSAT,,não
65559,,GeeSAT,,não
65560,,GeeSAT,,não
65563,,Yaogan,,não
65573,,Amateur radio,,não
65588,,Geostationary,,não
65590,,Glonass Constellation,,não
65592,,Starlink,,não
65593,,Starlink,,não
65594,,Starlink,,não
65595,,Starlink,,não
65596,,Starlink,,não
65597,,Starlink,,não
65598,,Starlink,,não
65599,,Starlink,,não
65600,,Starlink,,não
65601,,Starlink,,não
65602,,Starlink,,não
65603,,Starlink,,não
65604,,Starlink,,não
65605,,Starlink,,não
65606,,Starlink,,não
65607,,Starlink,,não
65608,,Starlink,,não
65609,,Starlink,,não
65610,,Starlink,,não
65611,,Starlink,,não
65612,,Starlink,,não
65613,,Starlink,,não
65614,,Starlink,,não
65615,,Starlink,,não
65622,,Starlink,,não
65623,,Starlink,,não
65624,,Starlink,,não
65625,,Starlink,,não
65626,,Starlink,,não
65627,,Starlink,,não
65628,,Starlink,,não
65629,,Starlink,,não
65630,,Starlink,,não
65631,,Starlink,,não
65632,,Starlink,,não
65633,,Starlink,,não
65634,,Starlink,,não
65635,,Starlink,,não
65636,,Starlink,,não
65637,,Starlink,,não
65638,,Starlink,,não
65639,,Starlink,,não
65640,,Starlink,,não
65641,,Starlink,,não
65642,,Starlink,,não
65643,,Starlink,,não
65644,,Starlink,,não
65645,,Starlink,,não
65646,,Starlink,,não
65647,,Starlink,,não
65648,,Starlink,,não
65649,,Starlink,,não
65652,,Starlink,,não
65653,,Starlink,,não
65654,,Starlink,,não
65655,,Starlink,,não
65656,,Starlink,,não
65657,,Starlink,,não
65658,,Starlink,,não
65659,,Starlink,,não
65660,,Starlink,,não
65661,,Starlink,,não
65662,,Starlink,,não
65663,,Starlink,,não
65664,,Starlink,,não
65665,,Starlink,,não
65666,,Starlink,,não
65667,,Starlink,,não
65668,,Starlink,,não
65669,,Starlink,,não
65670,,Starlink,,não
65671,,Starlink,,não
65672,,Starlink,,não
65673,,Starlink,,não
65674,,Starlink,,não
65675,,Starlink,,não
65676,,Starlink,,não
65677,,Starlink,,não
65678,,Starlink,,não
65679,,Starlink,,não
65680,,Starlink,,não
65681,,Starlink,,não
65682,,Starlink,,não
65683,,Starlink,,não
65684,,Starlink,,não
65685,,Starlink,,não
65686,,Starlink,,não
65687,,Starlink,,não
65688,,Starlink,,não
65689,,Starlink,,não
65690,,Starlink,,não
65691,,Starlink,,não
65692,,Starlink,,não
65693,,Starlink,,não
65694,,Starlink,,não
65695,,Starlink,,não
65696,,Starlink,,não
65697,,Starlink,,não
65698,,Starlink,,não
65699,,Starlink,,não
65700,,Starlink,,não
65701,,Starlink,,não
65702,,Starlink,,não
65703,,Starlink,,não
65734,,Starlink,,não
65735,,Starlink,,não
65736,,Starlink,,não
65737,,Starlink,,não
65738,,Starlink,,não
65739,,Starlink,,não
65740,,Starlink,,não
65741,,Starlink,,não
65742,,Starlink,,não
65743,,Starlink,,não
65744,,Starlink,,não
65745,,Starlink,,não
65746,,Starlink,,não
65747,,Starlink,,não
65748,,Starlink,,não
65749,,Starlink,,não
65750,,Starlink,,não
65751,,Starlink,,não
65752,,Starlink,,não
65753,,Starlink,,não
65754,,Starlink,,não
65755,,Starlink,,não
65756,,Starlink,,não
65757,,Starlink,,não
65758,,Starlink,,não
65759,,Starlink,,não
65760,,Starlink,,não
65761,,Starlink,,não
65762,,Leo,,não
65763,,Leo,,não
65764,,Leo,,não
65765,,Leo,,não
65766,,Leo,,não
65767,,Leo,,não
65768,,Leo,,não
65769,,Leo,,não
65770,,Leo,,não
65771,,Leo,,não
65772,,Leo,,não
65773,,Leo,,não
65774,,Leo,,não
65775,,Leo,,não
65776,,Leo,,não
65778,,Leo,,não
65779,,Leo,,não
65780,,Leo,,não
65781,,Leo,,não
65782,,Leo,,não
65783,,Leo,,não
65785,,Leo,,não
65786,,Leo,,não
65787,,Leo,,não
65788,,Leo,,não
65791,,Starlink,,não
65792,,Starlink,,não
65793,,Starlink,,não
65794,,Starlink,,não
65795,,Starlink,,não
65796,,Starlink,,não
65797,,Starlink,,não
65798,,Starlink,,não
65799,,Starlink,,não
65800,,Starlink,,não
65801,,Starlink,,não
65802,,Starlink,,não
65803,,Starlink,,não
65804,,Starlink,,não
65805,,Starlink,,não
65806,,Starlink,,não
65807,,Starlink,,não
65808,,Starlink,,não
65809,,Starlink,,não
65810,,Starlink,,não
65811,,Starlink,,não
65812,,Starlink,,não
65813,,Starlink,,não
65814,,Starlink,,não
65823,,Starlink,,não
65824,,Starlink,,não
65825,,Starlink,,não
65826,,Starlink,,não
65827,,Starlink,,não
65828,,Starlink,,não
65829,,Starlink,,não
65830,,Starlink,,não
65831,,Starlink,,não
65832,,Starlink,,não
65833,,Starlink,,não
65834,,Starlink,,não
65835,,Starlink,,não
65836,,Starlink,,não
65837,,Starlink,,não
65838,,Starlink,,não
65839,,Starlink,,não
65840,,Starlink,,não
65842,,Starlink,,não
65843,,Starlink,,não
65844,,Starlink,,não
65845,,Starlink,,não
65846,,Starlink,,não
65847,,Starlink,,não
65848,,Starlink,,não
65849,,Starlink,,não
65850,,Starlink,,não
65854,,Starlink,,não
65855,,Starlink,,não
65856,,Starlink,,não
65857,,Starlink,,não
65858,,Starlink,,não
65859,,Starlink,,não
65860,,Starlink,,não
65861,,Starlink,,não
65862,,Starlink,,não
65863,,Starlink,,não
65864,,Starlink,,não
65865,,Starlink,,não
65866,,Starlink,,não
65867,,Starlink,,não
65868,,Starlink,,não
65869,,Starlink,,não
65870,,Starlink,,não
65871,,Starlink,,não
65872,,Starlink,,não
65873,,Starlink,,não
65874,,Starlink,,não
65875,,Starlink,,não
65876,,Starlink,,não
65877,,Starlink,,não
65878,,Starlink,,não
65879,,Starlink,,não
65880,,Starlink,,não
65881,,Starlink,,não
65882,,Starlink,,não
65883,,Starlink,,não
65884,,Starlink,,não
65885,,Starlink,,não
65886,,Starlink,,não
65887,,Starlink,,não
65888,,Starlink,,não
65889,,Starlink,,não
65890,,Starlink,,não
65891,,Starlink,,não
65892,,Starlink,,não
65893,,Starlink,,não
65894,,Starlink,,não
65895,,Starlink,,não
65896,,Starlink,,não
65897,,Starlink,,não
65898,,Starlink,,não
65899,,Starlink,,não
65900,,Starlink,,não
65901,,Starlink,,não
65902,,Starlink,,não
65903,,Starlink,,não
65904,,Starlink,,não
65905,,Starlink,,não
65906,,Starlink,,não
65907,,Starlink,,não
65908,,Starlink,,não
65909,,Starlink,,não
65910,,Starlink,,não
65911,,Starlink,,não
65912,,Starlink,,não
65913,,Starlink,,não
65914,,Starlink,,não
65915,,Starlink,,não
65916,,Starlink,,não
65917,,Starlink,,não
65918,,Starlink,,não
65919,,Starlink,,não
65920,,Starlink,,não
65921,,Starlink,,não
65922,,Starlink,,não
65923,,Starlink,,não
65924,,Starlink,,não
65925,,Starlink,,não
65926,,Starlink,,não
65927,,Starlink,,não
65928,,Starlink,,não
65929,,Starlink,,não
65930,,Starlink,,não
65931,,Starlink,,não
65932,,Starlink,,não
65933,,Starlink,,não
65934,,Starlink,,não
65935,,Starlink,,não
65936,,Starlink,,não
65937,,Starlink,,não
65947,,Leo,,não
65948,,Leo,,não
65949,,Leo,,não
65950,,Leo,,não
65951,,Leo,,não
65952,,Leo,,não
65953,,Leo,,não
65954,,Leo,,não
65955,,Leo,,não
65956,,Leo,,não
65957,,Leo,,não
65958,,Leo,,não
65959,,Leo,,não
65960,,Leo,,não
65961,,Leo,,não
65962,,Leo,,não
65963,,Leo,,não
65964,,Leo,,não
65965,,Leo,,não
65966,,Leo,,não
65967,,Leo,,não
65968,,Leo,,não
65969,,Leo,,não
65970,,Leo,,não
66005,,Starlink,,não
66006,,Starlink,,não
66007,,Starlink,,não
66008,,Starlink,,não
66009,,Starlink,,não
66010,,Starlink,,não
66011,,Starlink,,não
66012,,Starlink,,não
66013,,Starlink,,não
66014,,Starlink,,não
66015,,Starlink,,não
66016,,Starlink,,não
66017,,Starlink,,não
66018,,Starlink,,não
66019,,Starlink,,não
66020,,Starlink,,não
66021,,Starlink,,não
66022,,Starlink,,não
66023,,Starlink,,não
66024,,Starlink,,não
66025,,Starlink,,não
66026,,Starlink,,não
66027,,Starlink,,não
66028,,Starlink,,não
66029,,Starlink,,não
66030,,Starlink,,não
66031,,Starlink,,não
66032,,Starlink,,não
66033,,Qianfan,,não
66034,,Qianfan,,não
66035,,Qianfan,,não
66036,,Qianfan,,não
66037,,Qianfan,,não
66038,,Qianfan,,não
66039,,Qianfan,,não
66040,,Qianfan,,não
66041,,Qianfan,,não
66042,,Qianfan,,não
66043,,Qianfan,,não
66044,,Qianfan,,não
66045,,Qianfan,,não
66046,,Qianfan,,não
66047,,Qianfan,,não
66048,,Qianfan,,não
66049,,Qianfan,,não
66050,,Qianfan,,não
66058,,Starlink,,não
66059,,Starlink,,não
66060,,Starlink,,não
66061,,Starlink,,não
66062,,Starlink,,não
66063,,Starlink,,não
66064,,Starlink,,não
66065,,Starlink,,não
66066,,Starlink,,não
66067,,Starlink,,não
66068,,Starlink,,não
66069,,Starlink,,não
66070,,Starlink,,não
66071,,Starlink,,não
66072,,Starlink,,não
66073,,Starlink,,não
66074,,Starlink,,não
66075,,Starlink,,não
66076,,Starlink,,não
66077,,Starlink,,não
66078,,Starlink,,não
66079,,Starlink,,não
66080,,Starlink,,não
66081,,Starlink,,não
66082,,Starlink,,não
66083,,Starlink,,não
66084,,Starlink,,não
66085,,Starlink,,não
66086,,Starlink,,não
66087,,Starlink,,não
66088,,Starlink,,não
66089,,Starlink,,não
66090,,Starlink,,não
66091,,Starlink,,não
66092,,Starlink,,não
66093,,Starlink,,não
66094,,Starlink,,não
66095,,Starlink,,não
66096,,Starlink,,não
66097,,Starlink,,não
66098,,Starlink,,não
66099,,Starlink,,não
66100,,Starlink,,não
66101,,Starlink,,não
66102,,Starlink,,não
66103,,Starlink,,não
66104,,Starlink,,não
66105,,Starlink,,não
66106,,Starlink,,não
66107,,Starlink,,não
66108,,Starlink,,não
66109,,Starlink,,não
66110,,Starlink,,não
66111,,Starlink,,não
66112,,Starlink,,não
66113,,Starlink,,não
66114,,Starlink,,não
66115,,Starlink,,não
66116,,Starlink,,não
66117,,Starlink,,não
66118,,Starlink,,não
66119,,Starlink,,não
66120,,Starlink,,não
66121,,Starlink,,não
66122,,Starlink,,não
66123,,Starlink,,não
66124,,Starlink,,não
66125,,Starlink,,não
66126,,Starlink,,não
66127,,Starlink,,não
66128,,Starlink,,não
66129,,Starlink,,não
66130,,Starlink,,não
66131,,Starlink,,não
66132,,Starlink,,não
66133,,Starlink,,não
66134,,Starlink,,não
66135,,Starlink,,não
66136,,Starlink,,não
66137,,Starlink,,não
66138,,Starlink,,não
66139,,Starlink,,não
66140,,Starlink,,não
66141,,Starlink,,não
66146,,Starlink,,não
66147,,Starlink,,não
66148,,Starlink,,não
66149,,Starlink,,não
66150,,Starlink,,não
66151,,Starlink,,não
66152,,Starlink,,não
66153,,Starlink,,não
66154,,Starlink,,não
66155,,Starlink,,não
66156,,Starlink,,não
66157,,Starlink,,não
66158,,Starlink,,não
66159,,Starlink,,não
66160,,Starlink,,não
66161,,Starlink,,não
66162,,Starlink,,não
66163,,Starlink,,não
66164,,Starlink,,não
66165,,Starlink,,não
66166,,Starlink,,não
66167,,Starlink,,não
66168,,Starlink,,não
66169,,Starlink,,não
66170,,Starlink,,não
66171,,Starlink,,não
66172,,Starlink,,não
66173,,Starlink,,não
66177,,Starlink,,não
66178,,Starlink,,não
66179,,Starlink,,não
66180,,Starlink,,não
66181,,Starlink,,não
66182,,Starlink,,não
66183,,Starlink,,não
66184,,Starlink,,não
66185,,Starlink,,não
66186,,Starlink,,não
66187,,Starlink,,não
66188,,Starlink,,não
66189,,Starlink,,não
66190,,Starlink,,não
66191,,Starlink,,não
66192,,Starlink,,não
66193,,Starlink,,não
66194,,Starlink,,não
66195,,Starlink,,não
66196,,Starlink,,não
66197,,Starlink,,não
66198,,Starlink,,não
66199,,Starlink,,não
66200,,Starlink,,não
66201,,Starlink,,não
66202,,Starlink,,não
66203,,Starlink,,não
66204,,Starlink,,não
66206,,Starlink,,não
66207,,Starlink,,não
66208,,Starlink,,não
66209,,Starlink,,não
66210,,Starlink,,não
66211,,Starlink,,não
66212,,Starlink,,não
66213,,Starlink,,não
66214,,Starlink,,não
66215,,Starlink,,não
66216,,Starlink,,não
66217,,Starlink,,não
66218,,Starlink,,não
66219,,Starlink,,não
66220,,Starlink,,não
66221,,Starlink,,não
66222,,Starlink,,não
66223,,Starlink,,não
66224,,Starlink,,não
66225,,Starlink,,não
66226,,Starlink,,não
66227,,Starlink,,não
66228,,Starlink,,não
66229,,Starlink,,não
66230,,Starlink,,não
66231,,Starlink,,não
66232,,Starlink,,não
66233,,Starlink,,não
66234,,Starlink,,não
66235,,Starlink,,não
66236,,Starlink,,não
66237,,Starlink,,não
66238,,Starlink,,não
66239,,Starlink,,não
66240,,Starlink,,não
66241,,Starlink,,não
66242,,Starlink,,não
66243,,Starlink,,não
66244,,Starlink,,não
66245,,Starlink,,não
66246,,Starlink,,não
66247,,Starlink,,não
66248,,Starlink,,não
66249,,Starlink,,não
66250,,Starlink,,não
66251,,Starlink,,não
66252,,Starlink,,não
66253,,Starlink,,não
66254,,Starlink,,não
66255,,Starlink,,não
66256,,Starlink,,não
66257,,Starlink,,não
66258,,Starlink,,não
66259,,Starlink,,não
66260,,Starlink,,não
66261,,Starlink,,não
66262,,Starlink,,não
66265,,Starlink,,não
66266,,Starlink,,não
66267,,Starlink,,não
66268,,Starlink,,não
66269,,Starlink,,não
66270,,Starlink,,não
66271,,Starlink,,não
66272,,Starlink,,não
66273,,Starlink,,não
66274,,Starlink,,não
66275,,Starlink,,não
66276,,Starlink,,não
66277,,Starlink,,não
66278,,Starlink,,não
66279,,Starlink,,não
66280,,Starlink,,não
66281,,Starlink,,não
66282,,Starlink,,não
66283,,Starlink,,não
66284,,Starlink,,não
66285,,Starlink,,não
66286,,Starlink,,não
66287,,Starlink,,não
66288,,Starlink,,não
66289,,Starlink,,não
66290,,Starlink,,não
66291,,Starlink,,não
66292,,Starlink,,não
66295,,Lemur,,não
66300,,Amateur radio,,não
66301,,Amateur radio,,não
66302,,Amateur radio,,não
66308,,Amateur radio,,não
66311,,Geostationary,,não
66313,,Yaogan,,não
66319,,Starlink,,não
66320,,Starlink,,não
66321,,Starlink,,não
66322,,Starlink,,não
66323,,Starlink,,não
66324,,Starlink,,não
66325,,Starlink,,não
66326,,Starlink,,não
66327,,Starlink,,não
66328,,Starlink,,não
66329,,Starlink,,não
66330,,Starlink,,não
66331,,Starlink,,não
66332,,Starlink,,não
66333,,Starlink,,não
66334,,Starlink,,não
66335,,Starlink,,não
66336,,Starlink,,não
66337,,Starlink,,não
66338,,Starlink,,não
66339,,Starlink,,não
66340,,Starlink,,não
66341,,Starlink,,não
66342,,Starlink,,não
66343,,Starlink,,não
66344,,Starlink,,não
66345,,Starlink,,não
66346,,Starlink,,não
66347,,Starlink,,não
66348,,Starlink,,não
66349,,Starlink,,não
66350,,Starlink,,não
66351,,Starlink,,não
66352,,Starlink,,não
66353,,Starlink,,não
66354,,Starlink,,não
66355,,Starlink,,não
66356,,Starlink,,não
66357,,Starlink,,não
66358,,Starlink,,não
66359,,Starlink,,não
66360,,Starlink,,não
66361,,Starlink,,não
66362,,Starlink,,não
66363,,Starlink,,não
66364,,Starlink,,não
66365,,Starlink,,não
66366,,Starlink,,não
66367,,Starlink,,não
66368,,Starlink,,não
66369,,Starlink,,não
66370,,Starlink,,não
66371,,Starlink,,não
66372,,Starlink,,não
66373,,Starlink,,não
66374,,Starlink,,não
66375,,Starlink,,não
66380,,Starlink,,não
66381,,Starlink,,não
66382,,Starlink,,não
66383,,Starlink,,não
66384,,Starlink,,não
66385,,Starlink,,não
66386,,Starlink,,não
66387,,Starlink,,não
66388,,Starlink,,não
66389,,Starlink,,não
66390,,Starlink,,não
66391,,Starlink,,não
66392,,Starlink,,não
66393,,Starlink,,não
66394,,Starlink,,não
66395,,Starlink,,não
66396,,Starlink,,não
66397,,Starlink,,não
66398,,Starlink,,não
66399,,Starlink,,não
66400,,Starlink,,não
66401,,Starlink,,não
66403,,Starlink,,não
66404,,Starlink,,não
66405,,Starlink,,não
66406,,Starlink,,não
66407,,Starlink,,não
66408,,Starlink,,não
66422,,Starlink,,não
66423,,Starlink,,não
66424,,Starlink,,não
66425,,Starlink,,não
66426,,Starlink,,não
66427,,Starlink,,não
66428,,Starlink,,não
66429,,Starlink,,não
66430,,Starlink,,não
66431,,Starlink,,não
66432,,Starlink,,não
66433,,Starlink,,não
66434,,Starlink,,não
66435,,Starlink,,não
66436,,Starlink,,não
66437,,Starlink,,não
66438,,Starlink,,não
66439,,Starlink,,não
66440,,Starlink,,não
66441,,Starlink,,não
66442,,Starlink,,não
66443,,Starlink,,não
66444,,Starlink,,não
66445,,Starlink,,não
66446,,Starlink,,não
66447,,Starlink,,não
66448,,Starlink,,não
66449,,Starlink,,não
66450,,Starlink,,não
66456,,Starlink,,não
66457,,Starlink,,não
66458,,Starlink,,não
66459,,Starlink,,não
66460,,Starlink,,não
66461,,Starlink,,não
66462,,Starlink,,não
66463,,Starlink,,não
66464,,Starlink,,não
66465,,Starlink,,não
66466,,Starlink,,não
66467,,Starlink,,não
66468,,Starlink,,não
66469,,Starlink,,não
66470,,Starlink,,não
66471,,Starlink,,não
66472,,Starlink,,não
66473,,Starlink,,não
66474,,Starlink,,não
66475,,Starlink,,não
66476,,Starlink,,não
66477,,Starlink,,não
66478,,Starlink,,não
66479,,Starlink,,não
66480,,Starlink,,não
66481,,Starlink,,não
66482,,Starlink,,não
66483,,Starlink,,não
66484,,Starlink,,não
66485,,Starlink,,não
66486,,Starlink,,não
66487,,Starlink,,não
66488,,Starlink,,não
66489,,Starlink,,não
66490,,Starlink,,não
66491,,Starlink,,não
66492,,Starlink,,não
66493,,Starlink,,não
66494,,Starlink,,não
66495,,Starlink,,não
66496,,Starlink,,não
66497,,Starlink,,não
66498,,Starlink,,não
66499,,Starlink,,não
66500,,Starlink,,não
66501,,Starlink,,não
66502,,Starlink,,não
66503,,Starlink,,não
66504,,Starlink,,não
66505,,Starlink,,não
66506,,Starlink,,não
66507,,Starlink,,não
66508,,Starlink,,não
66509,,Starlink,,não
66510,,Starlink,,não
66511,,Starlink,,não
66512,,Starlink,,não
66513,,Starlink,,não
66514,,Space & Earth Science,,não
66514,,Weather,,não
66516,,Starlink,,não
66517,,Starlink,,não
66518,,Starlink,,não
66519,,Starlink,,não
66520,,Starlink,,não
66521,,Starlink,,não
66522,,Starlink,,não
66523,,Starlink,,não
66524,,Starlink,,não
66525,,Starlink,,não
66526,,Starlink,,não
66527,,Starlink,,não
66528,,Starlink,,não
66529,,Starlink,,não
66530,,Starlink,,não
66531,,Starlink,,não
66532,,Starlink,,não
66533,,Starlink,,não
66534,,Starlink,,não
66535,,Starlink,,não
66536,,Starlink,,não
66537,,Starlink,,não
66538,,Starlink,,não
66539,,Starlink,,não
66540,,Starlink,,não
66541,,Starlink,,não
66542,,Starlink,,não
66543,,Starlink,,não
66544,,Starlink,,não
66551,,Military,,não
66557,,Starlink,,não
66558,,Starlink,,não
66559,,Starlink,,não
66560,,Starlink,,não
66561,,Starlink,,não
66562,,Starlink,,não
66563,,Starlink,,não
66564,,Starlink,,não
66565,,Starlink,,não
66566,,Starlink,,não
66567,,Starlink,,não
66568,,Starlink,,não
66569,,Starlink,,não
66570,,Starlink,,não
66571,,Starlink,,não
66572,,Starlink,,não
66573,,Starlink,,não
66574,,Starlink,,não
66575,,Starlink,,não
66576,,Starlink,,não
66577,,Starlink,,não
66578,,Starlink,,não
66579,,Starlink,,não
66580,,Starlink,,não
66581,,Starlink,,não
66582,,Starlink,,não
66583,,Starlink,,não
66584,,Starlink,,não
66585,,Starlink,,não
66588,,Starlink,,não
66589,,Starlink,,não
66590,,Starlink,,não
66591,,Starlink,,não
66592,,Starlink,,não
66593,,Starlink,,não
66594,,Starlink,,não
66595,,Starlink,,não
66596,,Starlink,,não
66597,,Starlink,,não
66598,,Starlink,,não
66599,,Starlink,,não
66600,,Starlink,,não
66601,,Starlink,,não
66602,,Starlink,,não
66603,,Starlink,,não
66604,,Starlink,,não
66605,,Starlink,,não
66606,,Starlink,,não
66607,,Starlink,,não
66608,,Starlink,,não
66609,,Starlink,,não
66610,,Starlink,,não
66611,,Starlink,,não
66612,,Starlink,,não
66613,,Starlink,,não
66614,,Starlink,,não
66615,,Starlink,,não
66616,,Starlink,,não
66617,,Starlink,,não
66618,,Starlink,,não
66619,,Starlink,,não
66620,,Starlink,,não
66621,,Starlink,,não
66622,,Starlink,,não
66623,,Starlink,,não
66624,,Starlink,,não
66625,,Starlink,,não
66626,,Starlink,,não
66627,,Starlink,,não
66628,,Starlink,,não
66630,,Starlink,,não
66631,,Starlink,,não
66632,,Starlink,,não
66633,,Starlink,,não
66634,,Starlink,,não
66635,,Starlink,,não
66636,,Starlink,,não
66637,,Starlink,,não
66638,,Starlink,,não
66639,,Starlink,,não
66640,,Starlink,,não
66641,,Starlink,,não
66642,,Starlink,,não
66643,,Starlink,,não
66644,,Starlink,,não
66650,,Amateur radio,,não
66653,,Amateur radio,,não
66654,,Amateur radio,,não
66655,,Amateur radio,,não
66656,,Amateur radio,,não
66657,,Amateur radio,,não
66659,,Amateur radio,,não
66660,,Amateur radio,,não
66661,,Amateur radio,,não
66662,,Amateur radio,,não
66666,,Amateur radio,,não
66670,,Amateur radio,,não
66671,,Amateur radio,,não
66672,,Amateur radio,,não
66673,,Amateur radio,,não
66674,,Amateur radio,,não
66678,,Amateur radio,,não
66680,,Lemur,,não
66681,,Amateur radio,,não
66682,,Amateur radio,,não
66683,,Amateur radio,,não
66684,,Amateur radio,,não
66686,,Lemur,,não
66704,,Flock,,não
66705,,Flock,,não
66706,,Flock,,não
66707,,Flock,,não
66708,,Flock,,não
66709,,Flock,,não
66710,,Flock,,não
66711,,Flock,,não
66712,,Flock,,não
66713,,Flock,,não
66714,,Flock,,não
66715,,Flock,,não
66716,,Flock,,não
66717,,Flock,,não
66718,,Flock,,não
66719,,Flock,,não
66720,,Flock,,não
66721,,Flock,,não
66722,,Flock,,não
66723,,Flock,,não
66724,,Flock,,não
66725,,Flock,,não
66726,,Flock,,não
66727,,Flock,,não
66728,,Flock,,não
66729,,Flock,,não
66730,,Flock,,não
66731,,Flock,,não
66732,,Flock,,não
66733,,Flock,,não
66734,,Flock,,não
66735,,Flock,,não
66736,,Flock,,não
66737,,Flock,,não
66738,,Flock,,não
66739,,Flock,,não
66742,,Amateur radio,,não
66752,,Amateur radio,,não
66753,,Amateur radio,,não
66754,,Amateur radio,,não
66755,,Amateur radio,,não
66766,,Amateur radio,,não
66768,,Lemur,,não
66775,,Amateur radio,,não
66776,,Lemur,,não
66777,,Amateur radio,,não
66778,,Amateur radio,,não
66779,,Amateur radio,,não
66780,,Amateur radio,,não
66781,,Lemur,,não
66782,,Lemur,,não
66787,,Lemur,,não
66791,,Starlink,,não
66792,,Starlink,,não
66793,,Starlink,,não
66794,,Starlink,,não
66795,,Starlink,,não
66796,,Starlink,,não
66797,,Starlink,,não
66798,,Starlink,,não
66799,,Starlink,,não
66800,,Starlink,,não
66801,,Starlink,,não
66802,,Starlink,,não
66803,,Starlink,,não
66804,,Starlink,,não
66805,,Starlink,,não
66806,,Starlink,,não
66807,,Starlink,,não
66808,,Starlink,,não
66809,,Starlink,,não
66810,,Starlink,,não
66811,,Starlink,,não
66812,,Starlink,,não
66813,,Starlink,,não
66814,,Starlink,,não
66815,,Starlink,,não
66816,,Starlink,,não
66817,,Starlink,,não
66818,,Starlink,,não
66819,,Starlink,,não
66820,,Earth resources,,não
66821,,Starlink,,não
66822,,Starlink,,não
66823,,Starlink,,não
66824,,Starlink,,não
66825,,Starlink,,não
66826,,Starlink,,não
66827,,Starlink,,não
66828,,Starlink,,não
66829,,Starlink,,não
66830,,Starlink,,não
66831,,Starlink,,não
66832,,Starlink,,não
66833,,Starlink,,não
66834,,Starlink,,não
66835,,Starlink,,não
66836,,Starlink,,não
66837,,Starlink,,não
66838,,Starlink,,não
66839,,Starlink,,não
66840,,Starlink,,não
66841,,Starlink,,não
66842,,Starlink,,não
66843,,Starlink,,não
66844,,Starlink,,não
66845,,Starlink,,não
66846,,Starlink,,não
66847,,Starlink,,não
66848,,Starlink,,não
66849,,Starlink,,não
66850,,Starlink,,não
66851,,Starlink,,não
66852,,Starlink,,não
66853,,Starlink,,não
66854,,Starlink,,não
66855,,Starlink,,não
66856,,Starlink,,não
66857,,Starlink,,não
66858,,Starlink,,não
66859,,Starlink,,não
66860,,Starlink,,não
66861,,Starlink,,não
66862,,Starlink,,não
66863,,Starlink,,não
66864,,Starlink,,não
66865,,Starlink,,não
66866,,Starlink,,não
66867,,Starlink,,não
66868,,Starlink,,não
66869,,Starlink,,não
66870,,Starlink,,não
66871,,Starlink,,não
66872,,Starlink,,não
66873,,Starlink,,não
66874,,Starlink,,não
66875,,Starlink,,não
66876,,Starlink,,não
66878,,Starlink,,não
66879,,Starlink,,não
66880,,Starlink,,não
66881,,Starlink,,não
66882,,Starlink,,não
66883,,Starlink,,não
66884,,Starlink,,não
66885,,Starlink,,não
66886,,Starlink,,não
66887,,Starlink,,não
66888,,Starlink,,não
66889,,Starlink,,não
66890,,Starlink,,não
66891,,Starlink,,não
66892,,Starlink,,não
66893,,Starlink,,não
66894,,Starlink,,não
66895,,Starlink,,não
66896,,Starlink,,não
66897,,Starlink,,não
66898,,Starlink,,não
66899,,Starlink,,não
66900,,Starlink,,não
66901,,Starlink,,não
66902,,Starlink,,não
66903,,Starlink,,não
66904,,Starlink,,não
66905,,Starlink,,não
66925,,Starlink,,não
66926,,Starlink,,não
66927,,Starlink,,não
66928,,Starlink,,não
66929,,Starlink,,não
66930,,Starlink,,não
66931,,Starlink,,não
66932,,Starlink,,não
66933,,Starlink,,não
66934,,Starlink,,não
66935,,Starlink,,não
66936,,Starlink,,não
66937,,Starlink,,não
66938,,Starlink,,não
66939,,Starlink,,não
66940,,Starlink,,não
66941,,Starlink,,não
66942,,Starlink,,não
66943,,Starlink,,não
66944,,Starlink,,não
66945,,Starlink,,não
66946,,Starlink,,não
66947,,Starlink,,não
66948,,Starlink,,não
66949,,Starlink,,não
66950,,Starlink,,não
66951,,Starlink,,não
66952,,Starlink,,não
66959,,Starlink,,não
66960,,Starlink,,não
66961,,Starlink,,não
66962,,Starlink,,não
66963,,Starlink,,não
66964,,Starlink,,não
66965,,Starlink,,não
66966,,Starlink,,não
66967,,Starlink,,não
66968,,Starlink,,não
66969,,Starlink,,não
66970,,Starlink,,não
66971,,Starlink,,não
66972,,Starlink,,não
66973,,Starlink,,não
66974,,Starlink,,não
66975,,Starlink,,não
66976,,Starlink,,não
66977,,Starlink,,não
66978,,Starlink,,não
66979,,Starlink,,não
66980,,Starlink,,não
66981,,Starlink,,não
66982,,Starlink,,não
66983,,Starlink,,não
66984,,Starlink,,não
66985,,Starlink,,não
66986,,Starlink,,não
66987,,Starlink,,não
66988,,Yaogan,,não
66992,,Military,,não
67075,,Starlink,,não
67076,,Starlink,,não
67077,,Starlink,,não
67078,,Starlink,,não
67079,,Starlink,,não
67080,,Starlink,,não
67081,,Starlink,,não
67082,,Starlink,,não
67083,,Starlink,,não
67084,,Starlink,,não
67085,,Starlink,,não
67086,,Starlink,,não
67087,,Starlink,,não
67088,,Starlink,,não
67089,,Starlink,,não
67090,,Starlink,,não
67091,,Starlink,,não
67092,,Starlink,,não
67093,,Starlink,,não
67094,,Starlink,,não
67095,,Starlink,,não
67096,,Starlink,,não
67097,,Starlink,,não
67098,,Starlink,,não
67099,,Starlink,,não
67100,,Starlink,,não
67101,,Starlink,,não
67102,,Starlink,,não
67103,,Starlink,,não
67104,,Starlink,,não
67105,,Starlink,,não
67106,,Starlink,,não
67107,,Starlink,,não
67108,,Starlink,,não
67109,,Starlink,,não
67110,,Starlink,,não
67111,,Starlink,,não
67112,,Starlink,,não
67113,,Starlink,,não
67114,,Starlink,,não
67115,,Starlink,,não
67116,,Starlink,,não
67117,,Starlink,,não
67118,,Starlink,,não
67119,,Starlink,,não
67120,,Starlink,,não
67121,,Starlink,,não
67122,,Starlink,,não
67123,,Starlink,,não
67124,,Starlink,,não
67125,,Starlink,,não
67126,,Starlink,,não
67127,,Starlink,,não
67128,,Starlink,,não
67129,,Starlink,,não
67130,,Starlink,,não
67133,,Leo,,não
67134,,Leo,,não
67135,,Leo,,não
67136,,Leo,,não
67137,,Leo,,não
67138,,Leo,,não
67139,,Leo,,não
67140,,Leo,,não
67141,,Leo,,não
67142,,Leo,,não
67143,,Leo,,não
67144,,Leo,,não
67145,,Leo,,não
67146,,Leo,,não
67147,,Leo,,não
67148,,Leo,,não
67149,,Leo,,não
67150,,Leo,,não
67151,,Leo,,não
67152,,Leo,,não
67153,,Leo,,não
67154,,Leo,,não
67155,,Leo,,não
67156,,Leo,,não
67157,,Leo,,não
67158,,Leo,,não
67159,,Leo,,não
67163,,Starlink,,não
67164,,Starlink,,não
67165,,Starlink,,não
67166,,Starlink,,não
67167,,Starlink,,não
67168,,Starlink,,não
67169,,Starlink,,não
67170,,Starlink,,não
67171,,Starlink,,não
67172,,Starlink,,não
67173,,Starlink,,não
67174,,Starlink,,não
67175,,Starlink,,não
67176,,Starlink,,não
67177,,Starlink,,não
67178,,Starlink,,não
67179,,Starlink,,não
67180,,Starlink,,não
67181,,Starlink,,não
67182,,Starlink,,não
67183,,Starlink,,não
67184,,Starlink,,não
67185,,Starlink,,não
67186,,Starlink,,não
67187,,Starlink,,não
67188,,Starlink,,não
67189,,Starlink,,não
67190,,Starlink,,não
67191,,Starlink,,não
67192,,Starlink,,não
67193,,Starlink,,não
67194,,Starlink,,não
67195,,Starlink,,não
67196,,Starlink,,não
67197,,Starlink,,não
67198,,Starlink,,não
67199,,Starlink,,não
67200,,Starlink,,não
67201,,Starlink,,não
67202,,Starlink,,não
67203,,Starlink,,não
67204,,Starlink,,não
67205,,Starlink,,não
67206,,Starlink,,não
67207,,Starlink,,não
67208,,Starlink,,não
67209,,Starlink,,não
67210,,Starlink,,não
67211,,Starlink,,não
67212,,Starlink,,não
67213,,Starlink,,não
67214,,Starlink,,não
67215,,Starlink,,não
67216,,Starlink,,não
67217,,Starlink,,não
67218,,Starlink,,não
67232,,Amateur radio,,não
67246,,Weather,,não
67252,,Amateur radio,,não
67253,,Amateur radio,,não
67254,,Amateur radio,,não
67255,,Amateur radio,,não
67256,,Amateur radio,,não
67257,,Amateur radio,,não
67258,,Amateur radio,,não
67260,,Amateur radio,,não
67263,,Amateur radio,,não
67264,,Amateur radio,,não
67265,,Amateur radio,,não
67266,,Amateur radio,,não
67268,,Amateur radio,,não
67270,,Amateur radio,,não
67274,,Amateur radio,,não
67275,,Amateur radio,,não
67279,,Amateur radio,,não
67280,,Amateur radio,,não
67281,,Amateur radio,,não
67282,,Amateur radio,,não
67283,,Amateur radio,,não
67284,,Amateur radio,,não
67285,,Amateur radio,,não
67286,,Amateur radio,,não
67287,,Amateur radio,,não
67289,,Amateur radio,,não
67290,,Amateur radio,,não
67291,,Amateur radio,,não
67292,,Amateur radio,,não
67293,,Amateur radio,,não
67294,,Amateur radio,,não
67295,,Amateur radio,,não
67296,,Amateur radio,,não
67297,,Amateur radio,,não
67305,,Starlink,,não
67306,,Starlink,,não
67307,,Starlink,,não
67308,,Starlink,,não
67309,,Starlink,,não
67310,,Starlink,,não
67311,,Starlink,,não
67312,,Starlink,,não
67313,,Starlink,,não
67314,,Starlink,,não
67315,,Starlink,,não
67316,,Starlink,,não
67317,,Starlink,,não
67318,,Starlink,,não
67319,,Starlink,,não
67320,,Starlink,,não
67321,,Starlink,,não
67322,,Starlink,,não
67323,,Starlink,,não
67324,,Starlink,,não
67325,,Starlink,,não
67326,,Starlink,,não
67327,,Starlink,,não
67328,,Starlink,,não
67329,,Starlink,,não
67330,,Starlink,,não
67331,,Starlink,,não
67332,,Starlink,,não
67333,,Starlink,,não
67334,,Starlink,,não
67335,,Starlink,,não
67336,,Starlink,,não
67337,,Starlink,,não
67338,,Starlink,,não
67339,,Starlink,,não
67340,,Starlink,,não
67341,,Starlink,,não
67342,,Starlink,,não
67343,,Starlink,,não
67344,,Starlink,,não
67345,,Starlink,,não
67346,,Starlink,,não
67347,,Starlink,,não
67348,,Starlink,,não
67349,,Starlink,,não
67350,,Starlink,,não
67351,,Starlink,,não
67352,,Starlink,,não
67353,,Starlink,,não
67354,,Starlink,,não
67355,,Starlink,,não
67356,,Starlink,,não
67357,,Starlink,,não
67358,,Starlink,,não
67359,,Starlink,,não
67360,,Starlink,,não
67361,,Starlink,,não
67362,,Starlink,,não
67363,,Lemur,,não
67365,,Lemur,,não
67366,,Lemur,,não
67367,,Lemur,,não
67368,,Lemur,,não
67370,,Amateur radio,,não
67370,,Lemur,,não
67372,,Amateur radio,,não
67373,,Amateur radio,,não
67387,,Lemur,,não
67388,,Lemur,,não
67390,,Amateur radio,,não
67394,,Lemur,,não
67400,,Amateur radio,,não
67401,,Amateur radio,,não
67402,,Amateur radio,,não
67404,,Starlink,,não
67405,,Starlink,,não
67406,,Starlink,,não
67407,,Starlink,,não
67408,,Starlink,,não
67409,,Starlink,,não
67410,,Starlink,,não
67411,,Starlink,,não
67412,,Starlink,,não
67413,,Starlink,,não
67414,,Starlink,,não
67415,,Starlink,,não
67416,,Starlink,,não
67417,,Starlink,,não
67418,,Starlink,,não
67419,,Starlink,,não
67420,,Starlink,,não
67421,,Starlink,,não
67422,,Starlink,,não
67423,,Starlink,,não
67424,,Starlink,,não
67425,,Starlink,,não
67426,,Starlink,,não
67427,,Starlink,,não
67428,,Starlink,,não
67429,,Starlink,,não
67430,,Starlink,,não
67431,,Starlink,,não
67432,,Starlink,,não
67433,,Yaogan,,não
67445,,Starlink,,não
67446,,Starlink,,não
67447,,Starlink,,não
67448,,Starlink,,não
67449,,Starlink,,não
67450,,Starlink,,não
67451,,Starlink,,não
67452,,Starlink,,não
67453,,Starlink,,não
67454,,Starlink,,não
67455,,Starlink,,não
67456,,Starlink,,não
67457,,Starlink,,não
67458,,Starlink,,não
67459,,Starlink,,não
67460,,Starlink,,não
67461,,Starlink,,não
67462,,Starlink,,não
67463,,Starlink,,não
67464,,Starlink,,não
67465,,Starlink,,não
67466,,Starlink,,não
67467,,Starlink,,não
67468,,Starlink,,não
67469,,Starlink,,não
67470,,Starlink,,não
67471,,Starlink,,não
67472,,Starlink,,não
67473,,Starlink,,não
67481,,Chinese Space Station,,não
67483,,Amateur radio,,não
67493,,Starlink,,não
67494,,Starlink,,não
67495,,Starlink,,não
67496,,Starlink,,não
67497,,Starlink,,não
67498,,Starlink,,não
67499,,Starlink,,não
67500,,Starlink,,não
67501,,Starlink,,não
67502,,Starlink,,não
67503,,Starlink,,não
67504,,Starlink,,não
67505,,Starlink,,não
67506,,Starlink,,não
67507,,Starlink,,não
67508,,Starlink,,não
67509,,Starlink,,não
67510,,Starlink,,não
67511,,Starlink,,não
67512,,Starlink,,não
67513,,Starlink,,não
67514,,Starlink,,não
67515,,Starlink,,não
67516,,Starlink,,não
67517,,Starlink,,não
67518,,Starlink,,não
67519,,Starlink,,não
67520,,Starlink,,não
67521,,Starlink,,não
67532,,Starlink,,não
67533,,Starlink,,não
67534,,Starlink,,não
67535,,Starlink,,não
67536,,Starlink,,não
67537,,Starlink,,não
67538,,Starlink,,não
67539,,Starlink,,não
67540,,Starlink,,não
67541,,Starlink,,não
67542,,Starlink,,não
67543,,Starlink,,não
67544,,Starlink,,não
67545,,Starlink,,não
67546,,Starlink,,não
67547,,Starlink,,não
67548,,Starlink,,não
67549,,Starlink,,não
67550,,Starlink,,não
67551,,Starlink,,não
67552,,Starlink,,não
67553,,Starlink,,não
67554,,Starlink,,não
67555,,Starlink,,não
67556,,Amateur radio,,não
67557,,Amateur radio,,não
67560,,Starlink,,não
67561,,Starlink,,não
67562,,Starlink,,não
67563,,Starlink,,não
67564,,Starlink,,não
67565,,Starlink,,não
67566,,Starlink,,não
67567,,Starlink,,não
67568,,Starlink,,não
67569,,Starlink,,não
67570,,Starlink,,não
67571,,Starlink,,não
67572,,Starlink,,não
67573,,Starlink,,não
67574,,Starlink,,não
67575,,Starlink,,não
67576,,Starlink,,não
67577,,Starlink,,não
67578,,Starlink,,não
67579,,Starlink,,não
67580,,Starlink,,não
67581,,Starlink,,não
67582,,Starlink,,não
67583,,Starlink,,não
67584,,Starlink,,não
67585,,Starlink,,não
67588,,Global Positioning System (GPS) Constellation,,não
67589,,Starlink,,não
67590,,Starlink,,não
67591,,Starlink,,não
67592,,Starlink,,não
67593,,Starlink,,não
67594,,Starlink,,não
67595,,Starlink,,não
67596,,Starlink,,não
67597,,Starlink,,não
67598,,Starlink,,não
67599,,Starlink,,não
67600,,Starlink,,não
67601,,Starlink,,não
67602,,Starlink,,não
67603,,Starlink,,não
67604,,Starlink,,não
67605,,Starlink,,não
67606,,Starlink,,não
67607,,Starlink,,não
67608,,Starlink,,não
67609,,Starlink,,não
67610,,Starlink,,não
67611,,Starlink,,não
67612,,Starlink,,não
67613,,Starlink,,não
67617,,Starlink,,não
67618,,Starlink,,não
67619,,Starlink,,não
67620,,Starlink,,não
67621,,Starlink,,não
67622,,Starlink,,não
67623,,Starlink,,não
67624,,Starlink,,não
67625,,Starlink,,não
67626,,Starlink,,não
67627,,Starlink,,não
67628,,Starlink,,não
67629,,Starlink,,não
67631,,Starlink,,não
67632,,Starlink,,não
67633,,Starlink,,não
67634,,Starlink,,não
67635,,Starlink,,não
67636,,Starlink,,não
67637,,Starlink,,não
67638,,Starlink,,não
67639,,Starlink,,não
67640,,Starlink,,não
67641,,Starlink,,não
67642,,Starlink,,não
67643,,Starlink,,não
67644,,Starlink,,não
67645,,Starlink,,não
67648,,Starlink,,não
67649,,Starlink,,não
67650,,Starlink,,não
67651,,Starlink,,não
67652,,Starlink,,não
67653,,Starlink,,não
67654,,Starlink,,não
67655,,Starlink,,não
67656,,Starlink,,não
67657,,Starlink,,não
67658,,Starlink,,não
67659,,Starlink,,não
67660,,Starlink,,não
67661,,Starlink,,não
67662,,Starlink,,não
67663,,Starlink,,não
67664,,Starlink,,não
67665,,Starlink,,não
67666,,Starlink,,não
67667,,Starlink,,não
67668,,Starlink,,não
67669,,Starlink,,não
67670,,Starlink,,não
67671,,Starlink,,não
67672,,Starlink,,não
67683,,Amateur radio,,não
67685,,Amateur radio,,não
67686,,Amateur radio,,não
67687,,Amateur radio,,não
67688,,Amateur radio,,não
67693,,Starlink,,não
67694,,Starlink,,não
67695,,Starlink,,não
67696,,Starlink,,não
67697,,Starlink,,não
67698,,Starlink,,não
67699,,Starlink,,não
67700,,Starlink,,não
67701,,Starlink,,não
67702,,Starlink,,não
67703,,Starlink,,não
67704,,Starlink,,não
67705,,Starlink,,não
67706,,Starlink,,não
67707,,Starlink,,não
67708,,Starlink,,não
67709,,Starlink,,não
67710,,Starlink,,não
67711,,Starlink,,não
67712,,Starlink,,não
67713,,Starlink,,não
67714,,Starlink,,não
67715,,Starlink,,não
67716,,Starlink,,não
67717,,Starlink,,não
67721,,Starlink,,não
67722,,Starlink,,não
67723,,Starlink,,não
67724,,Starlink,,não
67725,,Starlink,,não
67726,,Starlink,,não
67727,,Starlink,,não
67728,,Starlink,,não
67729,,Starlink,,não
67730,,Starlink,,não
67731,,Starlink,,não
67732,,Starlink,,não
67733,,Starlink,,não
67734,,Starlink,,não
67735,,Starlink,,não
67736,,Starlink,,não
67737,,Starlink,,não
67738,,Starlink,,não
67739,,Starlink,,não
67740,,Starlink,,não
67741,,Starlink,,não
67742,,Starlink,,não
67743,,Starlink,,não
67744,,Starlink,,não
67756,,Amateur radio,,não
67764,,Leo,,não
67765,,Leo,,não
67766,,Leo,,não
67767,,Leo,,não
67768,,Leo,,não
67769,,Leo,,não
67770,,Leo,,não
67771,,Leo,,não
67772,,Leo,,não
67773,,Leo,,não
67774,,Leo,,não
67775,,Leo,,não
67776,,Leo,,não
67777,,Leo,,não
67778,,Leo,,não
67779,,Leo,,não
67780,,Leo,,não
67781,,Leo,,não
67782,,Leo,,não
67783,,Leo,,não
67784,,Leo,,não
67785,,Leo,,não
67786,,Leo,,não
67787,,Leo,,não
67788,,Leo,,não
67789,,Leo,,não
67790,,Leo,,não
67791,,Leo,,não
67792,,Leo,,não
67793,,Leo,,não
67794,,Leo,,não
67795,,Leo,,não
67796,,Int'l Space Station,,não
67797,,Starlink,,não
67798,,Starlink,,não
67799,,Starlink,,não
67800,,Starlink,,não
67801,,Starlink,,não
67802,,Starlink,,não
67803,,Starlink,,não
67804,,Starlink,,não
67805,,Starlink,,não
67806,,Starlink,,não
67807,,Starlink,,não
67808,,Starlink,,não
67809,,Starlink,,não
67810,,Starlink,,não
67811,,Starlink,,não
67812,,Starlink,,não
67813,,Starlink,,não
67814,,Starlink,,não
67815,,Starlink,,não
67816,,Starlink,,não
67817,,Starlink,,não
67818,,Starlink,,não
67819,,Starlink,,não
67820,,Starlink,,não
67821,,Starlink,,não
67822,,Starlink,,não
67823,,Starlink,,não
67824,,Starlink,,não
67825,,Starlink,,não
67826,,Starlink,,não
67827,,Starlink,,não
67828,,Starlink,,não
67829,,Starlink,,não
67830,,Starlink,,não
67831,,Starlink,,não
67832,,Starlink,,não
67833,,Starlink,,não
67834,,Starlink,,não
67835,,Starlink,,não
67836,,Starlink,,não
67837,,Starlink,,não
67838,,Starlink,,não
67839,,Starlink,,não
67840,,Starlink,,não
67841,,Starlink,,não
67842,,Starlink,,não
67843,,Starlink,,não
67844,,Starlink,,não
67845,,Starlink,,não
67846,,Starlink,,não
67847,,Starlink,,não
67848,,Starlink,,não
67849,,Starlink,,não
67850,,Starlink,,não
67851,,Starlink,,não
67852,,Starlink,,não
67853,,Starlink,,não
67854,,Starlink,,não
67855,,Starlink,,não
67856,,Starlink,,não
67857,,Starlink,,não
67858,,Starlink,,não
67859,,Starlink,,não
67860,,Starlink,,não
67861,,Starlink,,não
67862,,Starlink,,não
67863,,Starlink,,não
67864,,Starlink,,não
67865,,Starlink,,não
67866,,Starlink,,não
67867,,Starlink,,não
67868,,Starlink,,não
67869,,Starlink,,não
67870,,Starlink,,não
67871,,Starlink,,não
67872,,Starlink,,não
67873,,Starlink,,não
67874,,Starlink,,não
67875,,Starlink,,não
67876,,Starlink,,não
67877,,Starlink,,não
67878,,Starlink,,não
67879,,Starlink,,não
67880,,Starlink,,não
67881,,Starlink,,não
67882,,Starlink,,não
67883,,Starlink,,não
67884,,Starlink,,não
67885,,Starlink,,não
67886,,Starlink,,não
67887,,Starlink,,não
67888,,Starlink,,não
67889,,Starlink,,não
67890,,Starlink,,não
67891,,Starlink,,não
67892,,Starlink,,não
67893,,Starlink,,não
67894,,Starlink,,não
67895,,Starlink,,não
67896,,Starlink,,não
67897,,Starlink,,não
67898,,Starlink,,não
67899,,Starlink,,não
67900,,Starlink,,não
67901,,Starlink,,não
67902,,Starlink,,não
67903,,Starlink,,não
67904,,Starlink,,não
67905,,Starlink,,não
67906,,Starlink,,não
67907,,Starlink,,não
67908,,Starlink,,não
67909,,Starlink,,não
67910,,Starlink,,não
67911,,Starlink,,não
67912,,Starlink,,não
67913,,Starlink,,não
67914,,Starlink,,não
67915,,Starlink,,não
67916,,Starlink,,não
67917,,Starlink,,não
67918,,Starlink,,não
67919,,Starlink,,não
67920,,Starlink,,não
67921,,Starlink,,não
67923,,Starlink,,não
67924,,Starlink,,não
67925,,Starlink,,não
67926,,Starlink,,não
67927,,Starlink,,não
67928,,Starlink,,não
67929,,Starlink,,não
67930,,Starlink,,não
67931,,Starlink,,não
67932,,Starlink,,não
67933,,Starlink,,não
67934,,Starlink,,não
67935,,Starlink,,não
67936,,Starlink,,não
67937,,Starlink,,não
67938,,Starlink,,não
67939,,Starlink,,não
67940,,Starlink,,não
67941,,Starlink,,não
67942,,Starlink,,não
67943,,Starlink,,não
67944,,Starlink,,não
67945,,Starlink,,não
67946,,Starlink,,não
67947,,Starlink,,não
67948,,Starlink,,não
67949,,Starlink,,não
67950,,Starlink,,não
67951,,Starlink,,não
67952,,Starlink,,não
67953,,Starlink,,não
67954,,Starlink,,não
67955,,Starlink,,não
67956,,Starlink,,não
67957,,Starlink,,não
67958,,Starlink,,não
67959,,Starlink,,não
67960,,Starlink,,não
67961,,Starlink,,não
67962,,Starlink,,não
67963,,Starlink,,não
67964,,Starlink,,não
67965,,Starlink,,não
67966,,Starlink,,não
67967,,Starlink,,não
67968,,Starlink,,não
67969,,Starlink,,não
67970,,Starlink,,não
67971,,Starlink,,não
67972,,Starlink,,não
67973,,Starlink,,não
67974,,Starlink,,não
67975,,Starlink,,não
67976,,Starlink,,não
67977,,Starlink,,não
67978,,Starlink,,não
67979,,Starlink,,não
67980,,Starlink,,não
67981,,Starlink,,não
67982,,Starlink,,não
67983,,Starlink,,não
67984,,Starlink,,não
67985,,Starlink,,não
67986,,Starlink,,não
67987,,Starlink,,não
67988,,Starlink,,não
67989,,Starlink,,não
67990,,Starlink,,não
67991,,Starlink,,não
67992,,Starlink,,não
67993,,Starlink,,não
67994,,Starlink,,não
67995,,Starlink,,não
67996,,Starlink,,não
67997,,Starlink,,não
67998,,Starlink,,não
67999,,Starlink,,não
68000,,Starlink,,não
68001,,Starlink,,não
68002,,Starlink,,não
68003,,Starlink,,não
68004,,Starlink,,não
68005,,Starlink,,não
68006,,Starlink,,não
68007,,Starlink,,não
68008,,Starlink,,não
68009,,Starlink,,não
68010,,Starlink,,não
68011,,Starlink,,não
68012,,Starlink,,não
68013,,Starlink,,não
68014,,Starlink,,não
68015,,Starlink,,não
68016,,Starlink,,não
68017,,Starlink,,não
68018,,Starlink,,não
68019,,Starlink,,não
68020,,Starlink,,não
68021,,Starlink,,não
68022,,Starlink,,não
68023,,Starlink,,não
68024,,Starlink,,não
68025,,Starlink,,não
68026,,Starlink,,não
68027,,Starlink,,não
68028,,Starlink,,não
68029,,Starlink,,não
68030,,Starlink,,não
68031,,Starlink,,não
68032,,Starlink,,não
68033,,Starlink,,não
68034,,Starlink,,não
68035,,Starlink,,não
68036,,Starlink,,não
68037,,Starlink,,não
68038,,Starlink,,não
68039,,Starlink,,não
68040,,Starlink,,não
68041,,Starlink,,não
68042,,Starlink,,não
68043,,Starlink,,não
68044,,Starlink,,não
68045,,Starlink,,não
68046,,Starlink,,não
68047,,Starlink,,não
68048,,Starlink,,não
68049,,Starlink,,não
68050,,Starlink,,não
68051,,Starlink,,não
68052,,Starlink,,não
68053,,Starlink,,não
68054,,Starlink,,não
68055,,Starlink,,não
68056,,Starlink,,não
68057,,Starlink,,não
68058,,Starlink,,não
68059,,Starlink,,não
68060,,Starlink,,não
68061,,Starlink,,não
68062,,Starlink,,não
68063,,Starlink,,não
68064,,Starlink,,não
68065,,Starlink,,não
68066,,Starlink,,não
68067,,Starlink,,não
68068,,Starlink,,não
68069,,Starlink,,não
68070,,Starlink,,não
68071,,Starlink,,não
68072,,Starlink,,não
68073,,Starlink,,não
68074,,Starlink,,não
68075,,Starlink,,não
68076,,Starlink,,não
68077,,Starlink,,não
68078,,Starlink,,não
68079,,Starlink,,não
68080,,Starlink,,não
68081,,Starlink,,não
68082,,Starlink,,não
68083,,Starlink,,não
68084,,Starlink,,não
68085,,Starlink,,não
68086,,Starlink,,não
68087,,Starlink,,não
68088,,Starlink,,não
68089,,Starlink,,não
68090,,Starlink,,não
68091,,Starlink,,não
68092,,Starlink,,não
68093,,Starlink,,não
68094,,Starlink,,não
68095,,Starlink,,não
68096,,Starlink,,não
68097,,Starlink,,não
68101,,Starlink,,não
68102,,Starlink,,não
68103,,Starlink,,não
68104,,Starlink,,não
68105,,Starlink,,não
68106,,Starlink,,não
68107,,Starlink,,não
68108,,Starlink,,não
68109,,Starlink,,não
68110,,Starlink,,não
68111,,Starlink,,não
68112,,Starlink,,não
68113,,Starlink,,não
68114,,Starlink,,não
68115,,Starlink,,não
68116,,Starlink,,não
68117,,Starlink,,não
68118,,Starlink,,não
68119,,Starlink,,não
68120,,Starlink,,não
68121,,Starlink,,não
68122,,Starlink,,não
68123,,Starlink,,não
68124,,Starlink,,não
68125,,Starlink,,não
68126,,Geostationary,,não
68142,,Starlink,,não
68143,,Starlink,,não
68144,,Starlink,,não
68145,,Starlink,,não
68146,,Starlink,,não
68147,,Starlink,,não
68148,,Starlink,,não
68149,,Starlink,,não
68150,,Starlink,,não
68151,,Starlink,,não
68152,,Starlink,,não
68153,,Starlink,,não
68154,,Starlink,,não
68155,,Starlink,,não
68156,,Starlink,,não
68157,,Starlink,,não
68158,,Starlink,,não
68159,,Starlink,,não
68160,,Starlink,,não
68161,,Starlink,,não
68162,,Starlink,,não
68163,,Starlink,,não
68164,,Starlink,,não
68165,,Starlink,,não
68166,,Starlink,,não
68167,,Starlink,,não
68168,,Starlink,,não
68169,,Starlink,,não
68170,,Starlink,,não
68171,,Starlink,,não
68172,,Starlink,,não
68173,,Starlink,,não
68174,,Starlink,,não
68175,,Starlink,,não
68176,,Starlink,,não
68177,,Starlink,,não
68178,,Starlink,,não
68179,,Starlink,,não
68180,,Starlink,,não
68181,,Starlink,,não
68182,,Starlink,,não
68183,,Starlink,,não
68184,,Starlink,,não
68185,,Starlink,,não
68186,,Starlink,,não
68187,,Starlink,,não
68189,,Starlink,,não
68190,,Starlink,,não
68191,,Starlink,,não
68192,,Starlink,,não
68193,,Starlink,,não
68194,,Starlink,,não
68195,,Starlink,,não
68196,,Yaogan,,não
68207,,Starlink,,não
68208,,Starlink,,não
68209,,Starlink,,não
68210,,Starlink,,não
68211,,Starlink,,não
68212,,Starlink,,não
68213,,Starlink,,não
68214,,Starlink,,não
68215,,Starlink,,não
68216,,Starlink,,não
68217,,Starlink,,não
68218,,Starlink,,não
68219,,Starlink,,não
68220,,Starlink,,não
68221,,Starlink,,não
68222,,Starlink,,não
68223,,Starlink,,não
68225,,Starlink,,não
68226,,Starlink,,não
68227,,Starlink,,não
68228,,Starlink,,não
68229,,Starlink,,não
68230,,Starlink,,não
68231,,Starlink,,não
68232,,Starlink,,não
68233,,Starlink,,não
68234,,Starlink,,não
68235,,Starlink,,não
68236,,Starlink,,não
68237,,Starlink,,não
68238,,Starlink,,não
68239,,Starlink,,não
68240,,Starlink,,não
68241,,Starlink,,não
68242,,Starlink,,não
68243,,Starlink,,não
68244,,Starlink,,não
68245,,Starlink,,não
68246,,Starlink,,não
68247,,Starlink,,não
68248,,Starlink,,não
68249,,Starlink,,não
68250,,Starlink,,não
68251,,Starlink,,não
68252,,Starlink,,não
68253,,Starlink,,não
68254,,Starlink,,não
68255,,Starlink,,não
68256,,Starlink,,não
68257,,Starlink,,não
68258,,Starlink,,não
68259,,Starlink,,não
68260,,Starlink,,não
68261,,Amateur radio,,não
68262,,Starlink,,não
68263,,Starlink,,não
68264,,Starlink,,não
68265,,Starlink,,não
68266,,Starlink,,não
68267,,Starlink,,não
68268,,Starlink,,não
68269,,Starlink,,não
68270,,Starlink,,não
68271,,Starlink,,não
68272,,Starlink,,não
68273,,Starlink,,não
68274,,Starlink,,não
68275,,Starlink,,não
68276,,Starlink,,não
68277,,Starlink,,não
68278,,Starlink,,não
68279,,Starlink,,não
68280,,Starlink,,não
68281,,Starlink,,não
68282,,Starlink,,não
68283,,Starlink,,não
68284,,Starlink,,não
68285,,Starlink,,não
68286,,Starlink,,não
68287,,Starlink,,não
68288,,Starlink,,não
68289,,Starlink,,não
68290,,Starlink,,não
68294,,Starlink,,não
68295,,Starlink,,não
68296,,Starlink,,não
68297,,Starlink,,não
68298,,Starlink,,não
68299,,Starlink,,não
68300,,Starlink,,não
68301,,Starlink,,não
68302,,Starlink,,não
68303,,Starlink,,não
68304,,Starlink,,não
68305,,Starlink,,não
68306,,Starlink,,não
68307,,Starlink,,não
68308,,Starlink,,não
68309,,Starlink,,não
68310,,Starlink,,não
68311,,Starlink,,não
68312,,Starlink,,não
68313,,Starlink,,não
68314,,Starlink,,não
68315,,Starlink,,não
68316,,Starlink,,não
68317,,Starlink,,não
68318,,Starlink,,não
68321,,Starlink,,não
68322,,Starlink,,não
68323,,Starlink,,não
68324,,Starlink,,não
68325,,Starlink,,não
68326,,Starlink,,não
68327,,Starlink,,não
68328,,Starlink,,não
68329,,Starlink,,não
68330,,Starlink,,não
68331,,Starlink,,não
68332,,Starlink,,não
68333,,Starlink,,não
68334,,Starlink,,não
68335,,Starlink,,não
68336,,Starlink,,não
68337,,Starlink,,não
68338,,Starlink,,não
68339,,Starlink,,não
68340,,Starlink,,não
68341,,Starlink,,não
68342,,Starlink,,não
68343,,Starlink,,não
68344,,Starlink,,não
68345,,Starlink,,não
68346,,Starlink,,não
68347,,Starlink,,não
68348,,Starlink,,não
68349,,Starlink,,não
68373,,Amateur radio,,não
68380,,Starlink,,não
68381,,Starlink,,não
68382,,Starlink,,não
68383,,Starlink,,não
68384,,Starlink,,não
68385,,Starlink,,não
68386,,Starlink,,não
68387,,Starlink,,não
68388,,Starlink,,não
68389,,Starlink,,não
68390,,Starlink,,não
68391,,Starlink,,não
68392,,Starlink,,não
68393,,Starlink,,não
68394,,Starlink,,não
68395,,Starlink,,não
68396,,Starlink,,não
68397,,Starlink,,não
68398,,Starlink,,não
68399,,Starlink,,não
68400,,Starlink,,não
68401,,Starlink,,não
68402,,Starlink,,não
68403,,Starlink,,não
68404,,Starlink,,não
68409,,Amateur radio,,não
68417,,Amateur radio,,não
68418,,Amateur radio,,não
68419,,Amateur radio,,não
68420,,Amateur radio,,não
68421,,Amateur radio,,não
68425,,Amateur radio,,não
68427,,Amateur radio,,não
68428,,Amateur radio,,não
68431,,Amateur radio,,não
68433,,Amateur radio,,não
68434,,Amateur radio,,não
68435,,Amateur radio,,não
68437,,Amateur radio,,não
68446,,Amateur radio,,não
68456,,Amateur radio,,não
68458,,Amateur radio,,não
68460,,Amateur radio,,não
68468,,Amateur radio,,não
68470,,Amateur radio,,não
68471,,Lemur,,não
68474,,Amateur radio,,não
68476,,Lemur,,não
68479,,Lemur,,não
68480,,Lemur,,não
68481,,Amateur radio,,não
68482,,Lemur,,não
68483,,Lemur,,não
68489,,Lemur,,não
68491,,Lemur,,não
68492,,Lemur,,não
68493,,Lemur,,não
68494,,Amateur radio,,não
68497,,Amateur radio,,não
68502,,Amateur radio,,não
68506,,Amateur radio,,não
68508,,Starlink,,não
68509,,Starlink,,não
68510,,Starlink,,não
68511,,Starlink,,não
68512,,Starlink,,não
68513,,Starlink,,não
68514,,Starlink,,não
68515,,Starlink,,não
68516,,Starlink,,não
68517,,Starlink,,não
68518,,Starlink,,não
68519,,Starlink,,não
68520,,Starlink,,não
68521,,Starlink,,não
68522,,Starlink,,não
68523,,Starlink,,não
68524,,Starlink,,não
68525,,Starlink,,não
68526,,Starlink,,não
68527,,Starlink,,não
68528,,Starlink,,não
68529,,Starlink,,não
68530,,Starlink,,não
68531,,Starlink,,não
68532,,Starlink,,não
68533,,Starlink,,não
68534,,Starlink,,não
68535,,Starlink,,não
68536,,Starlink,,não
68538,,Brightest,,não
68538,,Geostationary,,não
68538,,Intelsat,,não
68538,,Gorizont,,não
68538,,Raduga,,não
68538,,Molniya,,não
68538,,Iridium,,não
68538,,Orbcomm,,não
68538,,Globalstar,,não
68538,,Amateur radio,,não
68538,,Experimental,,não
68538,,Int'l Space Station,,não
68538,,GPS Operational,,não
68538,,Glonass Operational,,não
68538,,Galileo,,não
68538,,Satellite-Based Augmentation System,,não
68538,,Navy Navigation Satellite System,,não
68538,,Russian LEO Navigation,,não
68538,,Space & Earth Science,,não
68538,,Geodetic,,não
68538,,Engineering,,não
68538,,Education,,não
68538,,Weather,,não
68538,,Military,,não
68538,,Radar Calibration,,não
68538,,CubeSats,,não
68538,,XM and Sirius,,não
68538,,TV,,não
68538,,Beidou,,não
68538,,Yaogan,,não
68538,,Westford Needles,,não
68538,,Parus,,não
68538,,Strela,,não
68538,,NOAA,,não
68538,,Gonets,,não
68538,,Tsiklon,,não
68538,,Tsikada,,não
68538,,O3B Networks,,não
68538,,Tselina,,não
68538,,Celestis,,não
68538,,IRNSS,,não
68538,,QZSS,,não
68538,,Flock,,não
68538,,Lemur,,não
68538,,GOES,,não
68538,,Global Positioning System (GPS) Constellation,,não
68538,,Glonass Constellation,,não
68538,,Starlink,,não
68538,,OneWeb,,não
68538,,Chinese Space Station,,não
68538,,Qianfan,,não
68538,,Leo,,não
68538,,GeeSAT,,não
68538,,Earth resources,,não
68538,,Search & rescue,,não
68538,,Disaster monitoring,,não
68538,,Tracking and Data Relay Satellite System,,não
68542,,Starlink,,não
68543,,Starlink,,não
68544,,Starlink,,não
68545,,Starlink,,não
68546,,Starlink,,não
68547,,Starlink,,não
68548,,Starlink,,não
68549,,Starlink,,não
68550,,Starlink,,não
68551,,Starlink,,não
68552,,Starlink,,não
68553,,Starlink,,não
68554,,Starlink,,não
68555,,Starlink,,não
68556,,Starlink,,não
68557,,Starlink,,não
68558,,Starlink,,não
68559,,Starlink,,não
68560,,Starlink,,não
68561,,Starlink,,não
68562,,Starlink,,não
68563,,Starlink,,não
68564,,Starlink,,não
68565,,Starlink,,não
68566,,Starlink,,não
68567,,Starlink,,não
68568,,Starlink,,não
68569,,Starlink,,não
68570,,Starlink,,não
68573,,Leo,,não
68574,,Leo,,não
68575,,Leo,,não
68576,,Leo,,não
68577,,Leo,,não
68578,,Leo,,não
68579,,Leo,,não
68580,,Leo,,não
68581,,Leo,,não
68582,,Leo,,não
68583,,Leo,,não
68584,,Leo,,não
68585,,Leo,,não
68586,,Leo,,não
68587,,Leo,,não
68588,,Leo,,não
68589,,Leo,,não
68590,,Leo,,não
68591,,Leo,,não
68592,,Leo,,não
68593,,Leo,,não
68594,,Leo,,não
68595,,Leo,,não
68596,,Leo,,não
68597,,Leo,,não
68598,,Leo,,não
68599,,Leo,,não
68600,,Leo,,não
68601,,Leo,,não
68602,,Starlink,,não
68603,,Starlink,,não
68604,,Starlink,,não
68605,,Starlink,,não
68606,,Starlink,,não
68607,,Starlink,,não
68608,,Starlink,,não
68609,,Starlink,,não
68610,,Starlink,,não
68611,,Starlink,,não
68612,,Starlink,,não
68613,,Starlink,,não
68614,,Starlink,,não
68615,,Starlink,,não
68616,,Starlink,,não
68617,,Starlink,,não
68618,,Starlink,,não
68619,,Starlink,,não
68620,,Starlink,,não
68621,,Starlink,,não
68622,,Starlink,,não
68623,,Starlink,,não
68624,,Starlink,,não
68625,,Starlink,,não
68626,,Starlink,,não
68629,,Amateur radio,,não
68631,,Amateur radio,,não
68632,,Amateur radio,,não
68635,,Amateur radio,,não
68636,,Qianfan,,não
68637,,Qianfan,,não
68638,,Qianfan,,não
68639,,Qianfan,,não
68640,,Qianfan,,não
68641,,Qianfan,,não
68642,,Qianfan,,não
68643,,Qianfan,,não
68644,,Qianfan,,não
68645,,Qianfan,,não
68646,,Qianfan,,não
68647,,Qianfan,,não
68648,,Qianfan,,não
68649,,Qianfan,,não
68650,,Qianfan,,não
68651,,Qianfan,,não
68652,,Qianfan,,não
68653,,Qianfan,,não
68654,,Qianfan,,não
68662,,Starlink,,não
68663,,Starlink,,não
68664,,Starlink,,não
68665,,Starlink,,não
68666,,Starlink,,não
68667,,Starlink,,não
68668,,Starlink,,não
68669,,Starlink,,não
68670,,Starlink,,não
68671,,Starlink,,não
68672,,Starlink,,não
68673,,Starlink,,não
68674,,Starlink,,não
68675,,Starlink,,não
68676,,Starlink,,não
68677,,Starlink,,não
68678,,Starlink,,não
68679,,Starlink,,não
68680,,Starlink,,não
68681,,Starlink,,não
68682,,Starlink,,não
68683,,Starlink,,não
68684,,Starlink,,não
68685,,Starlink,,não
68686,,Starlink,,não
68689,,Int'l Space Station,,não
68699,,Starlink,,não
68700,,Starlink,,não
68701,,Starlink,,não
68702,,Starlink,,não
68703,,Starlink,,não
68704,,Starlink,,não
68705,,Starlink,,não
68706,,Starlink,,não
68707,,Starlink,,não
68708,,Starlink,,não
68709,,Starlink,,não
68710,,Starlink,,não
68711,,Starlink,,não
68712,,Starlink,,não
68713,,Starlink,,não
68714,,Starlink,,não
68715,,Starlink,,não
68716,,Starlink,,não
68717,,Starlink,,não
68718,,Starlink,,não
68719,,Starlink,,não
68720,,Starlink,,não
68721,,Starlink,,não
68722,,Starlink,,não
68723,,Starlink,,não
68724,,Starlink,,não
68725,,Starlink,,não
68726,,Starlink,,não
68727,,Starlink,,não
68728,,Starlink,,não
68729,,Starlink,,não
68730,,Starlink,,não
68731,,Starlink,,não
68732,,Starlink,,não
68733,,Starlink,,não
68734,,Starlink,,não
68735,,Starlink,,não
68736,,Starlink,,não
68737,,Starlink,,não
68738,,Starlink,,não
68739,,Starlink,,não
68740,,Starlink,,não
68741,,Starlink,,não
68742,,Starlink,,não
68743,,Starlink,,não
68744,,Starlink,,não
68745,,Starlink,,não
68746,,Starlink,,não
68747,,Starlink,,não
68748,,Starlink,,não
68749,,Starlink,,não
68750,,Starlink,,não
68751,,Starlink,,não
68752,,Starlink,,não
68766,,Starlink,,não
68767,,Starlink,,não
68768,,Starlink,,não
68769,,Starlink,,não
68770,,Starlink,,não
68771,,Starlink,,não
68772,,Starlink,,não
68773,,Starlink,,não
68774,,Starlink,,não
68775,,Starlink,,não
68776,,Starlink,,não
68777,,Starlink,,não
68778,,Starlink,,não
68779,,Starlink,,não
68780,,Starlink,,não
68781,,Starlink,,não
68782,,Starlink,,não
68783,,Starlink,,não
68784,,Starlink,,não
68785,,Starlink,,não
68786,,Starlink,,não
68787,,Starlink,,não
68788,,Starlink,,não
68789,,Starlink,,não
68790,,Starlink,,não
68791,,Global Positioning System (GPS) Constellation,,não
68792,,Amateur radio,,não
68793,,Amateur radio,,não
68795,,Amateur radio,,não
68796,,Amateur radio,,não
68797,,Amateur radio,,não
68798,,Amateur radio,,não
68802,,Starlink,,não
68803,,Starlink,,não
68804,,Starlink,,não
68805,,Starlink,,não
68806,,Starlink,,não
68807,,Starlink,,não
68808,,Starlink,,não
68809,,Starlink,,não
68810,,Starlink,,não
68811,,Starlink,,não
68812,,Starlink,,não
68813,,Starlink,,não
68814,,Starlink,,não
68815,,Starlink,,não
68816,,Starlink,,não
68817,,Starlink,,não
68818,,Starlink,,não
68819,,Starlink,,não
68820,,Starlink,,não
68821,,Starlink,,não
68822,,Starlink,,não
68823,,Starlink,,não
68824,,Starlink,,não
68825,,Starlink,,não
68836,,Amateur radio,,não
68837,,Int'l Space Station,,não
68839,,Starlink,,não
68840,,Starlink,,não
68841,,Starlink,,não
68842,,Starlink,,não
68843,,Starlink,,não
68844,,Starlink,,não
68845,,Starlink,,não
68846,,Starlink,,não
68847,,Starlink,,não
68848,,Starlink,,não
68849,,Starlink,,não
68850,,Starlink,,não
68851,,Starlink,,não
68852,,Starlink,,não
68853,,Starlink,,não
68854,,Starlink,,não
68855,,Starlink,,não
68856,,Starlink,,não
68857,,Starlink,,não
68858,,Starlink,,não
68859,,Starlink,,não
68860,,Starlink,,não
68861,,Starlink,,não
68862,,Starlink,,não
68863,,Starlink,,não
68864,,Leo,,não
68865,,Leo,,não
68866,,Leo,,não
68867,,Leo,,não
68868,,Leo,,não
68869,,Leo,,não
68870,,Leo,,não
68871,,Leo,,não
68872,,Leo,,não
68873,,Leo,,não
68874,,Leo,,não
68875,,Leo,,não
68876,,Leo,,não
68877,,Leo,,não
68878,,Leo,,não
68879,,Leo,,não
68880,,Leo,,não
68881,,Leo,,não
68882,,Leo,,não
68883,,Leo,,não
68884,,Leo,,não
68885,,Leo,,não
68886,,Leo,,não
68887,,Leo,,não
68888,,Leo,,não
68889,,Leo,,não
68890,,Leo,,não
68891,,Leo,,não
68892,,Leo,,não
68895,,Starlink,,não
68896,,Starlink,,não
68897,,Starlink,,não
68898,,Starlink,,não
68899,,Starlink,,não
68900,,Starlink,,não
68901,,Starlink,,não
68902,,Starlink,,não
68903,,Starlink,,não
68904,,Starlink,,não
68905,,Starlink,,não
68906,,Starlink,,não
68907,,Starlink,,não
68908,,Starlink,,não
68909,,Starlink,,não
68910,,Starlink,,não
68911,,Starlink,,não
68912,,Starlink,,não
68913,,Starlink,,não
68914,,Starlink,,não
68915,,Starlink,,não
68916,,Starlink,,não
68917,,Starlink,,não
68918,,Starlink,,não
68919,,Leo,,não
68920,,Leo,,não
68921,,Leo,,não
68922,,Leo,,não
68923,,Leo,,não
68924,,Leo,,não
68925,,Leo,,não
68926,,Leo,,não
68927,,Leo,,não
68928,,Leo,,não
68929,,Leo,,não
68930,,Leo,,não
68931,,Leo,,não
68932,,Leo,,não
68933,,Leo,,não
68934,,Leo,,não
68935,,Leo,,não
68936,,Leo,,não
68937,,Leo,,não
68938,,Leo,,não
68939,,Leo,,não
68940,,Leo,,não
68941,,Leo,,não
68942,,Leo,,não
68943,,Leo,,não
68944,,Leo,,não
68945,,Leo,,não
68946,,Leo,,não
68947,,Leo,,não
68948,,Leo,,não
68949,,Leo,,não
68950,,Leo,,não
68951,,Starlink,,não
68952,,Starlink,,não
68953,,Starlink,,não
68954,,Starlink,,não
68955,,Starlink,,não
68956,,Starlink,,não
68957,,Starlink,,não
68958,,Starlink,,não
68959,,Starlink,,não
68960,,Starlink,,não
68961,,Starlink,,não
68962,,Starlink,,não
68963,,Starlink,,não
68964,,Starlink,,não
68965,,Starlink,,não
68966,,Starlink,,não
68967,,Starlink,,não
68968,,Starlink,,não
68969,,Starlink,,não
68970,,Starlink,,não
68971,,Starlink,,não
68972,,Starlink,,não
68973,,Starlink,,não
68974,,Starlink,,não
68975,,Starlink,,não
68976,,Starlink,,não
68977,,Starlink,,não
68978,,Starlink,,não
68979,,Starlink,,não
68980,,Amateur radio,,não
68989,,Amateur radio,,não
68990,,Amateur radio,,não
68994,,Amateur radio,,não
68995,,Amateur radio,,não
68996,,Amateur radio,,não
69000,,Amateur radio,,não
69002,,Amateur radio,,não
69006,,Amateur radio,,não
69007,,Amateur radio,,não
69010,,Amateur radio,,não
69015,,Amateur radio,,não
69020,,Amateur radio,,não
69021,,Amateur radio,,não
69024,,Amateur radio,,não
69025,,Starlink,,não
69026,,Starlink,,não
69027,,Starlink,,não
69028,,Starlink,,não
69029,,Starlink,,não
69030,,Starlink,,não
69031,,Starlink,,não
69032,,Starlink,,não
69033,,Starlink,,não
69034,,Starlink,,não
69035,,Starlink,,não
69036,,Starlink,,não
69037,,Starlink,,não
69038,,Starlink,,não
69039,,Starlink,,não
69040,,Starlink,,não
69041,,Starlink,,não
69042,,Starlink,,não
69043,,Starlink,,não
69044,,Starlink,,não
69045,,Starlink,,não
69046,,Starlink,,não
69047,,Starlink,,não
69048,,Starlink,,não
69049,,Chinese Space Station,,não
69073,,Qianfan,,não
69074,,Qianfan,,não
69075,,Qianfan,,não
69076,,Qianfan,,não
69077,,Qianfan,,não
69078,,Qianfan,,não
69079,,Qianfan,,não
69080,,Qianfan,,não
69081,,Qianfan,,não
69082,,Qianfan,,não
69083,,Qianfan,,não
69084,,Qianfan,,não
69085,,Qianfan,,não
69086,,Qianfan,,não
69087,,Qianfan,,não
69088,,Qianfan,,não
69089,,Qianfan,,não
69090,,Qianfan,,não
69091,,Qianfan,,não
69104,,Qianfan,,não
69105,,Qianfan,,não
69106,,Qianfan,,não
69107,,Qianfan,,não
69108,,Qianfan,,não
69109,,Qianfan,,não
69110,,Qianfan,,não
69111,,Qianfan,,não
69112,,Qianfan,,não
69113,,Qianfan,,não
69114,,Qianfan,,não
69115,,Qianfan,,não
69116,,Qianfan,,não
69117,,Qianfan,,não
69118,,Qianfan,,não
69119,,Qianfan,,não
69120,,Qianfan,,não
69121,,Qianfan,,não
69124,,Starlink,,não
69125,,Starlink,,não
69126,,Starlink,,não
69127,,Starlink,,não
69128,,Starlink,,não
69129,,Starlink,,não
69130,,Starlink,,não
69131,,Starlink,,não
69132,,Starlink,,não
69133,,Starlink,,não
69134,,Starlink,,não
69135,,Starlink,,não
69136,,Starlink,,não
69137,,Starlink,,não
69138,,Starlink,,não
69139,,Starlink,,não
69140,,Starlink,,não
69141,,Starlink,,não
69142,,Starlink,,não
69143,,Starlink,,não
69144,,Starlink,,não
69145,,Starlink,,não
69146,,Starlink,,não
69147,,Starlink,,não
69148,,Starlink,,não
69149,,Starlink,,não
69150,,Starlink,,não
69151,,Starlink,,não
69152,,Starlink,,não
69153,,Starlink,,não
69154,,Starlink,,não
69155,,Starlink,,não
69156,,Starlink,,não
69157,,Starlink,,não
69158,,Starlink,,não
69159,,Starlink,,não
69160,,Starlink,,não
69161,,Starlink,,não
69162,,Starlink,,não
69163,,Starlink,,não
69164,,Starlink,,não
69165,,Starlink,,não
69166,,Starlink,,não
69167,,Starlink,,não
69168,,Starlink,,não
69169,,Starlink,,não
69170,,Starlink,,não
69171,,Starlink,,não
69172,,Starlink,,não
69173,,Starlink,,não
69174,,Starlink,,não
69175,,Starlink,,não
69176,,Starlink,,não
69180,,Chinese Space Station,,não
69182,,Starlink,,não
69183,,Starlink,,não
69184,,Starlink,,não
69185,,Starlink,,não
69186,,Starlink,,não
69187,,Starlink,,não
69188,,Starlink,,não
69189,,Starlink,,não
69190,,Starlink,,não
69191,,Starlink,,não
69192,,Starlink,,não
69193,,Starlink,,não
69194,,Starlink,,não
69195,,Starlink,,não
69196,,Starlink,,não
69197,,Starlink,,não
69198,,Starlink,,não
69199,,Starlink,,não
69200,,Starlink,,não
69201,,Starlink,,não
69202,,Starlink,,não
69203,,Starlink,,não
69204,,Starlink,,não
69205,,Starlink,,não
69206,,Starlink,,não
69207,,Starlink,,não
69208,,Starlink,,não
69209,,Starlink,,não
69210,,Starlink,,não
69211,,Starlink,,não
69212,,Starlink,,não
69213,,Starlink,,não
69214,,Starlink,,não
69215,,Starlink,,não
69216,,Starlink,,não
69217,,Starlink,,não
69218,,Starlink,,não
69219,,Starlink,,não
69220,,Starlink,,não
69221,,Starlink,,não
69222,,Starlink,,não
69223,,Starlink,,não
69224,,Starlink,,não
69225,,Starlink,,não
69226,,Starlink,,não
69227,,Starlink,,não
69228,,Starlink,,não
69229,,Starlink,,não
69230,,Starlink,,não
69231,,Starlink,,não
69232,,Starlink,,não
69233,,Starlink,,não
69234,,Starlink,,não
69238,,Starlink,,não
69239,,Starlink,,não
69240,,Starlink,,não
69241,,Starlink,,não
69242,,Starlink,,não
69243,,Starlink,,não
69244,,Starlink,,não
69245,,Starlink,,não
69246,,Starlink,,não
69247,,Starlink,,não
69248,,Starlink,,não
69249,,Starlink,,não
69250,,Starlink,,não
69251,,Starlink,,não
69252,,Starlink,,não
69253,,Starlink,,não
69254,,Starlink,,não
69255,,Starlink,,não
69256,,Starlink,,não
69257,,Starlink,,não
69258,,Starlink,,não
69259,,Starlink,,não
69260,,Starlink,,não
69261,,Starlink,,não
69262,,Starlink,,não
69263,,Starlink,,não
69264,,Starlink,,não
69265,,Starlink,,não
69266,,Starlink,,não
69267,,Leo,,não
69268,,Leo,,não
69269,,Leo,,não
69270,,Leo,,não
69271,,Leo,,não
69272,,Leo,,não
69273,,Leo,,não
69274,,Leo,,não
69275,,Leo,,não
69276,,Leo,,não
69277,,Leo,,não
69278,,Leo,,não
69279,,Leo,,não
69280,,Leo,,não
69281,,Leo,,não
69282,,Leo,,não
69283,,Leo,,não
69284,,Leo,,não
69285,,Leo,,não
69286,,Leo,,não
69287,,Leo,,não
69288,,Leo,,não
69289,,Leo,,não
69290,,Leo,,não
69291,,Leo,,não
69292,,Leo,,não
69293,,Leo,,não
69294,,Leo,,não
69295,,Leo,,não
69296,,Starlink,,não
69297,,Starlink,,não
69298,,Starlink,,não
69299,,Starlink,,não
69300,,Starlink,,não
69301,,Starlink,,não
69302,,Starlink,,não
69303,,Starlink,,não
69304,,Starlink,,não
69305,,Starlink,,não
69306,,Starlink,,não
69307,,Starlink,,não
69308,,Starlink,,não
69309,,Starlink,,não
69310,,Starlink,,não
69311,,Starlink,,não
69312,,Starlink,,não
69313,,Starlink,,não
69314,,Starlink,,não
69315,,Starlink,,não
69316,,Starlink,,não
69317,,Starlink,,não
69318,,Starlink,,não
69319,,Starlink,,não
69325,,Qianfan,,não
69326,,Qianfan,,não
69328,,Chinese Space Station,,não
69329,,Starlink,,não
69330,,Starlink,,não
69331,,Starlink,,não
69332,,Starlink,,não
69333,,Starlink,,não
69334,,Starlink,,não
69335,,Starlink,,não
69336,,Starlink,,não
69337,,Starlink,,não
69338,,Starlink,,não
69339,,Starlink,,não
69340,,Starlink,,não
69341,,Starlink,,não
69342,,Starlink,,não
69343,,Starlink,,não
69344,,Starlink,,não
69345,,Starlink,,não
69346,,Starlink,,não
69347,,Starlink,,não
69348,,Starlink,,não
69349,,Starlink,,não
69350,,Starlink,,não
69351,,Starlink,,não
69352,,Starlink,,não
69353,,Starlink,,não
69354,,Starlink,,não
69355,,Starlink,,não
69356,,Starlink,,não
69357,,Starlink,,não
69358,,Starlink,,não
69359,,Starlink,,não
69360,,Starlink,,não
69361,,Starlink,,não
69362,,Starlink,,não
69363,,Starlink,,não
69364,,Starlink,,não
69365,,Starlink,,não
69366,,Starlink,,não
69367,,Starlink,,não
69368,,Starlink,,não
69369,,Starlink,,não
69370,,Starlink,,não
69371,,Starlink,,não
69372,,Starlink,,não
69373,,Starlink,,não
69374,,Starlink,,não
69375,,Starlink,,não
69376,,Starlink,,não
69377,,Starlink,,não
69378,,Starlink,,não
69379,,Starlink,,não
69380,,Starlink,,não
69381,,Starlink,,não
69382,,Qianfan,,não
69383,,Qianfan,,não
69384,,Qianfan,,não
69385,,Qianfan,,não
69386,,Qianfan,,não
69387,,Qianfan,,não
69388,,Qianfan,,não
69389,,Qianfan,,não
69390,,Qianfan,,não
69391,,Qianfan,,não
69392,,Qianfan,,não
69393,,Qianfan,,não
69394,,Qianfan,,não
69395,,Qianfan,,não
69396,,Qianfan,,não
69397,,Qianfan,,não
69398,,Qianfan,,não
69399,,Qianfan,,não
69401,,Qianfan,,não
69402,,Qianfan,,não
69403,,Qianfan,,não
69404,,Qianfan,,não
69405,,Qianfan,,não
69406,,Qianfan,,não
69407,,Qianfan,,não
69408,,Qianfan,,não
69409,,Qianfan,,não
69410,,Qianfan,,não
69411,,Qianfan,,não
69412,,Qianfan,,não
69413,,Qianfan,,não
69414,,Qianfan,,não
69415,,Qianfan,,não
69416,,Qianfan,,não
69417,,Qianfan,,não
69418,,Qianfan,,não
69420,,Starlink,,não
69421,,Starlink,,não
69422,,Starlink,,não
69423,,Starlink,,não
69424,,Starlink,,não
69425,,Starlink,,não
69426,,Starlink,,não
69427,,Starlink,,não
69428,,Starlink,,não
69429,,Starlink,,não
69430,,Starlink,,não
69431,,Starlink,,não
69432,,Starlink,,não
69433,,Starlink,,não
69434,,Starlink,,não
69435,,Starlink,,não
69436,,Starlink,,não
69437,,Starlink,,não
69438,,Starlink,,não
69439,,Starlink,,não
69440,,Starlink,,não
69443,,Starlink,,não
69444,,Starlink,,não
69445,,Starlink,,não
69446,,Starlink,,não
69447,,Starlink,,não
69448,,Starlink,,não
69449,,Starlink,,não
69450,,Starlink,,não
69451,,Starlink,,não
69452,,Starlink,,não
69453,,Starlink,,não
69454,,Starlink,,não
69455,,Starlink,,não
69456,,Starlink,,não
69457,,Starlink,,não
69458,,Starlink,,não
69459,,Starlink,,não
69460,,Starlink,,não
69461,,Starlink,,não
69462,,Starlink,,não
69463,,Starlink,,não
69464,,Starlink,,não
69465,,Starlink,,não
69466,,Starlink,,não
69467,,Starlink,,não
69468,,Starlink,,não
69469,,Starlink,,não
69470,,Starlink,,não
69471,,Starlink,,não
69478,,Starlink,,não
69479,,Starlink,,não
69480,,Starlink,,não
69481,,Starlink,,não
69482,,Starlink,,não
69483,,Starlink,,não
69484,,Starlink,,não
69485,,Starlink,,não
69486,,Starlink,,não
69487,,Starlink,,não
69488,,Starlink,,não
69489,,Starlink,,não
69490,,Starlink,,não
69491,,Starlink,,não
69492,,Starlink,,não
69493,,Starlink,,não
69494,,Starlink,,não
69495,,Starlink,,não
69496,,Starlink,,não
69497,,Starlink,,não
69498,,Starlink,,não
69499,,Starlink,,não
69500,,Starlink,,não
69501,,Starlink,,não
69504,,Amateur radio,,não
69508,,Starlink,,não
69509,,Starlink,,não
69510,,Starlink,,não
69511,,Starlink,,não
69512,,Starlink,,não
69513,,Starlink,,não
69514,,Starlink,,não
69515,,Starlink,,não
69516,,Starlink,,não
69517,,Starlink,,não
69518,,Starlink,,não
69519,,Starlink,,não
69520,,Starlink,,não
69521,,Starlink,,não
69522,,Starlink,,não
69523,,Starlink,,não
69524,,Starlink,,não
69525,,Starlink,,não
69526,,Starlink,,não
69527,,Starlink,,não
69528,,Starlink,,não
69529,,Starlink,,não
69530,,Starlink,,não
69531,,Starlink,,não
69532,,Starlink,,não
69533,,Starlink,,não
69534,,Starlink,,não
69535,,Starlink,,não
69536,,Starlink,,não
69546,,Starlink,,não
69547,,Starlink,,não
69548,,Starlink,,não
69549,,Starlink,,não
69550,,Starlink,,não
69551,,Starlink,,não
69552,,Starlink,,não
69553,,Starlink,,não
69554,,Starlink,,não
69555,,Starlink,,não
69556,,Starlink,,não
69557,,Starlink,,não
69558,,Starlink,,não
69559,,Starlink,,não
69560,,Starlink,,não
69561,,Starlink,,não
69562,,Starlink,,não
69563,,Starlink,,não
69564,,Starlink,,não
69565,,Starlink,,não
69566,,Starlink,,não
69567,,Starlink,,não
69568,,Starlink,,não
69569,,Starlink,,não
69589,,Amateur radio,,não
69590,,Amateur radio,,não
69591,,Amateur radio,,não
69592,,Leo,,não
69593,,Leo,,não
69594,,Leo,,não
69595,,Leo,,não
69596,,Leo,,não
69597,,Leo,,não
69598,,Leo,,não
69599,,Leo,,não
69600,,Leo,,não
69601,,Leo,,não
69602,,Leo,,não
69603,,Leo,,não
69604,,Leo,,não
69605,,Leo,,não
69606,,Leo,,não
69607,,Leo,,não
69608,,Leo,,não
69609,,Leo,,não
69610,,Leo,,não
69611,,Leo,,não
69612,,Leo,,não
69613,,Leo,,não
69614,,Leo,,não
69615,,Leo,,não
69616,,Leo,,não
69617,,Leo,,não
69618,,Leo,,não
69619,,Leo,,não
69620,,Leo,,não
69621,,Leo,,não
69622,,Leo,,não
69623,,Leo,,não
69624,,Leo,,não
69625,,Leo,,não
69626,,Leo,,não
69627,,Leo,,não
69648,,Amateur radio,,não
69649,,Starlink,,não
69650,,Starlink,,não
69651,,Starlink,,não
69652,,Starlink,,não
69653,,Starlink,,não
69654,,Starlink,,não
69655,,Starlink,,não
69656,,Starlink,,não
69657,,Starlink,,não
69658,,Starlink,,não
69659,,Starlink,,não
69660,,Starlink,,não
69661,,Starlink,,não
69662,,Starlink,,não
69663,,Starlink,,não
69664,,Starlink,,não
69665,,Starlink,,não
69666,,Starlink,,não
69667,,Starlink,,não
69668,,Starlink,,não
69669,,Starlink,,não
69670,,Starlink,,não
69671,,Starlink,,não
69672,,Starlink,,não
69677,,Starlink,,não
69678,,Starlink,,não
69679,,Starlink,,não
69680,,Starlink,,não
69681,,Starlink,,não
69682,,Starlink,,não
69683,,Starlink,,não
69684,,Starlink,,não
69685,,Starlink,,não
69686,,Starlink,,não
69687,,Starlink,,não
69688,,Starlink,,não
69689,,Starlink,,não
69690,,Starlink,,não
69691,,Starlink,,não
69692,,Starlink,,não
69693,,Starlink,,não
69694,,Starlink,,não
69695,,Starlink,,não
69696,,Starlink,,não
69697,,Starlink,,não
69698,,Starlink,,não
69699,,Starlink,,não
69700,,Starlink,,não
69704,,Starlink,,não
69705,,Starlink,,não
69706,,Starlink,,não
69707,,Starlink,,não
69708,,Starlink,,não
69709,,Starlink,,não
69710,,Starlink,,não
69711,,Starlink,,não
69712,,Starlink,,não
69713,,Starlink,,não
69714,,Starlink,,não
69715,,Starlink,,não
69716,,Starlink,,não
69717,,Starlink,,não
69718,,Starlink,,não
69719,,Starlink,,não
69720,,Starlink,,não
69721,,Starlink,,não
69722,,Starlink,,não
69723,,Starlink,,não
69724,,Starlink,,não
69725,,Starlink,,não
69726,,Starlink,,não
69727,,Starlink,,não
69728,,Geostationary,,não
69739,,Starlink,,não
69740,,Starlink,,não
69741,,Starlink,,não
69742,,Starlink,,não
69743,,Starlink,,não
69744,,Starlink,,não
69745,,Starlink,,não
69746,,Starlink,,não
69747,,Starlink,,não
69748,,Starlink,,não
69749,,Starlink,,não
69750,,Starlink,,não
69751,,Starlink,,não
69752,,Starlink,,não
69753,,Starlink,,não
69754,,Starlink,,não
69755,,Starlink,,não
69756,,Starlink,,não
69757,,Starlink,,não
69758,,Starlink,,não
69759,,Starlink,,não
69760,,Starlink,,não
69761,,Starlink,,não
69762,,Starlink,,não
69763,,Leo,,não
69764,,Leo,,não
69765,,Leo,,não
69766,,Leo,,não
69767,,Leo,,não
69768,,Leo,,não
69769,,Leo,,não
69770,,Leo,,não
69771,,Leo,,não
69772,,Leo,,não
69773,,Leo,,não
69774,,Leo,,não
69775,,Leo,,não
69776,,Leo,,não
69777,,Leo,,não
69778,,Leo,,não
69779,,Leo,,não
69780,,Leo,,não
69781,,Leo,,não
69782,,Leo,,não
69783,,Leo,,não
69784,,Leo,,não
69785,,Leo,,não
69786,,Leo,,não
69787,,Leo,,não
69788,,Leo,,não
69789,,Leo,,não
69790,,Leo,,não
69791,,Leo,,não
69800,,Qianfan,,não
69801,,Qianfan,,não
69802,,Qianfan,,não
69803,,Qianfan,,não
69804,,Qianfan,,não
69805,,Qianfan,,não
69806,,Qianfan,,não
69807,,Qianfan,,não
69808,,Qianfan,,não
69809,,Qianfan,,não
69810,,Qianfan,,não
69811,,Qianfan,,não
69812,,Qianfan,,não
69813,,Qianfan,,não
69814,,Qianfan,,não
69815,,Qianfan,,não
69816,,Qianfan,,não
69817,,Qianfan,,não
69819,,Starlink,,não
69820,,Starlink,,não
69821,,Starlink,,não
69822,,Starlink,,não
69823,,Starlink,,não
69824,,Starlink,,não
69825,,Starlink,,não
69826,,Starlink,,não
69827,,Starlink,,não
69828,,Starlink,,não
69829,,Starlink,,não
69830,,Starlink,,não
69831,,Starlink,,não
69832,,Starlink,,não
69833,,Starlink,,não
69834,,Starlink,,não
69835,,Starlink,,não
69836,,Starlink,,não
69837,,Starlink,,não
69838,,Starlink,,não
69839,,Starlink,,não
69840,,Starlink,,não
69841,,Starlink,,não
69842,,Starlink,,não
69843,,Starlink,,não
69844,,Starlink,,não
69845,,Starlink,,não
69846,,Starlink,,não
69847,,Starlink,,não
69848,,Qianfan,,não
69849,,Qianfan,,não
69850,,Qianfan,,não
69851,,Qianfan,,não
69852,,Qianfan,,não
69853,,Qianfan,,não
69854,,Qianfan,,não
69855,,Qianfan,,não
69856,,Qianfan,,não
69857,,Qianfan,,não
69858,,Qianfan,,não
69859,,Qianfan,,não
69860,,Qianfan,,não
69861,,Qianfan,,não
69862,,Qianfan,,não
69863,,Qianfan,,não
69864,,Qianfan,,não
69865,,Qianfan,,não
69866,,Qianfan,,não
69867,,Qianfan,,não
69882,,Lemur,,não
69905,,Lemur,,não
69910,,Lemur,,não
69926,,Lemur,,não
69928,,Lemur,,não
69930,,Lemur,,não
69932,,Lemur,,não
69933,,Lemur,,não
69934,,Lemur,,não
69940,,Lemur,,não
69943,,Starlink,,não
69944,,Starlink,,não
69945,,Starlink,,não
69946,,Starlink,,não
69947,,Starlink,,não
69948,,Starlink,,não
69949,,Starlink,,não
69950,,Starlink,,não
69951,,Starlink,,não
69952,,Starlink,,não
69953,,Starlink,,não
69954,,Starlink,,não
69955,,Starlink,,não
69956,,Starlink,,não
69957,,Starlink,,não
69958,,Starlink,,não
69959,,Starlink,,não
69960,,Starlink,,não
69961,,Starlink,,não
69962,,Starlink,,não
69963,,Starlink,,não
69964,,Starlink,,não
69965,,Starlink,,não
69966,,Starlink,,não
69967,,Starlink,,não
69968,,Starlink,,não
69969,,Starlink,,não
69970,,Starlink,,não
69971,,Starlink,,não
69975,,Starlink,,não
69976,,Starlink,,não
69977,,Starlink,,não
69978,,Starlink,,não
69979,,Starlink,,não
69980,,Starlink,,não
69981,,Starlink,,não
69982,,Starlink,,não
69983,,Starlink,,não
69984,,Starlink,,não
69985,,Starlink,,não
69986,,Starlink,,não
69987,,Starlink,,não
69988,,Starlink,,não
69989,,Starlink,,não
69990,,Starlink,,não
69991,,Starlink,,não
69992,,Starlink,,não
69993,,Starlink,,não
69994,,Starlink,,não
69995,,Starlink,,não
69996,,Starlink,,não
69997,,Starlink,,não
69998,,Starlink,,não
100001,,Starlink,,não
100002,,Starlink,,não
100003,,Starlink,,não
100004,,Starlink,,não
100005,,Starlink,,não
100006,,Starlink,,não
100007,,Starlink,,não
100008,,Starlink,,não
100009,,Starlink,,não
100010,,Starlink,,não
100011,,Starlink,,não
100012,,Starlink,,não
100013,,Starlink,,não
100014,,Starlink,,não
100015,,Starlink,,não
100016,,Starlink,,não
100017,,Starlink,,não
100018,,Starlink,,não
100019,,Starlink,,não
100020,,Starlink,,não
100021,,Starlink,,não
100022,,Starlink,,não
100023,,Starlink,,não
100024,,Starlink,,não
100025,,Starlink,,não
100026,,Starlink,,não
100027,,Starlink,,não
100028,,Starlink,,não
100029,,Starlink,,não
100030,,Starlink,,não
100031,,Starlink,,não
100032,,Starlink,,não
100033,,Starlink,,não
100034,,Starlink,,não
100035,,Starlink,,não
100036,,Starlink,,não
100037,,Starlink,,não
100038,,Starlink,,não
100039,,Starlink,,não
100040,,Starlink,,não
100041,,Starlink,,não
100042,,Starlink,,não
100043,,Starlink,,não
100044,,Starlink,,não
100045,,Starlink,,não
100046,,Starlink,,não
100047,,Starlink,,não
100048,,Starlink,,não
100049,,Starlink,,não
100050,,Starlink,,não
100051,,Starlink,,não
100052,,Starlink,,não
100053,,Starlink,,não
100054,,Starlink,,não
100055,,Starlink,,não
100056,,Starlink,,não
100057,,Int'l Space Station,,não
100059,,Military,,não
100060,,Military,,não
100061,,Military,,não
100062,,Military,,não
100063,,Military,,não
100064,,Military,,não
100065,,Military,,não
100066,,Military,,não
100067,,Military,,não
100068,,Military,,não
100069,,Military,,não
100070,,Military,,não
100071,,Military,,não
100072,,Military,,não
100073,,Military,,não
100074,,Military,,não
100075,,Military,,não
100076,,Military,,não
100077,,Military,,não
100078,,Military,,não
100079,,Military,,não
100101,,Starlink,,não
100102,,Starlink,,não
100103,,Starlink,,não
100104,,Starlink,,não
100105,,Starlink,,não
100106,,Starlink,,não
100107,,Starlink,,não
100108,,Starlink,,não
100109,,Starlink,,não
100110,,Starlink,,não
100111,,Starlink,,não
100112,,Starlink,,não
100113,,Starlink,,não
100114,,Starlink,,não
100115,,Starlink,,não
100116,,Starlink,,não
100117,,Starlink,,não
100118,,Starlink,,não
100119,,Starlink,,não
100120,,Starlink,,não
100121,,Starlink,,não
100122,,Starlink,,não
100123,,Starlink,,não
100124,,Starlink,,não
100148,,Starlink,,não
100149,,Starlink,,não
100150,,Starlink,,não
100151,,Starlink,,não
100152,,Starlink,,não
100153,,Starlink,,não
100154,,Starlink,,não
100155,,Starlink,,não
100156,,Starlink,,não
100157,,Starlink,,não
100158,,Starlink,,não
100159,,Starlink,,não
100160,,Starlink,,não
100161,,Starlink,,não
100162,,Starlink,,não
100163,,Starlink,,não
100164,,Starlink,,não
100165,,Starlink,,não
100166,,Starlink,,não
100167,,Starlink,,não
100168,,Starlink,,não
100169,,Starlink,,não
100170,,Starlink,,não
100171,,Starlink,,não
100172,,Geostationary,,não
100178,,Military,,não
100179,,Starlink,,não
100180,,Starlink,,não
100181,,Starlink,,não
100182,,Starlink,,não
100183,,Starlink,,não
100184,,Starlink,,não
100185,,Starlink,,não
100186,,Starlink,,não
100187,,Starlink,,não
100188,,Starlink,,não
100189,,Starlink,,não
100190,,Starlink,,não
100191,,Starlink,,não
100192,,Starlink,,não
100193,,Starlink,,não
100194,,Starlink,,não
100195,,Starlink,,não
100196,,Starlink,,não
100197,,Starlink,,não
100198,,Starlink,,não
100199,,Starlink,,não
100200,,Starlink,,não
100201,,Starlink,,não
100202,,Starlink,,não
100213,,Starlink,,não
100214,,Starlink,,não
100215,,Starlink,,não
100216,,Starlink,,não
100217,,Starlink,,não
100218,,Starlink,,não
100219,,Starlink,,não
100220,,Starlink,,não
100221,,Starlink,,não
100222,,Starlink,,não
100223,,Starlink,,não
100224,,Starlink,,não
100225,,Starlink,,não
100226,,Starlink,,não
100227,,Starlink,,não
100228,,Starlink,,não
100229,,Starlink,,não
100230,,Starlink,,não
100231,,Starlink,,não
100232,,Starlink,,não
100233,,Starlink,,não
100234,,Starlink,,não
100235,,Starlink,,não
100236,,Starlink,,não
100246,,Starlink,,não
100247,,Starlink,,não
100248,,Starlink,,não
100249,,Starlink,,não
100250,,Starlink,,não
100251,,Starlink,,não
100252,,Starlink,,não
100253,,Starlink,,não
100254,,Starlink,,não
100255,,Starlink,,não
100256,,Starlink,,não
100257,,Starlink,,não
100258,,Starlink,,não
100259,,Starlink,,não
100260,,Starlink,,não
100261,,Starlink,,não
100262,,Starlink,,não
100263,,Starlink,,não
100264,,Starlink,,não
100265,,Starlink,,não
100266,,Starlink,,não
100267,,Starlink,,não
100268,,Starlink,,não
100269,,Starlink,,não
100272,,Starlink,,não
100273,,Starlink,,não
100274,,Starlink,,não
100275,,Starlink,,não
100276,,Starlink,,não
100277,,Starlink,,não
100278,,Starlink,,não
100279,,Starlink,,não
100280,,Starlink,,não
100281,,Starlink,,não
100282,,Starlink,,não
100283,,Starlink,,não
100284,,Starlink,,não
100285,,Starlink,,não
100286,,Starlink,,não
100287,,Starlink,,não
100288,,Starlink,,não
100289,,Starlink,,não
100290,,Starlink,,não
100291,,Starlink,,não
100292,,Starlink,,não
100293,,Starlink,,não
100294,,Starlink,,não
100295,,Starlink,,não
100296,,Starlink,,não
100297,,Starlink,,não
100298,,Starlink,,não
100299,,Starlink,,não
100300,,Starlink,,não
100301,,Starlink,,não
100302,,Starlink,,não
100303,,Starlink,,não
100304,,Starlink,,não
100305,,Starlink,,não
100306,,Starlink,,não
100307,,Starlink,,não
100308,,Starlink,,não
100309,,Starlink,,não
100310,,Starlink,,não
100311,,Starlink,,não
100312,,Starlink,,não
100313,,Starlink,,não
100314,,Starlink,,não
100315,,Starlink,,não
100316,,Starlink,,não
100317,,Starlink,,não
100318,,Starlink,,não
100319,,Starlink,,não
100320,,Starlink,,não
100321,,Starlink,,não
100322,,Starlink,,não
100323,,Starlink,,não
100324,,Starlink,,não
100325,,Globalstar,,não
100326,,Globalstar,,não
100327,,Globalstar,,não
100328,,Globalstar,,não
100329,,Globalstar,,não
100330,,Globalstar,,não
100331,,Globalstar,,não
100332,,Globalstar,,não
100371,,Starlink,,não
100372,,Starlink,,não
100373,,Starlink,,não
100374,,Starlink,,não
100375,,Starlink,,não
100376,,Starlink,,não
100377,,Starlink,,não
100378,,Starlink,,não
100379,,Starlink,,não
100380,,Starlink,,não
100381,,Starlink,,não
100382,,Starlink,,não
100383,,Starlink,,não
100384,,Starlink,,não
100385,,Starlink,,não
100386,,Starlink,,não
100387,,Starlink,,não
100388,,Starlink,,não
100389,,Starlink,,não
100390,,Starlink,,não
100391,,Starlink,,não
100392,,Starlink,,não
100393,,Starlink,,não
100394,,Starlink,,não
100404,,Starlink,,não
100405,,Starlink,,não
100406,,Starlink,,não
100407,,Starlink,,não
100408,,Starlink,,não
100409,,Starlink,,não
100410,,Starlink,,não
100411,,Starlink,,não
100412,,Starlink,,não
100413,,Starlink,,não
100414,,Starlink,,não
100415,,Starlink,,não
100416,,Starlink,,não
100417,,Starlink,,não
100418,,Starlink,,não
100419,,Starlink,,não
100420,,Starlink,,não
100421,,Starlink,,não
100422,,Starlink,,não
100423,,Starlink,,não
100424,,Starlink,,não
100425,,Starlink,,não
100426,,Starlink,,não
100427,,Starlink,,não
100428,,Starlink,,não
100429,,Starlink,,não
100430,,Starlink,,não
100431,,Starlink,,não
100432,,Starlink,,não
100433,,Starlink,,não
100434,,Starlink,,não
100435,,Starlink,,não
100436,,Starlink,,não
100437,,Starlink,,não
100438,,Starlink,,não
100439,,Starlink,,não
100440,,Starlink,,não
100441,,Starlink,,não
100442,,Starlink,,não
100443,,Starlink,,não
100444,,Starlink,,não
100445,,Starlink,,não
100446,,Starlink,,não
100447,,Starlink,,não
100448,,Starlink,,não
100449,,Starlink,,não
100450,,Starlink,,não
100451,,Starlink,,não
100452,,Starlink,,não
100453,,Starlink,,não
100454,,Starlink,,não
100455,,Starlink,,não
100456,,Starlink,,não
100457,,Starlink,,não
100458,,Starlink,,não
100459,,Starlink,,não
100473,,Starlink,,não
100474,,Starlink,,não
100475,,Starlink,,não
100476,,Starlink,,não
100477,,Starlink,,não
100478,,Starlink,,não
100479,,Starlink,,não
100480,,Starlink,,não
100481,,Starlink,,não
100482,,Starlink,,não
100483,,Starlink,,não
100484,,Starlink,,não
100485,,Starlink,,não
100486,,Starlink,,não
100487,,Starlink,,não
100488,,Starlink,,não
100489,,Starlink,,não
100490,,Starlink,,não
100491,,Starlink,,não
100492,,Starlink,,não
100493,,Starlink,,não
100494,,Starlink,,não
100495,,Starlink,,não
100496,,Starlink,,não
100497,,Starlink,,não
100498,,Starlink,,não
100499,,Starlink,,não
100500,,Starlink,,não
100501,,Starlink,,não
100502,,Starlink,,não
100503,,Starlink,,não
100504,,Starlink,,não
100505,,Starlink,,não
100506,,Starlink,,não
100507,,Starlink,,não
100508,,Starlink,,não
100509,,Starlink,,não
100510,,Starlink,,não
100511,,Starlink,,não
100512,,Starlink,,não
100513,,Starlink,,não
100514,,Starlink,,não
100515,,Starlink,,não
100516,,Starlink,,não
100517,,Starlink,,não
100518,,Starlink,,não
100519,,Starlink,,não
100520,,Starlink,,não
100521,,Starlink,,não
100522,,Starlink,,não
100523,,Starlink,,não
100524,,Starlink,,não
100525,,Starlink,,não
100526,,Starlink,,não
100527,,Starlink,,não
100528,,Starlink,,não
100530,,Geostationary,,não
100530,,Weather,,não
100564,,Yaogan,,não
100565,,Yaogan,,não
100566,,Yaogan,,não
100567,,Yaogan,,não
100568,,Yaogan,,não
100569,,Yaogan,,não
100570,,Yaogan,,não
100571,,Yaogan,,não
100572,,Yaogan,,não
100573,,Yaogan,,não
100574,,Yaogan,,não
100575,,Yaogan,,não
100576,,Yaogan,,não
100577,,Yaogan,,não
100578,,Yaogan,,não
100579,,Yaogan,,não
100580,,Yaogan,,não
100581,,Yaogan,,não
100582,,Yaogan,,não
100583,,Yaogan,,não
100584,,Yaogan,,não
100585,,Yaogan,,não
100586,,Yaogan,,não
100587,,Yaogan,,não
100588,,Yaogan,,não
100589,,Yaogan,,não
100590,,Yaogan,,não
100591,,Yaogan,,não
100592,,Yaogan,,não
100593,,Yaogan,,não
100594,,Yaogan,,não
100595,,Yaogan,,não
100596,,Yaogan,,não
100597,,Yaogan,,não
100598,,Yaogan,,não
100599,,Yaogan,,não
100600,,Yaogan,,não
100601,,Yaogan,,não
100602,,Yaogan,,não
100603,,Yaogan,,não
100604,,Yaogan,,não
100605,,Yaogan,,não
100606,,Yaogan,,não
100607,,Geostationary,,não
100629,,Brightest,,não
100629,,Geostationary,,não
100629,,Intelsat,,não
100629,,Gorizont,,não
100629,,Raduga,,não
100629,,Molniya,,não
100629,,Iridium,,não
100629,,Orbcomm,,não
100629,,Globalstar,,não
100629,,Amateur radio,,não
100629,,Experimental,,não
100629,,Int'l Space Station,,não
100629,,GPS Operational,,não
100629,,Glonass Operational,,não
100629,,Galileo,,não
100629,,Satellite-Based Augmentation System,,não
100629,,Navy Navigation Satellite System,,não
100629,,Russian LEO Navigation,,não
100629,,Space & Earth Science,,não
100629,,Geodetic,,não
100629,,Engineering,,não
100629,,Education,,não
100629,,Weather,,não
100629,,Military,,não
100629,,Radar Calibration,,não
100629,,CubeSats,,não
100629,,XM and Sirius,,não
100629,,TV,,não
100629,,Beidou,,não
100629,,Yaogan,,não
100629,,Westford Needles,,não
100629,,Parus,,não
100629,,Strela,,não
100629,,NOAA,,não
100629,,Gonets,,não
100629,,Tsiklon,,não
100629,,Tsikada,,não
100629,,O3B Networks,,não
100629,,Tselina,,não
100629,,Celestis,,não
100629,,IRNSS,,não
100629,,QZSS,,não
100629,,Flock,,não
100629,,Lemur,,não
100629,,GOES,,não
100629,,Global Positioning System (GPS) Constellation,,não
100629,,Glonass Constellation,,não
100629,,Starlink,,não
100629,,OneWeb,,não
100629,,Chinese Space Station,,não
100629,,Qianfan,,não
100629,,Leo,,não
100629,,GeeSAT,,não
100629,,Earth resources,,não
100629,,Search & rescue,,não
100629,,Disaster monitoring,,não
100629,,Tracking and Data Relay Satellite System,,não
100630,,Brightest,,não
100630,,Geostationary,,não
100630,,Intelsat,,não
100630,,Gorizont,,não
100630,,Raduga,,não
100630,,Molniya,,não
100630,,Iridium,,não
100630,,Orbcomm,,não
100630,,Globalstar,,não
100630,,Amateur radio,,não
100630,,Experimental,,não
100630,,Int'l Space Station,,não
100630,,GPS Operational,,não
100630,,Glonass Operational,,não
100630,,Galileo,,não
100630,,Satellite-Based Augmentation System,,não
100630,,Navy Navigation Satellite System,,não
100630,,Russian LEO Navigation,,não
100630,,Space & Earth Science,,não
100630,,Geodetic,,não
100630,,Engineering,,não
100630,,Education,,não
100630,,Weather,,não
100630,,Military,,não
100630,,Radar Calibration,,não
100630,,CubeSats,,não
100630,,XM and Sirius,,não
100630,,TV,,não
100630,,Beidou,,não
100630,,Yaogan,,não
100630,,Westford Needles,,não
100630,,Parus,,não
100630,,Strela,,não
100630,,NOAA,,não
100630,,Gonets,,não
100630,,Tsiklon,,não
100630,,Tsikada,,não
100630,,O3B Networks,,não
100630,,Tselina,,não
100630,,Celestis,,não
100630,,IRNSS,,não
100630,,QZSS,,não
100630,,Flock,,não
100630,,Lemur,,não
100630,,GOES,,não
100630,,Global Positioning System (GPS) Constellation,,não
100630,,Glonass Constellation,,não
100630,,Starlink,,não
100630,,OneWeb,,não
100630,,Chinese Space Station,,não
100630,,Qianfan,,não
100630,,Leo,,não
100630,,GeeSAT,,não
100630,,Earth resources,,não
100630,,Search & rescue,,não
100630,,Disaster monitoring,,não
100630,,Tracking and Data Relay Satellite System,,não
100631,,Brightest,,não
100631,,Geostationary,,não
100631,,Intelsat,,não
100631,,Gorizont,,não
100631,,Raduga,,não
100631,,Molniya,,não
100631,,Iridium,,não
100631,,Orbcomm,,não
100631,,Globalstar,,não
100631,,Amateur radio,,não
100631,,Experimental,,não
100631,,Int'l Space Station,,não
100631,,GPS Operational,,não
100631,,Glonass Operational,,não
100631,,Galileo,,não
100631,,Satellite-Based Augmentation System,,não
100631,,Navy Navigation Satellite System,,não
100631,,Russian LEO Navigation,,não
100631,,Space & Earth Science,,não
100631,,Geodetic,,não
100631,,Engineering,,não
100631,,Education,,não
100631,,Weather,,não
100631,,Military,,não
100631,,Radar Calibration,,não
100631,,CubeSats,,não
100631,,XM and Sirius,,não
100631,,TV,,não
100631,,Beidou,,não
100631,,Yaogan,,não
100631,,Westford Needles,,não
100631,,Parus,,não
100631,,Strela,,não
100631,,NOAA,,não
100631,,Gonets,,não
100631,,Tsiklon,,não
100631,,Tsikada,,não
100631,,O3B Networks,,não
100631,,Tselina,,não
100631,,Celestis,,não
100631,,IRNSS,,não
100631,,QZSS,,não
100631,,Flock,,não
100631,,Lemur,,não
100631,,GOES,,não
100631,,Global Positioning System (GPS) Constellation,,não
100631,,Glonass Constellation,,não
100631,,Starlink,,não
100631,,OneWeb,,não
100631,,Chinese Space Station,,não
100631,,Qianfan,,não
100631,,Leo,,não
100631,,GeeSAT,,não
100631,,Earth resources,,não
100631,,Search & rescue,,não
100631,,Disaster monitoring,,não
100631,,Tracking and Data Relay Satellite System,,não
100632,,Brightest,,não
100632,,Geostationary,,não
100632,,Intelsat,,não
100632,,Gorizont,,não
100632,,Raduga,,não
100632,,Molniya,,não
100632,,Iridium,,não
100632,,Orbcomm,,não
100632,,Globalstar,,não
100632,,Amateur radio,,não
100632,,Experimental,,não
100632,,Int'l Space Station,,não
100632,,GPS Operational,,não
100632,,Glonass Operational,,não
100632,,Galileo,,não
100632,,Satellite-Based Augmentation System,,não
100632,,Navy Navigation Satellite System,,não
100632,,Russian LEO Navigation,,não
100632,,Space & Earth Science,,não
100632,,Geodetic,,não
100632,,Engineering,,não
100632,,Education,,não
100632,,Weather,,não
100632,,Military,,não
100632,,Radar Calibration,,não
100632,,CubeSats,,não
100632,,XM and Sirius,,não
100632,,TV,,não
100632,,Beidou,,não
100632,,Yaogan,,não
100632,,Westford Needles,,não
100632,,Parus,,não
100632,,Strela,,não
100632,,NOAA,,não
100632,,Gonets,,não
100632,,Tsiklon,,não
100632,,Tsikada,,não
100632,,O3B Networks,,não
100632,,Tselina,,não
100632,,Celestis,,não
100632,,IRNSS,,não
100632,,QZSS,,não
100632,,Flock,,não
100632,,Lemur,,não
100632,,GOES,,não
100632,,Global Positioning System (GPS) Constellation,,não
100632,,Glonass Constellation,,não
100632,,Starlink,,não
100632,,OneWeb,,não
100632,,Chinese Space Station,,não
100632,,Qianfan,,não
100632,,Leo,,não
100632,,GeeSAT,,não
100632,,Earth resources,,não
100632,,Search & rescue,,não
100632,,Disaster monitoring,,não
100632,,Tracking and Data Relay Satellite System,,não
100633,,Brightest,,não
100633,,Geostationary,,não
100633,,Intelsat,,não
100633,,Gorizont,,não
100633,,Raduga,,não
100633,,Molniya,,não
100633,,Iridium,,não
100633,,Orbcomm,,não
100633,,Globalstar,,não
100633,,Amateur radio,,não
100633,,Experimental,,não
100633,,Int'l Space Station,,não
100633,,GPS Operational,,não
100633,,Glonass Operational,,não
100633,,Galileo,,não
100633,,Satellite-Based Augmentation System,,não
100633,,Navy Navigation Satellite System,,não
100633,,Russian LEO Navigation,,não
100633,,Space & Earth Science,,não
100633,,Geodetic,,não
100633,,Engineering,,não
100633,,Education,,não
100633,,Weather,,não
100633,,Military,,não
100633,,Radar Calibration,,não
100633,,CubeSats,,não
100633,,XM and Sirius,,não
100633,,TV,,não
100633,,Beidou,,não
100633,,Yaogan,,não
100633,,Westford Needles,,não
100633,,Parus,,não
100633,,Strela,,não
100633,,NOAA,,não
100633,,Gonets,,não
100633,,Tsiklon,,não
100633,,Tsikada,,não
100633,,O3B Networks,,não
100633,,Tselina,,não
100633,,Celestis,,não
100633,,IRNSS,,não
100633,,QZSS,,não
100633,,Flock,,não
100633,,Lemur,,não
100633,,GOES,,não
100633,,Global Positioning System (GPS) Constellation,,não
100633,,Glonass Constellation,,não
100633,,Starlink,,não
100633,,OneWeb,,não
100633,,Chinese Space Station,,não
100633,,Qianfan,,não
100633,,Leo,,não
100633,,GeeSAT,,não
100633,,Earth resources,,não
100633,,Search & rescue,,não
100633,,Disaster monitoring,,não
100633,,Tracking and Data Relay Satellite System,,não
100634,,Brightest,,não
100634,,Geostationary,,não
100634,,Intelsat,,não
100634,,Gorizont,,não
100634,,Raduga,,não
100634,,Molniya,,não
100634,,Iridium,,não
100634,,Orbcomm,,não
100634,,Globalstar,,não
100634,,Amateur radio,,não
100634,,Experimental,,não
100634,,Int'l Space Station,,não
100634,,GPS Operational,,não
100634,,Glonass Operational,,não
100634,,Galileo,,não
100634,,Satellite-Based Augmentation System,,não
100634,,Navy Navigation Satellite System,,não
100634,,Russian LEO Navigation,,não
100634,,Space & Earth Science,,não
100634,,Geodetic,,não
100634,,Engineering,,não
100634,,Education,,não
100634,,Weather,,não
100634,,Military,,não
100634,,Radar Calibration,,não
100634,,CubeSats,,não
100634,,XM and Sirius,,não
100634,,TV,,não
100634,,Beidou,,não
100634,,Yaogan,,não
100634,,Westford Needles,,não
100634,,Parus,,não
100634,,Strela,,não
100634,,NOAA,,não
100634,,Gonets,,não
100634,,Tsiklon,,não
100634,,Tsikada,,não
100634,,O3B Networks,,não
100634,,Tselina,,não
100634,,Celestis,,não
100634,,IRNSS,,não
100634,,QZSS,,não
100634,,Flock,,não
100634,,Lemur,,não
100634,,GOES,,não
100634,,Global Positioning System (GPS) Constellation,,não
100634,,Glonass Constellation,,não
100634,,Starlink,,não
100634,,OneWeb,,não
100634,,Chinese Space Station,,não
100634,,Qianfan,,não
100634,,Leo,,não
100634,,GeeSAT,,não
100634,,Earth resources,,não
100634,,Search & rescue,,não
100634,,Disaster monitoring,,não
100634,,Tracking and Data Relay Satellite System,,não
100635,,Brightest,,não
100635,,Geostationary,,não
100635,,Intelsat,,não
100635,,Gorizont,,não
100635,,Raduga,,não
100635,,Molniya,,não
100635,,Iridium,,não
100635,,Orbcomm,,não
100635,,Globalstar,,não
100635,,Amateur radio,,não
100635,,Experimental,,não
100635,,Int'l Space Station,,não
100635,,GPS Operational,,não
100635,,Glonass Operational,,não
100635,,Galileo,,não
100635,,Satellite-Based Augmentation System,,não
100635,,Navy Navigation Satellite System,,não
100635,,Russian LEO Navigation,,não
100635,,Space & Earth Science,,não
100635,,Geodetic,,não
100635,,Engineering,,não
100635,,Education,,não
100635,,Weather,,não
100635,,Military,,não
100635,,Radar Calibration,,não
100635,,CubeSats,,não
100635,,XM and Sirius,,não
100635,,TV,,não
100635,,Beidou,,não
100635,,Yaogan,,não
100635,,Westford Needles,,não
100635,,Parus,,não
100635,,Strela,,não
100635,,NOAA,,não
100635,,Gonets,,não
100635,,Tsiklon,,não
100635,,Tsikada,,não
100635,,O3B Networks,,não
100635,,Tselina,,não
100635,,Celestis,,não
100635,,IRNSS,,não
100635,,QZSS,,não
100635,,Flock,,não
100635,,Lemur,,não
100635,,GOES,,não
100635,,Global Positioning System (GPS) Constellation,,não
100635,,Glonass Constellation,,não
100635,,Starlink,,não
100635,,OneWeb,,não
100635,,Chinese Space Station,,não
100635,,Qianfan,,não
100635,,Leo,,não
100635,,GeeSAT,,não
100635,,Earth resources,,não
100635,,Search & rescue,,não
100635,,Disaster monitoring,,não
100635,,Tracking and Data Relay Satellite System,,não
100636,,Brightest,,não
100636,,Geostationary,,não
100636,,Intelsat,,não
100636,,Gorizont,,não
100636,,Raduga,,não
100636,,Molniya,,não
100636,,Iridium,,não
100636,,Orbcomm,,não
100636,,Globalstar,,não
100636,,Amateur radio,,não
100636,,Experimental,,não
100636,,Int'l Space Station,,não
100636,,GPS Operational,,não
100636,,Glonass Operational,,não
100636,,Galileo,,não
100636,,Satellite-Based Augmentation System,,não
100636,,Navy Navigation Satellite System,,não
100636,,Russian LEO Navigation,,não
100636,,Space & Earth Science,,não
100636,,Geodetic,,não
100636,,Engineering,,não
100636,,Education,,não
100636,,Weather,,não
100636,,Military,,não
100636,,Radar Calibration,,não
100636,,CubeSats,,não
100636,,XM and Sirius,,não
100636,,TV,,não
100636,,Beidou,,não
100636,,Yaogan,,não
100636,,Westford Needles,,não
100636,,Parus,,não
100636,,Strela,,não
100636,,NOAA,,não
100636,,Gonets,,não
100636,,Tsiklon,,não
100636,,Tsikada,,não
100636,,O3B Networks,,não
100636,,Tselina,,não
100636,,Celestis,,não
100636,,IRNSS,,não
100636,,QZSS,,não
100636,,Flock,,não
100636,,Lemur,,não
100636,,GOES,,não
100636,,Global Positioning System (GPS) Constellation,,não
100636,,Glonass Constellation,,não
100636,,Starlink,,não
100636,,OneWeb,,não
100636,,Chinese Space Station,,não
100636,,Qianfan,,não
100636,,Leo,,não
100636,,GeeSAT,,não
100636,,Earth resources,,não
100636,,Search & rescue,,não
100636,,Disaster monitoring,,não
100636,,Tracking and Data Relay Satellite System,,não
100637,,Brightest,,não
100637,,Geostationary,,não
100637,,Intelsat,,não
100637,,Gorizont,,não
100637,,Raduga,,não
100637,,Molniya,,não
100637,,Iridium,,não
100637,,Orbcomm,,não
100637,,Globalstar,,não
100637,,Amateur radio,,não
100637,,Experimental,,não
100637,,Int'l Space Station,,não
100637,,GPS Operational,,não
100637,,Glonass Operational,,não
100637,,Galileo,,não
100637,,Satellite-Based Augmentation System,,não
100637,,Navy Navigation Satellite System,,não
100637,,Russian LEO Navigation,,não
100637,,Space & Earth Science,,não
100637,,Geodetic,,não
100637,,Engineering,,não
100637,,Education,,não
100637,,Weather,,não
100637,,Military,,não
100637,,Radar Calibration,,não
100637,,CubeSats,,não
100637,,XM and Sirius,,não
100637,,TV,,não
100637,,Beidou,,não
100637,,Yaogan,,não
100637,,Westford Needles,,não
100637,,Parus,,não
100637,,Strela,,não
100637,,NOAA,,não
100637,,Gonets,,não
100637,,Tsiklon,,não
100637,,Tsikada,,não
100637,,O3B Networks,,não
100637,,Tselina,,não
100637,,Celestis,,não
100637,,IRNSS,,não
100637,,QZSS,,não
100637,,Flock,,não
100637,,Lemur,,não
100637,,GOES,,não
100637,,Global Positioning System (GPS) Constellation,,não
100637,,Glonass Constellation,,não
100637,,Starlink,,não
100637,,OneWeb,,não
100637,,Chinese Space Station,,não
100637,,Qianfan,,não
100637,,Leo,,não
100637,,GeeSAT,,não
100637,,Earth resources,,não
100637,,Search & rescue,,não
100637,,Disaster monitoring,,não
100637,,Tracking and Data Relay Satellite System,,não
100638,,Brightest,,não
100638,,Geostationary,,não
100638,,Intelsat,,não
100638,,Gorizont,,não
100638,,Raduga,,não
100638,,Molniya,,não
100638,,Iridium,,não
100638,,Orbcomm,,não
100638,,Globalstar,,não
100638,,Amateur radio,,não
100638,,Experimental,,não
100638,,Int'l Space Station,,não
100638,,GPS Operational,,não
100638,,Glonass Operational,,não
100638,,Galileo,,não
100638,,Satellite-Based Augmentation System,,não
100638,,Navy Navigation Satellite System,,não
100638,,Russian LEO Navigation,,não
100638,,Space & Earth Science,,não
100638,,Geodetic,,não
100638,,Engineering,,não
100638,,Education,,não
100638,,Weather,,não
100638,,Military,,não
100638,,Radar Calibration,,não
100638,,CubeSats,,não
100638,,XM and Sirius,,não
100638,,TV,,não
100638,,Beidou,,não
100638,,Yaogan,,não
100638,,Westford Needles,,não
100638,,Parus,,não
100638,,Strela,,não
100638,,NOAA,,não
100638,,Gonets,,não
100638,,Tsiklon,,não
100638,,Tsikada,,não
100638,,O3B Networks,,não
100638,,Tselina,,não
100638,,Celestis,,não
100638,,IRNSS,,não
100638,,QZSS,,não
100638,,Flock,,não
100638,,Lemur,,não
100638,,GOES,,não
100638,,Global Positioning System (GPS) Constellation,,não
100638,,Glonass Constellation,,não
100638,,Starlink,,não
100638,,OneWeb,,não
100638,,Chinese Space Station,,não
100638,,Qianfan,,não
100638,,Leo,,não
100638,,GeeSAT,,não
100638,,Earth resources,,não
100638,,Search & rescue,,não
100638,,Disaster monitoring,,não
100638,,Tracking and Data Relay Satellite System,,não
100639,,Brightest,,não
100639,,Geostationary,,não
100639,,Intelsat,,não
100639,,Gorizont,,não
100639,,Raduga,,não
100639,,Molniya,,não
100639,,Iridium,,não
100639,,Orbcomm,,não
100639,,Globalstar,,não
100639,,Amateur radio,,não
100639,,Experimental,,não
100639,,Int'l Space Station,,não
100639,,GPS Operational,,não
100639,,Glonass Operational,,não
100639,,Galileo,,não
100639,,Satellite-Based Augmentation System,,não
100639,,Navy Navigation Satellite System,,não
100639,,Russian LEO Navigation,,não
100639,,Space & Earth Science,,não
100639,,Geodetic,,não
100639,,Engineering,,não
100639,,Education,,não
100639,,Weather,,não
100639,,Military,,não
100639,,Radar Calibration,,não
100639,,CubeSats,,não
100639,,XM and Sirius,,não
100639,,TV,,não
100639,,Beidou,,não
100639,,Yaogan,,não
100639,,Westford Needles,,não
100639,,Parus,,não
100639,,Strela,,não
100639,,NOAA,,não
100639,,Gonets,,não
100639,,Tsiklon,,não
100639,,Tsikada,,não
100639,,O3B Networks,,não
100639,,Tselina,,não
100639,,Celestis,,não
100639,,IRNSS,,não
100639,,QZSS,,não
100639,,Flock,,não
100639,,Lemur,,não
100639,,GOES,,não
100639,,Global Positioning System (GPS) Constellation,,não
100639,,Glonass Constellation,,não
100639,,Starlink,,não
100639,,OneWeb,,não
100639,,Chinese Space Station,,não
100639,,Qianfan,,não
100639,,Leo,,não
100639,,GeeSAT,,não
100639,,Earth resources,,não
100639,,Search & rescue,,não
100639,,Disaster monitoring,,não
100639,,Tracking and Data Relay Satellite System,,não
100640,,Brightest,,não
100640,,Geostationary,,não
100640,,Intelsat,,não
100640,,Gorizont,,não
100640,,Raduga,,não
100640,,Molniya,,não
100640,,Iridium,,não
100640,,Orbcomm,,não
100640,,Globalstar,,não
100640,,Amateur radio,,não
100640,,Experimental,,não
100640,,Int'l Space Station,,não
100640,,GPS Operational,,não
100640,,Glonass Operational,,não
100640,,Galileo,,não
100640,,Satellite-Based Augmentation System,,não
100640,,Navy Navigation Satellite System,,não
100640,,Russian LEO Navigation,,não
100640,,Space & Earth Science,,não
100640,,Geodetic,,não
100640,,Engineering,,não
100640,,Education,,não
100640,,Weather,,não
100640,,Military,,não
100640,,Radar Calibration,,não
100640,,CubeSats,,não
100640,,XM and Sirius,,não
100640,,TV,,não
100640,,Beidou,,não
100640,,Yaogan,,não
100640,,Westford Needles,,não
100640,,Parus,,não
100640,,Strela,,não
100640,,NOAA,,não
100640,,Gonets,,não
100640,,Tsiklon,,não
100640,,Tsikada,,não
100640,,O3B Networks,,não
100640,,Tselina,,não
100640,,Celestis,,não
100640,,IRNSS,,não
100640,,QZSS,,não
100640,,Flock,,não
100640,,Lemur,,não
100640,,GOES,,não
100640,,Global Positioning System (GPS) Constellation,,não
100640,,Glonass Constellation,,não
100640,,Starlink,,não
100640,,OneWeb,,não
100640,,Chinese Space Station,,não
100640,,Qianfan,,não
100640,,Leo,,não
100640,,GeeSAT,,não
100640,,Earth resources,,não
100640,,Search & rescue,,não
100640,,Disaster monitoring,,não
100640,,Tracking and Data Relay Satellite System,,não
100641,,Brightest,,não
100641,,Geostationary,,não
100641,,Intelsat,,não
100641,,Gorizont,,não
100641,,Raduga,,não
100641,,Molniya,,não
100641,,Iridium,,não
100641,,Orbcomm,,não
100641,,Globalstar,,não
100641,,Amateur radio,,não
100641,,Experimental,,não
100641,,Int'l Space Station,,não
100641,,GPS Operational,,não
100641,,Glonass Operational,,não
100641,,Galileo,,não
100641,,Satellite-Based Augmentation System,,não
100641,,Navy Navigation Satellite System,,não
100641,,Russian LEO Navigation,,não
100641,,Space & Earth Science,,não
100641,,Geodetic,,não
100641,,Engineering,,não
100641,,Education,,não
100641,,Weather,,não
100641,,Military,,não
100641,,Radar Calibration,,não
100641,,CubeSats,,não
100641,,XM and Sirius,,não
100641,,TV,,não
100641,,Beidou,,não
100641,,Yaogan,,não
100641,,Westford Needles,,não
100641,,Parus,,não
100641,,Strela,,não
100641,,NOAA,,não
100641,,Gonets,,não
100641,,Tsiklon,,não
100641,,Tsikada,,não
100641,,O3B Networks,,não
100641,,Tselina,,não
100641,,Celestis,,não
100641,,IRNSS,,não
100641,,QZSS,,não
100641,,Flock,,não
100641,,Lemur,,não
100641,,GOES,,não
100641,,Global Positioning System (GPS) Constellation,,não
100641,,Glonass Constellation,,não
100641,,Starlink,,não
100641,,OneWeb,,não
100641,,Chinese Space Station,,não
100641,,Qianfan,,não
100641,,Leo,,não
100641,,GeeSAT,,não
100641,,Earth resources,,não
100641,,Search & rescue,,não
100641,,Disaster monitoring,,não
100641,,Tracking and Data Relay Satellite System,,não
100642,,Brightest,,não
100642,,Geostationary,,não
100642,,Intelsat,,não
100642,,Gorizont,,não
100642,,Raduga,,não
100642,,Molniya,,não
100642,,Iridium,,não
100642,,Orbcomm,,não
100642,,Globalstar,,não
100642,,Amateur radio,,não
100642,,Experimental,,não
100642,,Int'l Space Station,,não
100642,,GPS Operational,,não
100642,,Glonass Operational,,não
100642,,Galileo,,não
100642,,Satellite-Based Augmentation System,,não
100642,,Navy Navigation Satellite System,,não
100642,,Russian LEO Navigation,,não
100642,,Space & Earth Science,,não
100642,,Geodetic,,não
100642,,Engineering,,não
100642,,Education,,não
100642,,Weather,,não
100642,,Military,,não
100642,,Radar Calibration,,não
100642,,CubeSats,,não
100642,,XM and Sirius,,não
100642,,TV,,não
100642,,Beidou,,não
100642,,Yaogan,,não
100642,,Westford Needles,,não
100642,,Parus,,não
100642,,Strela,,não
100642,,NOAA,,não
100642,,Gonets,,não
100642,,Tsiklon,,não
100642,,Tsikada,,não
100642,,O3B Networks,,não
100642,,Tselina,,não
100642,,Celestis,,não
100642,,IRNSS,,não
100642,,QZSS,,não
100642,,Flock,,não
100642,,Lemur,,não
100642,,GOES,,não
100642,,Global Positioning System (GPS) Constellation,,não
100642,,Glonass Constellation,,não
100642,,Starlink,,não
100642,,OneWeb,,não
100642,,Chinese Space Station,,não
100642,,Qianfan,,não
100642,,Leo,,não
100642,,GeeSAT,,não
100642,,Earth resources,,não
100642,,Search & rescue,,não
100642,,Disaster monitoring,,não
100642,,Tracking and Data Relay Satellite System,,não
100643,,Brightest,,não
100643,,Geostationary,,não
100643,,Intelsat,,não
100643,,Gorizont,,não
100643,,Raduga,,não
100643,,Molniya,,não
100643,,Iridium,,não
100643,,Orbcomm,,não
100643,,Globalstar,,não
100643,,Amateur radio,,não
100643,,Experimental,,não
100643,,Int'l Space Station,,não
100643,,GPS Operational,,não
100643,,Glonass Operational,,não
100643,,Galileo,,não
100643,,Satellite-Based Augmentation System,,não
100643,,Navy Navigation Satellite System,,não
100643,,Russian LEO Navigation,,não
100643,,Space & Earth Science,,não
100643,,Geodetic,,não
100643,,Engineering,,não
100643,,Education,,não
100643,,Weather,,não
100643,,Military,,não
100643,,Radar Calibration,,não
100643,,CubeSats,,não
100643,,XM and Sirius,,não
100643,,TV,,não
100643,,Beidou,,não
100643,,Yaogan,,não
100643,,Westford Needles,,não
100643,,Parus,,não
100643,,Strela,,não
100643,,NOAA,,não
100643,,Gonets,,não
100643,,Tsiklon,,não
100643,,Tsikada,,não
100643,,O3B Networks,,não
100643,,Tselina,,não
100643,,Celestis,,não
100643,,IRNSS,,não
100643,,QZSS,,não
100643,,Flock,,não
100643,,Lemur,,não
100643,,GOES,,não
100643,,Global Positioning System (GPS) Constellation,,não
100643,,Glonass Constellation,,não
100643,,Starlink,,não
100643,,OneWeb,,não
100643,,Chinese Space Station,,não
100643,,Qianfan,,não
100643,,Leo,,não
100643,,GeeSAT,,não
100643,,Earth resources,,não
100643,,Search & rescue,,não
100643,,Disaster monitoring,,não
100643,,Tracking and Data Relay Satellite System,,não
100682,,Brightest,,não
100682,,Geostationary,,não
100682,,Intelsat,,não
100682,,Gorizont,,não
100682,,Raduga,,não
100682,,Molniya,,não
100682,,Iridium,,não
100682,,Orbcomm,,não
100682,,Globalstar,,não
100682,,Amateur radio,,não
100682,,Experimental,,não
100682,,Int'l Space Station,,não
100682,,GPS Operational,,não
100682,,Glonass Operational,,não
100682,,Galileo,,não
100682,,Satellite-Based Augmentation System,,não
100682,,Navy Navigation Satellite System,,não
100682,,Russian LEO Navigation,,não
100682,,Space & Earth Science,,não
100682,,Geodetic,,não
100682,,Engineering,,não
100682,,Education,,não
100682,,Weather,,não
100682,,Military,,não
100682,,Radar Calibration,,não
100682,,CubeSats,,não
100682,,XM and Sirius,,não
100682,,TV,,não
100682,,Beidou,,não
100682,,Yaogan,,não
100682,,Westford Needles,,não
100682,,Parus,,não
100682,,Strela,,não
100682,,NOAA,,não
100682,,Gonets,,não
100682,,Tsiklon,,não
100682,,Tsikada,,não
100682,,O3B Networks,,não
100682,,Tselina,,não
100682,,Celestis,,não
100682,,IRNSS,,não
100682,,QZSS,,não
100682,,Flock,,não
100682,,Lemur,,não
100682,,GOES,,não
100682,,Global Positioning System (GPS) Constellation,,não
100682,,Glonass Constellation,,não
100682,,Starlink,,não
100682,,OneWeb,,não
100682,,Chinese Space Station,,não
100682,,Qianfan,,não
100682,,Leo,,não
100682,,GeeSAT,,não
100682,,Earth resources,,não
100682,,Search & rescue,,não
100682,,Disaster monitoring,,não
100682,,Tracking and Data Relay Satellite System,,não
100685,,Brightest,,não
100685,,Geostationary,,não
100685,,Intelsat,,não
100685,,Gorizont,,não
100685,,Raduga,,não
100685,,Molniya,,não
100685,,Iridium,,não
100685,,Orbcomm,,não
100685,,Globalstar,,não
100685,,Amateur radio,,não
100685,,Experimental,,não
100685,,Int'l Space Station,,não
100685,,GPS Operational,,não
100685,,Glonass Operational,,não
100685,,Galileo,,não
100685,,Satellite-Based Augmentation System,,não
100685,,Navy Navigation Satellite System,,não
100685,,Russian LEO Navigation,,não
100685,,Space & Earth Science,,não
100685,,Geodetic,,não
100685,,Engineering,,não
100685,,Education,,não
100685,,Weather,,não
100685,,Military,,não
100685,,Radar Calibration,,não
100685,,CubeSats,,não
100685,,XM and Sirius,,não
100685,,TV,,não
100685,,Beidou,,não
100685,,Yaogan,,não
100685,,Westford Needles,,não
100685,,Parus,,não
100685,,Strela,,não
100685,,NOAA,,não
100685,,Gonets,,não
100685,,Tsiklon,,não
100685,,Tsikada,,não
100685,,O3B Networks,,não
100685,,Tselina,,não
100685,,Celestis,,não
100685,,IRNSS,,não
100685,,QZSS,,não
100685,,Flock,,não
100685,,Lemur,,não
100685,,GOES,,não
100685,,Global Positioning System (GPS) Constellation,,não
100685,,Glonass Constellation,,não
100685,,Starlink,,não
100685,,OneWeb,,não
100685,,Chinese Space Station,,não
100685,,Qianfan,,não
100685,,Leo,,não
100685,,GeeSAT,,não
100685,,Earth resources,,não
100685,,Search & rescue,,não
100685,,Disaster monitoring,,não
100685,,Tracking and Data Relay Satellite System,,não
100686,,Brightest,,não
100686,,Geostationary,,não
100686,,Intelsat,,não
100686,,Gorizont,,não
100686,,Raduga,,não
100686,,Molniya,,não
100686,,Iridium,,não
100686,,Orbcomm,,não
100686,,Globalstar,,não
100686,,Amateur radio,,não
100686,,Experimental,,não
100686,,Int'l Space Station,,não
100686,,GPS Operational,,não
100686,,Glonass Operational,,não
100686,,Galileo,,não
100686,,Satellite-Based Augmentation System,,não
100686,,Navy Navigation Satellite System,,não
100686,,Russian LEO Navigation,,não
100686,,Space & Earth Science,,não
100686,,Geodetic,,não
100686,,Engineering,,não
100686,,Education,,não
100686,,Weather,,não
100686,,Military,,não
100686,,Radar Calibration,,não
100686,,CubeSats,,não
100686,,XM and Sirius,,não
100686,,TV,,não
100686,,Beidou,,não
100686,,Yaogan,,não
100686,,Westford Needles,,não
100686,,Parus,,não
100686,,Strela,,não
100686,,NOAA,,não
100686,,Gonets,,não
100686,,Tsiklon,,não
100686,,Tsikada,,não
100686,,O3B Networks,,não
100686,,Tselina,,não
100686,,Celestis,,não
100686,,IRNSS,,não
100686,,QZSS,,não
100686,,Flock,,não
100686,,Lemur,,não
100686,,GOES,,não
100686,,Global Positioning System (GPS) Constellation,,não
100686,,Glonass Constellation,,não
100686,,Starlink,,não
100686,,OneWeb,,não
100686,,Chinese Space Station,,não
100686,,Qianfan,,não
100686,,Leo,,não
100686,,GeeSAT,,não
100686,,Earth resources,,não
100686,,Search & rescue,,não
100686,,Disaster monitoring,,não
100686,,Tracking and Data Relay Satellite System,,não
100687,,Brightest,,não
100687,,Geostationary,,não
100687,,Intelsat,,não
100687,,Gorizont,,não
100687,,Raduga,,não
100687,,Molniya,,não
100687,,Iridium,,não
100687,,Orbcomm,,não
100687,,Globalstar,,não
100687,,Amateur radio,,não
100687,,Experimental,,não
100687,,Int'l Space Station,,não
100687,,GPS Operational,,não
100687,,Glonass Operational,,não
100687,,Galileo,,não
100687,,Satellite-Based Augmentation System,,não
100687,,Navy Navigation Satellite System,,não
100687,,Russian LEO Navigation,,não
100687,,Space & Earth Science,,não
100687,,Geodetic,,não
100687,,Engineering,,não
100687,,Education,,não
100687,,Weather,,não
100687,,Military,,não
100687,,Radar Calibration,,não
100687,,CubeSats,,não
100687,,XM and Sirius,,não
100687,,TV,,não
100687,,Beidou,,não
100687,,Yaogan,,não
100687,,Westford Needles,,não
100687,,Parus,,não
100687,,Strela,,não
100687,,NOAA,,não
100687,,Gonets,,não
100687,,Tsiklon,,não
100687,,Tsikada,,não
100687,,O3B Networks,,não
100687,,Tselina,,não
100687,,Celestis,,não
100687,,IRNSS,,não
100687,,QZSS,,não
100687,,Flock,,não
100687,,Lemur,,não
100687,,GOES,,não
100687,,Global Positioning System (GPS) Constellation,,não
100687,,Glonass Constellation,,não
100687,,Starlink,,não
100687,,OneWeb,,não
100687,,Chinese Space Station,,não
100687,,Qianfan,,não
100687,,Leo,,não
100687,,GeeSAT,,não
100687,,Earth resources,,não
100687,,Search & rescue,,não
100687,,Disaster monitoring,,não
100687,,Tracking and Data Relay Satellite System,,não
100688,,Brightest,,não
100688,,Geostationary,,não
100688,,Intelsat,,não
100688,,Gorizont,,não
100688,,Raduga,,não
100688,,Molniya,,não
100688,,Iridium,,não
100688,,Orbcomm,,não
100688,,Globalstar,,não
100688,,Amateur radio,,não
100688,,Experimental,,não
100688,,Int'l Space Station,,não
100688,,GPS Operational,,não
100688,,Glonass Operational,,não
100688,,Galileo,,não
100688,,Satellite-Based Augmentation System,,não
100688,,Navy Navigation Satellite System,,não
100688,,Russian LEO Navigation,,não
100688,,Space & Earth Science,,não
100688,,Geodetic,,não
100688,,Engineering,,não
100688,,Education,,não
100688,,Weather,,não
100688,,Military,,não
100688,,Radar Calibration,,não
100688,,CubeSats,,não
100688,,XM and Sirius,,não
100688,,TV,,não
100688,,Beidou,,não
100688,,Yaogan,,não
100688,,Westford Needles,,não
100688,,Parus,,não
100688,,Strela,,não
100688,,NOAA,,não
100688,,Gonets,,não
100688,,Tsiklon,,não
100688,,Tsikada,,não
100688,,O3B Networks,,não
100688,,Tselina,,não
100688,,Celestis,,não
100688,,IRNSS,,não
100688,,QZSS,,não
100688,,Flock,,não
100688,,Lemur,,não
100688,,GOES,,não
100688,,Global Positioning System (GPS) Constellation,,não
100688,,Glonass Constellation,,não
100688,,Starlink,,não
100688,,OneWeb,,não
100688,,Chinese Space Station,,não
100688,,Qianfan,,não
100688,,Leo,,não
100688,,GeeSAT,,não
100688,,Earth resources,,não
100688,,Search & rescue,,não
100688,,Disaster monitoring,,não
100688,,Tracking and Data Relay Satellite System,,não
