nome,norad,categoria_coleta,operador,pais_operador,em_orbita,epoca_tle,perigeu_ucs_km,perigeu_hoje_km,delta_perigeu_km,apogeu_ucs_km,apogeu_hoje_km,delta_apogeu_km,inclinacao_ucs,inclinacao_hoje,periodo_ucs_min,periodo_hoje_min
1HOPSAT-TD (1st-generation High Optical Performance Satellite),44859,A — sensoriamento remoto,Hera Systems,USA,sim,2026-09-15,566,525.0,-41.0,576,533.8,-42.2,36.9,36.966,96.08,95.22
AAC AIS-Sat1 (Kelpie 1),55107,A — sensoriamento remoto; C — sinais cooperativos (AIS/ADS-B/RF),AAC Clyde Space,United Kingdom,sim,2026-09-16,637,583.3,-53.7,654,595.3,-58.7,98,97.913,95,96.46
AAt-4,41460,A — sensoriamento remoto; C — sinais cooperativos (AIS/ADS-B/RF),University of Aalborg,Denmark,não,2023-09-06,442,166.6,-275.4,687,173.3,-513.7,98.2,98.123,95.9,87.89
ADLER-2,56187,A — sensoriamento remoto,Austrian Space Forum (OEWF)/Spire,Austria,não,2024-08-17,497,157.4,-339.6,506,169.5,-336.5,97.4,97.281,95,87.76
"Advanced Orion 10 (Mentor, NRO L-44, USA 311)",47237,A — sensoriamento remoto; C — sinais cooperativos (AIS/ADS-B/RF),National Reconnaissance Office (NRO),USA,sim,2025-02-18,35700,35610.0,-90.0,35800,35964.2,164.2,0,4.396,1437.6,1436.12
"Advanced Orion 4 (Mentor, NROL 6, USA 139)",25336,A — sensoriamento remoto; C — sinais cooperativos (AIS/ADS-B/RF),National Reconnaissance Office (NRO),USA,sim,2025-04-03,35560,35623.2,63.2,36013,35951.0,-62.0,7.72,7.412,1436.14,1436.12
"Advanced Orion 5 (Mentor, NROL 19, USA 171)",27937,A — sensoriamento remoto; C — sinais cooperativos (AIS/ADS-B/RF),National Reconnaissance Office (NRO),USA,sim,2022-09-19,35589,35616.5,27.5,35984,35957.6,-26.4,3.2,12.749,1436.1,1436.12
"Advanced Orion 6 (Mentor, NRO L-26, USA 202)",33490,A — sensoriamento remoto; C — sinais cooperativos (AIS/ADS-B/RF),National Reconnaissance Office (NRO),USA,sim,2025-12-24,35714,35765.3,51.3,35937,35808.9,-128.1,2.89,8.583,1438.8,1436.12
"Advanced Orion 7 (Mentor, NRO L-32, USA 223)",37232,A — sensoriamento remoto; C — sinais cooperativos (AIS/ADS-B/RF),National Reconnaissance Office (NRO),USA,sim,2026-09-10,35500,35669.4,169.4,35500,35904.8,404.8,0,9.645,1436,1436.12
"Advanced Orion 8 (Mentor, NRO L-15, USA 237)",38528,A — sensoriamento remoto; C — sinais cooperativos (AIS/ADS-B/RF),National Reconnaissance Office (NRO),USA,sim,2025-12-25,35771,35612.4,-158.6,35805,35960.9,155.9,0,6.954,1436.1,1436.1
"Advanced Orion 9 (Mentor, NRO L-37, USA 268)",41584,A — sensoriamento remoto; C — sinais cooperativos (AIS/ADS-B/RF),National Reconnaissance Office (NRO),USA,sim,2021-09-07,35613,35579.6,-33.4,35903,35994.5,91.5,7.51,6.309,1437.19,1436.12
Aeolus,43600,A — sensoriamento remoto,European Space Agency (ESA),ESA,não,2023-07-28,314,84.9,-229.1,317,161.2,-155.8,96.7,96.703,92.4,86.95
AIM (Aeronomy of Ice in Mesosphere),31304,A — sensoriamento remoto,"Center for Atmospheric Sciences, Hampton University/NASA",USA,não,2024-08-19,544,139.8,-404.2,552,151.5,-400.5,97.9,97.85,96.2,87.4
AISSat-1 (Automatic Identification System Satellite-1),36797,C — sinais cooperativos (AIS/ADS-B/RF),Norwegian Coastal Admnistration,Norway,sim,2026-09-16,615,566.7,-48.3,632,581.5,-50.5,98,98.081,97.2,96.15
AISSat-2 (Automatic Identification System Satellite-2),40075,C — sinais cooperativos (AIS/ADS-B/RF),Norwegian Coastal Admnistration,Norway,sim,2026-09-15,625,583.1,-41.9,631,588.7,-42.3,98.4,98.415,97.27,96.39
AISTechSat-2,43768,A — sensoriamento remoto; C — sinais cooperativos (AIS/ADS-B/RF),AISTech,Spain,sim,2026-09-16,574,514.3,-59.7,592,520.2,-71.8,97.8,97.42,96.4,94.97
AISTechSat-3,44103,A — sensoriamento remoto; C — sinais cooperativos (AIS/ADS-B/RF),AISTech,Spain,não,2024-04-19,490,138.3,-351.7,506,153.6,-352.4,97.5,97.172,94.6,87.41
ALE-2 (Astro Live Experiences-2),44824,A — sensoriamento remoto,Astro Live Experiences,Japan,não,2023-04-18,397,132.0,-265.0,414,143.5,-270.5,97.01,96.808,92.06,87.24
Alsat-1B,41785,A — sensoriamento remoto,Algerian Space Agency (ASAL),Algeria,sim,2026-09-16,661,648.0,-13.0,704,659.3,-44.7,98.2,97.779,98.4,97.8
Alsat-2A (Algeria Satellite 2A),36798,A — sensoriamento remoto,Algerian Space Agency (ASAL),Algeria,sim,2026-09-16,672,645.6,-26.4,674,647.3,-26.7,98.1,97.769,98.2,97.65
Alsat-2B,41786,A — sensoriamento remoto,Algerian Space Agency (ASAL),Algeria,sim,2026-09-16,646,657.5,11.5,660,658.5,-1.5,98.2,97.981,97.7,97.89
Amazonas-2,35942,A — sensoriamento remoto,Hispamar (subsidiary of Hispasat - Spain),Spain,sim,2026-09-16,35767,35772.4,5.4,35805,35800.1,-4.9,0.03,2.044,1436.08,1436.08
Amazonia-1 (SSR-1),47699,A — sensoriamento remoto,National Institute for Space Research (INPE),Brazil,sim,2026-09-16,761,754.4,-6.6,764,757.0,-7.0,98.5,98.424,99.9,99.94
ANGELS (Argos Neo on a Generic Economical and Light Satellite),44876,B — coleta de plataformas (DCS/IoT),Centre National d'Etudes Spatiales (CNES),ESA,não,2026-04-27,509,157.9,-351.1,524,169.8,-354.2,97.4,97.386,94.9,87.77
AprizeSat 1 (LatinSat-C),28372,B — coleta de plataformas (DCS/IoT),"Aprize Satellite, Argentina",Argentina,sim,2026-09-16,696,688.8,-7.2,764,750.6,-13.4,98,98.632,99.4,99.19
AprizeSat 10 (exactView-13),40019,B — coleta de plataformas (DCS/IoT); C — sinais cooperativos (AIS/ADS-B/RF),"Aprize Satellite, Argentina",USA/Argentina,sim,2026-09-15,613,602.9,-10.1,733,713.1,-19.9,97.9,97.977,98,97.89
AprizeSat 2 (LatinSat-D),28366,B — coleta de plataformas (DCS/IoT),"Aprize Satellite, Argentina",USA/Argentina,sim,2026-09-16,694,689.9,-4.1,850,839.9,-10.1,98.2,98.113,100.3,100.13
AprizeSat 3,35686,B — coleta de plataformas (DCS/IoT); C — sinais cooperativos (AIS/ADS-B/RF),"Aprize Satellite, Argentina",USA/Argentina,sim,2026-09-16,559,534.4,-24.6,662,621.3,-40.7,98.18,98.218,97,96.23
AprizeSat 4,35684,B — coleta de plataformas (DCS/IoT); C — sinais cooperativos (AIS/ADS-B/RF),"Aprize Satellite, Argentina",USA/Argentina,sim,2026-09-16,604,586.1,-17.9,674,647.4,-26.6,98.1,98.134,97.5,97.04
AprizeSat 5,37792,B — coleta de plataformas (DCS/IoT); C — sinais cooperativos (AIS/ADS-B/RF),"Aprize Satellite, Argentina",Canada,sim,2026-09-16,610,588.1,-21.9,694,662.9,-31.1,98.2,98.248,97.8,97.22
AprizeSat 7,39416,B — coleta de plataformas (DCS/IoT); C — sinais cooperativos (AIS/ADS-B/RF),"Aprize Satellite, Argentina",Canada,sim,2026-09-16,594,568.7,-25.3,653,616.2,-36.8,97.8,97.78,97.17,96.53
AprizeSat 8 (exactView-12),39425,B — coleta de plataformas (DCS/IoT); C — sinais cooperativos (AIS/ADS-B/RF),"Aprize Satellite, Argentina",USA/Argentina,sim,2026-09-16,594,573.1,-20.9,669,636.6,-32.4,97.8,97.83,97.99,96.79
AprizeSat 9 (exactView-11),40018,B — coleta de plataformas (DCS/IoT); C — sinais cooperativos (AIS/ADS-B/RF),"Aprize Satellite, Argentina",USA,sim,2026-09-15,613,602.0,-11.0,715,692.8,-22.2,97.9,97.919,98,97.67
Arktika-M1,47719,A — sensoriamento remoto,Naval Physical and Oceanographic Laboratory,Russia,sim,2026-07-25,1025,789.5,-235.5,39754,39567.3,-186.7,63.3,63.26,717.8,717.82
Arthur,48953,A — sensoriamento remoto,Aerospacelab,Belgium,não,2025-12-31,512,152.2,-359.8,535,161.8,-373.2,97.5,97.625,95.1,87.63
ASELSAT,47441,A — sensoriamento remoto,Istanbul Technical  University,Turkey,não,2024-06-11,522,133.6,-388.4,536,158.4,-377.6,97.5,97.288,95.2,87.41
ASNARO 1 (Advanced Satellite with New system Architecture for Observation),40298,A — sensoriamento remoto,Japan Space Systems,Japan,sim,2026-09-16,506,504.4,-1.6,507,510.8,3.8,97.48,97.337,94.75,94.77
ASNARO 2 (Advanced Satellite with New system Architecture for Observation),43152,A — sensoriamento remoto,Japan Space Systems,Japan,sim,2026-09-16,493,497.2,4.2,505,499.6,-5.4,97.3,97.4,94.5,94.58
Astrocast-0101,47430,B — coleta de plataformas (DCS/IoT),Astrocast,Switzerland,não,2026-06-28,521,199.4,-321.6,534,219.6,-314.4,97.5,97.203,94.6,88.69
Astrocast-0102,47488,B — coleta de plataformas (DCS/IoT),Astrocast,Switzerland,não,2025-02-03,523,208.7,-314.3,535,215.9,-319.1,97.5,97.285,94.6,88.74
Astrocast-0103,47487,B — coleta de plataformas (DCS/IoT),Astrocast,Switzerland,não,2026-05-03,522,182.9,-339.1,536,200.1,-335.9,97.5,97.237,94.6,88.32
Astrocast-0104,47519,B — coleta de plataformas (DCS/IoT),Astrocast,Switzerland,não,2025-11-27,524,175.5,-348.5,537,186.8,-350.2,97.5,97.239,94.5,88.11
Astrocast-0105,47517,B — coleta de plataformas (DCS/IoT),Astrocast,Switzerland,não,2026-06-11,526,160.2,-365.8,535,181.5,-353.5,97.5,97.188,94.5,87.91
Astrocast-0201,48954,B — coleta de plataformas (DCS/IoT),Astrocast,Switzerland,não,2026-02-10,512,244.0,-268.0,535,251.6,-283.4,97.5,97.63,95.1,89.46
Astrocast-0202,48961,B — coleta de plataformas (DCS/IoT),Astrocast,Switzerland,não,2025-05-04,511,197.8,-313.2,536,213.9,-322.1,97.5,97.617,95,88.61
Astrocast-0203,48955,B — coleta de plataformas (DCS/IoT),Astrocast,Switzerland,não,2026-02-14,511,178.4,-332.6,536,188.4,-347.6,97.5,97.623,95,88.16
Astrocast-0204,48952,B — coleta de plataformas (DCS/IoT),Astrocast,Switzerland,não,2025-02-19,513,155.1,-357.9,536,171.7,-364.3,97.5,97.631,95.1,87.76
Astrocast-0205,48960,B — coleta de plataformas (DCS/IoT),Astrocast,Switzerland,não,2026-01-05,513,171.8,-341.2,535,184.3,-350.7,97.5,97.607,95,88.05
BARS-M (Cosmos 2503),40420,A — sensoriamento remoto; C — sinais cooperativos (AIS/ADS-B/RF),Ministry of Defense,Russia,sim,2026-09-15,570,535.6,-34.4,586,556.3,-29.7,97.7,97.821,96.1,95.57
BARS-M (Cosmos 2515),41394,A — sensoriamento remoto; C — sinais cooperativos (AIS/ADS-B/RF),Ministry of Defense,Russia,sim,2026-09-16,549,525.6,-23.4,594,558.0,-36.0,97.62,97.975,96.1,95.48
BARS-M3 (Cosmos 2556),52713,A — sensoriamento remoto; C — sinais cooperativos (AIS/ADS-B/RF),Ministry of Defense,Russia,sim,2026-09-16,337,484.9,147.9,556,487.8,-68.2,97.7,97.638,94.6,94.33
BARS-M4 (Cosmos 2567),55978,A — sensoriamento remoto; C — sinais cooperativos (AIS/ADS-B/RF),Ministry of Defense,Russia,sim,2026-09-16,501,487.5,-13.5,514,491.8,-22.2,97.6,97.342,94.6,94.4
Beijing-3,48840,A — sensoriamento remoto,21st Century Aerospace Technology (21AT),China,não,2024-06-24,487,110.9,-376.1,502,123.5,-378.5,97.5,97.407,94.7,86.83
"BeijingGalaxy-1 (Beijing 1 [Tsinghua], Tsinghau-2, China DMC+4)",28890,A — sensoriamento remoto,Beijing Landview Mapping Information Technology Co. Ltd (BLMIT),China,sim,2026-09-16,681,671.3,-9.7,703,692.0,-11.0,97.9,98.305,98.6,98.39
Beiyou-1,55257,A — sensoriamento remoto,"Changsha Tianyi space science and Technology Research Institute Co., Ltd. (Spacety)",China,não,2025-01-24,479,162.2,-316.8,494,173.6,-320.4,97.4,97.285,95.1,87.85
Bird 2 (Bispectral InfraRed Detector 2),26959,A — sensoriamento remoto,Institute of Space Sensor Technology and Planetary Exploration,Germany,não,2023-10-11,500,155.1,-344.9,521,168.3,-352.7,97.9,97.769,94.8,87.72
Birkeland (MilSpace 2-1),55015,A — sensoriamento remoto,Norwegian Defence Research Establishment (FFI)/,Norway,sim,2026-09-16,516,436.5,-79.5,536,447.0,-89.0,97.5,97.326,95.4,93.42
BIROS (Bispectral Infrared Optical System),41604,A — sensoriamento remoto,German Aerospace Center (DLR),Germany,não,2026-01-22,500,127.2,-372.8,517,138.9,-378.1,97.5,97.048,94.7,87.15
BisonSat (Nwist Qwiqway),40968,A — sensoriamento remoto,Salish Kootenai College,USA,sim,2026-09-14,497,489.4,-7.6,801,666.1,-134.9,64.78,64.776,97.7,96.22
BKA 2 (BelKA 2),38708,A — sensoriamento remoto,National Academy of Sciences,Belarus,não,2024-10-17,503,142.2,-360.8,507,146.5,-360.5,97.5,97.204,94.7,87.37
BlackSky Global 1,43730,A — sensoriamento remoto,BlackSky Global,USA,não,2024-02-24,484,128.7,-355.3,500,146.3,-353.7,97.5,97.287,94.7,87.24
BlackSky Global 14,49469,A — sensoriamento remoto,BlackSky Global,USA,sim,2026-09-16,428,389.3,-38.7,439,416.1,-22.9,42,42.002,93,92.62
BlackSky Global 15,49470,A — sensoriamento remoto,BlackSky Global,USA,não,2024-09-19,426,174.4,-251.6,438,190.0,-248.0,42,41.973,93,88.13
BlackSky Global 16,49950,A — sensoriamento remoto,BlackSky Global,USA,sim,2026-09-16,430,394.0,-36.0,439,413.9,-25.1,42,41.994,93,92.64
BlackSky Global 17,49949,A — sensoriamento remoto,BlackSky Global,USA,sim,2026-09-16,433,384.9,-48.1,440,407.7,-32.3,42,41.993,93,92.48
BlackSky Global 18,52196,A — sensoriamento remoto,BlackSky Global,USA,sim,2026-09-16,428,415.2,-12.8,440,420.5,-19.5,53,52.981,95,92.93
BlackSky Global 19,55982,A — sensoriamento remoto,BlackSky Global,USA,sim,2026-09-15,449,445.3,-3.7,457,456.3,-0.7,42.01,42.002,95,93.6
BlackSky Global 2,43812,A — sensoriamento remoto,BlackSky Global,USA,sim,2026-09-16,577,535.2,-41.8,591,542.7,-48.3,97.7,97.349,96.3,95.42
BlackSky Global 20,52197,A — sensoriamento remoto,BlackSky Global,USA,não,2025-04-01,426,140.9,-285.1,439,145.6,-293.4,53,52.958,95,87.35
BlackSky Global 3,44367,A — sensoriamento remoto,BlackSky Global,USA,não,2023-05-15,450,163.5,-286.5,461,176.4,-284.6,45.1,44.976,93.7,87.89
BlackSky Global 4,44499,A — sensoriamento remoto,BlackSky Global,USA,sim,2026-09-16,538,339.4,-198.6,549,350.5,-198.5,45.01,45.003,95.5,91.44
BlackSky Global 5,55983,A — sensoriamento remoto,BlackSky Global,USA,sim,2026-09-15,,444.8,,,456.0,,,42.002,,93.6
BlackSky Global 7,46088,A — sensoriamento remoto,BlackSky Global,USA,não,2023-10-23,400,152.7,-247.3,410,157.6,-252.4,45.01,52.968,95.5,87.59
BlackSky Global 8,46089,A — sensoriamento remoto,BlackSky Global,USA,não,2024-04-01,400,149.4,-250.6,410,159.0,-251.0,45.01,52.959,95.5,87.57
BlackSky Global 9,47971,A — sensoriamento remoto,BlackSky Global,USA,sim,2026-09-15,448,413.9,-34.1,460,419.8,-40.2,45,44.98,93.7,92.91
BlackSky Pathfinder 1,41787,A — sensoriamento remoto,BlackSky Global,USA,sim,2026-09-15,661,649.3,-11.7,701,687.2,-13.8,98.2,97.823,98.3,98.11
Brik-II,48876,A — sensoriamento remoto; C — sinais cooperativos (AIS/ADS-B/RF),Ministry of Defense,Netherlands,não,2025-11-12,495,165.8,-329.2,521,168.0,-353.0,60.7,60.634,94.5,87.83
BRIO,43813,B — coleta de plataformas (DCS/IoT),"SpaceQuest, Ltd.",USA,não,2025-07-10,574,154.2,-419.8,591,175.7,-415.3,97.7,97.493,96.3,87.79
BRO-1,44495,A — sensoriamento remoto; C — sinais cooperativos (AIS/ADS-B/RF),UnseenLabs,France,não,2026-07-18,536,153.9,-382.1,550,165.7,-384.3,45.01,44.969,95.5,87.68
BRO-2,46941,A — sensoriamento remoto; C — sinais cooperativos (AIS/ADS-B/RF),UnseenLabs,France,não,2023-04-04,492,161.1,-330.9,512,179.9,-332.1,97.4,97.421,95,87.9
BRO-3,46943,A — sensoriamento remoto; C — sinais cooperativos (AIS/ADS-B/RF),UnseenLabs,France,não,2024-01-19,393,155.5,-237.5,398,168.1,-229.9,97.5,97.43,92.3,87.72
BRO-4,49066,A — sensoriamento remoto; C — sinais cooperativos (AIS/ADS-B/RF),UnseenLabs,France,não,2025-02-10,520,172.9,-347.1,563,183.8,-379.2,97.6,97.408,95.5,88.06
BRO-6,52422,A — sensoriamento remoto; C — sinais cooperativos (AIS/ADS-B/RF),UnseenLabs,France,sim,2026-09-16,514,390.9,-123.1,522,397.9,-124.1,97.4,97.336,94.9,92.45
BRO-7,52174,A — sensoriamento remoto; C — sinais cooperativos (AIS/ADS-B/RF),UnseenLabs,France,não,2025-06-11,497,149.1,-347.9,509,171.0,-338.0,97.4,97.271,95.4,87.69
BRO-8,55011,A — sensoriamento remoto; C — sinais cooperativos (AIS/ADS-B/RF),UnseenLabs,France,sim,2026-09-16,520,398.4,-121.6,533,407.2,-125.8,97.5,97.309,95,92.62
BRO-9,56185,A — sensoriamento remoto; C — sinais cooperativos (AIS/ADS-B/RF),UnseenLabs,France,não,2026-06-24,498,164.2,-333.8,507,178.6,-328.4,97.5,97.285,95,87.92
Bufeng-1A,44312,A — sensoriamento remoto,China Academy of Space Technology (CAST),China,sim,2026-09-16,555,458.7,-96.3,575,466.8,-108.2,45,44.974,96,93.85
Bufeng-1B,44314,A — sensoriamento remoto,China Academy of Space Technology (CAST),China,sim,2026-09-16,554,435.8,-118.2,576,448.6,-127.4,45,44.999,96,93.43
Calipso (Cloud-Aerosol Lidar and Infrared Pathfinder Satellite Observation),29108,A — sensoriamento remoto,Centre National d'Etudes Spatiales (CNES)/NASA,France,sim,2026-09-16,702,661.7,-40.3,703,663.6,-39.4,98.2,98.447,98.8,97.99
Capella-10 (Whitney 8),55910,A — sensoriamento remoto,Capella Space,USA,não,2025-03-28,597,183.8,-413.2,602,202.8,-399.2,44,43.96,96,88.36
Capella-6 (Whitney 4),48605,A — sensoriamento remoto,Capella Space,USA,não,2024-03-29,566,183.4,-382.6,587,185.9,-401.1,53,52.991,95.6,88.18
Capella-7 (Whitney 5),51072,A — sensoriamento remoto,Capella Space,USA,não,2023-08-26,520,142.7,-377.3,535,162.7,-372.3,97.5,97.395,94.7,87.54
Capella-8 (Whitney 6),51071,A — sensoriamento remoto,Capella Space,USA,não,2023-09-06,521,158.6,-362.4,535,178.9,-356.1,97.5,97.401,95.7,87.86
Capella-9 (Whitney 7),55909,A — sensoriamento remoto,Capella Space,USA,não,2025-05-05,586,186.7,-399.3,612,201.6,-410.4,44.1,43.967,96,88.38
CartoSat 1 (IRS P5),28649,A — sensoriamento remoto,Indian Space Research Organization (ISRO),India,sim,2026-09-16,618,592.3,-25.7,619,595.8,-23.2,97.9,97.529,97.1,96.56
"CartoSat 2 (IRS P7, CartoSat 2AT)",29710,A — sensoriamento remoto,Indian Space Research Organization (ISRO),India,não,2024-02-14,632,136.9,-495.1,635,146.7,-488.3,97,97.859,97.4,87.32
CartoSat 2A,32783,A — sensoriamento remoto,Indian Space Research Organization (ISRO),India,sim,2026-09-16,624,623.1,-0.9,643,639.8,-3.2,97.9,97.754,97.4,97.34
CartoSat 2B,36795,A — sensoriamento remoto,Indian Space Research Organization (ISRO),India,sim,2026-09-16,622,626.6,4.6,645,640.7,-4.3,97.9,97.986,97.4,97.39
CartoSat 2C,41599,A — sensoriamento remoto,Indian Space Research Organization (ISRO),India,sim,2026-09-16,501,501.7,0.7,519,514.4,-4.6,97.5,97.439,94.8,94.78
CartoSat 2D,41948,A — sensoriamento remoto,Indian Space Research Organization (ISRO),India,sim,2026-09-16,491,505.8,14.8,508,510.6,2.6,97.5,97.401,94.8,94.79
CartoSat 2E,42767,A — sensoriamento remoto,Indian Space Research Organization (ISRO),India,sim,2026-09-16,334,505.7,171.7,347,510.3,163.3,96.92,97.418,91.34,94.78
CartoSat 2F,43111,A — sensoriamento remoto,Indian Space Research Organization (ISRO),India,sim,2026-09-16,495,507.6,12.6,510,508.4,-1.6,97.5,97.469,94.6,94.78
CartoSat 3,44804,A — sensoriamento remoto,Indian Space Research Organization (ISRO),India,sim,2026-09-16,500,500.5,0.5,519,515.9,-3.1,97.5,97.421,94.8,94.79
CAS500-1,47932,A — sensoriamento remoto,Korea Aerospace Research Institute (KARI),South Korea,sim,2026-09-15,494,502.1,8.1,509,508.8,-0.2,97.4,97.376,94.6,94.73
Cassiope (CAScade SmallSat and Ionospheric Polar Explorer),39265,A — sensoriamento remoto,Canadian Space Agency,Canada,sim,2026-09-16,325,286.4,-38.6,1486,655.3,-830.7,81,80.912,103.11,94.02
CBERS 4 (China-Brazil Earth Resources Satellite 4),40336,A — sensoriamento remoto,China National Space Administration (CNSA)/National Institute for Space Research (Brazil),China/Brazil,sim,2026-09-16,738,771.9,33.9,748,774.7,26.7,98.55,98.344,99.67,100.31
CBERS 4A (China-Brazil Earth Resources Satellite 4A),44883,A — sensoriamento remoto,China National Space Administration (CNSA)/National Institute for Space Research (Brazil),China/Brazil,sim,2026-09-16,615,623.3,8.3,635,625.8,-9.2,97.9,98.011,97.2,97.2
CE-SAT-1 (Canon Electric Satellite 1),42769,A — sensoriamento remoto,Canon Electronics,Japan,não,2025-05-17,497,138.4,-358.6,517,151.3,-365.7,97.45,97.067,94.76,87.38
CE-SAT-2B (Canon Electric Satellite 2B),46818,A — sensoriamento remoto,Canon Electronics,Japan,não,2026-07-14,507,152.1,-354.9,523,165.1,-357.9,97.5,97.175,94.2,87.66
Centauri-1,43809,B — coleta de plataformas (DCS/IoT),Fleet Space Technologies,Australia,sim,2026-09-15,476,504.6,28.6,500,524.3,24.3,97,97.413,95,94.92
Centauri-2,43722,B — coleta de plataformas (DCS/IoT),Fleet Space Technologies,Australia,não,2023-03-17,573,137.9,-435.1,591,157.2,-433.8,97.7,97.295,96.3,87.44
CERES 1 (CapacitÉ de Renseignement Électromagnétique Spatiale),49464,A — sensoriamento remoto; C — sinais cooperativos (AIS/ADS-B/RF),Ministry of Armed Forces,France,sim,2026-08-26,669,653.7,-15.3,672,671.8,-0.2,75,74.999,,97.99
CERES 2 (CapacitÉ de Renseignement Électromagnétique Spatiale),49465,A — sensoriamento remoto; C — sinais cooperativos (AIS/ADS-B/RF),Ministry of Armed Forces,France,sim,2026-08-26,671,660.6,-10.4,672,664.9,-7.1,74.85,75.001,,98.0
CERES 3 (CapacitÉ de Renseignement Électromagnétique Spatiale),49466,A — sensoriamento remoto; C — sinais cooperativos (AIS/ADS-B/RF),Ministry of Armed Forces,France,sim,2026-08-26,670,654.4,-15.6,673,671.1,-1.9,75,74.999,,97.99
CFOSat (China-France Oceanography Satellite),43662,A — sensoriamento remoto,China National Space Administration (CNSA)/National Centre for Space Studies (CNES),China/France,sim,2026-09-16,509,514.9,5.9,523,518.6,-4.4,97.5,97.366,95,94.96
Challenge One,47956,B — coleta de plataformas (DCS/IoT),TELNET Holding,Tunisia,não,2025-04-26,535,182.2,-352.8,564,193.1,-370.9,97.5,97.398,95.4,88.24
Chao Fenbianlu Duo Guangpu Chengxiang Weixing (Ultra-resolution multispectral imaging satellite),41899,A — sensoriamento remoto,Shanghai Engineering Center for Microsatellites,China,sim,2026-09-15,690,675.2,-14.8,720,705.7,-14.3,98.1,98.544,98.87,98.57
Chaohu-1,51843,A — sensoriamento remoto,Spacety Co. Ltd.,China,sim,2026-09-16,523,374.8,-148.2,549,381.4,-167.6,97.5,97.348,94.5,92.11
Chuangxin 1-2 (Innovation 1-2),33434,A — sensoriamento remoto; B — coleta de plataformas (DCS/IoT),Chinese Academy of Sciences,China,sim,2026-09-16,785,781.7,-3.3,804,800.7,-3.3,98.5,98.61,98.5,100.69
Chuangxin 1-3 (Innovation 1-3),37930,A — sensoriamento remoto; B — coleta de plataformas (DCS/IoT),Chinese Academy of Sciences,China,sim,2026-09-16,784,779.6,-4.4,804,800.1,-3.9,98.5,98.698,100.7,100.66
Chuangxin 1-4 (Innovation 1-4),40137,A — sensoriamento remoto; B — coleta de plataformas (DCS/IoT),Chinese Academy of Sciences,China,sim,2026-09-16,778,775.2,-2.8,809,805.4,-3.6,98.46,98.711,100.74,100.67
Cicero-10 (Community Initiative for Cellular Earth Remote Observation-10),43690,A — sensoriamento remoto,GeoOptics Inc.,USA,não,2024-07-20,499,158.6,-340.4,517,172.5,-344.5,85,84.98,94.8,87.8
Cicero-2,42848,A — sensoriamento remoto,GeoOptics Inc.,USA,sim,2026-09-16,586,537.4,-48.6,602,546.9,-55.1,97.6,97.405,96.6,95.49
Cicero-2 OP1,52741,A — sensoriamento remoto,"GeoOptics, Inc.",USA,não,2024-09-18,500,136.7,-363.3,510,154.3,-355.7,97.5,97.546,94.6,87.4
Cicero-2 OP2,52735,A — sensoriamento remoto,"GeoOptics, Inc.",USA,não,2024-09-08,525,194.3,-330.7,536,211.5,-324.5,97.6,97.551,94.5,88.55
Cicero-3,42849,A — sensoriamento remoto,GeoOptics Inc.,USA,sim,2026-09-15,586,533.5,-52.5,602,549.5,-52.5,97.6,97.435,96.6,95.47
Cicero-6 (Community Initiative for Cellular Earth Remote Observation-6),42793,A — sensoriamento remoto,GeoOptics Inc.,USA,não,2024-06-11,496,138.5,-357.5,515,151.9,-363.1,97.45,97.019,94.7,87.39
Cicero-7 (Community Initiative for Cellular Earth Remote Observation-7),43143,A — sensoriamento remoto,GeoOptics Inc.,USA,não,2023-11-12,493,194.7,-298.3,504,206.9,-297.1,97.5,97.31,94.5,88.51
Cicero-8 (Community Initiative for Cellular Earth Remote Observation-8),43737,A — sensoriamento remoto,"GeoOptics, Inc.",USA,não,2023-05-16,485,136.6,-348.4,500,164.4,-335.6,97.5,97.311,94.5,87.5
CLIO (USA 257),40208,C — sinais cooperativos (AIS/ADS-B/RF),Unknown US agency,USA,sim,2020-06-28,35736,35720.7,-15.3,35854,35847.2,-6.8,0.04,0.096,1436.5,1435.96
Cloudsat,29107,A — sensoriamento remoto,National Aeronautics and Space Administration (NASA)/Colorado State University,USA,sim,2026-09-16,702,604.5,-97.5,703,613.0,-90.0,98.2,98.385,98.8,96.87
"COMS-1 (Communication, Ocean and Meteorological Satellite; Cheollian)",36744,A — sensoriamento remoto,Korea Aerospace Research Institute (KARI),South Korea,sim,2026-09-16,35783,36055.0,272.0,35791,36145.4,354.4,0.01,5.033,1436.1,1452.15
Connecta T1-2,55012,B — coleta de plataformas (DCS/IoT),Plan-S,Turkey,sim,2026-09-16,516,389.2,-126.8,531,397.1,-133.9,97.5,97.315,95,92.42
Connecta T2-1,56210,A — sensoriamento remoto; B — coleta de plataformas (DCS/IoT),Plan-S,Turkey,não,2025-10-08,488,247.3,-240.7,506,255.7,-250.3,97.5,97.305,95,89.54
Coriolis (Windsat),27640,A — sensoriamento remoto,US Air Force/ US Navy/NASA,USA,sim,2026-09-15,820,816.0,-4.0,841,835.0,-6.0,98.8,98.717,101.5,101.41
CORVUS BC1 (Landmapper),42846,A — sensoriamento remoto,Astro Digital,USA,sim,2026-09-16,584,536.8,-47.2,599,555.4,-43.6,97.5,97.418,96.5,95.57
CORVUS BC2 (Landmapper),42847,A — sensoriamento remoto,Astro Digital,USA,sim,2026-09-16,584,536.6,-47.4,598,554.6,-43.4,97.5,97.422,96.5,95.56
CORVUS BC3 (Landmapper),43118,A — sensoriamento remoto,Astro Digital,USA,não,2024-06-14,488,129.3,-358.7,503,151.6,-351.4,94.4,97.257,96.5,87.3
CORVUS BC4 (Landmapper),43767,A — sensoriamento remoto,Astro Digital,USA,sim,2026-09-15,576,520.2,-55.8,591,533.3,-57.7,97.7,97.398,96.5,95.17
CORVUS BC5 (Landmapper),46931,A — sensoriamento remoto,Astro Digital,USA,não,2024-03-20,495,160.2,-334.8,509,174.8,-334.2,97.3,97.476,96.5,87.84
"COSMIC 2-1 (COSMIC FM-1, Formosat 7A)",44349,A — sensoriamento remoto,Taiwan's National Space Organization/National Oceanographic and Atmospheric Admistration (NOAA),Taiwan,sim,2026-09-15,709,576.1,-132.9,721,577.3,-143.7,24,23.997,99,96.2
"COSMIC 2-2 (COSMIC FM-2, Formosat 7B)",44351,A — sensoriamento remoto,Taiwan's National Space Organization/National Oceanographic and Atmospheric Admistration (NOAA),Taiwan,sim,2026-09-16,710,576.2,-133.8,724,577.3,-146.7,24,23.998,99,96.2
"COSMIC 2-3 (COSMIC FM-3, Formosat 7C)",44343,A — sensoriamento remoto,Taiwan's National Space Organization/National Oceanographic and Atmospheric Admistration (NOAA),Taiwan,sim,2026-09-16,708,534.9,-173.1,724,535.2,-188.8,24,23.999,99,95.34
"COSMIC 2-4 (COSMIC FM-4, Formosat 7D)",44350,A — sensoriamento remoto,Taiwan's National Space Organization/National Oceanographic and Atmospheric Admistration (NOAA),Taiwan,sim,2026-09-16,710,575.8,-134.2,724,577.6,-146.4,24,23.997,99,96.2
"COSMIC 2-5 (COSMIC FM-5, Formosat 7E)",44358,A — sensoriamento remoto,Taiwan's National Space Organization/National Oceanographic and Atmospheric Admistration (NOAA),Taiwan,sim,2026-09-15,709,576.5,-132.5,724,577.1,-146.9,24,24.0,99,96.2
"COSMIC 2-6 (COSMIC FM-6, Formosat 7F)",44353,A — sensoriamento remoto,Taiwan's National Space Organization/National Oceanographic and Atmospheric Admistration (NOAA),Taiwan,sim,2026-09-15,708,575.8,-132.2,724,577.6,-146.4,24,23.998,99,96.2
"COSMIC-A (Formosat-3A, Constellation Observing System for Meteorology, Ionosphere and Climate)",29047,A — sensoriamento remoto,"National Space Program Office (NSPO)/University Corporation for Atmospheric Research (UCAR) Boulder, CO",Taiwan,sim,2026-09-16,764,753.3,-10.7,836,820.4,-15.6,72,71.976,100.9,100.6
"COSMIC-B (Formosat-3B, Constellation Observing System for Meteorology, Ionosphere and Climate)",29048,A — sensoriamento remoto,"National Space Program Office (NSPO)/University Corporation for Atmospheric Research (UCAR) Boulder, CO",Taiwan,sim,2026-09-15,769,757.4,-11.6,831,816.4,-14.6,72,71.967,100.9,100.6
"COSMIC-D (Formosat-3D, Constellation Observing System for Meteorology, Ionosphere and Climate)",29050,A — sensoriamento remoto,"National Space Program Office (NSPO)/University Corporation for Atmospheric Research (UCAR) Boulder, CO",Taiwan,sim,2026-09-15,669,640.9,-28.1,746,699.6,-46.4,72,72.012,98.9,98.15
"COSMIC-E (Formosat-3E, Constellation Observing System for Meteorology, Ionosphere and Climate)",29051,A — sensoriamento remoto,"National Space Program Office (NSPO)/University Corporation for Atmospheric Research (UCAR) Boulder, CO",Taiwan,sim,2026-09-16,751,738.1,-12.9,849,834.6,-14.4,72,72.002,100.9,100.59
"COSMIC-F (Formosat-3F, Constellation Observing System for Meteorology, Ionosphere and Climate)",29052,A — sensoriamento remoto,"National Space Program Office (NSPO)/University Corporation for Atmospheric Research (UCAR) Boulder, CO",Taiwan,sim,2026-09-16,772,758.3,-13.7,828,813.9,-14.1,72,72.033,100.9,100.58
COSMO-Skymed 1 (Constellation of small Satellites for Mediterranean basin Observation),31598,A — sensoriamento remoto,Italian Space Agency/Ministry of Defense,Italy,sim,2026-09-16,622,573.5,-48.5,623,576.0,-47.0,97.9,97.884,97.2,96.16
COSMO-Skymed 2 (Constellation of small Satellites for Mediterranean basin Observation),32376,A — sensoriamento remoto,Italian Space Agency/Ministry of Defense,Italy,sim,2026-09-16,622,621.6,-0.4,623,623.5,0.5,97.9,97.892,97.2,97.16
COSMO-Skymed 3 (Constellation of small Satellites for Mediterranean basin Observation),33412,A — sensoriamento remoto,Italian Space Agency/Ministry of Defense,Italy,sim,2026-09-16,622,533.8,-88.2,623,554.3,-68.7,97.9,97.814,97.2,95.53
COSMO-Skymed 4 (Constellation of small Satellites for Mediterranean basin Observation),37216,A — sensoriamento remoto,Italian Space Agency/Ministry of Defense,Italy,sim,2026-09-16,622,621.6,-0.4,623,623.5,0.5,97.9,97.891,97.2,97.16
COSMO-Skymed FM2,51444,A — sensoriamento remoto,Italian Space Agency/Ministry of Defense,Italy,sim,2026-09-16,621,621.6,0.6,648,623.5,-24.5,7.9,97.891,97.2,97.16
Cosmos 2542,44797,A — sensoriamento remoto,Ministry of Defense,Russia,não,2023-10-24,368,147.7,-220.3,856,159.0,-697.0,97.9,97.627,96.9,87.55
Cosmos 2543,44835,A — sensoriamento remoto,Ministry of Defense,Russia,não,2024-08-26,368,127.1,-240.9,856,143.9,-712.1,97.9,97.708,96.9,87.2
Cosmos 2568,56091,A — sensoriamento remoto,Ministry of Defense,Russia,não,2025-01-01,329,190.8,-138.2,344,194.5,-149.5,96.5,96.324,95.1,88.35
CP-10 (Exocube),40380,A — sensoriamento remoto,California Polytechnic State University/NASA JPL,USA,não,2024-06-30,441,135.6,-305.4,657,148.8,-508.2,99.1,99.071,95.6,87.33
Cryosat-2,36508,A — sensoriamento remoto,European Space Agency (ESA),ESA,sim,2026-09-16,713,717.8,4.8,724,721.1,-2.9,92,92.027,99.2,99.18
CSG-1 (COSMO-SkyMed Second Generation),44873,A — sensoriamento remoto,Italian Space Agency/Ministry of Defense,Italy,sim,2026-09-16,621,621.5,0.5,622,623.5,1.5,97.8,97.892,97.1,97.16
CSO-1 (Optical Space Component-1),43866,A — sensoriamento remoto,Directorate General of Armaments (DGA),France,sim,2026-09-11,800,801.5,1.5,800,803.9,3.9,98.6,98.627,100.87,100.93
CSO-2 (Optical Space Component-2),47305,A — sensoriamento remoto,Directorate General of Armaments (DGA),France,sim,2026-08-16,480,483.6,3.6,480,486.5,6.5,97.3,97.352,94,94.31
CuPID (Cusp Plasma Imaging Detector),49264,A — sensoriamento remoto,National Aeronautics and Space Administration (NASA),USA,sim,2026-09-15,550,475.3,-74.7,573,493.6,-79.4,97.6,97.377,96.2,94.3
CYGNSS FM01 (Cyclone Global Navigation Satellite System),41887,A — sensoriamento remoto,University of Michigan/NASA Earth Science Technology Office,USA,sim,2026-09-15,515,379.9,-135.1,537,386.9,-150.1,34.96,34.94,95.16,92.22
CYGNSS FM02 (Cyclone Global Navigation Satellite System),41886,A — sensoriamento remoto,University of Michigan/NASA Earth Science Technology Office,USA,sim,2026-09-16,514,351.5,-162.5,536,357.0,-179.0,34.97,34.94,95.13,91.62
CYGNSS FM03 (Cyclone Global Navigation Satellite System),41891,A — sensoriamento remoto,University of Michigan/NASA Earth Science Technology Office,USA,sim,2026-09-16,514,370.7,-143.3,533,375.7,-157.3,34.96,34.94,95.1,92.01
CYGNSS FM04 (Cyclone Global Navigation Satellite System),41885,A — sensoriamento remoto,University of Michigan/NASA Earth Science Technology Office,USA,sim,2026-09-16,515,365.4,-149.6,534,370.3,-163.7,34.95,34.932,95.13,91.9
CYGNSS FM05 (Cyclone Global Navigation Satellite System),41884,A — sensoriamento remoto,University of Michigan/NASA Earth Science Technology Office,USA,sim,2026-09-16,515,382.1,-132.9,537,389.5,-147.5,34.96,34.957,95.15,92.27
CYGNSS FM06 (Cyclone Global Navigation Satellite System),41889,A — sensoriamento remoto,University of Michigan/NASA Earth Science Technology Office,USA,não,2024-06-12,515,220.0,-295.0,534,224.1,-309.9,34.96,34.942,95.12,88.94
CYGNSS FM07 (Cyclone Global Navigation Satellite System),41890,A — sensoriamento remoto,University of Michigan/NASA Earth Science Technology Office,USA,sim,2026-09-16,514,370.3,-143.7,534,376.0,-158.0,34.96,34.945,95.12,92.01
CYGNSS FM08 (Cyclone Global Navigation Satellite System),41888,A — sensoriamento remoto,University of Michigan/NASA Earth Science Technology Office,USA,sim,2026-09-15,515,369.8,-145.2,537,377.5,-159.5,34.95,34.944,95.15,92.02
D2/AtlaCom-1,48922,A — sensoriamento remoto,Mexican Space Agency/NanoAvionics,Mexico,não,2024-08-31,524,221.6,-302.4,536,233.7,-302.3,97.5,97.608,95.1,89.05
"Daichi-2 (Advanced Land Observing Satellite-2, ALOS 2 2)",39766,A — sensoriamento remoto,Japan Aerospace Exploration Agency (JAXA),Japan,sim,2026-09-16,630,629.9,-0.1,635,632.0,-3.0,97.88,97.923,97.36,97.33
"Dayun (Starera 17, Xingshidai 17)",51845,A — sensoriamento remoto,ADA Space (?),China,não,2025-03-04,526,146.2,-379.8,547,163.6,-383.4,97.5,97.366,95.4,87.59
Deimos 1,35681,A — sensoriamento remoto,Deimos Imaging/DMC International Imaging (DMCII),Spain,sim,2026-09-16,661,644.0,-17.0,662,644.3,-17.7,98,97.753,98,97.61
Deimos 2,40013,A — sensoriamento remoto,Deimos Imaging/DMC International Imaging (DMCII),Spain,sim,2026-09-16,597,584.1,-12.9,619,587.3,-31.7,97.99,97.567,96.85,96.39
DEWASAT-2,56180,A — sensoriamento remoto,Dubai Electricity and Water Authority (DEWA),United Arab Emirates,não,2025-03-12,496,186.5,-309.5,508,195.9,-312.1,97.4,97.33,95.1,88.32
Diwata-2B,43678,A — sensoriamento remoto,"Philippines’ Department of Science and Technology, University of the Philippines Diliman, and Japan’s Hokkaido University and Tohoku University",Japan,sim,2026-09-16,595,556.5,-38.5,616,572.7,-43.3,97.8,98.117,96.8,95.95
DLR Tubsat,25757,A — sensoriamento remoto,Deutsches Zentrum für Luft- und Raumfahrt,Germany,sim,2026-09-16,712,706.8,-5.2,732,728.5,-3.5,98.6,98.677,99.2,99.14
DMC 3-1 (Disaster Monitoring Constellation),40715,A — sensoriamento remoto,Surrey Satellite Technology Ltd.,United Kingdom,sim,2026-09-16,636,606.2,-29.8,663,615.9,-47.1,98,97.631,97.71,96.92
DMC 3-2 (Disaster Monitoring Constellation),40716,A — sensoriamento remoto,Surrey Satellite Technology Ltd.,United Kingdom,sim,2026-09-16,636,605.9,-30.1,663,616.1,-46.9,98,97.636,97.71,96.92
DMC 3-3 (Disaster Monitoring Constellation),40717,A — sensoriamento remoto,Surrey Satellite Technology Ltd.,United Kingdom,sim,2026-09-16,636,606.5,-29.5,661,615.6,-45.4,98,97.641,97.69,96.92
DMSat-1 (Dubai Municipality Satellite),47940,A — sensoriamento remoto,Mohammend Bin Rashid Space Centre (MBRSC),United Arab Emirates,não,2025-03-17,536,139.6,-396.4,564,148.3,-415.7,97.6,97.406,95.6,87.37
"DMSP 5D-2 F14 (Defense Meteorological Satellites Program, USA 131)",24753,A — sensoriamento remoto,DoD/NOAA,USA,sim,2026-09-16,842,829.9,-12.1,855,842.5,-12.5,98.9,98.749,101.9,101.64
"DMSP 5D-3 F15 (Defense Meteorological Satellites Program, USA 147)",25991,A — sensoriamento remoto,DoD/NOAA,USA,sim,2026-09-16,837,825.6,-11.4,851,841.5,-9.5,98.9,98.989,101.8,101.58
"DMSP 5D-3 F16 (Defense Meteorological Satellites Program, USA 172)",28054,A — sensoriamento remoto,DoD/NOAA,USA,sim,2026-09-16,843,839.7,-3.3,852,848.4,-3.6,98.9,98.986,101.87,101.8
"DMSP 5D-3 F17 (Defense Meteorological Satellites Program, USA 173)",29522,A — sensoriamento remoto,DoD/NOAA,USA,sim,2026-09-16,842,834.6,-7.4,855,849.9,-5.1,98.79,98.743,101.89,101.77
"DMSP 5D-3 F18 (Defense Meteorological Satellites Program, USA 210)",35951,A — sensoriamento remoto,DoD/NOAA,USA,sim,2026-09-16,842,834.5,-7.5,859,850.5,-8.5,98.93,98.915,101.94,101.77
Dove 3k-10 (0 Flock 3K-10 106d),43905,A — sensoriamento remoto,"Planet Labs, Inc.",USA,não,2023-01-04,480,154.6,-325.4,509,165.7,-343.3,97.3,97.145,94.5,87.69
Dove 3k-4 (0 Flock 3K-4 1063),43893,A — sensoriamento remoto,"Planet Labs, Inc.",USA,não,2022-12-29,479,148.9,-330.1,510,154.2,-355.8,97.3,97.115,94.5,87.52
Dove 3k-5 (0 Flock 3K-5 1067),43899,A — sensoriamento remoto,"Planet Labs, Inc.",USA,não,2023-01-02,480,177.0,-303.0,509,186.8,-322.2,97.3,97.148,94.5,88.13
Dove 3k-7 (0 Flock 3K-7 106a),43902,A — sensoriamento remoto,"Planet Labs, Inc.",USA,não,2023-01-14,480,166.6,-313.4,510,179.2,-330.8,97.3,97.126,94.5,87.95
Dove 3k-9 (0 Flock 3K-9 1065),43906,A — sensoriamento remoto,"Planet Labs, Inc.",USA,não,2023-01-29,480,161.3,-318.7,509,168.5,-340.5,97.3,97.138,94.5,87.79
Dove 3m-4 (0 Flock 3M-4 0F4C),42997,A — sensoriamento remoto,"Planet Labs, Inc.",USA,não,2023-02-24,499,140.7,-358.3,522,162.2,-359.8,97.3,97.429,94.8,87.52
Dove 3p-11 (0 Flock 3P-11 101F),41975,A — sensoriamento remoto,"Planet Labs, Inc.",USA,não,2023-01-07,496,152.5,-343.5,506,164.2,-341.8,97.5,97.217,94.6,87.65
Dove 3p-12 (0 Flock 3P-12 1010),41972,A — sensoriamento remoto,"Planet Labs, Inc.",USA,não,2023-01-13,496,145.3,-350.7,506,160.8,-345.2,97.5,97.223,94.6,87.55
Dove 3p-2 (0 Flock 3P-2 1001),41966,A — sensoriamento remoto,"Planet Labs, Inc.",USA,não,2023-01-21,496,145.9,-350.1,506,157.1,-348.9,97.5,97.218,94.6,87.52
Dove 3p-23 (0 Flock 3P-23 1025),42018,A — sensoriamento remoto,"Planet Labs, Inc.",USA,não,2023-01-18,495,154.5,-340.5,506,169.0,-337.0,97.5,97.212,94.6,87.72
Dove 3p-3 (0 Flock 3P-3 1002),41968,A — sensoriamento remoto,"Planet Labs, Inc.",USA,não,2023-03-17,496,141.4,-354.6,506,158.0,-348.0,97.5,97.192,94.6,87.48
Dove 3p-32 (0 Flock 3P-32 1035),42023,A — sensoriamento remoto,"Planet Labs, Inc.",USA,não,2023-01-21,495,144.5,-350.5,506,155.4,-350.6,97.5,97.209,94.6,87.49
Dove 3p-33 (0 Flock 3P-33 103C),41990,A — sensoriamento remoto,"Planet Labs, Inc.",USA,não,2023-03-21,495,155.3,-339.7,505,172.0,-333.0,97.5,97.201,94.6,87.76
Dove 3p-34 (0 Flock 3P-34 103B),41988,A — sensoriamento remoto,"Planet Labs, Inc.",USA,não,2023-02-08,496,131.1,-364.9,505,151.1,-353.9,97.5,97.235,94.6,87.31
Dove 3p-4 (0 Flock 3P-4 1003),41965,A — sensoriamento remoto,"Planet Labs, Inc.",USA,não,2023-01-15,496,176.3,-319.7,507,182.3,-324.7,97.5,97.258,94.6,88.08
Dove 3p-46 (0 Flock 3P-46 1011),42031,A — sensoriamento remoto,"Planet Labs, Inc.",USA,não,2023-02-28,494,115.4,-378.6,504,134.2,-369.8,97.5,97.22,94.6,86.98
Dove 3p-49 (0 Flock 3P-49 1038),42001,A — sensoriamento remoto,"Planet Labs, Inc.",USA,não,2023-02-01,495,176.1,-318.9,505,185.9,-319.1,97.5,97.251,94.6,88.11
Dove 3p-50 (0 Flock 3P-50 1034),42029,A — sensoriamento remoto,"Planet Labs, Inc.",USA,não,2023-01-20,494,143.5,-350.5,505,155.5,-349.5,97.5,97.217,94.6,87.48
Dove 3p-54 (0 Flock 3P-54 1005),42014,A — sensoriamento remoto,"Planet Labs, Inc.",USA,não,2023-02-06,494,179.6,-314.4,502,191.6,-310.4,97.5,97.217,94.6,88.2
Dove 3p-55 (0 Flock 3P-55 1008),42041,A — sensoriamento remoto,"Planet Labs, Inc.",USA,não,2023-01-24,494,148.8,-345.2,502,156.3,-345.7,97.5,97.216,94.6,87.54
Dove 3p-57 (0 Flock 3P-57 1014),41978,A — sensoriamento remoto,"Planet Labs, Inc.",USA,sim,2023-01-12,496,132.6,-363.4,506,160.7,-345.3,97.5,97.201,94.6,87.42
Dove 3p-58 (0 Flock 3P-58 1009),41977,A — sensoriamento remoto,"Planet Labs, Inc.",USA,não,2023-01-03,495,152.9,-342.1,506,171.7,-334.3,97.5,97.191,94.6,87.73
Dove 3p-61 (0 Flock 3P-61 1012),42009,A — sensoriamento remoto,"Planet Labs, Inc.",USA,não,2023-02-03,494,138.2,-355.8,504,147.8,-356.2,97.5,97.198,94.6,87.35
Dove 3p-64 (0 Flock 3P-64 100A),42034,A — sensoriamento remoto,"Planet Labs, Inc.",USA,não,2023-01-19,494,176.5,-317.5,504,185.2,-318.8,97.5,97.227,94.6,88.11
Dove 3p-65 (0 Flock 3P-65 1040),42028,A — sensoriamento remoto,"Planet Labs, Inc.",USA,não,2023-01-20,494,125.9,-368.1,505,144.3,-360.7,97.5,97.2,94.6,87.19
Dove 3p-66 (0 Flock 3P-66 1013),42027,A — sensoriamento remoto,"Planet Labs, Inc.",USA,não,2023-01-31,495,165.4,-329.6,503,176.8,-326.2,97.5,97.216,94.6,87.91
Dove 3p-74 (0 Flock 3P-74 0F22),42048,A — sensoriamento remoto,"Planet Labs, Inc.",USA,não,2023-03-28,494,151.0,-343.0,506,169.6,-336.4,97.5,97.204,94.6,87.69
Dove 3p-76 (0 Flock 3P-76 0F17),42019,A — sensoriamento remoto,"Planet Labs, Inc.",USA,não,2023-02-07,495,176.3,-318.7,506,187.5,-318.5,97.5,97.248,94.6,88.13
Dove 3p-80 (0 Flock 3P-80 0F4E),42026,A — sensoriamento remoto,"Planet Labs, Inc.",USA,não,2023-02-13,496,152.8,-343.2,506,165.6,-340.4,97.5,97.213,94.6,87.67
Dove 3r-1 (0 Flock 3R-1 105A),43747,A — sensoriamento remoto,"Planet Labs, Inc.",USA,não,2022-10-30,476,132.4,-343.6,500,147.7,-352.3,97.5,97.317,94.6,87.29
Dove 3r-11 (0 Flock 3R-11 1064),43725,A — sensoriamento remoto,"Planet Labs, Inc.",USA,não,2022-11-27,476,180.2,-295.8,500,192.7,-307.3,97.5,97.318,94.6,88.22
Dove 3r-12 (0 Flock 3R-12 1066),43724,A — sensoriamento remoto,"Planet Labs, Inc.",USA,sim,2023-01-12,476,171.2,-304.8,500,186.7,-313.3,97.5,97.317,94.6,88.07
Dove 3r-4 (0 Flock 3R-4 105E),43733,A — sensoriamento remoto,"Planet Labs, Inc.",USA,não,2022-12-02,476,132.1,-343.9,500,145.4,-354.6,97.5,97.32,94.6,87.26
Dove 3r-6 (0 Flock 3R-6 1057),43741,A — sensoriamento remoto,"Planet Labs, Inc.",USA,não,2022-11-03,476,214.6,-261.4,500,224.3,-275.7,97.5,97.338,94.6,88.89
Dove 3r-7 (0 Flock 3R-7 1058),43742,A — sensoriamento remoto,"Planet Labs, Inc.",USA,não,2022-11-18,476,129.1,-346.9,500,139.6,-360.4,97.5,97.324,94.6,87.17
Dove 3r-9 (0 Flock 3R-9 1061),43723,A — sensoriamento remoto,"Planet Labs, Inc.",USA,não,2022-11-06,476,133.6,-342.4,500,145.7,-354.3,97.5,97.352,94.6,87.28
Dove 3s-1 (0 Flock 3S-1 105C),43769,A — sensoriamento remoto,"Planet Labs, Inc.",USA,não,2025-06-15,574,147.3,-426.7,592,170.3,-421.7,97.7,97.406,96.3,87.66
Dove 4a-17 (0 Flock 4a-17 2212),44088,A — sensoriamento remoto,"Planet Labs, Inc.",USA,não,2023-03-13,492,144.7,-347.3,508,159.7,-348.3,97.5,97.231,94.6,87.53
Dove 4a-19 (0 Flock 4a-19 2235),44090,A — sensoriamento remoto,"Planet Labs, Inc.",USA,não,2023-03-05,492,172.6,-319.4,508,182.1,-325.9,97.5,97.224,94.6,88.04
Dove 4a-2 (0 Flock 4a-2 2201),44080,A — sensoriamento remoto,"Planet Labs, Inc.",USA,não,2023-07-11,494,131.3,-362.7,510,152.2,-357.8,97.5,97.201,94.7,87.32
Dove 4a-5 (0 Flock 4a-5 2227),44095,A — sensoriamento remoto,"Planet Labs, Inc.",USA,não,2023-03-11,493,155.1,-337.9,506,169.9,-336.1,97.5,97.235,94.6,87.74
Dove 4a-9 (0 Flock 4a-9 2224),44098,A — sensoriamento remoto,"Planet Labs, Inc.",USA,não,2023-05-13,493,134.7,-358.3,506,154.7,-351.3,97.5,97.233,94.6,87.38
Dove 4e’-1 (0 Flock 4e'-1 225A),46813,A — sensoriamento remoto,"Planet Labs, Inc.",USA,não,2023-12-06,511,169.7,-341.3,527,181.1,-345.9,97.5,97.314,94.2,88.0
Dove 4e’-2 (0 Flock 4e'-2 2279),46820,A — sensoriamento remoto,"Planet Labs, Inc.",USA,não,2023-11-01,505,164.2,-340.8,524,175.5,-348.5,97.5,97.327,94.2,87.89
Dove 4e’-3 (0 Flock 4e'-3 2251),46819,A — sensoriamento remoto,"Planet Labs, Inc.",USA,não,2024-03-03,507,136.3,-370.7,523,155.5,-367.5,97.5,97.305,94.2,87.4
Dove 4e’-4 (0 Flock 43'-4 227E),46821,A — sensoriamento remoto,"Planet Labs, Inc.",USA,não,2023-11-21,504,140.1,-363.9,522,158.7,-363.3,97.5,97.322,94.2,87.48
Dove 4e’-5 (0 Flock 4e'-5 2276),46817,A — sensoriamento remoto,"Planet Labs, Inc.",USA,não,2024-03-06,506,159.3,-346.7,525,171.5,-353.5,97.5,97.279,94.2,87.8
Dove 4e’-6 (0 Flock 4e'-6 2280),46822,A — sensoriamento remoto,"Planet Labs, Inc.",USA,não,2023-12-02,507,155.8,-351.2,524,163.9,-360.1,97.5,97.337,94.2,87.68
Dove 4e’-7 (0 Flock 4e'-7 2262),46814,A — sensoriamento remoto,"Planet Labs, Inc.",USA,não,2024-02-17,510,165.3,-344.7,527,178.6,-348.4,97.5,97.296,94.2,87.93
Dove 4e’-8 (0 Flock 4e'-8 2264),46816,A — sensoriamento remoto,"Planet Labs, Inc.",USA,não,2024-03-18,511,232.2,-278.8,524,246.4,-277.6,97.5,97.332,94.2,89.29
Dove 4e’-9 (0 Flock 4e'-9 2441),46815,A — sensoriamento remoto,"Planet Labs, Inc.",USA,não,2023-12-09,510,174.9,-335.1,526,186.3,-339.7,97.5,97.315,94.2,88.1
Dove 4p-1 (0 Flock 4p-1 2277),44814,A — sensoriamento remoto,"Planet Labs, Inc.",USA,não,2023-04-18,498,168.6,-329.4,516,179.9,-336.1,97.5,97.337,94.7,87.98
Dove 4p-10 (0 Flock 4p-10 2233),44808,A — sensoriamento remoto,"Planet Labs, Inc.",USA,não,2023-04-29,499,141.7,-357.3,515,157.0,-358.0,97.5,97.333,94.7,87.47
Dove 4p-11 (0 Flock 4p-11 2231),44809,A — sensoriamento remoto,"Planet Labs, Inc.",USA,não,2024-01-28,499,158.4,-340.6,515,171.8,-343.2,97.5,97.301,94.7,87.79
Dove 4p-3 (0 Flock 4p-3 2304 ),44812,A — sensoriamento remoto,"Planet Labs, Inc.",USA,não,2023-04-26,499,90.2,-408.8,515,153.7,-361.3,97.5,97.317,94.7,86.92
Dove 4p-4 (0 Flock 4p-4 2310),44811,A — sensoriamento remoto,"Planet Labs, Inc.",USA,não,2023-05-14,499,118.1,-380.9,515,136.4,-378.6,97.5,97.273,94.7,87.03
Dove 4p-5 (0 Flock 4p-5 2259),44818,A — sensoriamento remoto,"Planet Labs, Inc.",USA,não,2024-02-22,499,140.0,-359.0,513,152.4,-360.6,97.5,97.312,94.7,87.41
Dove 4p-7 (0 Flock 4p-7 222F),44816,A — sensoriamento remoto,"Planet Labs, Inc.",USA,não,2024-01-22,499,148.8,-350.2,513,163.5,-349.5,97.5,97.286,94.7,87.61
Dove 4s-1 (0 Flock 4s-1 2436),47543,A — sensoriamento remoto,"Planet Labs, Inc.",USA,não,2024-08-16,519,158.9,-360.1,535,179.3,-355.7,97.5,97.283,95.2,87.87
Dove 4s-10 (0 Flock 4s-10 2449),47523,A — sensoriamento remoto,"Planet Labs, Inc.",USA,não,2024-09-01,520,159.6,-360.4,535,180.9,-354.1,97.5,97.303,95.2,87.9
Dove 4s-11 (0 Flock 4s-11 2445),47462,A — sensoriamento remoto,"Planet Labs, Inc.",USA,não,2025-02-08,520,158.4,-361.6,535,171.7,-363.3,97.5,97.261,95.2,87.79
Dove 4s-12 (0 Flock 4s-12 241A),47471,A — sensoriamento remoto,"Planet Labs, Inc.",USA,não,2024-08-26,520,143.2,-376.8,535,157.7,-377.3,97.5,97.285,95.2,87.5
Dove 4s-13 (0 Flock 4s-13 2453),47472,A — sensoriamento remoto,"Planet Labs, Inc.",USA,não,2024-08-19,520,143.0,-377.0,535,167.2,-367.8,97.5,97.288,95.2,87.59
Dove 4s-14 (0 Flock 4s-14 241F),47528,A — sensoriamento remoto,"Planet Labs, Inc.",USA,não,2024-08-18,520,195.7,-324.3,535,217.7,-317.3,97.5,97.301,95.2,88.63
Dove 4s-15 (0 Flock 4s-15 242F),47521,A — sensoriamento remoto,"Planet Labs, Inc.",USA,não,2024-02-20,520,203.9,-316.1,535,218.3,-316.7,97.5,97.328,95.2,88.72
Dove 4s-16 (0 Flock 4s-16 2434),47516,A — sensoriamento remoto,"Planet Labs, Inc.",USA,não,2024-02-22,520,198.4,-321.6,535,210.4,-324.6,97.5,97.349,95.2,88.58
Dove 4s-17 (0 Flock 4s-17 2432),47492,A — sensoriamento remoto,"Planet Labs, Inc.",USA,não,2024-08-25,522,148.8,-373.2,535,167.7,-367.3,97.5,97.312,95.2,87.65
Dove 4s-18 (0 Flock 4s-18 2421),47496,A — sensoriamento remoto,"Planet Labs, Inc.",USA,não,2024-09-13,521,166.8,-354.2,535,185.7,-349.3,97.5,97.305,95.2,88.02
Dove 4s-19 (0 Flock 4s-19 242D),47500,A — sensoriamento remoto,"Planet Labs, Inc.",USA,não,2024-09-14,520,144.7,-375.3,535,159.9,-375.1,97.5,97.297,95.2,87.53
Dove 4s-2 (0 Flock 4s-2 2428),47498,A — sensoriamento remoto,"Planet Labs, Inc.",USA,não,2023-11-06,519,146.3,-372.7,535,164.7,-370.3,97.5,97.325,95.2,87.6
Dove 4s-20 (0 Flock 4s-20 2439),47540,A — sensoriamento remoto,"Planet Labs, Inc.",USA,não,2024-10-24,521,212.4,-308.6,535,221.1,-313.9,97.5,97.309,95.2,88.83
Dove 4s-21 (0 Flock 4s-21 245C),47456,A — sensoriamento remoto,"Planet Labs, Inc.",USA,não,2024-08-23,521,179.0,-342.0,535,196.8,-338.2,97.5,97.294,95.2,88.25
Dove 4s-22 (0 Flock 4s-22 421E),47452,A — sensoriamento remoto,"Planet Labs, Inc.",USA,não,2024-06-20,521,142.9,-378.1,535,164.5,-370.5,97.5,97.308,95.2,87.56
Dove 4s-23 (0 Flock 4s-23 245D),47545,A — sensoriamento remoto,"Planet Labs, Inc.",USA,não,2023-12-03,520,188.6,-331.4,536,197.9,-338.1,97.5,97.342,95.2,88.36
Dove 4s-24 (0 Flock 4s-24 2431),47539,A — sensoriamento remoto,"Planet Labs, Inc.",USA,não,2024-08-25,521,153.2,-367.8,535,171.5,-363.5,97.5,97.286,95.2,87.74
Dove 4s-25 (0 Flock 4s-25 2448),47542,A — sensoriamento remoto,"Planet Labs, Inc.",USA,não,2024-08-21,526,144.0,-382.0,535,163.3,-371.7,97.5,97.278,95.2,87.56
Dove 4s-27 (0 Flock 4s-27 2457),47495,A — sensoriamento remoto,"Planet Labs, Inc.",USA,não,2024-09-03,526,137.3,-388.7,537,156.2,-380.8,97.5,97.285,95.2,87.42
Dove 4s-28 (0 Flock 4s-28 2460),47514,A — sensoriamento remoto,"Planet Labs, Inc.",USA,não,2024-10-21,515,146.2,-368.8,534,159.5,-374.5,97.5,97.287,95.2,87.54
Dove 4s-3 (0 Flock 4s-3 2433),47494,A — sensoriamento remoto,"Planet Labs, Inc.",USA,não,2024-02-20,519,144.3,-374.7,535,163.8,-371.2,97.5,97.306,95.2,87.57
Dove 4s-30 (0 Flock 4s-30 2459),47544,A — sensoriamento remoto,"Planet Labs, Inc.",USA,não,2024-09-17,527,157.7,-369.3,535,176.0,-359.0,97.5,97.302,95.2,87.83
Dove 4s-31 (0 Flock 4s-31 241B),47475,A — sensoriamento remoto,"Planet Labs, Inc.",USA,não,2024-04-22,525,150.5,-374.5,537,168.7,-368.3,97.5,97.304,95.2,87.68
Dove 4s-33 (0 Flock 4s-33 2420),47469,A — sensoriamento remoto,"Planet Labs, Inc.",USA,não,2024-10-23,526,191.7,-334.3,535,201.6,-333.4,97.5,97.303,95.2,88.43
Dove 4s-34 (0 Flock 4s-34 2464),47477,A — sensoriamento remoto,"Planet Labs, Inc.",USA,não,2024-10-03,527,145.6,-381.4,535,164.0,-371.0,97.5,97.288,95.2,87.58
Dove 4s-35 (0 Flock 4s-35 242A),47473,A — sensoriamento remoto,"Planet Labs, Inc.",USA,não,2023-09-20,526,188.6,-337.4,535,207.1,-327.9,97.5,97.335,95.2,88.45
Dove 4s-36 (0 Flock 4s-36 241D),47530,A — sensoriamento remoto,"Planet Labs, Inc.",USA,não,2024-08-22,526,182.2,-343.8,535,199.3,-335.7,97.5,97.299,95.2,88.31
Dove 4s-37 (0 Flock 4s-37 2429),47522,A — sensoriamento remoto,"Planet Labs, Inc.",USA,não,2024-09-27,522,182.7,-339.3,535,200.6,-334.4,97.5,97.294,95.2,88.33
Dove 4s-39 (0 Flock 4s-39 2458),47490,A — sensoriamento remoto,"Planet Labs, Inc.",USA,não,2024-08-25,523,153.5,-369.5,535,171.9,-363.1,97.5,97.3,95.2,87.74
Dove 4s-4 (0 Flock 4s-4 242B),47491,A — sensoriamento remoto,"Planet Labs, Inc.",USA,não,2024-08-17,519,221.8,-297.2,535,240.1,-294.9,97.5,97.285,95.2,89.12
Dove 4s-41 (0 Flock 4s-41 2427),47698,A — sensoriamento remoto,"Planet Labs, Inc.",USA,não,2024-10-11,522,182.3,-339.7,535,196.1,-338.9,97.5,97.294,95.2,88.28
Dove 4s-42 (0 Flock 4s-42 2430),47612,A — sensoriamento remoto,"Planet Labs, Inc.",USA,não,2024-10-19,520,156.7,-363.3,538,169.4,-368.6,97.5,97.31,95.2,87.75
Dove 4s-43 (0 Flock 4s-43 2435),47687,A — sensoriamento remoto,"Planet Labs, Inc.",USA,não,2024-08-26,521,159.3,-361.7,533,175.3,-357.7,97.5,97.307,95.2,87.84
Dove 4s-44 (0 Flock 4s-44 2440),47686,A — sensoriamento remoto,"Planet Labs, Inc.",USA,não,2024-10-15,519,207.6,-311.4,537,220.7,-316.3,97.5,97.279,95.2,88.78
Dove 4s-45 (0 Flock 4s-45 2442),47688,A — sensoriamento remoto,"Planet Labs, Inc.",USA,não,2024-08-29,523,187.4,-335.6,541,204.7,-336.3,97.5,97.287,95.2,88.41
Dove 4s-46 (0 Flock 4s-46 2444),47684,A — sensoriamento remoto,"Planet Labs, Inc.",USA,não,2024-10-19,521,146.4,-374.6,533,160.2,-372.8,97.5,97.309,95.2,87.55
Dove 4s-47 (0 Flock 4s-47 2456),47685,A — sensoriamento remoto,"Planet Labs, Inc.",USA,não,2024-10-23,526,163.2,-362.8,537,178.3,-358.7,97.5,97.287,95.2,87.9
Dove 4s-48 (0 Flock 4s-48 2465),47617,A — sensoriamento remoto,"Planet Labs, Inc.",USA,não,2024-10-29,524,145.8,-378.2,536,156.4,-379.6,97.5,97.283,95.2,87.51
Dove 4s-5 (0 Flock 4s-5 2423),47515,A — sensoriamento remoto,"Planet Labs, Inc.",USA,não,2024-10-18,520,145.9,-374.1,535,158.8,-376.2,97.5,97.288,95.2,87.53
Dove 4s-6 (0 Flock 4s-6 2455),47518,A — sensoriamento remoto,"Planet Labs, Inc.",USA,não,2024-09-27,527,136.8,-390.2,535,155.6,-379.4,97.5,97.287,95.2,87.41
Dove 4s-7 (0 Flock 4s-7 2451),47527,A — sensoriamento remoto,"Planet Labs, Inc.",USA,não,2024-08-27,527,155.5,-371.5,535,177.6,-357.4,97.5,97.293,95.2,87.82
Dove 4s-8 (0 Flock 4s-8 2450),47474,A — sensoriamento remoto,"Planet Labs, Inc.",USA,não,2024-03-09,527,171.5,-355.5,535,185.5,-349.5,97.5,97.315,95.2,88.06
Dove 4s-9 (0 Flock 4s-9 2447),47478,A — sensoriamento remoto,"Planet Labs, Inc.",USA,não,2024-11-07,520,168.5,-351.5,535,181.0,-354.0,97.5,97.282,95.2,87.98
Dove 4v-1 (0 Flock 4v-1 227C),46313,A — sensoriamento remoto,"Planet Labs, Inc.",USA,não,2024-04-12,534,217.7,-316.3,535,229.9,-305.1,97.5,97.344,94.7,88.97
Dove 4v-10 (0 Flock 4v-10 2254),46296,A — sensoriamento remoto,"Planet Labs, Inc.",USA,não,2024-09-09,534,132.9,-401.1,536,151.7,-384.3,97.5,97.316,94.7,87.33
Dove 4v-11 (0 Flock 4v-11 2424),46285,A — sensoriamento remoto,"Planet Labs, Inc.",USA,não,2024-10-22,533,157.0,-376.0,535,169.2,-365.8,97.5,97.317,94.7,87.75
Dove 4v-13 (0 Flock 4v-13 241C),46297,A — sensoriamento remoto,"Planet Labs, Inc.",USA,não,2024-11-24,533,147.3,-385.7,535,164.5,-370.5,97.5,97.295,94.7,87.61
Dove 4v-14 (0 Flock 4v-14 227A),46286,A — sensoriamento remoto,"Planet Labs, Inc.",USA,não,2024-11-19,533,164.2,-368.8,535,176.7,-358.3,97.5,97.319,94.7,87.9
Dove 4v-15 (0 Flock 4v15 2402),46528,A — sensoriamento remoto,"Planet Labs, Inc.",USA,não,2024-03-25,515,189.9,-325.1,520,204.0,-316.0,97.5,97.3,94.7,88.43
Dove 4v-16 (0 Flock 4v16 2403),46527,A — sensoriamento remoto,"Planet Labs, Inc.",USA,não,2024-02-28,515,160.6,-354.4,529,175.9,-353.1,97.5,97.288,94.7,87.85
Dove 4v-17 (0 Flock 4v17 2426),46529,A — sensoriamento remoto,"Planet Labs, Inc.",USA,não,2024-03-12,516,140.9,-375.1,521,159.5,-361.5,97.5,97.281,94.7,87.49
Dove 4v-18 (0 Flock 4v18 2413),46597,A — sensoriamento remoto,"Planet Labs, Inc.",USA,não,2024-03-20,514,152.6,-361.4,527,169.7,-357.3,97.5,97.323,94.7,87.71
Dove 4v-19 (0 Flock 4v19 2414),46609,A — sensoriamento remoto,"Planet Labs, Inc.",USA,não,2024-03-24,513,166.8,-346.2,523,184.2,-338.8,97.5,97.273,94.7,88.0
Dove 4v-20 (0 Flock 4v20 2406),46621,A — sensoriamento remoto,"Planet Labs, Inc.",USA,sim,2024-09-23,515,1761.4,1246.4,528,3104.3,2576.3,97.5,50.705,94.7,137.18
Dove 4v-22 (0 Flock 4v22 240a),46735,A — sensoriamento remoto,"Planet Labs, Inc.",USA,não,2023-11-04,514,211.6,-302.4,526,219.1,-306.9,97.5,97.316,94.7,88.8
Dove 4v-23 (0 Flock 4v23 2401),46737,A — sensoriamento remoto,"Planet Labs, Inc.",USA,não,2023-11-08,514,173.9,-340.1,523,189.8,-333.2,97.5,97.308,94.7,88.13
Dove 4v-24 (0 Flock 4v24 2405),46738,A — sensoriamento remoto,"Planet Labs, Inc.",USA,não,2024-03-13,516,147.3,-368.7,527,165.2,-361.8,97.5,97.28,94.7,87.61
Dove 4v-25 (0 Flock 4v25 240C),46812,A — sensoriamento remoto,"Planet Labs, Inc.",USA,não,2024-03-03,514,156.2,-357.8,523,173.6,-349.4,97.5,97.282,94.7,87.79
Dove 4v-26 (0 Flock 4v26 2407),46825,A — sensoriamento remoto,"Planet Labs, Inc.",USA,não,2023-10-30,516,146.4,-369.6,526,160.0,-366.0,97.5,97.315,94.2,87.55
Dove 4v-4 (0 Flock 4v-4 2274),46314,A — sensoriamento remoto,"Planet Labs, Inc.",USA,não,2023-12-08,534,153.4,-380.6,535,165.2,-369.8,97.5,97.345,94.7,87.67
Dove 4v-5 (0 Flock 4v-5 240F),46290,A — sensoriamento remoto,"Planet Labs, Inc.",USA,não,2024-03-07,533,158.2,-374.8,535,175.0,-360.0,97.5,97.329,94.7,87.82
Dove 4v-6 (0 Flock 4v-6 225B),46289,A — sensoriamento remoto,"Planet Labs, Inc.",USA,não,2024-09-01,533,148.6,-384.4,535,165.7,-369.3,97.5,97.331,94.7,87.63
Dove 4v-7 (0 Flock 4v-7 227B),46291,A — sensoriamento remoto,"Planet Labs, Inc.",USA,não,2024-03-26,533,187.4,-345.6,535,200.2,-334.8,97.5,97.319,94.7,88.37
Dove 4v-8 (0 Flock 4v-8 2416),46288,A — sensoriamento remoto,"Planet Labs, Inc.",USA,não,2024-11-20,533,144.3,-388.7,535,161.3,-373.7,97.5,97.311,94.7,87.54
Dove 4x-1 (0 Flock 4x-1 2473),51017,A — sensoriamento remoto,"Planet Labs, Inc.",USA,não,2024-11-01,518,138.0,-380.0,535,151.3,-383.7,97.5,97.331,94.7,87.38
Dove 4x-10 (0 Flock 4x-10 249a),51037,A — sensoriamento remoto,"Planet Labs, Inc.",USA,não,2024-08-25,520,139.9,-380.1,535,159.2,-375.8,97.5,97.369,94.7,87.48
Dove 4x-11 (0 Flock 4x-11 249b),51049,A — sensoriamento remoto,"Planet Labs, Inc.",USA,não,2024-08-15,524,141.0,-383.0,535,161.7,-373.3,97.5,97.367,94.7,87.51
Dove 4x-12 (0 Flock 4x-12 2498),51015,A — sensoriamento remoto,"Planet Labs, Inc.",USA,não,2024-10-17,518,147.0,-371.0,535,160.3,-374.7,97.5,97.354,94.7,87.56
Dove 4x-13 (0 Flock 4x-13 249c),51028,A — sensoriamento remoto,"Planet Labs, Inc.",USA,não,2024-09-16,517,150.3,-366.7,535,169.4,-365.6,97.5,97.347,94.7,87.69
Dove 4x-14 (0 Flock 4x-14 2489),51066,A — sensoriamento remoto,"Planet Labs, Inc.",USA,não,2024-08-06,522,139.4,-382.6,535,157.9,-377.1,97.5,97.35,94.7,87.46
Dove 4x-15 (0 Flock 4x-15 2492),51010,A — sensoriamento remoto,"Planet Labs, Inc.",USA,não,2024-06-19,518,152.3,-365.7,535,171.6,-363.4,97.5,97.361,94.7,87.73
Dove 4x-16 (0 Flock 4x-16 2484),51020,A — sensoriamento remoto,"Planet Labs, Inc.",USA,não,2024-10-17,518,187.8,-330.2,535,201.9,-333.1,97.5,97.356,94.7,88.39
Dove 4x-17 (0 Flock 4x-17 247a),51035,A — sensoriamento remoto,"Planet Labs, Inc.",USA,não,2024-10-31,524,147.7,-376.3,535,167.3,-367.7,97.5,97.349,94.7,87.64
Dove 4x-18 (0 Flock 4x-18 249d),51007,A — sensoriamento remoto,"Planet Labs, Inc.",USA,não,2024-09-01,518,207.3,-310.7,535,216.5,-318.5,97.5,97.338,94.7,88.73
Dove 4x-19 (0 Flock 4x-19 247e),51046,A — sensoriamento remoto,"Planet Labs, Inc.",USA,não,2024-04-23,523,159.0,-364.0,535,175.3,-359.7,97.5,97.356,94.7,87.83
Dove 4x-2 (0 Flock 4x-2 2477),50996,A — sensoriamento remoto,"Planet Labs, Inc.",USA,não,2024-10-30,520,154.8,-365.2,535,171.0,-364.0,97.5,97.349,94.7,87.75
Dove 4x-20 (0 Flock 4x-20 2495),50997,A — sensoriamento remoto,"Planet Labs, Inc.",USA,não,2024-09-14,520,175.0,-345.0,535,191.6,-343.4,97.5,97.359,94.7,88.16
Dove 4x-21 (0 Flock 4x-21 2485),51040,A — sensoriamento remoto,"Planet Labs, Inc.",USA,não,2024-08-11,523,198.4,-324.6,535,215.0,-320.0,97.5,97.347,94.7,88.63
Dove 4x-22 (0 Flock 4x-22 2479),51003,A — sensoriamento remoto,"Planet Labs, Inc.",USA,não,2024-09-18,519,158.4,-360.6,535,175.2,-359.8,97.5,97.356,94.7,87.82
Dove 4x-24 (0 Flock 4x-24 248b),51056,A — sensoriamento remoto,"Planet Labs, Inc.",USA,não,2024-08-28,524,168.3,-355.7,535,189.6,-345.4,97.5,97.351,94.7,88.07
Dove 4x-25 (0 Flock 4x-25 24a3),51016,A — sensoriamento remoto,"Planet Labs, Inc.",USA,não,2024-08-20,518,142.2,-375.8,535,158.2,-376.8,97.5,97.343,94.7,87.49
Dove 4x-26 (0 Flock 4x-26 2490),51026,A — sensoriamento remoto,"Planet Labs, Inc.",USA,não,2024-10-24,518,140.2,-377.8,535,158.7,-376.3,97.5,97.346,94.7,87.48
Dove 4x-28 (0 Flock 4x-28 24a5),51045,A — sensoriamento remoto,"Planet Labs, Inc.",USA,não,2024-07-21,523,142.0,-381.0,535,161.4,-373.6,97.5,97.357,94.7,87.52
Dove 4x-29 (0 Flock 4x-29 247f),51011,A — sensoriamento remoto,"Planet Labs, Inc.",USA,não,2024-10-10,518,142.4,-375.6,535,160.8,-374.2,97.5,97.363,94.7,87.52
Dove 4x-3 (0 Flock 4x-3 2482),51006,A — sensoriamento remoto,"Planet Labs, Inc.",USA,não,2024-10-20,518,161.5,-356.5,535,179.0,-356.0,97.5,97.355,94.7,87.89
Dove 4x-30 (0 Flock 4x-30 24a4),51000,A — sensoriamento remoto,"Planet Labs, Inc.",USA,não,2024-10-27,519,143.7,-375.3,535,163.2,-371.8,97.5,97.344,94.7,87.56
Dove 4x-31 (0 Flock 4x-31 2499),51041,A — sensoriamento remoto,"Planet Labs, Inc.",USA,não,2024-08-23,524,137.7,-386.3,535,157.1,-377.9,97.5,97.345,94.7,87.43
Dove 4x-32 (0 Flock 4x-32 249e),51024,A — sensoriamento remoto,"Planet Labs, Inc.",USA,não,2024-10-24,518,153.1,-364.9,535,172.2,-362.8,97.5,97.35,94.7,87.74
Dove 4x-34 (0 Flock 4x-34 247d),51042,A — sensoriamento remoto,"Planet Labs, Inc.",USA,não,2024-08-28,523,157.7,-365.3,535,175.8,-359.2,97.5,97.353,94.7,87.82
Dove 4x-35 (0 Flock 4x-35 2461),51048,A — sensoriamento remoto,"Planet Labs, Inc.",USA,não,2024-10-23,523,142.6,-380.4,535,160.9,-374.1,97.5,97.331,94.7,87.52
Dove 4x-36 (0 Flock 4x-36 2446),51039,A — sensoriamento remoto,"Planet Labs, Inc.",USA,não,2024-10-12,522,156.7,-365.3,535,174.5,-360.5,97.5,97.343,94.7,87.8
Dove 4x-37 (0 Flock 4x-37 2481),51009,A — sensoriamento remoto,"Planet Labs, Inc.",USA,não,2024-08-29,519,190.9,-328.1,535,203.2,-331.8,97.5,97.367,94.7,88.43
Dove 4x-38 (0 Flock 4x-38 248f),51023,A — sensoriamento remoto,"Planet Labs, Inc.",USA,não,2024-08-27,518,161.7,-356.3,535,178.5,-356.5,97.5,97.35,94.7,87.89
Dove 4x-39 (0 Flock 4x-39 2475),51029,A — sensoriamento remoto,"Planet Labs, Inc.",USA,não,2024-10-11,518,165.3,-352.7,535,182.5,-352.5,97.5,97.345,94.7,87.97
Dove 4x-4 (0 Flock 4x-4 2483),51064,A — sensoriamento remoto,"Planet Labs, Inc.",USA,não,2024-10-11,523,156.2,-366.8,535,172.0,-363.0,97.5,97.352,94.7,87.77
Dove 4x-40 (0 Flock 4x-40 248e),51052,A — sensoriamento remoto,"Planet Labs, Inc.",USA,não,2024-09-01,524,140.2,-383.8,535,159.6,-375.4,97.5,97.347,94.7,87.49
Dove 4x-41 (0 Flock 4x-41 2488),51005,A — sensoriamento remoto,"Planet Labs, Inc.",USA,não,2024-10-24,519,144.7,-374.3,535,158.9,-376.1,97.5,97.34,94.7,87.52
Dove 4x-42 (0 Flock 4x-42 2480),51018,A — sensoriamento remoto,"Planet Labs, Inc.",USA,não,2024-08-22,518,136.5,-381.5,535,151.2,-383.8,97.5,97.344,94.7,87.36
Dove 4x-43 (0 Flock 4x-43 2486),51027,A — sensoriamento remoto,"Planet Labs, Inc.",USA,não,2024-10-29,518,163.1,-354.9,535,178.6,-356.4,97.5,97.344,94.7,87.91
Dove 4x-44 (0 Flock 4x-44 247b),50993,A — sensoriamento remoto,"Planet Labs, Inc.",USA,sim,2026-09-16,520,466.6,-53.4,535,477.7,-57.3,97.5,97.273,94.7,94.04
Dove 4x-5 (0 Flock 4x-5 247c),51004,A — sensoriamento remoto,"Planet Labs, Inc.",USA,não,2024-10-01,518,158.1,-359.9,535,178.1,-356.9,97.5,97.341,94.7,87.85
Dove 4x-6 (0 Flock 4x-6 2470),51043,A — sensoriamento remoto,"Planet Labs, Inc.",USA,não,2024-10-20,524,142.9,-381.1,535,158.0,-377.0,97.5,97.353,94.7,87.5
Dove 4x-7 (0 Flock 4x-7 2478),51065,A — sensoriamento remoto,"Planet Labs, Inc.",USA,não,2024-10-24,523,144.7,-378.3,535,161.8,-373.2,97.5,97.351,94.7,87.55
Dove 4x-8 (0 Flock 4x-8 2438),50992,A — sensoriamento remoto,"Planet Labs, Inc.",USA,não,2024-10-29,520,143.9,-376.1,535,158.6,-376.4,97.5,97.353,94.7,87.51
Dove 4x-9 (0 Flock 4x-9 248c),51047,A — sensoriamento remoto,"Planet Labs, Inc.",USA,não,2024-10-20,523,139.1,-383.9,535,164.3,-370.7,97.5,97.341,94.7,87.52
Dove 4y-1 (0 Flock 4-y1 2415),55039,A — sensoriamento remoto,"Planet Labs, Inc.",USA,não,2024-12-18,523,149.6,-373.4,537,162.3,-374.7,97.5,97.385,94.7,87.61
Dove 4y-10 (0 Flock 4y10 24c3),55029,A — sensoriamento remoto,"Planet Labs, Inc.",USA,não,2025-09-16,517,189.7,-327.3,536,207.1,-328.9,97.5,97.327,94.7,88.46
Dove 4y-11 (0 Flock 4y-11 24a7),55043,A — sensoriamento remoto,"Planet Labs, Inc.",USA,não,2025-10-19,523,153.3,-369.7,537,170.6,-366.4,97.5,97.339,94.7,87.73
Dove 4y-12 (0 Flock 4y-12 24cf),55065,A — sensoriamento remoto,"Planet Labs, Inc.",USA,não,2025-09-24,522,161.1,-360.9,537,179.9,-357.1,97.5,97.334,94.7,87.9
Dove 4y-13 (0 Flock 4y-13 24c7),55079,A — sensoriamento remoto,"Planet Labs, Inc.",USA,não,2025-08-11,518,155.5,-362.5,537,173.6,-363.4,97.5,97.333,94.7,87.78
Dove 4y-14 (0 Flock 4y14 24b3),55024,A — sensoriamento remoto,"Planet Labs, Inc.",USA,não,2025-09-19,517,205.1,-311.9,537,222.2,-314.8,97.5,97.355,94.7,88.77
Dove 4y-15 (0 Flock 4y-15 24b3),55068,A — sensoriamento remoto,"Planet Labs, Inc.",USA,não,2025-09-19,524,166.3,-357.7,537,183.8,-353.2,97.5,97.345,94.7,87.99
Dove 4y-16 (0 Flock 4y-16 24c9),55040,A — sensoriamento remoto,"Planet Labs, Inc.",USA,não,2025-06-22,517,139.7,-377.3,537,163.5,-373.5,97.5,97.338,94.7,87.52
Dove 4y-17 (0 Flock 4y17 24c2),55031,A — sensoriamento remoto,"Planet Labs, Inc.",USA,não,2025-07-05,522,161.6,-360.4,537,181.6,-355.4,97.5,97.337,94.7,87.92
Dove 4y-18 (0 Flock 4y18 24ce),55023,A — sensoriamento remoto,"Planet Labs, Inc.",USA,não,2025-09-20,523,205.4,-317.6,537,222.1,-314.9,97.5,97.334,94.7,88.77
Dove 4y-19 (0 Flock 4y19 24a9),55026,A — sensoriamento remoto,"Planet Labs, Inc.",USA,não,2024-10-24,524,198.7,-325.3,537,210.2,-326.8,97.5,97.379,94.7,88.58
Dove 4y-2 (0 Flock 4y-2 24a1),55074,A — sensoriamento remoto,"Planet Labs, Inc.",USA,não,2025-09-24,517,180.5,-336.5,537,198.4,-338.6,97.5,97.334,94.7,88.28
Dove 4y-20 (0 Flock 4y-20 24ca),55063,A — sensoriamento remoto,"Planet Labs, Inc.",USA,não,2025-09-12,523,201.2,-321.8,537,218.6,-318.4,97.5,97.341,94.7,88.69
Dove 4y-21 (0 Flock 4y-21 24ba),55077,A — sensoriamento remoto,"Planet Labs, Inc.",USA,não,2025-09-21,518,192.5,-325.5,537,210.1,-326.9,97.5,97.352,94.7,88.52
Dove 4y-22 (0 Flock 4y22 24c1),55022,A — sensoriamento remoto,"Planet Labs, Inc.",USA,não,2025-10-04,517,167.2,-349.8,537,185.1,-351.9,97.5,97.334,94.7,88.01
Dove 4y-23 (0 Flock 4y-23 24bc),55080,A — sensoriamento remoto,"Planet Labs, Inc.",USA,não,2025-06-19,524,218.8,-305.2,537,237.9,-299.1,97.5,97.347,94.7,89.07
Dove 4y-24 (0 Flock 4y24 24b9),55020,A — sensoriamento remoto,"Planet Labs, Inc.",USA,não,2025-09-20,517,158.3,-358.7,537,175.5,-361.5,97.5,97.34,94.7,87.83
Dove 4y-25 (0 Flock 4y25 24b2),55027,A — sensoriamento remoto,"Planet Labs, Inc.",USA,não,2025-08-23,524,177.4,-346.6,537,194.3,-342.7,97.5,97.327,94.7,88.21
Dove 4y-26 (0  Flock 4y-26 24c4),55070,A — sensoriamento remoto,"Planet Labs, Inc.",USA,não,2025-07-25,524,179.7,-344.3,537,201.9,-335.1,97.5,97.346,94.7,88.31
Dove 4y-27 (0 Flock 4y-27 24c8),55083,A — sensoriamento remoto,"Planet Labs, Inc.",USA,não,2025-06-09,518,145.9,-372.1,537,166.2,-370.8,97.5,97.347,94.7,87.61
Dove 4y-28 (0 Flock 4y28 24b1),55033,A — sensoriamento remoto,"Planet Labs, Inc.",USA,não,2025-02-08,523,176.2,-346.8,537,187.1,-349.9,97.5,97.367,94.7,88.12
Dove 4y-29 (0 Flock 4y29 24bb),55030,A — sensoriamento remoto,"Planet Labs, Inc.",USA,não,2025-05-10,523,160.4,-362.6,537,179.3,-357.7,97.5,97.34,94.7,87.89
Dove 4y-3 (0 Flock 4y-3 242e),55035,A — sensoriamento remoto,"Planet Labs, Inc.",USA,não,2024-11-21,518,163.5,-354.5,537,170.9,-366.1,97.5,97.384,94.7,87.83
Dove 4y-30 (0 Flock 4y30 24C0),55025,A — sensoriamento remoto,"Planet Labs, Inc.",USA,não,2025-07-26,524,165.8,-358.2,537,185.8,-351.2,97.5,97.352,94.7,88.01
Dove 4y-31 (0 Flock 4y-31 24be),55075,A — sensoriamento remoto,"Planet Labs, Inc.",USA,não,2024-09-09,524,155.9,-368.1,537,175.3,-361.7,97.5,97.378,94.7,87.8
Dove 4y-32 (0 Flock 4y32 24b6),55021,A — sensoriamento remoto,"Planet Labs, Inc.",USA,não,2025-07-06,517,171.3,-345.7,537,192.7,-344.3,97.5,97.343,94.7,88.13
Dove 4y-33 (0 Flock 4y-33 24bf),55042,A — sensoriamento remoto,"Planet Labs, Inc.",USA,não,2025-09-23,524,191.9,-332.1,537,210.4,-326.6,97.5,97.336,94.7,88.52
Dove 4y-34 (0 Flock 4y-34 24cc),55082,A — sensoriamento remoto,"Planet Labs, Inc.",USA,não,2025-08-03,524,134.6,-389.4,537,158.3,-378.7,97.5,97.331,94.7,87.42
Dove 4y-35 (0 Flock 4y-35 24c5),55057,A — sensoriamento remoto,"Planet Labs, Inc.",USA,não,2025-06-18,517,144.5,-372.5,537,170.4,-366.6,97.5,97.335,94.7,87.64
Dove 4y-36 (0 Flock 4y-36 24d0),55078,A — sensoriamento remoto,"Planet Labs, Inc.",USA,não,2025-06-24,518,137.9,-380.1,537,162.3,-374.7,97.5,97.329,94.7,87.49
Dove 4y-4 (0 Flock 4y-4 24b0),55055,A — sensoriamento remoto,"Planet Labs, Inc.",USA,não,2025-03-03,518,149.5,-368.5,537,162.8,-374.2,97.5,97.34,94.7,87.61
Dove 4y-5 (0 Flock 4y5 24b4),55028,A — sensoriamento remoto,"Planet Labs, Inc.",USA,não,2025-08-23,523,152.5,-370.5,537,172.7,-364.3,97.5,97.344,94.7,87.74
Dove 4y-6 (0 Flock 4y-6 24af),55066,A — sensoriamento remoto,"Planet Labs, Inc.",USA,não,2025-06-25,518,150.4,-367.6,537,172.4,-364.6,97.5,97.355,94.7,87.72
Dove 4y-7 (0 Flock 4y7 2417),55032,A — sensoriamento remoto,"Planet Labs, Inc.",USA,não,2025-10-15,522,150.7,-371.3,537,166.6,-370.4,97.5,97.334,94.7,87.66
Dove 4y-8 (0 Flock 4y-8 24ab),55071,A — sensoriamento remoto,"Planet Labs, Inc.",USA,não,2025-05-03,517,172.6,-344.4,537,190.6,-346.4,97.5,97.342,94.7,88.12
Dove 4y-9 (0 Flock 4y-9 24a8),55069,A — sensoriamento remoto,"Planet Labs, Inc.",USA,não,2025-05-01,517,158.7,-358.3,537,176.2,-360.8,97.5,97.354,94.7,87.84
"DQ-1 (Daqi-1, Daqi Huanjing Jiance Weixing DQ-1)",52257,A — sensoriamento remoto,China National Space Administration,China,sim,2026-09-16,680,698.0,18.0,680,703.1,23.1,98,98.152,95,98.78
DS-EO,52935,A — sensoriamento remoto,Singapore Armed Forces,Singapore,sim,2026-09-16,562,520.2,-41.8,573,525.1,-47.9,9.99,9.99,,95.08
DSP 20 (USA 149) (Defense Support Program),26356,A — sensoriamento remoto,US Air Force,USA,sim,2026-09-14,35897,36039.0,142.0,35909,36141.6,232.6,4.08,13.265,142.08,1451.64
DSP 21 (USA 159) (Defense Support Program),26880,A — sensoriamento remoto,US Air Force,USA,sim,2026-09-16,35765,36080.9,315.9,35810,36099.8,289.8,3.68,12.87,1436.14,1451.64
DSP 22 (USA 176) (Defense Support Program),28158,A — sensoriamento remoto,US Air Force,USA,sim,2026-09-15,35741,36014.4,273.4,35832,36150.8,318.8,1.41,12.189,1436.12,1451.25
DubaiSat-2,39419,A — sensoriamento remoto,Emirates Institution for Advanced Science & Technology (EIAST),United Arab Emirates,sim,2026-09-16,585,525.0,-60.0,603,542.9,-60.1,97.8,97.467,96.56,95.32
Eaglet-1,43790,A — sensoriamento remoto; C — sinais cooperativos (AIS/ADS-B/RF),OHB Italia,Italy,sim,2026-09-16,573,517.3,-55.7,591,533.7,-57.3,97.7,97.414,96.3,95.14
EgyptSat-A,44047,A — sensoriamento remoto,National Authority for Remote Sensing and Space Science (NARSS),Egypt,sim,2026-09-16,652,653.0,1.0,657,654.5,-2.5,98,98.01,98,97.81
"EKS-1 (Integrated Space System, Cosmos 2510, Tundra 11L)",41032,A — sensoriamento remoto,Ministry of Defense,Russia,sim,2026-09-10,1606,1075.0,-531.0,38662,39270.3,608.3,63,63.445,715,717.59
"EKS-2 (Integrated Space System, Cosmos 2518, Tundra 12L)",42719,A — sensoriamento remoto,Ministry of Defense,Russia,sim,2026-09-04,1650,1771.0,121.0,38511,38561.9,50.9,63.8,63.019,713.8,717.34
"EKS-3 (Integrated Space System, Cosmos 2541, Tundra 13L)",44552,A — sensoriamento remoto,Ministry of Defense,Russia,sim,2026-09-14,1615,2895.9,1280.9,38737,37465.8,-1271.2,63.8,62.713,717.7,717.92
"EKS-4 (Integrated Space System, Cosmos 2546, Tundra 14L)",45608,A — sensoriamento remoto,Ministry of Defense,Russia,sim,2026-08-31,1659,1283.3,-375.7,38503,39078.8,575.8,63.8,63.164,713.9,717.93
"EKS-5 (Integrated Space System, Cosmos 2552, Tunda 15L)",49503,A — sensoriamento remoto,Ministry of Defense,Russia,sim,2026-09-13,1664,3169.0,1505.0,38596,37191.2,-1404.8,63.7,62.826,713.8,717.89
Electro-L1 (GOMS 2 [Geostationary Operational Meteorological Satellite 2]),37344,A — sensoriamento remoto,Roshydromet - Planeta,Russia,sim,2026-09-16,35323,35795.8,472.8,35750,35827.0,77.0,0.46,9.889,1423.35,1437.37
Electro-L2,41105,A — sensoriamento remoto,Roshydromet - Planeta,Russia,sim,2026-09-16,35694,35779.7,85.7,35815,35793.2,-21.8,0.45,6.917,1434.47,1436.09
Electro-L3,44903,A — sensoriamento remoto,Roshydromet - Planeta,Russia,sim,2026-09-15,35372,35781.9,409.9,35572,36044.0,472.0,0.56,0.485,1420.05,1442.56
Electro-L4,55506,A — sensoriamento remoto,Roshydromet - Planeta,Russia,sim,2026-09-15,35775,35777.6,2.6,35794,35796.4,2.4,0.05,0.055,1436.14,1436.12
ELISA-E12 (ELectronic Intelligence by SAtellite),38010,A — sensoriamento remoto; C — sinais cooperativos (AIS/ADS-B/RF),DGA (Arms Procurement Agency)/Centre National d'Etudes Spatiales (CNES),France,sim,2026-09-16,675,588.0,-87.0,692,589.3,-102.7,98.21,97.636,98.43,96.45
ELISA-E24 (ELectronic Intelligence by SAtellite),38008,A — sensoriamento remoto; C — sinais cooperativos (AIS/ADS-B/RF),DGA (Arms Procurement Agency)/Centre National d'Etudes Spatiales (CNES),France,sim,2026-09-16,675,595.4,-79.6,692,597.5,-94.5,98.21,97.651,98.43,96.61
ELISA-W11 (ELectronic Intelligence by SAtellite),38007,A — sensoriamento remoto; C — sinais cooperativos (AIS/ADS-B/RF),DGA (Arms Procurement Agency)/Centre National d'Etudes Spatiales (CNES),France,sim,2026-09-16,677,635.5,-41.5,692,637.6,-54.4,98.21,97.773,98.45,97.45
ELISA-W23 (ELectronic Intelligence by SAtellite),38009,A — sensoriamento remoto; C — sinais cooperativos (AIS/ADS-B/RF),DGA (Arms Procurement Agency)/Centre National d'Etudes Spatiales (CNES),France,sim,2026-09-16,677,664.6,-12.4,692,666.2,-25.8,98.21,97.85,98.46,98.05
ELO-3 (Eutelsat LEO for Objects-3),56216,B — coleta de plataformas (DCS/IoT),Clyde Space Ltd./EUTELSAT,France,não,2024-08-12,496,165.0,-331.0,507,177.8,-329.2,97.5,97.315,95,87.92
EMISat (Electromagnetic Intelligence-gathering Satellite),44078,A — sensoriamento remoto; C — sinais cooperativos (AIS/ADS-B/RF),Defence Research and Development Organization,India,sim,2026-09-16,735,734.0,-1.0,759,758.8,-0.2,98.3,98.456,99.75,99.75
EnMAP (Environmental Mapping and Analysis Program),52159,A — sensoriamento remoto,German Aerospace Center (DLR),Germany,sim,2026-09-16,638,644.1,6.1,651,646.3,-4.7,98,97.977,98,97.63
EOS Sat-1 (EOS Agrisat-1),55053,A — sensoriamento remoto,EOS Data Analytics,USA,sim,2026-09-15,520,456.2,-63.8,537,469.6,-67.4,97.5,97.314,95.1,93.85
"EOS-1 (Earth Observing Satellite 1, RISAT 2BR2)",46905,A — sensoriamento remoto,Ministry of Defense,India,sim,2026-09-15,567,554.0,-13.0,577,574.2,-2.8,36.9,36.899,580,95.94
"EOS-4 (Earth Observing Satellite 1A, RISAT 1A)",51656,A — sensoriamento remoto,Indian Space Research Organization (ISRO),India,sim,2026-09-16,521,526.6,5.6,535,529.2,-5.8,97.5,97.515,95.5,95.19
EOS-AM Terra,25994,A — sensoriamento remoto,Earth Sciences Enterprise (NASA),USA/Canada/Japan,sim,2026-09-16,702,688.5,-13.5,703,690.3,-12.7,98.2,97.937,98.8,98.55
EOS-CHEM Aura,28376,A — sensoriamento remoto,Goddard Space Flight Center/EOS Data and Operations System,USA,sim,2026-09-16,702,687.5,-14.5,703,689.6,-13.4,98.2,98.352,98.8,98.53
"EOS-PM Aqua (Advanced Microwave Scanning Radiometer for EOS, EOS PM-1)",27424,A — sensoriamento remoto,National Aeronautics and Space Administration (NASA) - Earth Science Enterprise/Japan Meteorological Agency/Brazilian Space Agency,USA/Japan/Brazil,sim,2026-09-16,701,685.0,-16.0,704,687.2,-16.8,98.2,98.439,98.8,98.48
EROS B1 (Earth Resources Observation Satellite),29079,A — sensoriamento remoto,"ImageSat International, NV/Ministry of Defense",Israel,não,2026-02-05,508,160.8,-347.2,514,232.6,-281.4,97.4,97.347,94.8,88.43
ESAIL Maritime Microsatellite,46273,A — sensoriamento remoto; C — sinais cooperativos (AIS/ADS-B/RF),ESA/European Maritime Safety Agency,ESA,não,2025-03-03,520,154.7,-365.3,531,168.8,-362.2,97.5,97.243,95,87.72
ESEO (European Student Earth Orbiter),43792,A — sensoriamento remoto,European University Network,ESA,sim,2026-09-16,572,544.4,-27.6,588,561.8,-26.2,97.7,97.391,96.3,95.71
ET-SMART-RSS (Zhixing-1A),47300,A — sensoriamento remoto,Ethiopian Space Science and Technology Institute,Ethiopia,não,2023-10-21,503,172.3,-330.7,513,186.9,-326.1,97.4,97.41,95.4,88.08
ETRSS-1,44880,A — sensoriamento remoto,Ethiopian Space Science and Technology Institute,Ethiopia,sim,2026-09-16,615,569.4,-45.6,634,587.4,-46.6,97.9,97.778,97.1,96.24
exactView 6 (AprizeSat 6),37793,C — sinais cooperativos (AIS/ADS-B/RF),exactEarth,Canada,sim,2026-09-15,627,608.2,-18.8,694,669.3,-24.7,98.2,98.228,98,97.49
exactView 9,40936,C — sinais cooperativos (AIS/ADS-B/RF),exactEarth,Canada,sim,2024-01-06,630,623.1,-6.9,649,638.0,-11.0,6,6.003,97.5,97.32
Express-AMU1 (Eutelsat 36C),41191,A — sensoriamento remoto,Russian Satellite Communications Company,Russia,sim,2026-09-16,35792,35776.9,-15.1,35795,35797.0,2.0,0.1,0.02,1436.1,1436.12
FACSAT-1,43721,A — sensoriamento remoto,Colombian Air Force,Colombia,não,2023-06-01,476,174.1,-301.9,500,196.3,-303.7,97.5,97.295,95,88.2
FACSAT-2,56205,A — sensoriamento remoto,Colombian Air Force,Colombia,não,2025-10-27,487,163.2,-323.8,506,170.6,-335.4,97.4,97.286,95,87.83
FalconEye-2,47226,A — sensoriamento remoto,Defense Ministry,United Arab Emirates,sim,2026-09-16,597,613.0,16.0,599,614.7,15.7,97.9,97.851,96.7,96.98
Fengyun 2F (FY 2F),38049,A — sensoriamento remoto,China Meteorological Administration,China,sim,2026-09-15,35760,36097.4,337.4,35816,36117.8,301.8,2.19,7.792,1436.19,1452.53
Fengyun 2G (FY 2G),40367,A — sensoriamento remoto,China Meteorological Administration,China,sim,2026-09-16,35770,35770.7,0.7,35800,35801.6,1.6,2.27,5.863,1436.02,1436.07
Fengyun 2H (FY 2H),43491,A — sensoriamento remoto,China Meteorological Administration,China,sim,2026-09-16,35770,35776.1,6.1,35804,35796.9,-7.1,2.08,3.259,1436.1,1436.09
Fengyun 3B (FY 3B),37214,A — sensoriamento remoto,China Meteorological Administration,China,sim,2026-09-16,827,827.6,0.6,828,858.0,30.0,98.8,98.953,101.5,101.78
Fengyun 3C (FY 3C),39260,A — sensoriamento remoto,China Meteorological Administration,China,sim,2026-09-16,827,828.4,1.4,828,851.0,23.0,98.81,98.51,101.45,101.71
Fengyun 3D (FY 3D),43010,A — sensoriamento remoto,China Meteorological Administration,China,sim,2026-09-16,803,824.7,21.7,812,827.7,15.7,98.6,99.025,101.1,101.43
Fengyun 3E (FY 3E),49008,A — sensoriamento remoto,China Meteorological Administration,China,sim,2026-09-16,781,824.4,43.4,820,826.9,6.9,98.7,98.755,101.1,101.41
Fengyun 4A (FY 4A),41882,A — sensoriamento remoto,China Meteorological Administration,China,sim,2026-09-16,35768,35753.7,-14.3,35800,35821.0,21.0,0.02,2.548,1436,1436.13
Fengyun 4B (FY 4B),48808,A — sensoriamento remoto,China Meteorological Administration,China,sim,2026-09-16,35780,35756.0,-24.0,35782,35820.8,38.8,0.08,0.377,1436,1436.19
"FIA Radar 1 (Future Imagery Architecture (FIA) Radar 1, NROL-41, USA 215, Topaz)",37162,A — sensoriamento remoto,National Reconnaissance Office (NRO),USA,sim,2026-08-11,1101,1099.4,-1.6,1107,1108.4,1.4,122.99,123.006,107.35,107.35
"FIA Radar 2 (Future Imagery Architecture (FIA) Radar 2, NROL-25, USA 234, Topaz)",38109,A — sensoriamento remoto,National Reconnaissance Office (NRO),USA,sim,2026-09-13,1068,1101.1,33.1,1107,1106.7,-0.3,123,122.998,107,107.35
"FIA Radar 3 (Future Imagery Architecture (FIA) Radar 3, NROL-39, USA 247, Topaz)",39462,A — sensoriamento remoto,National Reconnaissance Office (NRO),USA,sim,2026-09-14,1066,1102.3,36.3,1081,1105.6,24.6,123,123.023,106.7,107.35
"FIA Radar 4 (Future Imagery Architecture (FIA) Radar 4, NROL-45, USA 267, Topaz)",41334,A — sensoriamento remoto,National Reconnaissance Office (NRO),USA,sim,2026-09-14,1086,1099.5,13.5,1087,1108.3,21.3,123,123.002,106.7,107.35
"FIA Radar 5 (Future Imagery Architecture (FIA) Radar 5, NROL-47, USA 281, Topaz)",43145,A — sensoriamento remoto,National Reconnaissance Office (NRO),USA,sim,2026-08-28,1047,1073.1,26.1,1057,1085.7,28.7,106,106.011,106.2,106.82
FLP (Flying Laptop),42831,A — sensoriamento remoto; C — sinais cooperativos (AIS/ADS-B/RF),University of Stuttgart,Germany,sim,2026-09-16,586,550.5,-35.5,606,573.5,-32.5,97.6,97.501,96.6,95.9
FormoSat-5,42920,A — sensoriamento remoto,National Space Organization,Taiwan,sim,2026-09-16,710,714.2,4.2,729,731.2,2.2,98.3,98.219,99.1,99.25
FORTÉ (Fast On-orbit Recording of Transient Events),24920,A — sensoriamento remoto,Los Alamos National Laboratory,USA,sim,2026-09-15,790,783.6,-6.4,823,813.4,-9.6,70,69.954,101,100.84
FSSCAT-A,46292,A — sensoriamento remoto,Copernicus Land and Marine Environment services,ESA,sim,2026-09-16,534,418.5,-115.5,538,422.4,-115.6,97.5,97.23,94.4,92.98
FSSCAT-B,46293,A — sensoriamento remoto,Copernicus Land and Marine Environment services,ESA,sim,2026-09-16,534,413.4,-120.6,537,417.8,-119.2,97.5,97.229,94.4,92.88
Gaofen 1,39150,A — sensoriamento remoto,China National Academy of Sciences (CNSAS),China,sim,2026-09-16,630,628.6,-1.4,654,651.9,-2.1,98.07,97.902,97.56,97.53
Gaofen 1-02,43259,A — sensoriamento remoto,"China’s Ministry of Land and Resources, Ministry of Environmental Protection, and Ministry of Agriculture",China,sim,2026-09-16,638,637.5,-0.5,642,643.4,1.4,98,98.044,97.5,97.53
Gaofen 1-03,43260,A — sensoriamento remoto,"China’s Ministry of Land and Resources, Ministry of Environmental Protection, and Ministry of Agriculture",China,sim,2026-09-16,638,637.9,-0.1,640,643.3,3.3,98,98.043,97.5,97.53
Gaofen 1-04,43262,A — sensoriamento remoto,"China’s Ministry of Land and Resources, Ministry of Environmental Protection, and Ministry of Agriculture",China,sim,2026-09-16,638,638.9,0.9,642,642.3,0.3,98,98.044,97.5,97.53
Gaofen 1-05,43461,A — sensoriamento remoto,"China’s Ministry of Land and Resources, Ministry of Environmental Protection, and Ministry of Agriculture",China,sim,2026-09-16,677,689.3,12.3,695,692.8,-2.2,98,98.469,98.4,98.59
Gaofen 1-06,43484,A — sensoriamento remoto,"China’s Ministry of Land and Resources, Ministry of Environmental Protection, and Ministry of Agriculture",China,sim,2026-09-16,634,633.9,-0.1,647,647.2,0.2,98,98.088,97.3,97.53
Gaofen 10,44622,A — sensoriamento remoto,China National Academy of Sciences (CNSAS),China,sim,2026-09-16,611,615.7,4.7,621,623.0,2.0,97.8,98.06,97.03,97.09
Gaofen 11,43585,A — sensoriamento remoto,China National Academy of Sciences (CNSAS),China,sim,2026-09-16,241,391.7,150.7,689,396.5,-292.5,97.4,97.119,93.9,92.44
Gaofen 11-02,46396,A — sensoriamento remoto,China National Academy of Sciences (CNSAS),China,sim,2026-09-16,244,481.7,237.7,691,507.2,-183.8,97.3,97.525,93.9,94.5
Gaofen 11-03,49492,A — sensoriamento remoto,China National Academy of Sciences (CNSAS),China,sim,2026-09-16,243,490.7,247.7,695,498.9,-196.1,97.4,97.2,93.9,94.51
Gaofen 12,44819,A — sensoriamento remoto,China National Academy of Sciences (CNSAS),China,sim,2026-09-16,612,626.0,14.0,616,629.4,13.4,97.9,97.815,96.9,97.26
Gaofen 12-02,48079,A — sensoriamento remoto,China National Academy of Sciences (CNSAS),China,sim,2026-09-16,634,625.6,-8.4,637,630.8,-6.2,97.8,98.0,97.3,97.27
Gaofen 12-03,52912,A — sensoriamento remoto,China National Academy of Sciences (CNSAS),China,sim,2026-09-16,594,628.1,34.1,599,629.6,30.6,97.9,97.812,96.9,97.29
Gaofen 13,46610,A — sensoriamento remoto,China National Academy of Sciences (CNSAS),China,sim,2026-09-16,35775,35537.5,-237.5,35799,36034.2,235.2,1.98,0.135,1436.13,1436.06
Gaofen 13-02,55912,A — sensoriamento remoto,China National Academy of Sciences (CNSAS),China,sim,2026-09-16,35771,35772.0,1.0,35803,35803.4,0.4,2.58,1.007,1436.1,1436.15
Gaofen 14,47231,A — sensoriamento remoto,China National Academy of Sciences (CNSAS),China,sim,2026-09-16,485,484.8,-0.2,495,492.2,-2.8,97.4,97.464,94.4,94.38
Gaofen 2,40118,A — sensoriamento remoto,China National Academy of Sciences (CNSAS),China,sim,2026-09-16,620,621.8,1.8,636,630.5,-5.5,98.02,98.002,97.06,97.23
Gaofen 3,41727,A — sensoriamento remoto,State Oceanic Administration (SOA),China,sim,2026-09-16,757,750.5,-6.5,759,751.8,-7.2,98.4,98.405,99.8,99.85
Gaofen 3-02,49495,A — sensoriamento remoto,"China's Ministry of Land and Resources, Ministry of Environmental Protection, and Ministry of Agriculture",China,sim,2026-09-16,737,748.4,11.4,745,754.0,9.0,98.4,98.412,99.8,99.85
Gaofen 3-03,52200,A — sensoriamento remoto,"China's Ministry of Land and Resources, Ministry of Environmental Protection, and Ministry of Agriculture",China,sim,2026-09-16,739,750.6,11.6,746,751.8,5.8,98.4,98.41,99.8,99.85
Gaofen 4,41194,A — sensoriamento remoto,China National Academy of Sciences (CNSAS),China,sim,2026-09-16,35792,35772.2,-19.8,35796,35801.8,5.8,0.6,0.586,1436.1,1436.12
Gaofen 5-02,49122,A — sensoriamento remoto,China National Academy of Sciences (CNSAS),China,sim,2026-09-16,688,699.2,11.2,695,702.1,7.1,98.3,98.254,98.4,98.79
Gaofen 7,44703,A — sensoriamento remoto,Ministry of Natural Resources/Ministry of Housing and Urban-Rural Development/National Bureau of Statistics,China,sim,2026-09-16,487,488.1,1.1,505,515.7,10.7,97.5,97.562,94.5,94.66
Gaofen 8,40701,A — sensoriamento remoto,People's Liberation Army (C41),China,sim,2026-09-16,484,414.7,-69.3,492,424.5,-67.5,97.3,97.686,94.36,92.96
Gaofen 9,40894,A — sensoriamento remoto,China National Academy of Sciences (CNSAS),China,sim,2026-09-16,618,601.1,-16.9,664,638.5,-25.5,98.01,97.622,97.54,97.1
Gaofen 9-02,45625,A — sensoriamento remoto,China National Academy of Sciences (CNSAS),China,sim,2026-09-16,487,476.0,-11.0,502,494.8,-7.2,97.2,97.587,94.5,94.32
Gaofen 9-03,45794,A — sensoriamento remoto,China National Academy of Sciences (CNSAS),China,sim,2026-09-16,485,456.0,-29.0,504,473.0,-31.0,97.3,97.552,94.5,93.88
Gaofen 9-04,46025,A — sensoriamento remoto,China National Academy of Sciences (CNSAS),China,sim,2026-09-16,485,441.1,-43.9,505,456.7,-48.3,97.5,97.234,94.5,93.56
Gaofen 9-05,46232,A — sensoriamento remoto,China National Academy of Sciences (CNSAS),China,sim,2026-09-16,483,459.4,-23.6,505,472.6,-32.4,97.5,97.201,94.5,93.92
Gaofen Multi-Mode 1,45856,A — sensoriamento remoto,"China's Ministry of Land and Resources, Ministry of Environmental Protection, and Ministry of Agriculture",China,sim,2026-09-16,631,630.9,-0.1,649,647.6,-1.4,98,97.765,97.5,97.5
"GCOM-C (Global Change Observation Mission Climate, Shikisai)",43065,A — sensoriamento remoto,Japan Aerospace Exploration Agency (JAXA),Japan,sim,2026-09-16,790,799.9,9.9,793,801.7,8.7,98.7,98.62,100.69,100.89
GeeSat 5-01,52785,A — sensoriamento remoto,Geespace,China,sim,2026-09-16,612,609.0,-3.0,625,639.6,14.6,50,49.993,96.9,97.19
GeeSat 5-02,52786,A — sensoriamento remoto,Geespace,China,sim,2026-09-16,615,608.6,-6.4,622,639.9,17.9,50,50.0,96.9,97.19
GeeSat 5-03,52787,A — sensoriamento remoto,Geespace,China,sim,2026-09-16,613,618.5,5.5,624,630.0,6.0,50,49.987,96.9,97.19
GeeSat 5-04,52788,A — sensoriamento remoto,Geespace,China,sim,2026-09-16,615,617.7,2.7,621,630.8,9.8,50,50.004,96.9,97.19
GeeSat 5-05,52789,A — sensoriamento remoto,Geespace,China,sim,2026-09-16,614,560.9,-53.1,623,564.9,-58.1,50,49.986,96.9,95.92
GeeSat 5-06,52790,A — sensoriamento remoto,Geespace,China,sim,2026-09-16,614,601.3,-12.7,623,647.4,24.4,50,50.005,96.9,97.19
GeeSat 5-07,52791,A — sensoriamento remoto,Geespace,China,sim,2026-09-16,613,615.5,2.5,624,633.1,9.1,50,49.988,96.9,97.19
GeeSat 5-08,52792,A — sensoriamento remoto,Geespace,China,sim,2026-09-16,614,610.6,-3.4,624,637.9,13.9,50,49.993,96.9,97.19
GeeSat 5-09,52793,A — sensoriamento remoto,Geespace,China,sim,2026-09-16,612,558.7,-53.3,626,568.0,-58.0,50,49.996,96.9,95.93
GEO IK2 12L (Cosmos 2517),41579,A — sensoriamento remoto,Ministry of Defense,Russia,sim,2026-09-16,935,942.2,7.2,963,943.8,-19.2,99.27,99.192,104.03,103.9
GEO IK2 13L (Cosmos 2540),44517,A — sensoriamento remoto,Ministry of Defense,Russia,sim,2026-09-16,945,932.0,-13.0,958,953.6,-4.4,99.3,99.208,103.9,103.9
GEO-Kompsat-2A,43823,A — sensoriamento remoto,Korea Meteorological Administration/National Meteorological Satellite Center,South Korea,sim,2026-09-16,35783,35778.9,-4.1,35787,35794.5,7.5,0.05,0.042,1436.04,1436.1
GEO-Kompsat-2B,45246,A — sensoriamento remoto,Korea Meteorological Administration/National Meteorological Satellite Center,South Korea,sim,2026-09-16,35782,35781.9,-0.1,35792,35791.3,-0.7,0.04,0.051,1436.13,1436.1
GeoEye-1 (Orbview 5),33331,A — sensoriamento remoto,DigitalGlobe Corporation,USA,sim,2026-09-16,671,674.1,3.1,686,682.1,-3.9,98.1,98.126,98.3,98.31
Ghalib,48962,A — sensoriamento remoto,Marshall Intec,United Arab Emirates,não,2024-04-13,520,149.0,-371.0,533,168.1,-364.9,97.5,97.581,95.1,87.66
GHGSat-C1 (Iris),46278,A — sensoriamento remoto,"GHGSat, Inc.",Canada,sim,2026-09-16,515,320.5,-194.5,518,323.3,-194.7,97.5,97.204,94.5,90.97
GHGSat-C2 (Hugo),47509,A — sensoriamento remoto,"GHGSat, Inc.",Canada,sim,2026-09-16,528,446.6,-81.4,535,453.2,-81.8,97.5,97.205,95.2,93.58
GHGSat-C6 (Mey-Lin),56204,A — sensoriamento remoto,"GHGSat, Inc.",Canada,sim,2026-09-16,488,395.5,-92.5,506,406.1,-99.9,97.5,97.296,95,92.58
GHGSat-C7 (Gaspard),56209,A — sensoriamento remoto,"GHGSat, Inc.",Canada,sim,2026-09-16,,406.0,,,418.1,,,97.291,,92.81
GHGSat-C8 (Oceane),56186,A — sensoriamento remoto,"GHGSat, Inc.",Canada,sim,2026-09-16,488,396.4,-91.6,506,405.2,-100.8,97.4,97.289,95.2,92.58
"GHGSat-D (Greenhouse Gas Satellite - Demonstrator, Claire)",41602,A — sensoriamento remoto,"GHGSat, Inc.",Canada,não,2024-12-09,500,132.8,-367.2,512,140.0,-372.0,97.5,97.038,94.7,87.21
GHOSt-1 (Global Hyperspectral Observation Satellite),56195,A — sensoriamento remoto,Orbital Sidekick,USA,não,2026-05-04,493,154.4,-338.6,507,165.3,-341.7,97.4,97.275,94.7,87.68
GHOSt-2 (Global Hyperspectral Observation Satellite),56197,A — sensoriamento remoto,Orbital Sidekick,USA,não,2025-12-15,492,139.9,-352.1,507,149.4,-357.6,97.4,97.291,94.7,87.38
"Global Change Observation Mission - 1 Water (GCOM-1, Shikuzu)",38337,A — sensoriamento remoto,Japan Aerospace Exploration Agency (JAXA),USA/Japan,sim,2026-09-14,701,701.4,0.4,704,703.5,-0.5,98.2,98.207,98.8,98.82
GNOMES-1 (GNSS Navigation and Occultation Measurement Satellites),46266,A — sensoriamento remoto,PlanetiQ,USA,sim,2026-09-15,599,556.1,-42.9,609,573.0,-36.0,97.9,97.797,96.7,95.95
GNOMES-2 (GNSS Navigation and Occultation Measurement Satellites),48910,A — sensoriamento remoto,PlanetiQ,USA,não,2024-05-10,522,133.8,-388.2,536,149.5,-386.5,97.5,97.595,94.5,87.32
GNOMES-3 (GNSS Navigation and Occultation Measurement Satellites),52158,A — sensoriamento remoto,PlanetiQ,USA,sim,2026-09-16,637,604.5,-32.5,653,620.5,-32.5,98,97.816,96,96.95
"GOES 13 (Geostationary Operational Environmental Satellite, GOES-N)",29155,A — sensoriamento remoto,US Air Force,USA,sim,2026-09-16,35768,35955.2,187.2,35801,36461.4,660.4,0.28,4.763,1436,1457.69
"GOES 14 (Geostationary Operational Environmental Satellite, GOES-O)",35491,A — sensoriamento remoto,NOAA (National Oceanographic and Atmospheric Administration),USA,sim,2026-09-16,35170,35833.8,663.8,35170,35851.9,681.9,0,1.919,1436,1438.97
"GOES 15 (Geostationary Operational Ennvironmental Satellite, GOES-P)",36411,A — sensoriamento remoto,NOAA (National Oceanographic and Atmospheric Administration),USA,sim,2026-09-16,35786,35764.7,-21.3,35788,35808.2,20.2,0.42,1.523,1436.14,1436.09
GOES 16 (Geostationary Operational Environmental Satellite GOES-R),41866,A — sensoriamento remoto,NOAA (National Oceanographic and Atmospheric Administration),USA,sim,2026-09-16,35790,35779.9,-10.1,35795,35793.3,-1.7,0,0.561,1436.1,1436.1
GOES 17 (Geostationary Operational Environmental Satellite GOES-S),43226,A — sensoriamento remoto,NOAA (National Oceanographic and Atmospheric Administration),USA,sim,2026-09-16,35778,35783.2,5.2,35795,35789.8,-5.2,0,1.165,1436.09,1436.09
GOES 18 (Geostationary Operational Environmental Satellite GOES-T),51850,A — sensoriamento remoto,NOAA (National Oceanographic and Atmospheric Administration),USA,sim,2026-09-16,35781,35785.8,4.8,35804,35787.6,-16.4,0.1,0.036,1436.1,1436.1
Göktürk 1,41875,A — sensoriamento remoto,Turkish Ministry of National Defense,Turkey,sim,2026-09-16,683,683.2,0.2,683,685.4,2.4,98.1,98.153,98.42,98.44
Göktürk 2,39030,A — sensoriamento remoto,Turkish Ministry of National Defense,Turkey,sim,2026-09-16,669,641.7,-27.3,690,644.7,-45.3,98.16,97.678,98.35,97.59
GomX-4A,43197,A — sensoriamento remoto,GomSpace ApS,Denmark,não,2024-08-18,483,147.0,-336.0,506,159.0,-347.0,97.3,97.57,94.5,87.55
Gonets M-11 (Gonets M21),40552,B — coleta de plataformas (DCS/IoT),Gonets Satcom,Russia,sim,2026-09-16,1497,1481.1,-15.9,1508,1507.7,-0.3,82.4,82.491,116,115.86
Gonets M-12 (Gonets M22),40553,B — coleta de plataformas (DCS/IoT),Gonets Satcom,Russia,sim,2026-09-16,1494,1481.7,-12.3,1506,1507.0,1.0,82.4,82.495,116,115.86
Gonets M-13 (Gonets M23),40554,B — coleta de plataformas (DCS/IoT),Gonets Satcom,Russia,sim,2026-09-16,1171,1482.7,311.7,1504,1506.1,2.1,82.4,82.49,116,115.86
Gonets M-14,39249,B — coleta de plataformas (DCS/IoT),Gonets Satcom,Russia,sim,2026-09-16,1482,1481.1,-0.9,1507,1507.6,0.6,82.49,82.478,115.86,115.86
Gonets M-16,39250,B — coleta de plataformas (DCS/IoT),Gonets Satcom,Russia,sim,2026-09-16,1493,1478.0,-15.0,1508,1509.5,1.5,82.49,82.481,116,115.85
Gonets M-17,39251,B — coleta de plataformas (DCS/IoT),Gonets Satcom,Russia,sim,2026-09-16,1494,1480.4,-13.6,1509,1508.1,-0.9,92.49,82.485,116.02,115.86
Gonets M-18,40061,B — coleta de plataformas (DCS/IoT),Gonets Satcom,Russia,sim,2026-09-16,1479,1471.2,-7.8,1510,1516.8,6.8,82.52,82.505,115.87,115.85
Gonets M-19,40062,B — coleta de plataformas (DCS/IoT),Gonets Satcom,Russia,sim,2026-09-16,1480,1476.5,-3.5,1512,1511.7,-0.3,82.51,82.505,115.89,115.85
Gonets M-20,40063,B — coleta de plataformas (DCS/IoT),Gonets Satcom,Russia,sim,2026-09-16,1478,1477.7,-0.3,1509,1510.5,1.5,82.51,82.505,115.84,115.85
Gonets M-24,44905,B — coleta de plataformas (DCS/IoT),Gonets Satcom,Russia,sim,2026-09-16,1498,1484.5,-13.5,1505,1504.4,-0.6,82.51,82.527,116.01,115.86
Gonets M-25,44906,B — coleta de plataformas (DCS/IoT),Gonets Satcom,Russia,sim,2026-09-16,1499,1482.7,-16.3,1507,1506.1,-0.9,82.51,82.529,116.01,115.86
Gonets M-26,44907,B — coleta de plataformas (DCS/IoT),Gonets Satcom,Russia,sim,2026-09-16,1500,1485.7,-14.3,1507,1503.0,-4.0,82.5,82.523,116.01,115.86
Gonets M-27,46486,B — coleta de plataformas (DCS/IoT),Gonets Satcom,Russia,sim,2026-09-16,1486,1476.8,-9.2,1506,1512.0,6.0,82.5,82.495,116.01,115.86
Gonets M-28,46487,B — coleta de plataformas (DCS/IoT),Gonets Satcom,Russia,sim,2026-09-16,1486,1478.9,-7.1,1505,1509.9,4.9,82.5,82.49,116.01,115.86
Gonets M-29,46488,B — coleta de plataformas (DCS/IoT),Gonets Satcom,Russia,sim,2026-09-16,1484,1484.0,0.0,1504,1504.7,0.7,82.5,82.493,116.01,115.86
Gonets M-30,47227,B — coleta de plataformas (DCS/IoT),Gonets Satcom,Russia,sim,2026-09-16,1487,1478.1,-8.9,1506,1510.6,4.6,82.5,82.499,115.9,115.86
Gonets M-31,47228,B — coleta de plataformas (DCS/IoT),Gonets Satcom,Russia,sim,2026-09-16,1486,1482.7,-3.3,1506,1506.1,0.1,82.5,82.492,115.9,115.86
Gonets M-32,47229,B — coleta de plataformas (DCS/IoT),Gonets Satcom,Russia,sim,2026-09-16,1484,1477.5,-6.5,1506,1511.2,5.2,82.5,82.498,115.9,115.86
GOSAT-2 (Greenhouse gases Observing Satellite-2; Ibuki-2),43672,A — sensoriamento remoto,"JAXA, Ministry of Environment, National Institute of Environmental Studies",Japan,sim,2026-09-15,585,615.0,30.0,599,617.0,18.0,97.85,97.886,96.5,97.02
Gossamer Piccolomini (Gossamer 1),50999,A — sensoriamento remoto,Lunasonde,USA,não,2024-07-19,525,145.0,-380.0,535,164.3,-370.7,97.5,97.337,94.6,87.58
GPM Core Observatory (Global Precipitation Measurement),39574,A — sensoriamento remoto,National Aeronautics and Space Administration (NASA)/JAXA,USA/Japan,sim,2026-09-16,392,423.9,31.9,409,439.0,30.0,65.02,64.972,92.57,93.21
Grace Follow-on-1 (Gravity Recovery and Climate Experiment Follow-on-1),43476,A — sensoriamento remoto,NASA/German Research Centre for Geosciences (GFZ),USA/Germany,sim,2026-09-16,485,439.7,-45.3,504,453.7,-50.3,88.9,89.0,94.5,93.52
Grace Follow-on-2 (Gravity Recovery and Climate Experiment Follow-on-2),43477,A — sensoriamento remoto,NASA/German Research Centre for Geosciences (GFZ),USA/Germany,sim,2026-09-16,484,439.7,-44.3,504,453.7,-50.3,88.9,89.0,94.5,93.52
"Greenhouse Gases Observing Satellite (Ibuki, GoSAT)",33492,A — sensoriamento remoto,Japan Aerospace Exploration Agency (JAXA),Japan,sim,2026-09-14,668,667.8,-0.2,670,670.1,0.1,98.1,98.096,98.1,98.12
GRUS-1A,43890,A — sensoriamento remoto,Axelspace,Japan,sim,2026-09-16,570,565.4,-4.6,582,575.5,-6.5,97.7,97.435,96.2,96.07
GRUS-1B,47934,A — sensoriamento remoto,Axelspace,Japan,sim,2026-09-16,579,558.6,-20.4,604,582.0,-22.0,97.7,97.524,96.5,96.07
GRUS-1C,47933,A — sensoriamento remoto,Axelspace,Japan,sim,2026-09-16,579,561.3,-17.7,604,579.8,-24.2,97.7,97.52,96.5,96.08
GRUS-1D,47936,A — sensoriamento remoto,Axelspace,Japan,sim,2026-09-16,579,562.4,-16.6,604,578.4,-25.6,97.7,97.521,96.5,96.07
GRUS-1E,47935,A — sensoriamento remoto,Axelspace,Japan,sim,2026-09-16,578,562.3,-15.7,604,577.4,-26.6,97.7,97.524,96.5,96.06
"GSSAP 2 (Geosynchronous Space Situational Awareness Program, USA 254)",40100,A — sensoriamento remoto,Air Force Satellite Control Network,USA,sim,2026-09-14,35826,36099.8,273.8,35832,36117.3,285.3,0.02,4.941,1438.3,1452.58
"GSSAP 3 (Geosynchronous Space Situational Awareness Program, USA 270)",41744,A — sensoriamento remoto,Air Force Satellite Control Network,USA,sim,2026-09-15,35749,35751.7,2.7,35820,35822.5,2.5,0.03,4.422,1436.02,1436.12
"GSSAP 4 (Geosynchronous Space Situational Awareness Program, USA 271)",41745,A — sensoriamento remoto,Air Force Satellite Control Network,USA,sim,2026-09-15,35769,36117.9,348.9,35899,36141.4,242.4,0.01,4.395,1438.54,1453.66
"GSSAP 5 (Geosynchronous Space Situational Awareness Program, USA 324)",51280,A — sensoriamento remoto,Air Force Satellite Control Network,USA,sim,2026-06-06,35781,35769.6,-11.4,35787,35793.5,6.5,0.11,0.769,1438,1435.84
"GSSAP 6 (Geosynchronous Space Situational Awareness Program, USA 325)",51281,A — sensoriamento remoto,Air Force Satellite Control Network,USA,sim,2026-01-06,35703,35692.2,-10.8,35754,35884.0,130.0,0.11,0.166,1438,1436.17
Gunsmoke-J1,47969,A — sensoriamento remoto,U.S. Army’s Space and Missile Defense Command,USA,não,2025-04-22,547,189.4,-357.6,558,207.3,-350.7,45,44.975,95.7,88.46
Gunsmoke-J2,49014,A — sensoriamento remoto,U.S. Army’s Space and Missile Defense Command,USA,não,2023-12-25,487,178.2,-308.8,503,188.6,-314.4,51.6,51.581,95.7,88.16
Gunsmoke-J4,48878,A — sensoriamento remoto,Department of Defense/Army Space and Missile Defense Command,USA,não,2024-03-30,494,140.9,-353.1,521,150.9,-370.1,69.6,60.65,96,87.41
Hainan-1-01,51825,A — sensoriamento remoto,Sanya Institute of Remote Sensing,China,sim,2026-09-11,527,161.7,-365.3,551,177.6,-373.4,97.5,97.317,96,87.88
Hainan-1-02,51826,A — sensoriamento remoto,Sanya Institute of Remote Sensing,China,não,2025-02-03,527,164.1,-362.9,550,177.0,-373.0,97.5,97.365,96,87.9
Haisi-2,48842,A — sensoriamento remoto,Xiamen University/Aerospace Dongfanghong Satellite Co. Ltd. {CASC),China,não,2024-02-23,487,176.5,-310.5,502,189.0,-313.0,97.5,97.403,95.2,88.15
Haiyang 1C (HY 1C),43609,A — sensoriamento remoto,State Oceanic Administration (SOA),China,sim,2026-09-16,769,770.1,1.1,786,785.8,-0.2,98.6,98.511,100.4,100.41
Haiyang 1D (HY 1D),45721,A — sensoriamento remoto,State Oceanic Administration (SOA),China,sim,2026-09-16,770,776.6,6.6,785,778.9,-6.1,98.4,98.461,100.4,100.4
Haiyang 2A (HY 2A),37781,A — sensoriamento remoto,State Oceanic Administration (SOA),China,sim,2026-09-16,965,992.1,27.1,967,997.5,30.5,99.4,99.346,104.4,105.01
Haiyang 2B (HY 2B),43655,A — sensoriamento remoto,State Oceanic Administration (SOA),China,sim,2026-09-16,949,965.0,16.0,957,967.7,10.7,99.3,99.332,104.1,104.4
Haiyang 2C (HY 2C),46469,A — sensoriamento remoto; B — coleta de plataformas (DCS/IoT),State Oceanic Administration (SOA),China,sim,2026-09-16,930,948.3,18.3,949,955.6,6.6,66,66.0,104,104.09
Haiyang 2D (HY 2D),48261,A — sensoriamento remoto,State Oceanic Administration (SOA),China,sim,2026-09-16,927,1086.3,159.3,951,37435.2,36484.2,66,64.114,104,680.94
Halo-NET Free Flyer,48877,A — sensoriamento remoto,Department of Defense/Space Test Program,USA,não,2023-11-22,494,187.2,-306.8,521,196.2,-324.8,60.7,60.667,94.5,88.33
Harbinger,44229,A — sensoriamento remoto,US Army Space and Missile Defense Command,USA,não,2024-03-08,498,175.3,-322.7,510,182.1,-327.9,40.02,39.981,94.7,88.06
Hawk-2A (HawkEye 360 2A),47505,C — sinais cooperativos (AIS/ADS-B/RF),HawkEye 360,USA,sim,2026-09-15,526,455.6,-70.4,535,462.2,-72.8,97.5,97.224,95.2,93.77
Hawk-2B (HawkEye 360 2B),47508,C — sinais cooperativos (AIS/ADS-B/RF),HawkEye 360,USA,sim,2026-09-16,526,454.8,-71.2,535,462.1,-72.9,97.5,97.211,95.2,93.76
Hawk-2C (HawkEye 360 2C),47502,C — sinais cooperativos (AIS/ADS-B/RF),HawkEye 360,USA,sim,2026-09-15,525,455.4,-69.6,535,462.7,-72.3,97.5,97.219,95.2,93.77
Hawk-3A (HawkEye 360 3A),48957,C — sinais cooperativos (AIS/ADS-B/RF),HawkEye 360,USA,sim,2026-09-16,513,334.9,-178.1,534,339.6,-194.4,97.5,97.661,95.2,91.28
Hawk-3B (HawkEye 360 3B),48931,C — sinais cooperativos (AIS/ADS-B/RF),HawkEye 360,USA,sim,2026-09-15,512,335.3,-176.7,535,339.5,-195.5,97.5,97.655,95.2,91.28
Hawk-3C (HawkEye 360 3C),48948,C — sinais cooperativos (AIS/ADS-B/RF),HawkEye 360,USA,sim,2026-09-15,512,335.1,-176.9,535,339.7,-195.3,97.5,97.666,95.2,91.28
Hawk-4A (HawkEye 360 4A),52167,C — sinais cooperativos (AIS/ADS-B/RF),HawkEye 360,USA,não,2025-08-30,497,141.9,-355.1,509,158.6,-350.4,97.4,97.266,95,87.49
Hawk-4B (HawkEye 360 4B),52165,C — sinais cooperativos (AIS/ADS-B/RF),HawkEye 360,USA,não,2025-08-30,497,137.0,-360.0,509,153.2,-355.8,97.4,97.277,95,87.39
Hawk-4C (HawkEye 360 4C),52170,C — sinais cooperativos (AIS/ADS-B/RF),HawkEye 360,USA,não,2025-09-01,494,139.2,-354.8,509,152.1,-356.9,97.4,97.272,95,87.4
Hawk-6A (HawkEye 360 6A),55327,C — sinais cooperativos (AIS/ADS-B/RF),HawkEye 360,USA,sim,2026-09-16,549,492.2,-56.8,552,497.6,-54.4,40.5,40.497,94.7,94.51
Hawk-6B (HawkEye 360 6B),55324,C — sinais cooperativos (AIS/ADS-B/RF),HawkEye 360,USA,sim,2026-09-16,549,492.7,-56.3,551,497.3,-53.7,40.5,40.498,94.7,94.51
Hawk-6C (HawkEye 360 6C),55326,C — sinais cooperativos (AIS/ADS-B/RF),HawkEye 360,USA,sim,2026-09-16,549,492.0,-57.0,550,497.9,-52.1,40.5,40.497,94.7,94.51
Hawk-7A,56191,C — sinais cooperativos (AIS/ADS-B/RF),HawkEye 360,USA,sim,2026-09-16,518,478.0,-40.0,528,484.5,-43.5,97.4,97.254,94.9,94.23
Hawk-7B,56193,C — sinais cooperativos (AIS/ADS-B/RF),HawkEye 360,USA,sim,2026-09-16,494,478.6,-15.4,507,483.9,-23.1,97.4,97.257,94.9,94.23
Hawk-7C,46200,C — sinais cooperativos (AIS/ADS-B/RF),HawkEye 360,USA,não,2021-07-18,492,258.0,-234.0,507,306.0,-201.0,97.4,97.798,94.9,90.15
Hawk-A (HawkEye 360 Pathfinder 1),43765,C — sinais cooperativos (AIS/ADS-B/RF),HawkEye 360,USA,sim,2026-09-16,577,466.2,-110.8,590,511.4,-78.6,97.7,97.381,96.3,94.39
Hawk-B (HawkEye 360 Pathfinder 2),43794,C — sinais cooperativos (AIS/ADS-B/RF),HawkEye 360,USA,sim,2026-09-16,577,473.4,-103.6,590,515.7,-74.3,97.7,97.387,96.3,94.5
Hawk-C (HawkEye 360 Pathfinder 3),43799,C — sinais cooperativos (AIS/ADS-B/RF),HawkEye 360,USA,sim,2026-09-15,574,451.6,-122.4,592,503.9,-88.1,97.7,97.379,96.3,94.16
HEAD-1,43011,A — sensoriamento remoto; C — sinais cooperativos (AIS/ADS-B/RF),HEAD Aerospace,China,sim,2026-09-16,796,789.2,-6.8,809,802.0,-7.0,98.6,98.953,100.9,100.78
HEAD-2A,44838,A — sensoriamento remoto; C — sinais cooperativos (AIS/ADS-B/RF),HEAD Aerospace,China,não,2023-11-01,495,153.4,-341.6,511,165.9,-345.1,97.3,97.463,94.6,87.68
HEAD-2B,44839,A — sensoriamento remoto; C — sinais cooperativos (AIS/ADS-B/RF),HEAD Aerospace,China,não,2024-02-14,495,136.3,-358.7,511,149.5,-361.5,97.3,97.477,94.6,87.34
HEAD-2E,49319,A — sensoriamento remoto; C — sinais cooperativos (AIS/ADS-B/RF),HEAD Aerospace,China,sim,2026-09-16,503,355.2,-147.8,522,359.9,-162.1,97.3,97.362,94.6,91.69
HEAD-2F,49322,A — sensoriamento remoto; C — sinais cooperativos (AIS/ADS-B/RF),HEAD Aerospace,China,não,2025-05-10,502,154.0,-348.0,522,166.5,-355.5,97.3,97.371,94.6,87.69
HEAD-4,45624,A — sensoriamento remoto; C — sinais cooperativos (AIS/ADS-B/RF),HEAD Aerospace,China,não,2024-03-14,487,135.5,-351.5,502,147.6,-354.4,97.3,97.403,94.5,87.32
HEAD-5,45796,A — sensoriamento remoto; C — sinais cooperativos (AIS/ADS-B/RF),HEAD Aerospace,China,não,2023-12-05,485,171.3,-313.7,502,183.8,-318.2,97.3,97.408,94.5,88.04
Helios 2A,28492,A — sensoriamento remoto,Centre National d'Etudes Spatiales (CNES)/Délégation Générale de l'Armement (DGA),France/Italy/Belgium/Spain/Greece,sim,2026-09-16,681,555.4,-125.6,683,559.7,-123.3,98.1,98.247,98,95.81
Helios 2B,36124,A — sensoriamento remoto,Centre National d'Etudes Spatiales (CNES)/Délégation Générale de l'Armement (DGA),France/Italy/Belgium/Spain/Greece,não,2023-12-14,679,130.4,-548.6,682,148.5,-533.5,98.1,98.157,98.37,87.28
Hiber-1,43744,B — coleta de plataformas (DCS/IoT),Hiber Global,Netherlands,não,2023-02-24,476,138.1,-337.9,500,154.4,-345.6,97.5,97.301,95,87.41
Hiber-2,43774,B — coleta de plataformas (DCS/IoT),Hiber Global,Netherlands,não,2026-01-28,575,176.9,-398.1,591,189.1,-401.9,97.7,97.427,96.3,88.15
Hiber-3,47942,B — coleta de plataformas (DCS/IoT),Hiber Global,Netherlands,não,2025-01-29,534,185.5,-348.5,559,194.0,-365.0,97.5,97.403,95.5,88.29
Hiber-4,47541,B — coleta de plataformas (DCS/IoT),Hiber Global,Netherlands,não,2024-08-29,523,207.4,-315.6,535,223.5,-311.5,97.5,97.283,95.2,88.81
Himawari 8,40267,A — sensoriamento remoto,Japan Meteorological Agency/Meteorological Satellite Center (MSC),Japan,sim,2026-09-16,35774,35782.2,8.2,35797,35792.3,-4.7,0.08,0.026,1436.06,1436.13
Himawari 9,41836,A — sensoriamento remoto,Japan Meteorological Agency/Meteorological Satellite Center (MSC),Japan,sim,2026-09-16,35788,35779.0,-9.0,35799,35794.4,-4.6,0,0.013,1436.1,1436.1
Hisea-1 (TY-MINISAR-1),47297,A — sensoriamento remoto,Spacety,China,não,2024-09-05,502,120.9,-381.1,511,138.5,-372.5,97.4,97.394,94.8,87.08
HJ-1A (Huan Jing 1A),33320,A — sensoriamento remoto,National Remote Sensing Center (NRSCC),China,sim,2026-09-16,628,603.5,-24.5,665,628.9,-36.1,97.8,97.679,97.7,97.02
HJ-1B (Huan Jing 1B),33321,A — sensoriamento remoto,National Remote Sensing Center (NRSCC),China,sim,2026-09-16,621,594.2,-26.8,673,642.7,-30.3,97.8,97.662,97.7,97.07
HJ-2A (Huan Jing-2A),46478,A — sensoriamento remoto,China Centre for Resources Satellite Data and Application (CRESDA),China,sim,2026-09-16,602,637.9,35.9,653,642.5,-10.5,97.9,97.876,95,97.52
HJ-2B (Huan Jing-2B),46479,A — sensoriamento remoto,China Centre for Resources Satellite Data and Application (CRESDA),China,sim,2026-09-16,598,639.5,41.5,654,640.9,-13.1,97.9,97.883,95,97.52
Hongtu 1-01,56153,A — sensoriamento remoto,PIESAT,Australia,sim,2026-09-15,499,521.9,22.9,512,524.3,12.3,97.4,97.504,95,95.09
Hongtu 1-02,56154,A — sensoriamento remoto,PIESAT,Australia,sim,2026-09-15,,522.0,,,524.2,,97.4,97.502,95,95.09
Hongtu 1-03,56155,A — sensoriamento remoto,PIESAT,Australia,sim,2026-09-15,,522.1,,,524.2,,97.4,97.503,95,95.09
Hongtu 1-04,56156,A — sensoriamento remoto,PIESAT,Australia,sim,2026-09-15,,522.0,,,524.2,,97.4,97.509,95,95.09
Horus 1 (Helusi-1),55690,A — sensoriamento remoto,Egyptian Space Agency,Egypt,sim,2026-09-16,497,494.2,-2.8,508,496.6,-11.4,97.5,97.338,94.5,94.52
Horus-2 (Helusi-2),55844,A — sensoriamento remoto,Egyptian Space Agency,Egypt,sim,2026-09-16,488,493.2,5.2,502,497.0,-5.0,97.5,97.346,94.5,94.52
Huanjing Jianzai 02-05,54035,A — sensoriamento remoto,Ministry of Ecology and Environment/Ministry of Emergency Management,China,sim,2026-09-16,496,500.7,4.7,762,510.7,-251.3,97.6,97.385,94.5,94.73
Huygens (MilSpace 2-2),55093,A — sensoriamento remoto,Norwegian Defence Research Establishment (FFI)/,Norway,sim,2026-09-16,516,434.5,-81.5,536,449.1,-86.9,97.5,97.316,95.4,93.42
HySIS (Hyperspectral Imaging Satellite),43719,A — sensoriamento remoto,Indian Space Research Organization (ISRO),India,sim,2026-09-16,647,632.7,-14.3,648,634.4,-13.6,98,97.975,95,97.39
Icesat-2,43613,A — sensoriamento remoto,National Aeronautics and Space Administration (NASA),USA,sim,2026-09-16,455,477.0,22.0,468,484.9,16.9,93.02,92.002,93.8,94.22
"ICEYE-X1 (ICEYE POC 1, XR1)",43114,A — sensoriamento remoto,ICEYE Ltd.,Finland,não,2024-02-07,494,144.8,-349.2,506,158.2,-347.8,97.5,97.271,95.2,87.52
"ICEYE-X10 (ICEYE POC 10, XR1)",47507,A — sensoriamento remoto,ICEYE Ltd.,Finland,não,2025-05-10,517,137.0,-380.0,534,158.6,-375.4,97.5,97.252,95.2,87.44
"ICEYE-X11 (ICEYE POC 11, XR1)",48918,A — sensoriamento remoto,ICEYE Ltd.,Finland,não,2026-06-30,523,156.4,-366.6,536,171.6,-364.4,97.5,97.608,95.2,87.77
"ICEYE-X12 (ICEYE POC 12, XR1)",48914,A — sensoriamento remoto,ICEYE Ltd.,Finland,não,2025-01-17,523,167.7,-355.3,536,181.0,-355.0,97.5,97.61,95.2,87.98
"ICEYE-X13 (ICEYE POC 13, XR1)",48916,A — sensoriamento remoto,ICEYE Ltd.,Finland,não,2025-11-24,523,144.0,-379.0,536,150.4,-385.6,97.5,97.612,95.2,87.43
"ICEYE-X14 (ICEYE POC 14, XR1)",51070,A — sensoriamento remoto,ICEYE Ltd.,Finland,não,2026-01-06,520,148.0,-372.0,535,160.1,-374.9,97.5,97.29,95.2,87.57
"ICEYE-X15 (ICEYE POC 15, XR1)",48917,A — sensoriamento remoto,ICEYE Ltd.,Finland,não,2025-08-12,523,157.5,-365.5,536,170.6,-365.4,97.5,97.621,95.2,87.77
"ICEYE-X16 (ICEYE POC 16, XR1)",51008,A — sensoriamento remoto,ICEYE Ltd.,Finland,não,2024-09-16,521,143.9,-377.1,535,159.4,-375.6,97.5,97.346,95.2,87.52
ICEYE-X17 (ICEYE POC 17),52762,A — sensoriamento remoto,ICEYE Ltd.,Finland,não,2025-08-08,523,149.9,-373.1,535,168.7,-366.3,97.5,97.561,95.2,87.67
ICEYE-X18 (ICEYE POC 18),52749,A — sensoriamento remoto,ICEYE Ltd.,Finland,não,2025-03-11,520,144.5,-375.5,535,159.7,-375.3,97.5,97.545,95.2,87.53
ICEYE-X19 (ICEYE POC 19),52758,A — sensoriamento remoto,ICEYE Ltd.,Finland,não,2025-03-03,523,150.2,-372.8,535,165.5,-369.5,97.5,97.532,95.2,87.64
ICEYE-X2 (ICEYE POC 2),43800,A — sensoriamento remoto,ICEYE Ltd.,Finland,sim,2026-09-16,570,503.0,-67.0,587,516.2,-70.8,97.7,97.426,96.3,94.81
ICEYE-X20 (ICEYE POC 20),52759,A — sensoriamento remoto,ICEYE Ltd.,Finland,não,2025-10-15,522,213.4,-308.6,535,218.8,-316.2,97.5,97.586,95.2,88.82
ICEYE-X21,55049,A — sensoriamento remoto,ICEYE Ltd.,Finland,não,2026-06-24,521,200.4,-320.6,537,216.7,-320.3,97.5,97.3,95.2,88.67
ICEYE-X24 (ICEYE POC 24),52755,A — sensoriamento remoto,ICEYE Ltd.,Finland,não,2024-12-14,522,137.5,-384.5,535,150.3,-384.7,97.5,97.539,95.2,87.36
ICEYE-X27,55062,A — sensoriamento remoto,ICEYE Ltd.,Finland,não,2025-11-14,521,193.3,-327.7,537,201.8,-335.2,97.5,97.329,95.2,88.44
ICEYE-X4 (ICEYE POC 4),44390,A — sensoriamento remoto,ICEYE Ltd.,Finland,sim,2026-09-16,564,464.3,-99.7,594,480.9,-113.1,97.7,97.869,96.2,94.05
ICEYE-X5 (ICEYE POC 5),44389,A — sensoriamento remoto,ICEYE Ltd.,Finland,sim,2026-09-16,564,373.8,-190.2,590,379.0,-211.0,97.7,97.858,96.2,92.08
ICEYE-X6 (ICEYE POC 6),46497,A — sensoriamento remoto,ICEYE Ltd.,Finland,sim,2026-09-16,549,546.3,-2.7,568,557.3,-10.7,97.7,98.104,95.8,95.69
ICEYE-X7 (ICEYE POC 7),46496,A — sensoriamento remoto,ICEYE Ltd.,Finland,sim,2026-09-16,549,460.9,-88.1,567,471.6,-95.4,97.7,97.76,95.8,93.92
ICEYE-X8 (ICEYE POC 8),47510,A — sensoriamento remoto,ICEYE Ltd.,Finland,não,2025-11-14,515,151.5,-363.5,534,164.8,-369.2,97.5,97.22,95.1,87.65
ICEYE-X9 (ICEYE POC 9),47506,A — sensoriamento remoto,ICEYE Ltd.,Finland,não,2024-10-06,523,155.2,-367.8,536,170.1,-365.9,97.5,97.271,95.2,87.74
ICON (Ionospheric Connection Explorer),44628,A — sensoriamento remoto,National Aeronautics and Space Administration (NASA),USA,sim,2026-09-16,579,534.7,-44.3,601,553.3,-47.7,27,26.983,96.5,95.53
"IGS Optical 5 (IGS-9B, Information Gathering Satellite 9B)",40538,A — sensoriamento remoto,Cabinet Satellite Intelligence Center (CSIC),Japan,sim,2026-08-28,511,482.1,-28.9,515,483.6,-31.4,97.5,97.344,95.2,94.26
"IGS Optical 6 (IGS-10B, Information Gathering Satellite 10B)",43223,A — sensoriamento remoto,Cabinet Satellite Intelligence Center (CSIC),Japan,sim,2026-08-25,485,477.4,-7.6,499,488.2,-10.8,97.2,97.362,94.5,94.26
IGS Optical 7 (IGS-11B Information Gathering Satellite 14),45165,A — sensoriamento remoto,Cabinet Satellite Intelligence Center (CSIC),Japan,sim,2026-08-28,487,478.7,-8.3,493,487.0,-6.0,97.4,97.334,94.4,94.26
IGS Radar 5 (Information Gathering Satellite 10A),42072,A — sensoriamento remoto,Cabinet Satellite Intelligence Center (CSIC),Japan,sim,2026-08-31,485,486.7,1.7,499,489.0,-10.0,97.2,97.36,94.5,94.37
"IGS Radar 6 (Information Gathering Satellite 6, IGS Radar 6)",43495,A — sensoriamento remoto,Cabinet Satellite Intelligence Center (CSIC),Japan,sim,2026-08-20,500,486.7,-13.3,500,488.9,-11.1,97.3,97.365,94.6,94.37
IGS Radar 7 (Information Gathering Satellite),55329,A — sensoriamento remoto,Cabinet Satellite Intelligence Center (CSIC),Japan,sim,2026-08-26,477,486.4,9.4,479,489.2,10.2,97.3,97.365,94.3,94.37
"IGS-6A (Information Gathering Satellite 6A, IGS Optical 4)",37813,A — sensoriamento remoto,Cabinet Satellite Intelligence Center (CSIC),Japan,sim,2026-03-28,588,526.9,-61.1,591,535.9,-55.1,97.69,98.039,96.47,95.26
"IGS-7A (Information Gathering Satellite 7A, IGS Radar 3)",37954,A — sensoriamento remoto,Cabinet Satellite Intelligence Center (CSIC),Japan,sim,2026-08-28,512,511.2,-0.8,514,514.9,0.9,97.46,97.455,94.89,94.89
"IGS-8A (Information Gathering Satellite 8A, IGS Radar 4)",39061,A — sensoriamento remoto,Cabinet Satellite Intelligence Center (CSIC),Japan,sim,2026-03-28,509,511.5,2.5,514,515.0,1.0,97.5,97.471,94.85,94.89
"IGS-8B (Information Gathering Satellite 8B, IGS Optical 5 Demonstrator)",39062,A — sensoriamento remoto,Cabinet Satellite Intelligence Center (CSIC),Japan,não,2019-02-20,512,139.4,-372.6,523,146.7,-376.3,97.5,97.172,94.85,87.35
"IGS-9A (Information Gathering Satellite 9A, IGS Radar Spare)",40381,A — sensoriamento remoto,Cabinet Satellite Intelligence Center (CSIC),Japan,sim,2026-08-24,510,437.0,-73.0,510,443.6,-66.4,97.5,97.328,94.85,93.39
İMECE,56178,A — sensoriamento remoto,TÜBİTAK Space Technologies Research Institute,Turkey,sim,2026-09-16,668,668.3,0.3,679,680.1,1.1,98.1,98.111,95,98.23
"Improved Trumpet 4 (NROL-22, National Reconnaissance Office Launch-22, SBIRS HEO-1, Twins 1, USA 184)",29249,A — sensoriamento remoto; C — sinais cooperativos (AIS/ADS-B/RF),National Reconnaissance Office (NRO),USA,sim,2025-03-02,1111,1341.6,230.6,37564,39013.2,1449.2,63,63.569,684,717.78
"Improved Trumpet 5 (NROL-28, National Reconnaissance Office Launch-28, SBIRS HEO-2, Twins 2, USA 200)",32706,A — sensoriamento remoto; C — sinais cooperativos (AIS/ADS-B/RF),National Reconnaissance Office (NRO),USA,sim,2025-04-03,1112,1056.5,-55.5,37580,39295.1,1715.1,63.56,63.645,684,717.72
"Improved Trumpet 6 (NROL-35, National Reconnaissance Office Launch-35, SBIRS HEO-3, USA 259)",40344,A — sensoriamento remoto; C — sinais cooperativos (AIS/ADS-B/RF),National Reconnaissance Office (NRO),USA,sim,2026-04-28,2103,1476.9,-626.1,37746,38878.9,1132.9,62.85,63.039,707.55,717.8
"Improved Trumpet 7 (NROL-42, National Reconnaissance Office Launch-42, SBIRS HEO-4, USA 278)",42941,A — sensoriamento remoto; C — sinais cooperativos (AIS/ADS-B/RF),National Reconnaissance Office (NRO),USA,sim,2025-06-14,1738,2277.7,539.7,38111,38081.9,-29.1,63.8,62.904,707.7,717.88
INS-1A (ISRO Nano Satellite),41949,A — sensoriamento remoto,Indian Space Research Organization (ISRO),India,não,2023-09-30,496,139.7,-356.3,508,156.7,-351.3,97.5,97.162,94.6,87.45
INS-1B (ISRO Nano Satellite),41954,A — sensoriamento remoto,Indian Space Research Organization (ISRO),India,não,2023-10-11,496,136.1,-359.9,508,155.5,-352.5,97.5,97.158,94.6,87.4
INS-2TD,51658,A — sensoriamento remoto,Indian Space Research Organization (ISRO),India,não,2024-11-06,520,136.8,-383.2,533,148.6,-384.4,97.5,97.468,94.6,87.34
INSAT 3D (Indian National Satellite),39216,A — sensoriamento remoto,Indian Space Research Organization (ISRO),India,sim,2026-09-16,35782,35781.2,-0.8,35791,35792.1,1.1,0.24,2.154,1436.09,1436.1
INSAT 3DR (Indian National Satellite),41752,A — sensoriamento remoto,Indian Space Research Organization (ISRO),India,sim,2026-09-16,35722,35737.7,15.7,35851,35835.3,-15.7,0.03,0.036,1436.1,1436.09
InspireSat-1,51657,A — sensoriamento remoto,University of Colorado’s Laboratory for Atmospheric and Space Physics/Indian Institute of Space Science and Technology,USA/India/Singapore/Taiwan,não,2026-05-01,520,165.3,-354.7,533,179.3,-353.7,97.6,97.419,95.4,87.94
InspireSat-7,56211,A — sensoriamento remoto,"NRS Lab. Atmospheres, Milieux, Observations Spatiales (Verrieres)",France,não,2024-09-18,487,159.3,-327.7,507,169.9,-337.1,97.4,97.316,95.4,87.78
IRS-P6 (Resourcesat-1),28051,A — sensoriamento remoto,Indian Space Research Organization (ISRO),India,sim,2026-09-16,817,724.4,-92.6,823,817.9,-5.1,98.8,98.184,101.3,100.27
iSat (D-Star ONE iSat),43879,C — sinais cooperativos (AIS/ADS-B/RF),iSky Technology,Czech Republic,sim,2026-09-15,571,277.6,-293.4,586,288.4,-297.6,97.7,97.577,96.2,90.17
Jason 3,41240,A — sensoriamento remoto,National Aeronautics and Space Administration (NASA)/Centre National d'Etudes Spatiales (CNES)/NOAA/EUMETSAT,USA/France,sim,2026-09-16,1301,1304.3,3.3,1324,1317.6,-6.4,66,66.041,111.8,111.83
Jiading-1 (OKW-01),43713,B — coleta de plataformas (DCS/IoT),Space OK (Shanghai Ok Space Co Ltd.),China,não,2024-10-02,489,135.0,-354.0,504,147.2,-356.8,97.4,97.312,97.3,87.31
Jilin-1 (High Resolution 03-A),44310,A — sensoriamento remoto,Chang Guang Satellite Technology Co. Ltd.,China,sim,2026-09-16,555,469.4,-85.6,575,482.5,-92.5,45,44.97,96,94.12
"Jilin-1 (Lingqiao-A, Lingqiao Video A)",40959,A — sensoriamento remoto,Chang Guang Satellite Technology Co. Ltd.,China,sim,2026-09-16,639,625.8,-13.2,664,648.7,-15.3,98.04,97.671,97.75,97.46
"Jilin-1 (Lingqiao-B, Lingqiao Video B)",40960,A — sensoriamento remoto,Chang Guang Satellite Technology Co. Ltd.,China,sim,2026-09-16,639,625.4,-13.6,663,648.4,-14.6,98.04,97.667,97.74,97.46
Jilin-1 Gaofen 02A,44777,A — sensoriamento remoto,Chang Guang Satellite Technology Co. Ltd.,China,sim,2026-09-16,537,436.7,-100.3,554,446.4,-107.6,97.5,97.492,95.4,93.41
Jilin-1 Gaofen 02B,44836,A — sensoriamento remoto,Chang Guang Satellite Technology Co. Ltd.,China,sim,2026-09-16,537,491.5,-45.5,553,510.5,-42.5,97.5,97.48,95.4,94.64
Jilin-1 Gaofen 02D,49256,A — sensoriamento remoto,Chang Guang Satellite Technology Co. Ltd.,China,sim,2026-09-16,531,520.2,-10.8,545,561.8,16.8,97.5,97.658,95.4,95.46
Jilin-1 Gaofen 02F,49338,A — sensoriamento remoto,Chang Guang Satellite Technology Co. Ltd.,China,sim,2026-09-16,532,529.7,-2.3,546,553.1,7.1,97.5,97.681,95.4,95.47
Jilin-1 Gaofen 03B-01,46454,A — sensoriamento remoto,Chang Guang Satellite Technology Co. Ltd.,China,não,2026-04-27,531,132.6,-398.4,547,147.2,-399.8,97.5,97.2,94.5,87.28
Jilin-1 Gaofen 03B-02,46455,A — sensoriamento remoto,Chang Guang Satellite Technology Co. Ltd.,China,não,2026-02-10,530,135.7,-394.3,546,148.9,-397.1,97.5,97.222,94.5,87.33
Jilin-1 Gaofen 03B-03,46456,A — sensoriamento remoto,Chang Guang Satellite Technology Co. Ltd.,China,não,2026-01-01,530,149.3,-380.7,546,158.8,-387.2,97.5,97.246,94.5,87.57
Jilin-1 Gaofen 03B-04,46457,A — sensoriamento remoto,Chang Guang Satellite Technology Co. Ltd.,China,sim,2026-09-16,530,331.5,-198.5,545,344.0,-201.0,97.5,97.208,94.5,91.29
Jilin-1 Gaofen 03B-05,46458,A — sensoriamento remoto,Chang Guang Satellite Technology Co. Ltd.,China,sim,2026-09-16,529,346.4,-182.6,546,360.9,-185.1,97.5,97.204,94.5,91.61
Jilin-1 Gaofen 03B-06,46459,A — sensoriamento remoto,Chang Guang Satellite Technology Co. Ltd.,China,sim,2026-09-15,529,252.2,-276.8,546,257.8,-288.2,97.5,97.212,94.5,89.61
Jilin-1 Gaofen 03C-01,46460,A — sensoriamento remoto,Chang Guang Satellite Technology Co. Ltd.,China,sim,2026-09-16,528,305.7,-222.3,546,307.2,-238.8,97.5,97.202,94.5,90.65
Jilin-1 Gaofen 03C-02,46461,A — sensoriamento remoto,Chang Guang Satellite Technology Co. Ltd.,China,não,2026-06-08,528,175.5,-352.5,546,190.7,-355.3,97.5,97.197,94.5,88.15
Jilin-1 Gaofen 03C-03,46462,A — sensoriamento remoto,Chang Guang Satellite Technology Co. Ltd.,China,não,2026-05-11,528,135.5,-392.5,546,152.3,-393.7,97.5,97.208,94.5,87.36
Jilin-1 GaoFen 03D 10,51833,A — sensoriamento remoto,Chang Guang Satellite Technology Co. Ltd.,China,não,2025-06-04,524,157.2,-366.8,549,174.6,-374.4,97.5,97.38,94.5,87.81
Jilin-1 GaoFen 03D 11,51834,A — sensoriamento remoto,Chang Guang Satellite Technology Co. Ltd.,China,não,2026-04-04,526,187.4,-338.6,548,200.2,-347.8,97.5,97.353,94.5,88.37
Jilin-1 GaoFen 03D 12,51835,A — sensoriamento remoto,Chang Guang Satellite Technology Co. Ltd.,China,não,2026-04-30,526,131.6,-394.4,548,151.0,-397.0,97.5,97.352,94.5,87.31
Jilin-1 GaoFen 03D 13,51836,A — sensoriamento remoto,Chang Guang Satellite Technology Co. Ltd.,China,não,2024-10-30,526,148.8,-377.2,548,163.7,-384.3,97.5,97.402,94.5,87.61
Jilin-1 GaoFen 03D 14,51837,A — sensoriamento remoto,Chang Guang Satellite Technology Co. Ltd.,China,não,2024-09-07,521,132.3,-388.7,547,147.6,-399.4,97.5,97.386,94.5,87.29
Jilin-1 GaoFen 03D 15,51838,A — sensoriamento remoto,Chang Guang Satellite Technology Co. Ltd.,China,não,2025-08-24,526,129.6,-396.4,547,149.5,-397.5,97.5,97.386,94.5,87.28
Jilin-1 GaoFen 03D 16,51839,A — sensoriamento remoto,Chang Guang Satellite Technology Co. Ltd.,China,não,2026-06-06,527,159.8,-367.2,547,177.6,-369.4,97.5,97.354,94.5,87.86
Jilin-1 GaoFen 03D 17,51840,A — sensoriamento remoto,Chang Guang Satellite Technology Co. Ltd.,China,não,2026-05-01,526,127.5,-398.5,546,144.0,-402.0,97.5,97.341,94.5,87.2
Jilin-1 GaoFen 03D 18,51841,A — sensoriamento remoto,Chang Guang Satellite Technology Co. Ltd.,China,não,2026-06-04,527,150.9,-376.1,546,171.6,-374.4,97.5,97.35,94.5,87.71
Jilin-1 GaoFen 03D-01,49004,A — sensoriamento remoto,Chang Guang Satellite Technology Co. Ltd.,China,não,2025-11-28,528,167.2,-360.8,543,179.2,-363.8,97.5,97.309,94.5,87.95
Jilin-1 GaoFen 03D-02,49005,A — sensoriamento remoto,Chang Guang Satellite Technology Co. Ltd.,China,não,2026-03-07,529,177.4,-351.6,544,188.7,-355.3,97.5,97.283,94.5,88.15
Jilin-1 GaoFen 03D-03,49006,A — sensoriamento remoto,Chang Guang Satellite Technology Co. Ltd.,China,não,2026-04-22,528,130.9,-397.1,544,144.6,-399.4,97.5,97.269,94.5,87.24
Jilin-1 GaoFen 03D-04,52389,A — sensoriamento remoto,Chang Guang Satellite Technology Co. Ltd.,China,não,2026-05-03,530,161.7,-368.3,546,178.8,-367.2,97.5,97.485,94.5,87.89
Jilin-1 GaoFen 03D-05,52390,A — sensoriamento remoto,Chang Guang Satellite Technology Co. Ltd.,China,não,2026-04-23,531,140.8,-390.2,543,154.5,-388.5,97.5,97.481,94.5,87.44
Jilin-1 GaoFen 03D-06,52391,A — sensoriamento remoto,Chang Guang Satellite Technology Co. Ltd.,China,não,2026-05-01,526,149.4,-376.6,548,166.3,-381.7,97.5,97.5,94.5,87.64
Jilin-1 GaoFen 03D-07,52392,A — sensoriamento remoto,Chang Guang Satellite Technology Co. Ltd.,China,não,2026-01-25,523,153.3,-369.7,550,165.3,-384.7,97.5,97.471,94.5,87.67
Jilin-1 GaoFen 03D-27,52444,A — sensoriamento remoto,Chang Guang Satellite Technology Co. Ltd.,China,não,2026-09-01,528,152.3,-375.7,545,169.8,-375.2,97.5,97.575,94.5,87.71
Jilin-1 GaoFen 03D-28,52445,A — sensoriamento remoto,Chang Guang Satellite Technology Co. Ltd.,China,não,2026-08-19,528,129.3,-398.7,545,147.2,-397.8,97.5,97.564,94.5,87.25
Jilin-1 GaoFen 03D-29,52446,A — sensoriamento remoto,Chang Guang Satellite Technology Co. Ltd.,China,não,2026-09-01,528,156.4,-371.6,545,172.4,-372.6,97.5,97.561,94.5,87.78
Jilin-1 GaoFen 03D-30,52447,A — sensoriamento remoto,Chang Guang Satellite Technology Co. Ltd.,China,não,2026-06-30,528,127.5,-400.5,545,146.7,-398.3,97.5,97.551,94.5,87.23
Jilin-1 GaoFen 03D-31,52448,A — sensoriamento remoto,Chang Guang Satellite Technology Co. Ltd.,China,não,2026-08-07,528,149.5,-378.5,545,169.7,-375.3,97.5,97.567,94.5,87.68
Jilin-1 GaoFen 03D-32,52449,A — sensoriamento remoto,Chang Guang Satellite Technology Co. Ltd.,China,não,2025-09-30,528,177.1,-350.9,545,191.5,-353.5,97.5,97.567,94.5,88.18
Jilin-1 GaoFen 03D-33,52450,A — sensoriamento remoto,Chang Guang Satellite Technology Co. Ltd.,China,não,2025-11-22,528,134.9,-393.1,545,146.7,-398.3,97.5,97.55,94.5,87.3
Jilin-1 GaoFen 03D-34,55251,A — sensoriamento remoto,Chang Guang Satellite Technology Co. Ltd.,China,não,2024-05-21,491,137.4,-353.6,496,154.8,-341.2,97.4,97.283,94.5,87.41
Jilin-1 GaoFen 04A,52388,A — sensoriamento remoto,Chang Guang Satellite Technology Co. Ltd.,China,não,2025-12-17,525,134.8,-390.2,548,147.3,-400.7,97.5,97.471,94.5,87.31
Jilin-1 Hongwai A07,55256,A — sensoriamento remoto,Chang Guang Satellite Technology Co. Ltd.,China,não,2024-03-20,,147.5,,,160.0,,,97.292,,87.56
Jilin-1 Hongwai A08,55255,A — sensoriamento remoto,Chang Guang Satellite Technology Co. Ltd.,China,não,2023-12-13,485,144.8,-340.2,495,161.6,-333.4,97.4,97.296,94.5,87.55
Jilin-1 Kuanfu 01B,49003,A — sensoriamento remoto,Chang Guang Satellite Technology Co. Ltd.,China,sim,2026-09-16,530,530.4,0.4,545,541.7,-3.3,97.5,97.513,94.5,95.36
Jilin-1 Kuanfu 01C,52443,A — sensoriamento remoto,Chang Guang Satellite Technology Co. Ltd.,China,sim,2026-09-16,528,523.9,-4.1,543,549.3,6.3,97.5,97.519,94.5,95.37
Jilin-1 Kuanfu-1,45016,A — sensoriamento remoto,Chang Guang Satellite Technology Co. Ltd.,China,sim,2026-09-16,477,526.2,49.2,492,539.2,47.2,97.3,97.495,94.3,95.29
Jilin-1 Mofang 02A01,51832,A — sensoriamento remoto,Chang Guang Satellite Technology Co. Ltd.,China,sim,2026-09-16,526,498.8,-27.2,550,508.2,-41.8,97.5,97.334,94.5,94.69
Jilin-1 Mofang 02A03,55252,A — sensoriamento remoto,Chang Guang Satellite Technology Co. Ltd.,China,não,2024-10-31,487,134.2,-352.8,496,147.5,-348.5,97.4,97.266,94.5,87.3
Jilin-1 Mofang 02A04,55253,A — sensoriamento remoto,Chang Guang Satellite Technology Co. Ltd.,China,não,2025-02-23,481,162.9,-318.1,494,175.7,-318.3,97.4,97.257,94.5,87.88
Jilin-1 Mofang 02A07,55254,A — sensoriamento remoto,Chang Guang Satellite Technology Co. Ltd.,China,não,2024-10-13,478,135.5,-342.5,495,154.1,-340.9,97.4,97.271,94.5,87.38
"Jilin-1-1 (Optical A, Lingqiao 1)",40961,A — sensoriamento remoto,Chang Guang Satellite Technology Co. Ltd.,China,sim,2026-09-16,638,623.4,-14.6,662,646.1,-15.9,98.05,97.658,97.73,97.41
Jilin-1-10 (Guanpu 2),43946,A — sensoriamento remoto,Chang Guang Satellite Technology Co. Ltd.,China,sim,2026-09-16,521,481.2,-39.8,538,490.8,-47.2,97.5,97.48,95.2,94.33
Jilin-1-3 (Lingqiao 3),41914,A — sensoriamento remoto,Chang Guang Satellite Technology Co. Ltd.,China,sim,2026-09-16,531,431.9,-99.1,544,439.1,-104.9,95.4,97.198,97.54,93.29
Jilin-1-4 (Shipin 4),43022,A — sensoriamento remoto,Chang Guang Satellite Technology Co. Ltd.,China,sim,2026-09-16,532,430.6,-101.4,545,434.6,-110.4,97.5,97.491,95.4,93.23
Jilin-1-5 (Shipin 5),43023,A — sensoriamento remoto,Chang Guang Satellite Technology Co. Ltd.,China,sim,2026-09-16,531,458.1,-72.9,544,463.0,-81.0,97.5,97.491,95.4,93.8
Jilin-1-6 (Shipin 6),43024,A — sensoriamento remoto,Chang Guang Satellite Technology Co. Ltd.,China,sim,2026-09-16,531,458.5,-72.5,544,465.6,-78.4,97.5,97.483,95.4,93.83
Jilin-1-7 (Shipin 7),43159,A — sensoriamento remoto,Chang Guang Satellite Technology Co. Ltd.,China,sim,2026-09-16,523,451.0,-72.0,546,464.8,-81.2,97.5,97.176,95.3,93.75
Jilin-1-8 (Shipin 8),43160,A — sensoriamento remoto,Chang Guang Satellite Technology Co. Ltd.,China,sim,2026-09-16,527,456.2,-70.8,546,467.3,-78.7,97.5,97.18,95.3,93.83
Jilin-1-9 (Guanpu 1),43943,A — sensoriamento remoto,Chang Guang Satellite Technology Co. Ltd.,China,sim,2026-09-16,521,499.8,-21.2,538,504.7,-33.3,97.5,97.473,95.2,94.66
Jin Zijing 1-01,48254,A — sensoriamento remoto,"Beijing ZeroG Space Technology Co., Ltd./Hong Kong Aerospace Tech Group",China,não,2023-12-07,494,146.6,-347.4,508,158.5,-349.5,97.4,97.255,94.7,87.54
Jin Zijing 1-02,48255,A — sensoriamento remoto,"Beijing ZeroG Space Technology Co., Ltd./Hong Kong Aerospace Tech Group",China,não,2023-11-26,494,165.4,-328.6,509,181.0,-328.0,97.4,97.291,94.7,87.95
Jin Zijing 3,55259,A — sensoriamento remoto,Gang Hang Ke,China,não,2024-11-30,483,144.1,-338.9,494,156.9,-337.1,97.4,97.26,94.5,87.5
Jin Zijing 4,55260,A — sensoriamento remoto,Gang Hang Ke,China,não,2024-06-23,481,175.9,-305.1,492,201.5,-290.5,97.4,97.275,94.5,88.27
Jin Zijing 5,49816,A — sensoriamento remoto,Hong Kong Aerospace Technology Group,China,não,2023-05-15,479,135.3,-343.7,501,156.2,-344.8,97.4,97.327,94.5,87.4
Jin Zijing 6,55258,A — sensoriamento remoto,Gang Hang Ke,China,não,2024-11-11,481,144.6,-336.4,492,156.6,-335.4,97.4,97.281,94.5,87.5
Jingshi-1 (BNU-1),44529,A — sensoriamento remoto; C — sinais cooperativos (AIS/ADS-B/RF),Chinese University Corporation for Polar Research,China,sim,2026-09-16,732,720.5,-11.5,749,741.0,-8.0,98.6,98.619,99.6,99.42
Kanopus-B (Kanopus Vulcan 1),38707,A — sensoriamento remoto,Scientific Production Corporation (joint stock creation of Russian Space Agency),Russia,não,2024-11-18,501,163.5,-337.5,505,172.1,-332.9,97.5,97.48,94.7,87.85
Kanopus-V-IK-2,42825,A — sensoriamento remoto,Roscosmos State Corporation,Russia,sim,2026-09-16,505,497.3,-7.7,508,499.8,-8.2,97.4,97.347,94.7,94.59
Kanopus-V-IK-3,43180,A — sensoriamento remoto,Roscosmos State Corporation,Russia,sim,2026-09-16,505,497.5,-7.5,509,499.9,-9.1,97.4,97.348,94.7,94.59
Kanopus-V-IK-4,43181,A — sensoriamento remoto,Roscosmos State Corporation,Russia,sim,2026-09-16,500,497.5,-2.5,509,500.0,-9.0,97.4,97.349,94.7,94.59
Kanopus-V-IK-5,43876,A — sensoriamento remoto,Roscosmos State Corporation,Russia,sim,2026-09-16,503,497.5,-5.5,511,500.0,-11.0,97.5,97.347,94.7,94.59
Kanopus-V-IK-6,43877,A — sensoriamento remoto,Roscosmos State Corporation,Russia,sim,2026-09-16,498,444.3,-53.7,511,446.8,-64.2,97.5,97.365,94.7,93.49
KazEOSat-1 (Kazcosmos Earth Observation Satellite),39731,A — sensoriamento remoto,Kazcosmos,Kazakhstan,sim,2026-09-16,751,750.7,-0.3,754,752.7,-1.3,98.53,98.313,99.87,99.86
KazEOSat-2 (kazcosmos Earth Observation Satellite),40010,A — sensoriamento remoto,Kazcosmos,Kazakhstan,sim,2026-09-16,612,605.3,-6.7,636,618.4,-17.6,97.99,97.536,97.19,96.93
KazSTSAT (Kazakh Science and Technology Satellite),43783,A — sensoriamento remoto,Ghalam LLP,Kazakhstan,sim,2026-09-16,573,557.4,-15.6,589,576.2,-12.8,97.7,97.421,96.3,96.0
Kent Ridge 1,41167,A — sensoriamento remoto,National University of Singapore,Singapore,sim,2026-09-16,534,489.4,-44.6,551,500.6,-50.4,14.98,14.98,95.49,94.51
Kepler-10 BABY YODA,47501,B — coleta de plataformas (DCS/IoT),Kepler Communications,Canada,não,2024-04-26,526,183.7,-342.3,535,203.1,-331.9,97.5,97.288,95.2,88.36
Kepler-11 DANEEL,47503,B — coleta de plataformas (DCS/IoT),Kepler Communications,Canada,não,2025-03-23,525,198.9,-326.1,535,208.0,-327.0,97.7,97.258,95.2,88.56
Kepler-12 BOBA,47446,B — coleta de plataformas (DCS/IoT),Kepler Communications,Canada,não,2024-10-10,526,150.8,-375.2,535,164.2,-370.8,97.5,97.283,95.2,87.64
Kepler-13 LUCKY,47454,B — coleta de plataformas (DCS/IoT),Kepler Communications,Canada,não,2024-04-28,526,141.5,-384.5,535,155.1,-379.9,97.5,97.294,95.2,87.45
Kepler-14 STELLA,47486,B — coleta de plataformas (DCS/IoT),Kepler Communications,Canada,sim,2026-09-15,525,463.3,-61.7,535,470.4,-64.6,97.5,97.217,95.2,93.93
Kepler-15 SUDORMRF,47461,B — coleta de plataformas (DCS/IoT),Kepler Communications,Canada,não,2024-05-26,527,140.1,-386.9,535,156.6,-378.4,97.5,97.287,95.2,87.45
Kepler-16 ASTRAEUS,51059,B — coleta de plataformas (DCS/IoT),Kepler Communications,Canada,não,2024-09-15,524,146.7,-377.3,535,160.5,-374.5,97.5,97.347,94.7,87.56
Kepler-17 KARINA,51057,B — coleta de plataformas (DCS/IoT),Kepler Communications,Canada,não,2025-09-23,525,181.0,-344.0,535,197.0,-338.0,97.5,97.285,94.7,88.27
Kepler-18 BLIP-A,51002,B — coleta de plataformas (DCS/IoT),Kepler Communications,Canada,não,2024-08-26,524,133.9,-390.1,535,148.6,-386.4,97.5,97.368,94.7,87.31
Kepler-19,51051,B — coleta de plataformas (DCS/IoT),Kepler Communications,Canada,não,2025-03-30,519,139.6,-379.4,535,159.4,-375.6,97.5,97.302,94.7,87.48
Kepler-2 CASE,43729,B — coleta de plataformas (DCS/IoT),Kepler Communications,Canada,não,2023-02-23,476,159.9,-316.1,500,175.9,-324.1,97.4,97.283,95,87.85
Kepler-20,56217,B — coleta de plataformas (DCS/IoT),Kepler Communications,Canada,não,2025-09-19,491,159.8,-331.2,507,173.5,-333.5,97.4,97.284,95,87.82
Kepler-21,56218,B — coleta de plataformas (DCS/IoT),Kepler Communications,Canada,não,2026-07-10,,141.6,,,154.4,,97.4,97.27,95,87.45
Kepler-3 TARS,46319,B — coleta de plataformas (DCS/IoT),Kepler Communications,Canada,não,2024-12-06,531,140.0,-391.0,535,152.6,-382.4,97.5,97.304,94.1,87.41
Kepler-4 ANTILLES,46499,B — coleta de plataformas (DCS/IoT),Kepler Communications,Canada,não,2025-06-11,552,250.7,-301.3,568,263.0,-305.0,97.7,97.76,95.8,89.64
Kepler-5 AMIDALA,46498,B — coleta de plataformas (DCS/IoT),Kepler Communications,Canada,não,2024-11-18,552,187.2,-364.8,568,197.2,-370.8,97.7,97.777,95.8,88.34
Kepler-6 ROCINANTE,47955,B — coleta de plataformas (DCS/IoT),Kepler Communications,Canada,não,2024-11-01,534,193.1,-340.9,563,206.2,-356.8,97.7,97.411,95.8,88.49
Kepler-7 C3PO,47949,B — coleta de plataformas (DCS/IoT),Kepler Communications,Canada,não,2024-09-27,536,143.4,-392.6,563,157.1,-405.9,97.7,97.417,95.8,87.49
Kepler-8 AMAROK,47476,B — coleta de plataformas (DCS/IoT),Kepler Communications,Canada,não,2024-06-16,526,159.8,-366.2,535,174.2,-360.8,97.5,97.3,95.2,87.83
Kepler-9 ARTEMIS,47531,B — coleta de plataformas (DCS/IoT),Kepler Communications,Canada,não,2024-06-14,526,179.2,-346.8,535,193.9,-341.1,97.5,97.309,95.2,88.22
KestrelEye IIM,42982,A — sensoriamento remoto,US Army Space and Missile Defense Command/Army Forces Strategic Command,USA,não,2021-08-28,400,142.6,-257.4,407,148.0,-259.0,51.6,51.603,92.6,87.39
"Keyhole 11 (NROL 91, Advanced KH-11, Evolved Improved Crystal 19, USA 338)",53883,A — sensoriamento remoto,National Reconnaissance Office (NRO),USA,sim,2026-07-25,366,393.9,27.9,416,419.1,3.1,73.6,73.587,92.7,92.69
"Keyhole 6 (NRO L49, Advanced KH-11, KH-12-6, Improved Crystal, USA 224)",37348,A — sensoriamento remoto,National Reconnaissance Office (NRO),USA,sim,2024-09-18,200,262.2,62.2,1000,966.9,-33.1,97.8,97.877,97,96.99
"Keyhole 7 (NRO L65, Advanced KH-11, Improved Crystal, USA 245)",39232,A — sensoriamento remoto,National Reconnaissance Office (NRO),USA,sim,2026-09-06,257,267.4,10.4,997,1003.5,6.5,97.8,97.938,97.25,97.42
"Keyhole 8 (NRO L71, Advanced KH-11, Improved Crystal Block 5, USA 290)",43941,A — sensoriamento remoto,National Reconnaissance Office (NRO),USA,sim,2026-08-11,395,394.9,-0.1,419,420.5,1.5,74,73.547,92.7,92.72
"Keyhole 9 (NRO L82, Advanced KH-11, Evolved Improved Crystal Block F2, USA 314)",48247,A — sensoriamento remoto,National Reconnaissance Office (NRO),USA,sim,2026-08-22,524,548.7,24.7,758,769.7,11.7,98.2,98.02,97.9,97.92
KhalifaSat,43676,A — sensoriamento remoto,Emirates Institution for Advanced Science & Technology (EIAST),United Arab Emirates,sim,2026-09-16,597,558.2,-38.8,616,565.9,-50.1,97.8,98.084,96.8,95.9
Khayyam,53370,A — sensoriamento remoto,Revolutionary Guard Corps,Iran,sim,2026-09-16,491,490.0,-1.0,494,493.7,-0.3,97.4,97.333,96.7,94.45
KILIÇSAT,56181,C — sinais cooperativos (AIS/ADS-B/RF),GUMUSH AeroSpace/University of Turkish Aeronautical Association (UTAA),Turkey,não,2025-01-30,497,146.5,-350.5,508,154.0,-354.0,97.4,97.311,96.7,87.49
KIPP-1,43157,B — coleta de plataformas (DCS/IoT),Kepler Communications,United Kingdom,não,2024-04-12,528,159.6,-368.4,547,177.6,-369.4,97.5,97.216,95.3,87.86
"Kompsat-2 (Arirang 2, Korean planned Multipurpose Satellite-2)",29268,A — sensoriamento remoto,Korea Aerospace Research Institute (KARI),South Korea,sim,2026-09-16,676,667.3,-8.7,698,688.7,-9.3,98.2,97.834,98.5,98.31
"Kompsat-3 (Arirang 3, Korean Multipurpose Satellite-3)",38338,A — sensoriamento remoto,Korea Aerospace Research Institute (KARI),South Korea,sim,2026-09-16,679,682.2,3.2,696,689.5,-6.5,98.2,98.127,98.5,98.48
"Kompsat-3A (Arirang 3A, Korean Multipurpose Satellite-3A)",40536,A — sensoriamento remoto,Korea Aerospace Research Institute (KARI),South Korea,sim,2026-09-16,522,358.4,-163.6,540,425.0,-115.0,97.5,97.694,95.25,92.39
"Kompsat-5 (Arirang 5, Korean Multipurpose Satellite-4)",39227,A — sensoriamento remoto,Korea Aerospace Research Institute (KARI),South Korea,sim,2026-09-16,535,550.8,15.8,552,555.4,3.4,97.6,97.621,95.5,95.71
Koreasat 7 (Mugungwha 7),42691,C — sinais cooperativos (AIS/ADS-B/RF),KT Corporation,South Korea,sim,2026-09-16,35781,35782.6,1.6,35791,35791.0,0.0,0,0.023,1436.08,1436.11
KSF1-A,48930,A — sensoriamento remoto; C — sinais cooperativos (AIS/ADS-B/RF),Kleos Space,Luxembourg,não,2024-02-21,513,149.7,-363.3,534,164.5,-369.5,97.5,97.567,95.1,87.63
KSF1-B,48926,A — sensoriamento remoto; C — sinais cooperativos (AIS/ADS-B/RF),Kleos Space,Luxembourg,não,2024-02-11,513,179.1,-333.9,535,192.2,-342.8,97.5,97.571,95.1,88.2
KSF2-A,52194,A — sensoriamento remoto; C — sinais cooperativos (AIS/ADS-B/RF),Kleos Space,Luxembourg,não,2024-08-12,492,197.4,-294.6,511,214.5,-296.5,97.4,97.325,95,88.61
KSF2-B,52193,A — sensoriamento remoto; C — sinais cooperativos (AIS/ADS-B/RF),Kleos Space,Luxembourg,não,2024-02-12,492,164.9,-327.1,511,180.8,-330.2,97.4,97.311,95,87.95
KSF2-C,52189,A — sensoriamento remoto; C — sinais cooperativos (AIS/ADS-B/RF),Kleos Space,Luxembourg,não,2024-08-14,496,206.6,-289.4,509,219.6,-289.4,97.4,97.317,95,88.76
KSF2-D,52190,A — sensoriamento remoto; C — sinais cooperativos (AIS/ADS-B/RF),Kleos Space,Luxembourg,não,2023-12-05,496,143.2,-352.8,509,156.3,-352.7,97.4,97.312,95,87.48
KSF3-A,55086,A — sensoriamento remoto; C — sinais cooperativos (AIS/ADS-B/RF),Kleos Space,Luxembourg,não,2025-12-10,513,174.2,-338.8,535,186.6,-348.4,97.5,97.32,95.4,88.1
KSF3-B,55019,A — sensoriamento remoto; C — sinais cooperativos (AIS/ADS-B/RF),Kleos Space,Luxembourg,não,2025-12-07,505,149.4,-355.6,517,164.7,-352.3,97.5,97.32,95.4,87.63
KSF3-C,55018,A — sensoriamento remoto; C — sinais cooperativos (AIS/ADS-B/RF),Kleos Space,Luxembourg,não,2025-02-01,505,184.4,-320.6,517,195.4,-321.6,97.5,97.353,95.4,88.29
KSF3-D,55085,A — sensoriamento remoto; C — sinais cooperativos (AIS/ADS-B/RF),Kleos Space,Luxembourg,não,2025-10-10,513,164.7,-348.3,536,180.3,-355.7,97.5,97.334,95.4,87.94
KSFI-C,48942,A — sensoriamento remoto; C — sinais cooperativos (AIS/ADS-B/RF),Kleos Space,Luxembourg,não,2024-02-18,512,146.4,-365.6,534,161.8,-372.2,97.5,97.577,95.1,87.57
KSFI-D,48950,A — sensoriamento remoto; C — sinais cooperativos (AIS/ADS-B/RF),Kleos Space,Luxembourg,não,2023-11-29,513,207.5,-305.5,533,219.7,-313.3,97.5,97.576,95.1,88.77
KSM-1A (Kleos Scouting Mission 1A),46906,A — sensoriamento remoto; C — sinais cooperativos (AIS/ADS-B/RF),Kleos Space,Luxembourg,sim,2026-09-16,564,478.6,-85.4,576,484.6,-91.4,36.9,36.892,96.1,94.24
KSM-1B (Kleos Scouting Mission 1B),46907,A — sensoriamento remoto; C — sinais cooperativos (AIS/ADS-B/RF),Kleos Space,Luxembourg,sim,2026-09-16,562,485.3,-76.7,575,491.1,-83.9,36.9,36.895,96.1,94.37
KSM-1C (Kleos Scouting Mission 1C),46912,A — sensoriamento remoto; C — sinais cooperativos (AIS/ADS-B/RF),Kleos Space,Luxembourg,sim,2026-09-16,561,482.2,-78.8,575,486.1,-88.9,36.9,36.896,96.1,94.29
KSM-1D (Kleos Scouting Mission 1D),46914,A — sensoriamento remoto; C — sinais cooperativos (AIS/ADS-B/RF),Kleos Space,Luxembourg,sim,2026-09-16,562,485.2,-76.8,574,492.5,-81.5,36.9,36.901,96.1,94.39
LacunaSat-2B,47948,B — coleta de plataformas (DCS/IoT),Lacuna Space,United Kingdom/Netherlands,não,2024-04-27,535,134.5,-400.5,564,153.9,-410.1,97.6,97.456,95.4,87.37
LacunaSat-2F,56214,B — coleta de plataformas (DCS/IoT),Lacuna Space/NanoAvionics,Lithuania,não,2024-10-23,487,150.1,-336.9,506,158.6,-347.4,97.4,97.313,95.1,87.57
LacunaSat-3,46492,B — coleta de plataformas (DCS/IoT),Lacuna Space,United Kingdom,não,2025-01-31,552,192.1,-359.9,567,201.2,-365.8,97.7,97.785,95.8,88.43
Ladybird 1 (Piao chong 1),43836,B — coleta de plataformas (DCS/IoT),Beijing Commsat Technology Development Co. Ltd.,China,não,2025-01-21,531,141.9,-389.1,549,154.0,-395.0,97.6,97.387,95.4,87.45
Ladybird 2 (Piao chong 2),43837,B — coleta de plataformas (DCS/IoT),Beijing Commsat Technology Development Co. Ltd.,China,não,2024-12-25,530,158.5,-371.5,549,172.4,-376.6,97.6,97.405,95.4,87.8
Ladybird 3 (Piao chong 3),43838,B — coleta de plataformas (DCS/IoT),Beijing Commsat Technology Development Co. Ltd.,China,não,2024-09-10,529,142.2,-386.8,550,161.1,-388.9,97.6,97.306,95.4,87.52
Ladybird 4 (Piao chong 4),43839,B — coleta de plataformas (DCS/IoT),Beijing Commsat Technology Development Co. Ltd.,China,não,2025-01-29,529,157.0,-372.0,549,169.8,-379.2,97.6,97.406,95.4,87.76
Ladybird 5 (Piao chong 5),43840,B — coleta de plataformas (DCS/IoT),Beijing Commsat Technology Development Co. Ltd.,China,não,2024-06-17,528,181.9,-346.1,549,203.7,-345.3,97.6,97.408,95.4,88.35
Ladybird 6 (Piao chong 6),43841,B — coleta de plataformas (DCS/IoT),Beijing Commsat Technology Development Co. Ltd.,China,não,2024-05-10,528,143.6,-384.4,549,164.5,-384.5,97.6,97.415,95.4,87.57
Ladybird 7 (Piao chong 7),43842,B — coleta de plataformas (DCS/IoT),Beijing Commsat Technology Development Co. Ltd.,China,não,2024-04-07,529,196.3,-332.7,549,214.2,-334.8,97.6,97.362,95.4,88.6
Landsat 7,25682,A — sensoriamento remoto,National Aeronautics and Space Administration (NASA)/US Geological Survey,USA,sim,2026-09-16,702,679.2,-22.8,703,681.5,-21.5,98.2,97.864,98.8,98.36
Landsat 8,39084,A — sensoriamento remoto,National Aeronautics and Space Administration (NASA)/US Geological Survey,USA,sim,2026-09-16,700,701.6,1.6,705,703.5,-1.5,98.2,98.222,98.8,98.83
Landsat 9,49260,A — sensoriamento remoto,National Aeronautics and Space Administration (NASA)/US Geological Survey,USA,sim,2026-09-16,676,701.5,25.5,686,703.6,17.6,98.2,98.22,98.8,98.83
LAPAN A2,40931,A — sensoriamento remoto,Indonesian National Aeronautics and Space Agency (Lembaga Penerbangan dan Antariksa Nasional - LAPAN),Indonesia,sim,2026-07-18,631,622.6,-8.4,650,640.5,-9.5,6,6.001,97.53,97.34
LAPAN A3,41603,A — sensoriamento remoto; C — sinais cooperativos (AIS/ADS-B/RF),Indonesian National Aeronautics and Space Agency (Lembaga Penerbangan dan Antariksa Nasional - LAPAN),Indonesia,sim,2026-09-16,501,457.1,-43.9,517,473.1,-43.9,97.5,97.157,94.8,93.9
LAPAN-Tubsat (LAPAN A1),29709,A — sensoriamento remoto,Indonesian National Aeronautics and Space Agency (Lembaga Penerbangan dan Antariksa Nasional - LAPAN),Indonesia,sim,2026-09-16,617,602.8,-14.2,637,617.9,-19.1,97.7,98.14,97.2,96.9
LatinSat A,27612,B — coleta de plataformas (DCS/IoT),Aprize Satellite Argentina,Argentina,sim,2026-09-15,610,578.5,-31.5,668,644.9,-23.1,64.6,64.555,97.5,96.93
LatinSat B,27606,B — coleta de plataformas (DCS/IoT),Aprize Satellite Argentina,Argentina,sim,2026-09-15,603,578.4,-24.6,717,698.5,-18.5,64.6,64.556,97.9,97.49
Lemur-2 AC-Cubed,48927,A — sensoriamento remoto; C — sinais cooperativos (AIS/ADS-B/RF),Spire Global Inc.,USA,não,2024-02-19,512,175.1,-336.9,533,188.3,-344.7,97.5,97.586,95.2,88.12
Lemur-2 Alex-Maddy (Lemur 2FM106),44407,A — sensoriamento remoto; C — sinais cooperativos (AIS/ADS-B/RF),Spire Global Inc.,USA,não,2024-07-13,514,140.3,-373.7,546,157.0,-389.0,97.5,97.614,95.2,87.46
Lemur-2 Alexander (Lemur 2F80),43559,A — sensoriamento remoto; C — sinais cooperativos (AIS/ADS-B/RF),Spire Global Inc.,USA,não,2023-01-09,480,182.9,-297.1,486,196.6,-289.4,51.6,51.621,94.2,88.29
Lemur-2 Amanda-Svant,48269,A — sensoriamento remoto; C — sinais cooperativos (AIS/ADS-B/RF),Spire Global Inc.,USA,sim,2026-09-16,607,446.2,-160.8,610,447.7,-162.3,97.8,97.569,96.6,93.52
Lemur-2 AndiS (Lemur 2F47),42838,A — sensoriamento remoto; C — sinais cooperativos (AIS/ADS-B/RF),Spire Global Inc.,USA,sim,2026-09-15,586,445.4,-140.6,598,457.0,-141.0,97.6,97.37,96.5,93.61
Lemur-2 Angela (Lemur 2F31),42752,A — sensoriamento remoto; C — sinais cooperativos (AIS/ADS-B/RF),Spire Global Inc.,USA,não,2023-04-05,476,185.1,-290.9,490,199.4,-290.6,51.64,51.596,94.2,88.34
Lemur-2 AnnaBanana,48923,A — sensoriamento remoto; C — sinais cooperativos (AIS/ADS-B/RF),Spire Global Inc.,USA,não,2024-07-12,524,138.2,-385.8,536,159.0,-377.0,97.5,97.528,95.2,87.46
Lemur-2 Anubhavthakur (Lemur 2F16),41873,A — sensoriamento remoto; C — sinais cooperativos (AIS/ADS-B/RF),Spire Global Inc.,USA,não,2024-07-18,498,139.7,-358.3,507,144.7,-362.3,51.6,51.637,94.6,87.33
Lemur-2 Beaudacious (Lemur 2FM98),44085,A — sensoriamento remoto; C — sinais cooperativos (AIS/ADS-B/RF),Spire Global Inc.,USA,não,2023-06-29,493,171.8,-321.2,510,191.0,-319.0,97.5,97.223,96.5,88.12
Lemur-2 BrianDavie (Lemur 2F52),43047,A — sensoriamento remoto; C — sinais cooperativos (AIS/ADS-B/RF),Spire Global Inc.,USA,não,2022-02-10,449,148.2,-300.8,454,158.0,-296.0,51.6,51.59,93.6,87.55
Lemur-2 BrownCow (Lemur 2F71),43125,A — sensoriamento remoto; C — sinais cooperativos (AIS/ADS-B/RF),Spire Global Inc.,USA,não,2023-04-16,493,140.4,-352.6,504,157.7,-346.3,97.5,97.32,94.5,87.47
Lemur-2 CarlSantaMari,48959,A — sensoriamento remoto; C — sinais cooperativos (AIS/ADS-B/RF),Spire Global Inc.,USA,não,2023-08-14,512,161.3,-350.7,535,181.3,-353.7,97.5,97.572,95.1,87.92
Lemur-2 Chantal,47529,A — sensoriamento remoto; C — sinais cooperativos (AIS/ADS-B/RF),Spire Global Inc.,USA,não,2024-06-20,521,151.3,-369.7,535,172.5,-362.5,97.5,97.304,95.2,87.73
Lemur-2 Chanusiak (Lemur 2F83),43697,A — sensoriamento remoto; C — sinais cooperativos (AIS/ADS-B/RF),Spire Global Inc.,USA,não,2023-08-31,495,139.4,-355.6,515,158.3,-356.7,85,85.007,94.7,87.46
Lemur-2 Chris (Lemur 2F4),40933,A — sensoriamento remoto; C — sinais cooperativos (AIS/ADS-B/RF),Spire Global Inc.,USA,sim,2024-02-19,635,606.5,-28.5,649,623.7,-25.3,6,6.002,97.57,97.0
Lemur-2 ChristinaHolt (Lemur 2F90),43882,A — sensoriamento remoto; C — sinais cooperativos (AIS/ADS-B/RF),Spire Global Inc.,USA,não,2025-02-10,570,191.3,-378.7,585,202.3,-382.7,97.7,97.557,96.2,88.43
Lemur-2 DaisyHarper (Lemur 2F95),43889,A — sensoriamento remoto; C — sinais cooperativos (AIS/ADS-B/RF),Spire Global Inc.,USA,não,2025-02-20,569,177.5,-391.5,587,187.9,-399.1,97.7,97.574,96.2,88.15
Lemur-2 DaveWilson (Lemur 2F69),43126,A — sensoriamento remoto; C — sinais cooperativos (AIS/ADS-B/RF),Spire Global Inc.,USA,não,2023-04-04,495,172.0,-323.0,502,188.8,-313.2,97.5,97.332,94.5,88.1
Lemur-2 DayWzaGoodDay (2FM123),46501,A — sensoriamento remoto; C — sinais cooperativos (AIS/ADS-B/RF),Spire Global Inc.,USA,não,2024-12-10,554,188.0,-366.0,568,189.2,-378.8,97.7,97.761,94.5,88.26
Lemur-2 Dembitz (Lemur 2F49),42842,A — sensoriamento remoto; C — sinais cooperativos (AIS/ADS-B/RF),Spire Global Inc.,USA,sim,2026-09-16,586,462.3,-123.7,596,472.2,-123.8,97.6,97.385,96.5,93.94
Lemur-2 Disclaimer (Lemur FM165),55014,A — sensoriamento remoto; C — sinais cooperativos (AIS/ADS-B/RF),Spire Global Inc.,Luxembourg,não,2024-07-28,524,145.6,-378.4,538,165.9,-372.1,97.5,97.385,94.6,87.6
Lemur-2 Djara,46926,A — sensoriamento remoto; C — sinais cooperativos (AIS/ADS-B/RF),Spire Global Inc.,USA,não,2022-01-04,414,177.9,-236.1,418,180.0,-238.0,52,51.629,92.9,88.07
Lemur-2 Djirang,51058,A — sensoriamento remoto; C — sinais cooperativos (AIS/ADS-B/RF),Spire Global Inc.,USA,não,2024-06-29,525,148.3,-376.7,535,169.6,-365.4,97.5,97.35,94.7,87.67
Lemur-2 Djuproera (Lemur 2FM116),46316,A — sensoriamento remoto; C — sinais cooperativos (AIS/ADS-B/RF),Spire Global Inc.,USA,não,2023-10-15,534,229.7,-304.3,538,249.2,-288.8,97.5,97.369,94.5,89.29
Lemur-2 Duly (Lemur 2F87),43745,A — sensoriamento remoto; C — sinais cooperativos (AIS/ADS-B/RF),Spire Global Inc.,USA,não,2023-02-19,479,177.3,-301.7,506,197.4,-308.6,97.5,97.332,94.3,88.24
Lemur-2 Dunlop (Lemur 2F57),43053,A — sensoriamento remoto; C — sinais cooperativos (AIS/ADS-B/RF),Spire Global Inc.,USA,não,2022-03-17,451,139.7,-311.3,452,153.6,-298.4,51.6,51.528,93.6,87.42
Lemur-2 DustInTheWind (Lemur 2FM105),44405,A — sensoriamento remoto; C — sinais cooperativos (AIS/ADS-B/RF),Spire Global Inc.,USA,não,2024-03-23,515,153.2,-361.8,546,163.1,-382.9,97.5,97.633,95.2,87.65
Lemur-2 Ejatta (Lemur 2FM104),44409,A — sensoriamento remoto; C — sinais cooperativos (AIS/ADS-B/RF),Spire Global Inc.,USA,não,2024-02-14,515,144.2,-370.8,546,153.0,-393.0,97.5,97.615,95.2,87.46
Lemur-2 Elham (Lemur 2FM99),44086,A — sensoriamento remoto; C — sinais cooperativos (AIS/ADS-B/RF),Spire Global Inc.,USA,não,2023-05-02,493,159.7,-333.3,510,183.6,-326.4,97.5,97.247,94.6,87.92
Lemur-2 Emmaculate (Lemur FM164),55037,A — sensoriamento remoto; C — sinais cooperativos (AIS/ADS-B/RF),Spire Global Inc.,Luxembourg,não,2024-05-23,517,142.6,-374.4,537,159.2,-377.8,97.5,97.404,94.6,87.51
Lemur-2 EthanOakes (Lemur 2FM114),46298,A — sensoriamento remoto; C — sinais cooperativos (AIS/ADS-B/RF),Spire Global Inc.,USA,não,2024-03-22,534,159.4,-374.6,538,178.6,-359.4,97.5,97.337,94.5,87.87
Lemur-2 FuenteTaja-01 (FM169),55088,A — sensoriamento remoto; C — sinais cooperativos (AIS/ADS-B/RF),Spire Global Inc.,Luxembourg,não,2024-08-04,517,188.4,-328.6,537,206.9,-330.1,97.5,97.41,94.6,88.45
Lemur-2 Furiaus (Lemur 2F45),42840,A — sensoriamento remoto; C — sinais cooperativos (AIS/ADS-B/RF),Spire Global Inc.,USA,sim,2026-09-15,584,461.5,-122.5,601,472.3,-128.7,97.6,97.381,96.5,93.93
Lemur-2 Greenberg (Lemur 2F42),42837,A — sensoriamento remoto; C — sinais cooperativos (AIS/ADS-B/RF),Spire Global Inc.,USA,sim,2026-09-16,585,457.9,-127.1,602,470.3,-131.7,97.6,97.386,96.5,93.88
Lemur-2 GregRobinson (Lemur 2FM108),44411,A — sensoriamento remoto; C — sinais cooperativos (AIS/ADS-B/RF),Spire Global Inc.,USA,não,2024-02-04,515,168.7,-346.3,543,178.0,-365.0,97.5,97.604,95.2,87.96
Lemur-2 Gustavo (Lemur 2F89),43885,A — sensoriamento remoto; C — sinais cooperativos (AIS/ADS-B/RF),Spire Global Inc.,USA,não,2025-04-21,570,196.6,-373.4,585,208.8,-376.2,97.7,97.587,96.2,88.55
Lemur-2 HiMomAndDad (Lemur 2FM109),44860,A — sensoriamento remoto; C — sinais cooperativos (AIS/ADS-B/RF),Spire Global Inc.,USA,não,2024-08-13,566,201.3,-364.7,576,208.6,-367.4,36.9,36.953,96.1,88.59
Lemur-2 Jackson,48885,A — sensoriamento remoto; C — sinais cooperativos (AIS/ADS-B/RF),Spire Global Inc.,USA,não,2024-02-08,512,173.9,-338.1,535,190.7,-344.3,97.5,97.519,95.2,88.14
Lemur-2 JenniferSong,47525,A — sensoriamento remoto; C — sinais cooperativos (AIS/ADS-B/RF),Spire Global Inc.,USA,não,2023-12-28,522,142.9,-379.1,535,155.1,-379.9,97.5,97.317,95.2,87.47
Lemur-2 JennnyBarna (Lemur 2F30),42753,A — sensoriamento remoto; C — sinais cooperativos (AIS/ADS-B/RF),Spire Global Inc.,USA,não,2022-12-19,476,144.8,-331.2,490,146.2,-343.8,51.64,51.602,94.2,87.4
Lemur-2 Jeremiah (Lemur 2F129),46911,A — sensoriamento remoto; C — sinais cooperativos (AIS/ADS-B/RF),Spire Global Inc.,USA,não,2024-10-28,565,229.4,-335.6,577,255.8,-321.2,36.9,36.907,94.2,89.35
Lemur-2 Jeroen (Lemur 2F3),40934,A — sensoriamento remoto; C — sinais cooperativos (AIS/ADS-B/RF),Spire Global Inc.,USA,sim,2024-01-04,635,612.2,-22.8,649,626.1,-22.9,6.01,6.007,97.57,97.09
Lemur-2 Jin-Luen (Lemur 2F76),43182,A — sensoriamento remoto; C — sinais cooperativos (AIS/ADS-B/RF),Spire Global Inc.,USA,não,2026-04-08,571,165.3,-405.7,589,177.4,-411.6,97.3,97.526,96.2,87.92
Lemur-2 Jindra (Lemur 2F127),46909,A — sensoriamento remoto; C — sinais cooperativos (AIS/ADS-B/RF),Spire Global Inc.,USA,não,2024-08-30,564,268.1,-295.9,576,286.3,-289.7,36.9,36.884,94.2,90.06
Lemur-2 Jobanputra (Lemur 2-F22),41997,A — sensoriamento remoto; C — sinais cooperativos (AIS/ADS-B/RF),Spire Global Inc.,USA,não,2023-05-24,496,154.0,-342.0,507,173.1,-333.9,97.5,97.182,94.6,87.76
Lemur-2 Joel (Lemur 2F1),40932,A — sensoriamento remoto; C — sinais cooperativos (AIS/ADS-B/RF),Spire Global Inc.,USA,sim,2024-01-06,629,609.8,-19.2,649,625.8,-23.2,6,6.009,97.49,97.06
Lemur-2 JohanLoran (Lemur FM97),44084,A — sensoriamento remoto; C — sinais cooperativos (AIS/ADS-B/RF),Spire Global Inc.,USA,não,2023-03-07,493,149.6,-343.4,510,171.6,-338.4,97.5,97.256,94.6,87.7
Lemur-2 John-Treires,48925,A — sensoriamento remoto; C — sinais cooperativos (AIS/ADS-B/RF),Spire Global Inc.,USA,não,2023-11-29,512,188.1,-323.9,533,198.6,-334.4,97.5,97.571,95.2,88.36
Lemur-2 JPSquared (Lemur 2FMf110),44855,A — sensoriamento remoto; C — sinais cooperativos (AIS/ADS-B/RF),Spire Global Inc.,USA,não,2024-09-14,568,200.8,-367.2,579,217.4,-361.6,36.9,36.961,96.1,88.68
Lemur-2 Kadi (Lemur 2F74),43184,A — sensoriamento remoto; C — sinais cooperativos (AIS/ADS-B/RF),Spire Global Inc.,USA,não,2026-06-04,571,149.4,-421.6,588,166.8,-421.2,97.3,97.433,96.2,87.65
Lemur-2 KarenB,52736,A — sensoriamento remoto; C — sinais cooperativos (AIS/ADS-B/RF),Spire Global Inc.,USA,não,2024-01-31,527,186.2,-340.8,536,200.0,-336.0,97.5,97.528,,88.35
Lemur-2 King-Julien,51022,A — sensoriamento remoto; C — sinais cooperativos (AIS/ADS-B/RF),Spire Global Inc.,USA,não,2024-01-17,524,167.4,-356.6,535,179.7,-355.3,97.5,97.391,94.7,87.96
Lemur-2 Kobyszcze (Lemur 2F86),43732,A — sensoriamento remoto; C — sinais cooperativos (AIS/ADS-B/RF),Spire Global Inc.,USA,não,2023-02-03,476,140.7,-335.3,500,159.8,-340.2,97.5,97.338,95,87.49
Lemur-2 KungFoo (Lemur 2F37),42774,A — sensoriamento remoto; C — sinais cooperativos (AIS/ADS-B/RF),Spire Global Inc.,USA,não,2023-08-29,496,143.7,-352.3,510,159.5,-350.5,97.45,97.104,94.6,87.52
Lemur-2 LillyJo (Lemur 2FM107),44396,A — sensoriamento remoto; C — sinais cooperativos (AIS/ADS-B/RF),Spire Global Inc.,USA,não,2024-02-17,514,142.3,-371.7,547,154.9,-392.1,97.5,97.61,95.2,87.46
Lemur-2 Lisasaurus (Lemur 2F40),42780,A — sensoriamento remoto; C — sinais cooperativos (AIS/ADS-B/RF),Spire Global Inc.,USA,não,2023-08-02,496,152.3,-343.7,508,170.7,-337.3,97.45,97.108,94.6,87.72
Lemur-2 Liu-Poh-Chun (Lemur 2F55),43054,A — sensoriamento remoto; C — sinais cooperativos (AIS/ADS-B/RF),Spire Global Inc.,USA,não,2022-03-08,451,152.2,-298.8,454,156.5,-297.5,51.6,51.607,93.6,87.57
Lemur-2 LucyBryce (Lemur 2F36),42773,A — sensoriamento remoto; C — sinais cooperativos (AIS/ADS-B/RF),Spire Global Inc.,USA,não,2023-09-21,496,177.0,-319.0,511,188.7,-322.3,97.45,97.103,94.6,88.15
Lemur-2 Lynsey-Symo (Lemur 2F41),42779,A — sensoriamento remoto; C — sinais cooperativos (AIS/ADS-B/RF),Spire Global Inc.,USA,não,2023-06-25,496,151.1,-344.9,508,168.3,-339.7,97.45,97.1,94.6,87.68
Lemur-2 Mango1 (Lemur 2F137),47493,A — sensoriamento remoto; C — sinais cooperativos (AIS/ADS-B/RF),Spire Global Inc.,USA,não,2024-05-04,524,182.7,-341.3,535,204.6,-330.4,97.5,97.312,95.2,88.37
Lemur-2 Marshall (Lemur 2F73),43165,A — sensoriamento remoto; C — sinais cooperativos (AIS/ADS-B/RF),Spire Global Inc.,USA,não,2023-08-19,494,130.2,-363.8,534,148.5,-385.5,82.9,82.871,94.9,87.27
Lemur-2 McCafferty (Lemur 2F70),43123,A — sensoriamento remoto; C — sinais cooperativos (AIS/ADS-B/RF),Spire Global Inc.,USA,não,2023-04-17,493,165.2,-327.8,504,183.9,-320.1,97.5,97.329,94.5,87.98
Lemur-2 McCullagh (Lemur 2F56),43051,A — sensoriamento remoto; C — sinais cooperativos (AIS/ADS-B/RF),Spire Global Inc.,USA,não,2022-02-15,451,165.3,-285.7,454,176.2,-277.8,51.6,51.62,93.6,87.9
Lemur-2 McPeake (Lemur 2F38),42782,A — sensoriamento remoto; C — sinais cooperativos (AIS/ADS-B/RF),Spire Global Inc.,USA,não,2023-09-03,496,165.0,-331.0,510,184.2,-325.8,97.45,97.103,94.6,87.98
Lemur-2 Merima,48929,A — sensoriamento remoto; C — sinais cooperativos (AIS/ADS-B/RF),Spire Global Inc.,USA,não,2024-01-16,524,206.5,-317.5,536,216.0,-320.0,97.5,97.522,95.2,88.72
Lemur-2 Mia-Grace (Lemur 2F27),41992,A — sensoriamento remoto; C — sinais cooperativos (AIS/ADS-B/RF),Spire Global Inc.,USA,não,2023-05-16,496,130.4,-365.6,507,158.8,-348.2,97.5,97.193,94.6,87.38
Lemur-2 Mimi1307,52769,A — sensoriamento remoto; C — sinais cooperativos (AIS/ADS-B/RF),Spire Global Inc.,USA,não,2024-05-02,527,183.2,-343.8,536,202.3,-333.7,97.6,97.554,,88.35
Lemur-2 Miriwari,51054,A — sensoriamento remoto; C — sinais cooperativos (AIS/ADS-B/RF),Spire Global Inc.,USA,não,2024-06-29,525,135.7,-389.3,535,153.8,-381.2,97.5,97.357,94.7,87.38
Lemur-2 Mmolo (Lemur FM167),55038,A — sensoriamento remoto; C — sinais cooperativos (AIS/ADS-B/RF),Spire Global Inc.,Luxembourg,não,2024-10-19,516,190.9,-325.1,537,203.1,-333.9,97.5,97.388,94.6,88.43
Lemur-2 Monson (Lemur 2F44),42839,A — sensoriamento remoto; C — sinais cooperativos (AIS/ADS-B/RF),Spire Global Inc.,USA,sim,2026-09-16,585,470.1,-114.9,601,479.7,-121.3,97.6,97.413,96.5,94.1
Lemur-2 Morag (Lemur 2FM101),44403,A — sensoriamento remoto; C — sinais cooperativos (AIS/ADS-B/RF),Spire Global Inc.,USA,não,2024-02-28,516,155.0,-361.0,545,166.9,-378.1,97.5,97.617,95.2,87.71
Lemur-2 NallyWacker (Lemur 2F132),47457,A — sensoriamento remoto; C — sinais cooperativos (AIS/ADS-B/RF),Spire Global Inc.,USA,não,2023-12-15,522,139.0,-383.0,535,151.1,-383.9,97.5,97.338,95.2,87.39
Lemur-2 NatalieMurray (Lemur 2F94),43887,A — sensoriamento remoto; C — sinais cooperativos (AIS/ADS-B/RF),Spire Global Inc.,USA,não,2025-04-01,570,162.8,-407.2,585,174.1,-410.9,97.7,97.559,96.2,87.86
Lemur-2 Neva (Lemur 2F133),47450,A — sensoriamento remoto; C — sinais cooperativos (AIS/ADS-B/RF),Spire Global Inc.,USA,não,2024-01-20,521,157.8,-363.2,535,172.5,-362.5,96.5,97.349,95.2,87.79
Lemur-2 Nichol (Lemur FM122),46503,A — sensoriamento remoto; C — sinais cooperativos (AIS/ADS-B/RF),Spire Global Inc.,USA,não,2025-02-01,553,186.7,-366.3,568,190.7,-377.3,97.7,97.783,94.5,88.27
Lemur-2 NoguesCorreig (Lemur 2F28),41996,A — sensoriamento remoto; C — sinais cooperativos (AIS/ADS-B/RF),Spire Global Inc.,USA,não,2023-06-03,496,138.3,-357.7,507,159.7,-347.3,97.5,97.187,94.6,87.47
Lemur-2 NoobNoob,47538,A — sensoriamento remoto; C — sinais cooperativos (AIS/ADS-B/RF),Spire Global Inc.,USA,não,2024-05-01,521,147.8,-373.2,535,167.2,-367.8,97.5,97.316,95.2,87.64
Lemur-2 OnReflection,56182,A — sensoriamento remoto; C — sinais cooperativos (AIS/ADS-B/RF),Spire Global Inc.,USA,não,2024-10-07,497,171.2,-325.8,506,181.3,-324.7,97.4,97.307,95.2,88.01
Lemur-2 Orzulak (Lemur 2F84),43731,A — sensoriamento remoto; C — sinais cooperativos (AIS/ADS-B/RF),Spire Global Inc.,USA,não,2023-02-01,476,145.6,-330.4,500,166.5,-333.5,97.5,97.329,95,87.61
Lemur-2 Oscarlator (Lemur 2FM118),46299,A — sensoriamento remoto; C — sinais cooperativos (AIS/ADS-B/RF),Spire Global Inc.,USA,não,2024-01-25,534,175.2,-358.8,538,186.0,-352.0,97.5,97.358,94.5,88.1
Lemur-2 Ozarak,46908,A — sensoriamento remoto; C — sinais cooperativos (AIS/ADS-B/RF),Spire Global Inc.,USA,não,2024-10-14,564,188.6,-375.4,576,201.5,-374.5,36.9,36.871,96.1,88.39
Lemur-2 Pappy (Lemur 2FM108),44861,A — sensoriamento remoto; C — sinais cooperativos (AIS/ADS-B/RF),Spire Global Inc.,USA,não,2024-10-07,566,232.4,-333.6,576,247.4,-328.6,36.9,36.937,96.1,89.3
Lemur-2 Peter (Lemur 2F2),40935,A — sensoriamento remoto; C — sinais cooperativos (AIS/ADS-B/RF),Spire Global Inc.,USA,sim,2024-01-06,634,613.1,-20.9,650,627.9,-22.1,6.01,6.005,97.56,97.11
Lemur-2 PeterG (Lemur 2F48),42841,A — sensoriamento remoto; C — sinais cooperativos (AIS/ADS-B/RF),Spire Global Inc.,USA,sim,2026-09-15,586,450.8,-135.2,596,456.4,-139.6,97.6,97.401,96.5,93.66
Lemur-2 PeterWebster (Lemur 2F68),43124,A — sensoriamento remoto; C — sinais cooperativos (AIS/ADS-B/RF),Spire Global Inc.,USA,não,2023-05-08,493,195.2,-297.8,504,216.6,-287.4,97.5,97.325,94.5,88.61
Lemur-2 PhilAri  (Lemur FM166),55013,A — sensoriamento remoto; C — sinais cooperativos (AIS/ADS-B/RF),Spire Global Inc.,Luxembourg,não,2024-08-12,525,198.7,-326.3,537,215.4,-321.6,97.5,97.392,94.6,88.64
Lemur-2 Ramonamae,51021,A — sensoriamento remoto; C — sinais cooperativos (AIS/ADS-B/RF),Spire Global Inc.,USA,não,2024-05-29,524,149.4,-374.6,535,169.5,-365.5,97.5,97.375,94.7,87.68
Lemur-2 Rdeaton (Lemur 2-F25),41995,A — sensoriamento remoto; C — sinais cooperativos (AIS/ADS-B/RF),Spire Global Inc.,USA,não,2023-11-26,496,141.1,-354.9,507,156.2,-350.8,97.5,97.156,94.6,87.46
Lemur-2 RemyColton (Lemur 2F88),43884,A — sensoriamento remoto; C — sinais cooperativos (AIS/ADS-B/RF),Spire Global Inc.,USA,não,2025-04-10,570,144.6,-425.4,585,152.0,-433.0,97.7,97.572,96.2,87.45
Lemur-2 RobMoore (Lemur 2F33),42754,A — sensoriamento remoto; C — sinais cooperativos (AIS/ADS-B/RF),Spire Global Inc.,USA,não,2023-04-27,477,175.0,-302.0,489,176.1,-312.9,51.64,51.593,94.2,88.0
Lemur-2 RocketJonah (Lemur 2F54),43041,A — sensoriamento remoto; C — sinais cooperativos (AIS/ADS-B/RF),Spire Global Inc.,USA,não,2022-02-16,451,168.3,-282.7,454,182.4,-271.6,51.6,51.601,93.6,88.0
Lemur-2 Rohovithsa,51036,A — sensoriamento remoto; C — sinais cooperativos (AIS/ADS-B/RF),Spire Global Inc.,USA,não,2024-08-03,524,180.4,-343.6,535,200.8,-334.2,97.5,97.362,94.7,88.3
Lemur-2 RomaCoste (Lemur 2F53),43048,A — sensoriamento remoto; C — sinais cooperativos (AIS/ADS-B/RF),Spire Global Inc.,USA,não,2022-02-28,451,167.3,-283.7,455,177.5,-277.5,51.6,51.61,93.6,87.94
Lemur-2 Romeo-N-LEO,56206,A — sensoriamento remoto; C — sinais cooperativos (AIS/ADS-B/RF),Spire Global Inc.,USA,não,2024-04-23,490,154.0,-336.0,506,160.8,-345.2,97.5,97.333,95,87.64
Lemur-2 Ruairi-Elidh – 2021-006DC,47511,A — sensoriamento remoto; C — sinais cooperativos (AIS/ADS-B/RF),Spire Global Inc.,USA,não,2024-03-19,521,204.4,-316.6,535,220.6,-314.4,97.5,97.326,95.2,88.75
Lemur-2 Sam-Amelia (Lemur 2F39),42781,A — sensoriamento remoto; C — sinais cooperativos (AIS/ADS-B/RF),Spire Global Inc.,USA,não,2024-03-31,496,148.4,-347.6,509,161.7,-347.3,97.45,97.076,94.6,87.59
Lemur-2 SaoirseDH5Guo (Lemur 2F136),47453,A — sensoriamento remoto; C — sinais cooperativos (AIS/ADS-B/RF),Spire Global Inc.,USA,não,2023-12-19,521,189.0,-332.0,535,199.7,-335.3,97.5,97.352,95.2,88.38
Lemur-2 SarahBettyBoo (Lemur 2F93),43888,A — sensoriamento remoto; C — sinais cooperativos (AIS/ADS-B/RF),Spire Global Inc.,USA,não,2025-03-17,569,166.7,-402.3,584,178.8,-405.2,97.7,97.619,96.2,87.94
Lemur-2 Satchmo (Lemur 2-F24),41991,A — sensoriamento remoto; C — sinais cooperativos (AIS/ADS-B/RF),Spire Global Inc.,USA,não,2023-07-08,496,154.7,-341.3,507,176.8,-330.2,97.5,97.156,94.6,87.8
Lemur-2 Schmidtfall (Lemur 2FM115),46315,A — sensoriamento remoto; C — sinais cooperativos (AIS/ADS-B/RF),Spire Global Inc.,USA,não,2023-12-05,534,198.5,-335.5,538,209.1,-328.9,97.5,97.364,94.5,88.57
Lemur-2 ShainaJohl (Lemur 2F34),42771,A — sensoriamento remoto; C — sinais cooperativos (AIS/ADS-B/RF),Spire Global Inc.,USA,não,2023-09-06,496,151.4,-344.6,511,165.8,-345.2,97.45,97.103,94.6,87.66
Lemur-2 Slicers (Lemur 2FM121),46500,A — sensoriamento remoto; C — sinais cooperativos (AIS/ADS-B/RF),Spire Global Inc.,USA,não,2024-10-09,553,153.2,-399.8,567,163.9,-403.1,97.7,97.715,94.5,87.66
Lemur-2 Smita-Sharad (Lemur 2-F26),41993,A — sensoriamento remoto; C — sinais cooperativos (AIS/ADS-B/RF),Spire Global Inc.,USA,não,2023-11-02,496,136.6,-359.4,507,152.3,-354.7,97.5,97.135,94.6,87.38
Lemur-2 Sokolsky (Lemur 2-F14),41872,A — sensoriamento remoto; C — sinais cooperativos (AIS/ADS-B/RF),Spire Global Inc.,USA,não,2023-04-07,498,166.4,-331.6,507,179.4,-327.6,51.6,51.635,94.6,87.95
Lemur-2 SpecialK,48273,A — sensoriamento remoto; C — sinais cooperativos (AIS/ADS-B/RF),Spire Global Inc.,USA,não,2026-08-21,608,140.4,-467.6,612,158.7,-453.3,97.8,97.542,94.5,87.48
Lemur-2 Spire-Minions (Lemur 2F23),41994,A — sensoriamento remoto; C — sinais cooperativos (AIS/ADS-B/RF),Spire Global Inc.,USA,não,2023-05-21,496,172.8,-323.2,507,193.0,-314.0,97.5,97.18,94.6,88.15
Lemur-2 SpiroVision (Lemur 2F32),42755,A — sensoriamento remoto; C — sinais cooperativos (AIS/ADS-B/RF),Spire Global Inc.,USA,não,2022-12-25,476,152.2,-323.8,490,155.9,-334.1,51.64,51.597,94.2,87.57
Lemur-2 Squarejaws (Lemur 2FM117),46317,A — sensoriamento remoto; C — sinais cooperativos (AIS/ADS-B/RF),Spire Global Inc.,USA,não,2023-11-21,534,143.8,-390.2,539,155.5,-383.5,97.5,97.353,94.5,87.48
Lemur-2 SteveAlbers (Lemur FM168),55017,A — sensoriamento remoto; C — sinais cooperativos (AIS/ADS-B/RF),Spire Global Inc.,Luxembourg,não,2024-09-20,524,154.9,-369.1,537,171.9,-365.1,97.5,97.367,94.6,87.76
Lemur-2 Susurrus (Lemur 2FM120),46502,A — sensoriamento remoto; C — sinais cooperativos (AIS/ADS-B/RF),Spire Global Inc.,USA,não,2024-10-09,554,155.4,-398.6,568,168.3,-399.7,97.7,97.729,94.5,87.73
Lemur-2 Tachikoma (Lemur 2F29),41998,A — sensoriamento remoto; C — sinais cooperativos (AIS/ADS-B/RF),Spire Global Inc.,USA,não,2023-11-14,496,191.6,-304.4,507,201.4,-305.6,97.5,97.155,94.6,88.42
Lemur-2 Tallhamn-ATC (Lemur 2F72),43167,A — sensoriamento remoto; C — sinais cooperativos (AIS/ADS-B/RF),Spire Global Inc.,USA,não,2023-11-08,492,138.6,-353.4,532,154.5,-377.5,82.9,82.846,94.8,87.42
Lemur-2 TennysonLilly,52732,A — sensoriamento remoto; C — sinais cooperativos (AIS/ADS-B/RF),Spire Global Inc.,USA,não,2024-03-11,527,139.9,-387.1,536,156.4,-379.6,97.5,97.541,94.5,87.45
Lemur-2 TheNickMolo (Lemur 2F75),43185,A — sensoriamento remoto; C — sinais cooperativos (AIS/ADS-B/RF),Spire Global Inc.,USA,não,2025-09-26,571,206.9,-364.1,588,219.7,-368.3,97.3,97.543,96.2,88.76
Lemur-2 Theodosia (Lemur 2FM111),44863,A — sensoriamento remoto; C — sinais cooperativos (AIS/ADS-B/RF),Spire Global Inc.,USA,não,2024-09-16,568,185.7,-382.3,576,191.7,-384.3,36.9,36.95,96.1,88.27
Lemur-2 TinyKev (Lemur 2F92),43883,A — sensoriamento remoto; C — sinais cooperativos (AIS/ADS-B/RF),Spire Global Inc.,USA,não,2025-01-05,569,142.9,-426.1,584,149.3,-434.7,97.7,97.515,96.2,87.41
Lemur-2 TomHenderson (Lemur 2F78),43561,A — sensoriamento remoto; C — sinais cooperativos (AIS/ADS-B/RF),Spire Global Inc.,USA,não,2023-02-13,480,188.7,-291.3,486,198.8,-287.2,51.6,51.626,94.2,88.37
Lemur-2 UramChanSol (Lemur 2F77),43183,A — sensoriamento remoto; C — sinais cooperativos (AIS/ADS-B/RF),Spire Global Inc.,USA,não,2025-06-19,571,160.9,-410.1,589,171.2,-417.8,97.3,97.475,96.2,87.81
Lemur-2 Ursa Avion (Lemur 2FM119),46318,A — sensoriamento remoto; C — sinais cooperativos (AIS/ADS-B/RF),Spire Global Inc.,USA,não,2023-12-04,534,148.5,-385.5,539,148.5,-390.5,97.5,97.346,94.5,87.46
Lemur-2 VanDenDries,52733,A — sensoriamento remoto; C — sinais cooperativos (AIS/ADS-B/RF),Spire Global Inc.,USA,não,2024-05-21,527,141.1,-385.9,536,165.4,-370.6,97.5,97.542,94.5,87.55
Lemur-2 Victor-Andrew (Lemur 2FM100),44087,A — sensoriamento remoto; C — sinais cooperativos (AIS/ADS-B/RF),Spire Global Inc.,USA,não,2023-03-12,493,189.6,-303.4,508,207.2,-300.8,97.5,97.25,94.6,88.46
Lemur-2 Vladimir (Lemur 2F85),43746,A — sensoriamento remoto; C — sinais cooperativos (AIS/ADS-B/RF),Spire Global Inc.,USA,não,2023-01-09,476,139.0,-337.0,500,156.2,-343.8,97.5,97.339,95,87.44
Lemur-2 Vu (Lemur 2F81),43558,A — sensoriamento remoto; C — sinais cooperativos (AIS/ADS-B/RF),Spire Global Inc.,USA,não,2023-02-06,480,181.5,-298.5,486,185.2,-300.8,51.6,51.611,94.2,88.16
Lemur-2 Wallace (Lemur 2F128),46910,A — sensoriamento remoto; C — sinais cooperativos (AIS/ADS-B/RF),Spire Global Inc.,USA,não,2024-09-13,568,159.4,-408.6,576,169.3,-406.7,36.9,36.887,96.1,87.78
Lemur-2 Wanli (Lemur 2FM102),44402,A — sensoriamento remoto; C — sinais cooperativos (AIS/ADS-B/RF),Spire Global Inc.,USA,não,2024-02-06,513,149.2,-363.8,547,162.1,-384.9,97.5,97.615,95.2,87.6
Lemur-2 Wingo (Lemur 2F17),41874,A — sensoriamento remoto; C — sinais cooperativos (AIS/ADS-B/RF),Spire Global Inc.,USA,não,2023-04-24,498,174.2,-323.8,507,185.8,-321.2,51.6,51.621,94.6,88.09
Lemur-2 Xiaoqing (Lemur 2F15),41871,A — sensoriamento remoto; C — sinais cooperativos (AIS/ADS-B/RF),Spire Global Inc.,USA,não,2023-04-09,498,179.8,-318.2,507,191.8,-315.2,51.6,51.603,94.6,88.21
Lemur-2 XueniTerence (Lemur 2F35),42772,A — sensoriamento remoto; C — sinais cooperativos (AIS/ADS-B/RF),Spire Global Inc.,USA,não,2023-06-18,496,155.2,-340.8,511,174.4,-336.6,97.45,97.076,94.6,87.78
Lemur-2 Yndrd (Lemur 2FM103),44414,A — sensoriamento remoto; C — sinais cooperativos (AIS/ADS-B/RF),Spire Global Inc.,USA,não,2025-04-26,515,180.8,-334.2,544,190.4,-353.6,97.5,97.66,95.2,88.2
Lemur-2 YongLin (Lemur 2F50),43045,A — sensoriamento remoto; C — sinais cooperativos (AIS/ADS-B/RF),Spire Global Inc.,USA,não,2022-01-29,450,171.6,-278.4,452,178.7,-273.3,51.6,51.608,93.6,87.99
Lemur-2 Yuasa (Lemur 2F79),43560,A — sensoriamento remoto; C — sinais cooperativos (AIS/ADS-B/RF),Spire Global Inc.,USA,não,2023-01-18,480,144.2,-335.8,486,152.4,-333.6,51.6,51.624,94.2,87.45
Lemur-2 Zachary (Lemur 2F46),42845,A — sensoriamento remoto; C — sinais cooperativos (AIS/ADS-B/RF),Spire Global Inc.,USA,sim,2026-09-15,587,388.7,-198.3,597,392.9,-204.1,97.6,97.353,96.5,92.37
Lemur-2 Zo (Lemur 2F91),43886,A — sensoriamento remoto; C — sinais cooperativos (AIS/ADS-B/RF),Spire Global Inc.,USA,não,2025-05-09,569,179.3,-389.7,584,191.2,-392.8,97.7,97.567,96.2,88.2
Lemur-2 Zupanski (Lemur 2F82),43695,A — sensoriamento remoto; C — sinais cooperativos (AIS/ADS-B/RF),Spire Global Inc.,USA,não,2023-10-04,495,140.5,-354.5,595,152.6,-442.4,85,84.972,94.7,87.42
LEO CP9 (Launch Environment Observer),44360,A — sensoriamento remoto; C — sinais cooperativos (AIS/ADS-B/RF),California Polytechnic State University,USA,não,2021-10-25,301,217.0,-84.0,846,263.6,-582.4,28.5,28.484,96.1,89.31
LEO Vantage 1,43113,A — sensoriamento remoto; C — sinais cooperativos (AIS/ADS-B/RF),"Telesat Canada Ltd. (BCE, Inc.)",Canada,sim,2026-09-16,494,420.9,-73.1,506,912.3,406.3,97.5,99.241,94.6,98.07
LINCS-1 (Laser Interconnect and Networking Communications System),48902,A — sensoriamento remoto,General Atomics Electromagnetic Systems,USA,não,2025-03-08,521,159.0,-362.0,536,173.1,-362.9,97.5,97.637,95.2,87.81
LINCS-2 (Laser Interconnect and Networking Communications System),48903,A — sensoriamento remoto,General Atomics Electromagnetic Systems,USA,não,2025-04-30,521,192.1,-328.9,536,206.6,-329.4,97.5,97.644,95.2,88.48
Lingque 1A,43942,A — sensoriamento remoto,Beijing ZeroG Technology Co. Ltd.,China,não,2022-06-14,516,167.2,-348.8,539,195.4,-343.6,97.5,97.488,95.2,88.12
Lize 1,49815,A — sensoriamento remoto,Hong Kong Aerospace Technology Group,China,não,2023-07-31,473,134.3,-338.7,503,162.3,-340.7,97.4,97.329,94.5,87.45
LKW-1 (Land Exploration Satellite 1),43034,A — sensoriamento remoto,People's Liberation Army (C41),China,sim,2026-09-16,489,490.4,1.4,502,492.8,-9.2,97.4,97.093,94.5,94.44
LKW-2 (Land Exploration Satellite 2),43080,A — sensoriamento remoto,People's Liberation Army (C41),China,sim,2026-09-16,489,483.5,-5.5,502,483.9,-18.1,97.4,97.111,94.5,94.28
LKW-3 (Land Exploration Satellite 3),43146,A — sensoriamento remoto,People's Liberation Army (C41),China,sim,2026-09-16,488,453.6,-34.4,503,457.6,-45.4,97.3,97.672,94.5,93.7
LKW-4 (Land Exploration Satellite 4),43236,A — sensoriamento remoto,People's Liberation Army (C41),China,sim,2026-09-15,489,357.2,-131.8,502,359.9,-142.1,97.3,97.637,94.5,91.71
LLITED-A (Low-Latitude Ionosphere/Thermosphere Enhancements in Density),56220,A — sensoriamento remoto,Aerospace Corporation,USA,não,2024-08-26,488,137.9,-350.1,509,155.3,-353.7,97.4,97.309,94.5,87.42
LLITED-B (Low-Latitude Ionosphere/Thermosphere Enhancements in Density),56219,A — sensoriamento remoto,Aerospace Corporation,USA,não,2024-08-22,488,138.0,-350.0,509,151.3,-357.7,97.4,97.323,94.5,87.38
Lotos-S1 (Cosmos 2455),36095,A — sensoriamento remoto; C — sinais cooperativos (AIS/ADS-B/RF),Ministry of Defense,Russia,sim,2026-09-15,900,900.0,0.0,911,908.0,-3.0,67.2,67.149,103.1,103.07
Lotos-S1 803 (Cosmos 2524),43032,A — sensoriamento remoto; C — sinais cooperativos (AIS/ADS-B/RF),Ministry of Defense,Russia,sim,2026-09-16,908,901.1,-6.9,916,904.3,-11.7,67.1,67.149,101,103.05
Lotos-S1 804 (Cosmos 2528),43657,A — sensoriamento remoto; C — sinais cooperativos (AIS/ADS-B/RF),Ministry of Defense,Russia,sim,2026-09-15,244,899.5,655.5,900,910.9,10.9,67.1,67.148,96.1,103.1
Lotos-S1 805 (Cosmos 2549),47546,A — sensoriamento remoto; C — sinais cooperativos (AIS/ADS-B/RF),Ministry of Defense,Russia,sim,2026-09-16,901,898.3,-2.7,909,909.2,0.2,67.1,67.149,103.09,103.07
Lotos-S1 806 (Cosmos 2554),52202,A — sensoriamento remoto; C — sinais cooperativos (AIS/ADS-B/RF),Ministry of Defense,Russia,sim,2026-09-16,896,901.7,5.7,908,908.9,0.9,67.1,67.151,103.09,103.1
Lotos-S2 (Cosmos 2502),40358,A — sensoriamento remoto; C — sinais cooperativos (AIS/ADS-B/RF),Ministry of Defense,Russia,sim,2026-09-16,901,897.0,-4.0,910,905.6,-4.4,67.15,67.153,103.11,103.02
"LQSat (Lingqiao Satellite, Jilian 1A)",40958,A — sensoriamento remoto,Changchun Institute of Optics,China,sim,2026-09-16,640,627.5,-12.5,663,650.9,-12.1,98.04,97.677,97.77,97.5
Ludi Tance 1-01A (L-SAR 01A),51284,A — sensoriamento remoto,Shanghai Academy of Space Technology,China,sim,2026-09-16,591,601.7,10.7,601,604.0,3.0,97.8,97.811,95.4,96.75
Ludi Tance 1-01B (L-SAR 01B),51822,A — sensoriamento remoto,Shanghai Academy of Space Technology,China,sim,2026-09-16,596,601.8,5.8,600,604.0,4.0,97.8,97.811,95.4,96.75
Luojia 1,43485,A — sensoriamento remoto,Wuhan University,China,sim,2026-09-16,634,599.3,-34.7,647,611.8,-35.2,98,97.804,97.5,96.8
Luojia 3-01,55250,A — sensoriamento remoto,Wuhan University,China,não,2024-06-15,485,148.6,-336.4,498,172.1,-325.9,97.5,97.279,95.1,87.69
M3MSat (Maritime Monitoring and Messaging Microsatellite),41605,A — sensoriamento remoto; C — sinais cooperativos (AIS/ADS-B/RF),Defence Research and Development Canada (DRDC)/Canadian Space Agency,Canada,não,2025-12-19,501,134.7,-366.3,515,146.1,-368.9,97.5,97.028,94.7,87.29
MDASat-1A (Maritime Domain Awareness Satellite),50995,A — sensoriamento remoto; C — sinais cooperativos (AIS/ADS-B/RF),Cape Peninsula University of Technology (CPUT),South Africa,não,2025-05-06,522,170.4,-351.6,535,186.5,-348.5,97.5,97.319,94.7,88.06
MDASat-1B (Maritime Domain Awareness Satellite),51050,A — sensoriamento remoto; C — sinais cooperativos (AIS/ADS-B/RF),Cape Peninsula University of Technology (CPUT),South Africa,não,2025-02-24,524,144.0,-380.0,535,160.3,-374.7,97.5,97.319,94.7,87.53
MDASat-1C (Maritime Domain Awareness Satellite),51038,A — sensoriamento remoto; C — sinais cooperativos (AIS/ADS-B/RF),Cape Peninsula University of Technology (CPUT),South Africa,não,2025-05-01,523,179.2,-343.8,525,195.0,-330.0,97.5,97.325,94.7,88.23
Megha-Tropiques,37838,A — sensoriamento remoto; B — coleta de plataformas (DCS/IoT),Indian Space Research Organization (ISRO)/Centre National d'Etudes Spatiales (CNES),India/France,não,2023-03-07,853,252.7,-600.3,868,381.1,-486.9,20,19.957,102.2,90.86
Menut,55010,A — sensoriamento remoto,Open Cosmos,Spain,sim,2026-09-16,525,336.2,-188.8,538,340.5,-197.5,97.5,97.299,94.7,91.3
"Mercury 1 (Advanced Vortex 1,  105)",23223,A — sensoriamento remoto; C — sinais cooperativos (AIS/ADS-B/RF),National Reconnaissance Office (NRO)/US Air Force,USA,sim,2025-04-03,35598,35665.3,67.3,35976,35908.9,-67.1,5.1,13.126,1436.13,1436.12
"Mercury 2 (Advanced Vortex 2,  118)",23855,A — sensoriamento remoto; C — sinais cooperativos (AIS/ADS-B/RF),National Reconnaissance Office (NRO)/US Air Force,USA,sim,2025-04-03,33674,34376.2,702.2,37900,37198.0,-702.0,7.33,8.134,1436.12,1436.12
"Mercury 3 (NROL 67,  250)",39652,A — sensoriamento remoto; C — sinais cooperativos (AIS/ADS-B/RF),National Reconnaissance Office (NRO)/US Air Force,USA,sim,2022-09-20,35500,35755.4,255.4,35500,35818.8,318.8,7,2.201,1436,1436.12
Meteor-M 2.2,44387,A — sensoriamento remoto,Russian Federal Service For Hydrometeorology and Environmental Monitoring (ROSHYDROMET),Russia,sim,2026-09-16,812,808.9,-3.1,815,812.2,-2.8,98.5,98.924,101.1,101.1
Meteor-M N-2,40069,A — sensoriamento remoto,Russian Federal Service For Hydrometeorology and Environmental Monitoring (ROSHYDROMET),Russia,sim,2026-09-16,819,815.6,-3.4,828,825.1,-2.9,98.81,98.523,101.3,101.3
"Meteosat 10 (MSGalaxy-3,MSG 3)",38552,A — sensoriamento remoto,EUMETSAT (European Organization for the Exploitation of Meteorological Satellites),Multinational,sim,2026-09-16,35784,35782.9,-1.1,35791,35790.2,-0.8,1.8,4.883,1436.15,1436.1
Meteosat 11 (MSG 4),40732,A — sensoriamento remoto,EUMETSAT (European Organization for the Exploitation of Meteorological Satellites),Multinational,sim,2026-09-16,35791,35783.6,-7.4,35795,35788.6,-6.4,3.1,3.424,1436.1,1436.07
"Meteosat 8 (MSGalaxy-1, MSG-1)",27509,A — sensoriamento remoto,EUMETSAT (European Organization for the Exploitation of Meteorological Satellites),Multinational,sim,2026-09-16,35781,36404.4,623.4,35793,36522.4,729.4,0.46,11.432,1436.1,1470.81
"Meteosat 9 (MSGalaxy-2, MSG 2)",28912,A — sensoriamento remoto,EUMETSAT (European Organization for the Exploitation of Meteorological Satellites),Multinational,sim,2026-09-16,35775,35777.1,2.1,35795,35793.7,-1.3,0.29,9.563,1436,1436.04
MetOp-B (Meteorological Operational satellite),38771,A — sensoriamento remoto,ESA/EUMETSAT (European Organization for the Exploitation of Meterological Satellites),Multinational,sim,2026-09-16,819,817.9,-1.1,822,822.9,0.9,98.7,98.641,101.3,101.3
MetOp-C (Meteorological Operational satellite),43689,A — sensoriamento remoto,ESA/EUMETSAT (European Organization for the Exploitation of Meterological Satellites),Multinational,sim,2026-09-16,825,820.0,-5.0,829,820.5,-8.5,98.7,98.695,101.2,101.3
MeznSat,46489,A — sensoriamento remoto,Masdar Institute of Science and Technology,United Arab Emirates,não,2025-05-02,544,147.5,-396.5,567,161.0,-406.0,97.7,97.796,95.8,87.57
MicroDragon,43935,A — sensoriamento remoto,Vietnam National Space Center,Vietnam,não,2024-10-01,490,129.5,-360.5,511,141.7,-369.3,97.3,97.044,94.6,87.2
MicroMAS-2A (Micro-sized Microwave Atmospheric Satellite),43131,A — sensoriamento remoto,MIT/Lincoln Laboratory-University of Massachusetts Amherst,USA,não,2023-04-05,493,157.0,-336.0,505,176.5,-328.5,97.5,97.302,94.5,87.82
Mohammed VI-A,43005,A — sensoriamento remoto,Kingdom of Morocco,Morocco,sim,2026-09-16,636,637.6,1.6,638,639.6,1.6,97.9,97.948,97.4,97.49
Mohammed VI-B,43717,A — sensoriamento remoto,Kingdom of Morocco,Morocco,sim,2026-09-16,601,637.7,36.7,606,639.3,33.3,98,97.948,97,97.49
NANOSATC-BR2,47953,A — sensoriamento remoto,"Brazilian National Institute of Space Research (INPE/MCTI), Federal University of Santa Maria (UFSM)",Brazil,sim,2026-09-09,534,165.0,-369.0,557,175.5,-381.5,97.6,97.367,94.5,87.9
NAPA-1 (Royal Thai Air Force Sat-1),46320,A — sensoriamento remoto,Thai Air Force,Thailand,sim,2026-09-15,531,315.8,-215.2,535,318.5,-216.5,97.5,97.233,94.5,90.87
NAPA-2 (Royal Thai Air Force Sat-2),48963,A — sensoriamento remoto,Thai Air Force,Thailand,não,2026-07-04,519,171.9,-347.1,540,184.9,-355.1,97.5,97.642,94.5,88.06
Neitron No. 1 (Cosmos 2553),51511,A — sensoriamento remoto,Ministry of Defense,Russia,sim,2026-09-15,1992,1992.8,0.8,1999,1999.8,0.8,67.09,67.09,750,127.11
NEMO-HD,46277,A — sensoriamento remoto,Center of Excellence for Space Sciences and Technologies (SPACE-SI),Slovenia,sim,2026-09-16,516,426.1,-89.9,523,429.5,-93.5,97.5,97.182,94.5,93.13
Neptuno (NEPT-1),48966,A — sensoriamento remoto,Deimos,Spain,não,2024-08-14,519,199.7,-319.3,533,216.0,-317.0,97.5,97.614,95.1,88.65
NeR,52937,A — sensoriamento remoto,Unknown,Sinapore,não,2025-06-01,561,224.7,-336.3,592,234.1,-357.9,10,9.976,,89.09
NigeriaSat-2,37789,A — sensoriamento remoto,National Space Research and Development Agency (NASRDA),Nigeria,sim,2026-09-16,691,638.5,-52.5,705,679.9,-25.1,98.2,97.89,98.7,97.92
Nigeriasat-X,37790,A — sensoriamento remoto,National Space Research and Development Agency (NASRDA),Nigeria,sim,2026-09-15,661,680.7,19.7,696,699.7,3.7,98.2,97.866,98.3,98.57
Ningxia-1 01,44779,A — sensoriamento remoto,Ningxia Jingui Information Technology Co. Ltd.,China,sim,2026-09-16,887,878.3,-8.7,898,894.6,-3.4,45,45.005,102.8,102.7
Ningxia-1 02,44780,A — sensoriamento remoto,Ningxia Jingui Information Technology Co. Ltd.,China,sim,2026-09-16,886,881.7,-4.3,897,891.2,-5.8,45,45.007,102.8,102.7
Ningxia-1 03,44781,A — sensoriamento remoto,Ningxia Jingui Information Technology Co. Ltd.,China,sim,2026-09-16,886,879.5,-6.5,897,894.1,-2.9,45,45.0,102.8,102.71
Ningxia-1 04,44782,A — sensoriamento remoto,Ningxia Jingui Information Technology Co. Ltd.,China,sim,2026-09-16,884,877.6,-6.4,898,896.1,-1.9,45,45.007,102.8,102.71
Ningxia-1 05,44783,A — sensoriamento remoto,Ningxia Jingui Information Technology Co. Ltd.,China,sim,2026-09-16,884,878.6,-5.4,897,894.5,-2.5,45,45.005,102.8,102.7
Ningxia-2 01,49018,A — sensoriamento remoto; C — sinais cooperativos (AIS/ADS-B/RF),Ningxia Jingui Information Technology Co. Ltd.,China,sim,2026-09-16,857,857.8,0.8,866,870.9,4.9,45,45.0,102.8,102.23
Ningxia-2 02,49019,A — sensoriamento remoto; C — sinais cooperativos (AIS/ADS-B/RF),Ningxia Jingui Information Technology Co. Ltd.,China,sim,2026-09-16,856,858.6,2.6,866,870.0,4.0,45,45.002,102.8,102.23
Ningxia-2 03,49020,A — sensoriamento remoto; C — sinais cooperativos (AIS/ADS-B/RF),Ningxia Jingui Information Technology Co. Ltd.,China,sim,2026-09-16,855,858.1,3.1,866,870.6,4.6,45,44.994,102.8,102.23
Ningxia-2 04,49021,A — sensoriamento remoto; C — sinais cooperativos (AIS/ADS-B/RF),Ningxia Jingui Information Technology Co. Ltd.,China,sim,2026-09-16,854,857.6,3.6,866,871.3,5.3,45,45.002,102.8,102.24
Ningxia-2 05,49022,A — sensoriamento remoto; C — sinais cooperativos (AIS/ADS-B/RF),Ningxia Jingui Information Technology Co. Ltd.,China,sim,2026-09-16,853,857.9,4.9,866,870.7,4.7,45,44.999,102.8,102.23
NOAA-15 (NOAA-K),25338,A — sensoriamento remoto,National Oceanographic and Atmospheric Administration (NOAA) (part of international program),USA,sim,2026-09-16,800,793.0,-7.0,816,809.4,-6.6,98.7,98.505,101,100.9
"NOAA-18 (NOAA-N, COSPAS-SARSAT)",28654,A — sensoriamento remoto,National Oceanographic and Atmospheric Administration (NOAA) (part of international program),USA,sim,2026-09-16,843,837.0,-6.0,864,856.2,-7.8,99.1,98.806,102,101.86
"NOAA-19 (NOAA-N Prime, COSPAS-SARSAT)",33591,A — sensoriamento remoto,National Oceanographic and Atmospheric Administration (NOAA) (part of international program),USA,sim,2026-09-16,845,836.9,-8.1,864,858.0,-6.0,98.9,98.944,102,101.88
NOAA-20 (JPSS-1),43013,A — sensoriamento remoto,National Oceanographic and Atmospheric Administration (NOAA) (part of international program),USA,sim,2026-09-16,817,825.9,8.9,819,828.0,9.0,98.7,98.782,101.2,101.44
Noor-2,51954,A — sensoriamento remoto,Revolutionary Guard Corps,Iran,não,2024-05-17,495,165.9,-329.1,512,173.2,-338.8,58.3,58.244,96.15,87.88
NorSat-1,42826,A — sensoriamento remoto; C — sinais cooperativos (AIS/ADS-B/RF),Norwegian Space Center,Norway,sim,2026-09-15,586,515.3,-70.7,605,526.5,-78.5,97.6,97.454,96.5,95.05
NorSat-2,42828,A — sensoriamento remoto; C — sinais cooperativos (AIS/ADS-B/RF),Norwegian Space Center,Norway,sim,2026-09-15,586,488.1,-97.9,605,502.5,-102.5,97.6,97.411,96.5,94.52
NorSat-3,48272,A — sensoriamento remoto; C — sinais cooperativos (AIS/ADS-B/RF),Norwegian Space Center,Norway,sim,2026-09-16,609,543.7,-65.3,613,553.6,-59.4,97.8,97.521,96,95.62
NorSat-TD,56194,A — sensoriamento remoto; C — sinais cooperativos (AIS/ADS-B/RF),Norwegian Space Center/Statsat,Norway,não,2025-05-17,494,159.4,-334.6,507,171.7,-335.3,97.4,97.306,95.4,87.8
NovaSAR-1,43619,A — sensoriamento remoto,UK Government/Surrey Satellite Technologies,United Kingdom,sim,2026-09-16,586,576.7,-9.3,600,579.8,-20.2,97.8,97.491,96,96.24
NPP (National Polar-orbiting Operational Environmental Satellite System [NPOESS]),37849,A — sensoriamento remoto,National Oceanographic and Atmospheric Administration (NOAA)/NASA,USA,sim,2026-09-16,827,824.9,-2.1,827,829.0,2.0,98.7,98.8,101.4,101.44
NROL-85 (USA 327),52259,A — sensoriamento remoto; C — sinais cooperativos (AIS/ADS-B/RF),National Reconnaissance Office (NRO),USA,sim,2026-09-14,1007,1094.1,87.1,1207,1117.0,-90.0,63.4,63.426,94,107.38
NROL-86 (USA 326),51445,A — sensoriamento remoto,National Reconnaissance Office (NRO),USA,sim,2026-08-31,491,498.2,7.2,524,503.1,-20.9,97.89,97.397,95.2,94.63
ÑuSat-10 (Caroline),46832,A — sensoriamento remoto,Satellogic S.A.,Argentina,não,2023-10-24,467,195.1,-271.9,477,207.6,-269.4,97.3,97.12,94,88.52
ÑuSat-11 (Cora),46829,A — sensoriamento remoto,Satellogic S.A.,Argentina,não,2023-10-07,467,137.7,-329.3,478,151.6,-326.4,97.3,97.101,94,87.38
ÑuSat-12 (Dorothy),46827,A — sensoriamento remoto,Satellogic S.A.,Argentina,não,2023-09-26,467,168.2,-298.8,477,183.8,-293.2,97.3,97.104,94,88.01
ÑuSat-13 (Emmy),46833,A — sensoriamento remoto,Satellogic S.A.,Argentina,não,2023-10-18,465,150.2,-314.8,475,164.9,-310.1,97.3,97.103,94,87.64
ÑuSat-14 (Hedy),46831,A — sensoriamento remoto,Satellogic S.A.,Argentina,não,2023-09-04,468,168.5,-299.5,478,184.3,-293.7,97.3,97.121,94,88.02
ÑuSat-15 (Katherine),46830,A — sensoriamento remoto,Satellogic S.A.,Argentina,não,2023-09-18,467,129.2,-337.8,476,147.9,-328.1,97.3,97.12,94,87.26
ÑuSat-16 (Lise),46840,A — sensoriamento remoto,Satellogic S.A.,Argentina,não,2023-09-21,465,136.5,-328.5,473,153.5,-319.5,97.3,97.131,94,87.39
ÑuSat-17 (Mary),46835,A — sensoriamento remoto,Satellogic S.A.,Argentina,não,2023-10-11,465,173.1,-291.9,474,185.9,-288.1,97.3,97.108,94,88.08
ÑuSat-18 (Vera),46836,A — sensoriamento remoto,Satellogic S.A.,Argentina,não,2023-09-30,465,138.4,-326.6,473,154.3,-318.7,97.3,97.108,94,87.41
ÑuSat-19 (Rosalind),48905,A — sensoriamento remoto,Satellogic S.A.,Argentina,não,2024-10-22,524,190.4,-333.6,536,199.9,-336.1,97.4,97.568,95.1,88.4
ÑuSat-20 (Grace),48921,A — sensoriamento remoto,Satellogic S.A.,Argentina,não,2023-11-11,523,150.6,-372.4,536,164.2,-371.8,97.5,97.381,95.1,87.64
ÑuSat-21 (Elisa),48920,A — sensoriamento remoto,Satellogic S.A.,Argentina,não,2023-10-23,523,143.8,-379.2,536,157.6,-378.4,97.5,97.376,95.1,87.5
ÑuSat-22 (Sofya),48919,A — sensoriamento remoto,Satellogic S.A.,Argentina,não,2023-12-15,523,146.2,-376.8,536,159.3,-376.7,97.5,97.385,95.1,87.54
ÑuSat-23 (Annie Maunder),52168,A — sensoriamento remoto,Satellogic S.A.,Argentina,não,2024-10-28,498,131.1,-366.9,509,146.2,-362.8,97.4,97.287,95.1,87.26
ÑuSat-24 (Kaplana Chawla),52178,A — sensoriamento remoto,Satellogic S.A.,Argentina,não,2025-01-05,497,145.4,-351.6,510,158.2,-351.8,97.4,97.225,95.1,87.52
ÑuSat-25 (Maria Telkes),52171,A — sensoriamento remoto,Satellogic S.A.,Argentina,não,2025-12-19,494,165.5,-328.5,509,177.4,-331.6,97.4,97.221,95.1,87.92
ÑuSat-26 (Mary Somerville),52184,A — sensoriamento remoto,Satellogic S.A.,Argentina,sim,2026-09-16,494,427.7,-66.3,509,433.0,-76.0,97.4,97.228,95.1,93.18
ÑuSat-27 (Sally Ride),52172,A — sensoriamento remoto,Satellogic S.A.,Argentina,não,2024-08-01,493,132.4,-360.6,509,150.8,-358.2,97.4,97.251,95.1,87.32
ÑuSat-28 (Alice Lee),52747,A — sensoriamento remoto,Satellogic S.A.,Argentina,não,2026-03-19,525,147.4,-377.6,536,163.5,-372.5,97.5,97.49,94.1,87.6
ÑuSat-29 (Edith Clarke),52764,A — sensoriamento remoto,Satellogic S.A.,Argentina,não,2025-12-13,519,153.4,-365.6,535,166.3,-368.7,97.5,97.47,94.1,87.68
ÑuSat-3 (Milanesat),42760,A — sensoriamento remoto,Satellogic S.A.,Argentina,não,2025-06-22,535,176.2,-358.8,545,179.3,-365.7,43.02,42.974,95.44,88.05
ÑuSat-30 (Margherita),52748,A — sensoriamento remoto,Satellogic S.A.,Argentina,não,2024-11-28,523,156.6,-366.4,535,169.5,-365.5,97.5,97.377,94.1,87.75
ÑuSat-31 (Ruby Payne-Scott),52752,A — sensoriamento remoto,Satellogic S.A.,Argentina,não,2026-03-31,523,145.1,-377.9,535,159.9,-375.1,97.5,97.623,94.1,87.54
ÑuSat-32 (Albania-1),55064,A — sensoriamento remoto,Satellogic S.A.,Argentina,não,2026-01-29,521,142.3,-378.7,537,154.0,-383.0,97.5,97.166,95.1,87.45
ÑuSat-33 (Albania-2),55047,A — sensoriamento remoto,Satellogic S.A.,Argentina,sim,2026-09-16,521,472.7,-48.3,537,483.7,-53.3,97.5,97.297,95.1,94.17
ÑuSat-34 (Amelia Earhart),55045,A — sensoriamento remoto,Satellogic S.A.,Argentina,sim,2026-09-16,521,459.3,-61.7,537,472.8,-64.2,97.5,97.326,95.1,93.92
ÑuSat-35 (Williamina),55048,A — sensoriamento remoto,Satellogic S.A.,Argentina,sim,2026-09-16,521,446.1,-74.9,537,462.6,-74.4,97.5,97.175,95.1,93.68
ÑuSat-36 (Annie Cannon),56190,A — sensoriamento remoto,Satellogic S.A.,Argentina,não,2025-04-11,489,159.2,-329.8,499,169.4,-329.6,97.4,97.291,94.4,87.77
ÑuSat-37 (Joan Clarke ),56201,A — sensoriamento remoto,Satellogic S.A.,Argentina,sim,2026-09-16,491,408.9,-82.1,507,417.9,-89.1,97.4,97.303,94.4,92.84
ÑuSat-38 (Maria Gaetana Agnesi),56202,A — sensoriamento remoto,Satellogic S.A.,Argentina,sim,2026-09-16,491,393.6,-97.4,504,411.3,-92.7,97.4,97.296,94.4,92.61
ÑuSat-39 (Tikvah Alper),56203,A — sensoriamento remoto,Satellogic S.A.,Argentina,sim,2026-09-16,491,369.9,-121.1,504,371.7,-132.3,97.4,97.251,94.4,91.96
ÑuSat-4 (Ada),43195,A — sensoriamento remoto,Satellogic S.A.,Argentina,não,2024-01-04,493,137.9,-355.1,503,149.3,-353.7,97.2,97.554,94.5,87.36
ÑuSat-5 (Maryam),43204,A — sensoriamento remoto,Satellogic S.A.,Argentina,não,2023-12-24,487,134.7,-352.3,507,150.1,-356.9,97.2,97.558,94.5,87.33
ÑuSat-6 (Hypatia),46272,A — sensoriamento remoto,Satellogic S.A.,Argentina,não,2024-09-14,516,130.7,-385.3,524,144.7,-379.3,97.5,97.202,94.5,87.24
ÑuSat-7 (Sophie),45017,A — sensoriamento remoto,Satellogic S.A.,Argentina,não,2024-01-12,476,131.2,-344.8,490,146.9,-343.1,97.3,97.116,94.2,87.27
ÑuSat-8 (Marie),45018,A — sensoriamento remoto,Satellogic S.A.,Argentina,não,2023-09-30,475,125.6,-349.4,492,143.2,-348.8,97.3,97.141,94.2,87.17
ÑuSat-9 (Alice),46828,A — sensoriamento remoto,Satellogic S.A.,Argentina,não,2023-10-03,467,149.6,-317.4,479,164.8,-314.2,97.3,97.09,94,87.63
OCO 2  (Orbiting Carbon Observatory),40059,A — sensoriamento remoto,National Aeronautics and Space Administration (NASA),USA,sim,2026-09-16,701,701.4,0.4,704,703.7,-0.3,98.2,98.207,98.83,98.83
Odin,26702,A — sensoriamento remoto,Swedish National Space Board,Sweden,não,2026-08-03,569,145.7,-423.3,573,163.0,-410.0,97.6,97.353,96.1,87.57
Ofeq 16,45860,A — sensoriamento remoto,Ministry of Defense,Israel,sim,2026-07-11,352,566.5,214.5,603,581.0,-22.0,141.12,141.084,93.9,96.14
Optsat-3000,42900,A — sensoriamento remoto,Italian Defense Ministry,Italy,sim,2026-08-31,452,497.2,45.2,453,504.3,51.3,97.2,97.377,93.5,94.63
ORBCOMM FM-10 (ORBCOMM A2),25113,B — coleta de plataformas (DCS/IoT),ORBCOMM Inc.,USA,sim,2026-09-16,770,732.9,-37.1,776,737.1,-38.9,45,45.017,100.3,99.51
ORBCOMM FM-11 (ORBCOMM A3),25114,B — coleta de plataformas (DCS/IoT),ORBCOMM Inc.,USA,sim,2026-09-16,769,733.3,-35.7,777,738.4,-38.6,45,45.015,100.3,99.52
ORBCOMM FM-12 (ORBCOMM A4),25115,B — coleta de plataformas (DCS/IoT),ORBCOMM Inc.,USA,sim,2026-09-15,770,733.8,-36.2,776,737.8,-38.2,45,45.016,100.3,99.52
ORBCOMM FM-13 (ORBCOMM B1),25420,B — coleta de plataformas (DCS/IoT),ORBCOMM Inc.,USA,sim,2026-09-16,788,758.5,-29.5,795,766.7,-28.3,45,44.996,100.7,100.09
ORBCOMM FM-14 (ORBCOMM B2),25419,B — coleta de plataformas (DCS/IoT),ORBCOMM Inc.,USA,sim,2026-09-16,789,754.9,-34.1,794,760.2,-33.8,45,44.995,100.7,99.98
ORBCOMM FM-15 (ORBCOMM B3),25418,B — coleta de plataformas (DCS/IoT),ORBCOMM Inc.,USA,sim,2026-09-16,788,755.9,-32.1,795,762.2,-32.8,45,44.996,100.7,100.01
ORBCOMM FM-18 (ORBCOMM B6),25414,B — coleta de plataformas (DCS/IoT),ORBCOMM Inc.,USA,sim,2026-09-16,787,755.3,-31.7,796,763.0,-33.0,45,44.992,100.7,100.01
ORBCOMM FM-19 (ORBCOMM B7),25415,B — coleta de plataformas (DCS/IoT),ORBCOMM Inc.,USA,sim,2026-09-16,788,756.5,-31.5,795,762.9,-32.1,45,44.993,100.7,100.03
ORBCOMM FM-20 (ORBCOMM B8),25416,B — coleta de plataformas (DCS/IoT),ORBCOMM Inc.,USA,sim,2026-09-16,791,763.0,-28.0,792,766.0,-26.0,45,44.993,100.7,100.13
ORBCOMM FM-21 (ORBCOMM C1),25475,B — coleta de plataformas (DCS/IoT),ORBCOMM Inc.,USA,sim,2026-09-16,810,761.9,-48.1,822,766.4,-55.6,45,45.007,101.21,100.12
ORBCOMM FM-23 (ORBCOMM C3),25477,B — coleta de plataformas (DCS/IoT),ORBCOMM Inc.,USA,sim,2026-09-16,788,760.3,-27.7,794,766.1,-27.9,45,45.007,100.7,100.1
ORBCOMM FM-27 (ORBCOMM C7),25481,B — coleta de plataformas (DCS/IoT),ORBCOMM Inc.,USA,sim,2026-09-16,790,758.8,-31.2,792,762.9,-29.1,45,45.004,100.7,100.05
ORBCOMM FM-30 (ORBCOMM D2),25980,B — coleta de plataformas (DCS/IoT),ORBCOMM Inc.,USA,sim,2026-09-16,788,759.2,-28.8,796,769.2,-26.8,45,45.031,100.7,100.12
ORBCOMM FM-31 (ORBCOMM D3),25981,B — coleta de plataformas (DCS/IoT),ORBCOMM Inc.,USA,sim,2026-09-15,788,761.4,-26.6,795,767.6,-27.4,45,45.022,100.7,100.13
ORBCOMM FM-32 (ORBCOMM D4),25982,B — coleta de plataformas (DCS/IoT),ORBCOMM Inc.,USA,sim,2026-09-15,786,763.2,-22.8,796,772.0,-24.0,45,45.015,100.7,100.19
ORBCOMM FM-35 (ORBCOMM D7),25985,B — coleta de plataformas (DCS/IoT),ORBCOMM Inc.,USA,sim,2026-09-15,788,761.7,-26.3,795,767.2,-27.8,45,45.039,100.7,100.13
ORBCOMM FM-36 (ORBCOMM D8),25984,B — coleta de plataformas (DCS/IoT),ORBCOMM Inc.,USA,sim,2026-09-15,788,758.0,-30.0,795,763.4,-31.6,45,45.038,100.7,100.05
ORBCOMM FM-4 (ORBCOMM G2),25159,B — coleta de plataformas (DCS/IoT),ORBCOMM Inc.,USA,sim,2026-09-16,768,743.3,-24.7,838,801.1,-36.9,108,107.96,100.9,100.29
ORBCOMM FM-5 (ORBCOMM A6),25117,B — coleta de plataformas (DCS/IoT),ORBCOMM Inc.,USA,sim,2026-09-16,772,732.6,-39.4,774,734.7,-39.3,45,45.016,100.3,99.48
ORBCOMM FM-6 (ORBCOMM A7),25118,B — coleta de plataformas (DCS/IoT),ORBCOMM Inc.,USA,sim,2026-09-15,772,731.7,-40.3,774,734.4,-39.6,45,45.015,100.3,99.46
ORBCOMM FM-7 (ORBCOMM A8),25119,B — coleta de plataformas (DCS/IoT),ORBCOMM Inc.,USA,sim,2026-09-16,771,731.6,-39.4,774,734.4,-39.6,45,45.015,100.3,99.46
ORBCOMM FM-8 (ORBCOMM A1),25112,B — coleta de plataformas (DCS/IoT),ORBCOMM Inc.,USA,sim,2026-09-15,768,731.5,-36.5,778,736.5,-41.5,45,45.015,100.3,99.49
ORBCOMM FM-9 (ORBCOMM A5),25116,B — coleta de plataformas (DCS/IoT),ORBCOMM Inc.,USA,sim,2026-09-16,769,733.3,-35.7,777,739.6,-37.4,45,45.016,100.3,99.54
ORBCOMM OG2 FM-103,40091,B — coleta de plataformas (DCS/IoT),ORBCOMM Inc.,USA,sim,2026-09-16,620,695.1,75.1,741,698.2,-42.8,47,47.006,98.36,98.7
ORBCOMM OG2 FM-107,40087,B — coleta de plataformas (DCS/IoT),ORBCOMM Inc.,USA,sim,2026-09-16,620,695.2,75.2,739,697.5,-41.5,47,47.006,98.34,98.7
ORBCOMM OG2 FM-108,41187,B — coleta de plataformas (DCS/IoT),ORBCOMM Inc.,USA,sim,2026-09-15,614,694.6,80.6,657,698.3,41.3,47,47.004,97.42,98.7
ORBCOMM OG2 FM-109,40086,B — coleta de plataformas (DCS/IoT),ORBCOMM Inc.,USA,sim,2026-09-16,620,695.2,75.2,739,698.2,-40.8,47,47.005,98.34,98.7
ORBCOMM OG2 FM-110,41182,B — coleta de plataformas (DCS/IoT),ORBCOMM Inc.,USA,sim,2026-09-16,615,694.9,79.9,658,698.0,40.0,47,47.002,97.44,98.7
ORBCOMM OG2 FM-112,41184,B — coleta de plataformas (DCS/IoT),ORBCOMM Inc.,USA,sim,2026-09-16,614,694.0,80.0,657,699.1,42.1,47,46.998,97.43,98.7
ORBCOMM OG2 FM-113,41185,B — coleta de plataformas (DCS/IoT),ORBCOMM Inc.,USA,sim,2026-09-16,614,694.9,80.9,656,698.3,42.3,47,47.0,97.41,98.7
ORBCOMM OG2 FM-114,41179,B — coleta de plataformas (DCS/IoT),ORBCOMM Inc.,USA,sim,2026-09-16,614,694.2,80.2,658,698.9,40.9,47,47.005,97.43,98.7
ORBCOMM OG2 FM-115,41186,B — coleta de plataformas (DCS/IoT),ORBCOMM Inc.,USA,sim,2026-09-16,613,681.8,68.8,655,682.9,27.9,47,46.999,97.39,98.4
ORBCOMM OG2 FM-116,41189,B — coleta de plataformas (DCS/IoT),ORBCOMM Inc.,USA,sim,2026-09-16,614,696.2,82.2,654,696.9,42.9,47,47.001,97.4,98.7
ORBCOMM OG2 FM-117,41188,B — coleta de plataformas (DCS/IoT),ORBCOMM Inc.,USA,sim,2026-09-15,614,694.4,80.4,656,698.7,42.7,47,47.0,97.42,98.7
ORBCOMM OG2 FM-118,41183,B — coleta de plataformas (DCS/IoT),ORBCOMM Inc.,USA,sim,2026-09-16,615,695.3,80.3,658,697.7,39.7,47,47.004,97.44,98.7
Painani-1,44365,A — sensoriamento remoto,Mexico Secretariat of National Defense (SEDENA),Mexico,não,2023-01-13,447,146.4,-300.6,460,155.0,-305.0,45,44.967,93.6,87.5
Painani-2,48928,A — sensoriamento remoto,Mexico Secretariat of National Defense (SEDENA),Mexico,não,2024-10-30,532,177.6,-354.4,537,185.7,-351.3,97.5,97.611,95.1,88.12
PakTES-1a,43530,A — sensoriamento remoto,Pakistan Space and Upper Atmosphere Research Commission (SUPARCO),Pakistan,sim,2026-09-16,594,621.5,27.5,628,623.9,-4.1,98,97.773,96.9,97.16
"PAN-1 (Nemesis, Palladium at Night, P360,  207)",35815,A — sensoriamento remoto; C — sinais cooperativos (AIS/ADS-B/RF),National Reconnaissance Office,USA,sim,2025-04-03,35786,35733.5,-52.5,35787,35844.3,57.3,0.03,0.132,1436.12,1436.21
"Pathfinder II (Sirion, Helios)",43759,B — coleta de plataformas (DCS/IoT),Helios Wire/Echostar Global Australia,USA,sim,2026-09-15,574,514.7,-59.3,592,526.1,-65.9,97.7,97.416,96.3,95.04
Paz,43215,A — sensoriamento remoto,Hisdesat,Spain,sim,2026-09-16,503,507.2,4.2,518,509.5,-8.5,97.4,97.447,94.8,94.79
Perseus M1,40039,C — sinais cooperativos (AIS/ADS-B/RF),Dauria Aerospace,Russia,sim,2026-09-15,607,571.5,-35.5,625,587.8,-37.2,97.99,97.972,96.99,96.26
Perseus M2,40037,C — sinais cooperativos (AIS/ADS-B/RF),Dauria Aerospace,Russia,sim,2026-09-16,606,571.6,-34.4,624,588.6,-35.4,97.99,98.006,96.99,96.27
Persona-2 (Cosmos 2486),39177,A — sensoriamento remoto,Ministry of Defense,Russia,sim,2026-09-16,714,696.7,-17.3,733,714.1,-18.9,98.3,98.026,99.2,98.89
Persona-3 (Cosmos 2506),40699,A — sensoriamento remoto,Ministry of Defense,Russia,sim,2026-09-16,706,706.9,0.9,725,715.6,-9.4,98.5,98.039,99,99.01
Pert-1,41770,A — sensoriamento remoto,Peruvian Space Agency,Peru,sim,2026-09-16,704,696.9,-7.1,705,698.8,-6.2,98.2,98.195,98.7,98.73
Pion-NKS 901 (Cosmos 2550),48865,A — sensoriamento remoto; C — sinais cooperativos (AIS/ADS-B/RF),Ministry of Defense,Russia,sim,2026-09-16,587,458.7,-128.3,599,470.1,-128.9,35,67.141,96,93.88
PISAT,41784,A — sensoriamento remoto,Indian Space Research Organization (ISRO),India,sim,2026-09-15,661,644.5,-16.5,704,683.2,-20.8,98.2,97.825,94.8,98.02
Pléiades HR1A,38012,A — sensoriamento remoto,"Ministry of Defense/Centre National d'Etudes Spatiales (CNES) - cooperation with Austria, Belgium, Spain, Sweden",France/Italy,sim,2026-09-16,697,697.0,0.0,699,698.6,-0.4,98.2,98.191,98.7,98.73
Pléiades HR1B,39019,A — sensoriamento remoto,"Ministry of Defense//Centre National d/Etudes Spatiales (CNES) - cooperation with Austria, Belgium, Spain, Sweden",France,sim,2026-09-16,678,696.9,18.9,691,698.7,7.7,98.5,98.188,98.45,98.73
Pléiades Neo 3,48268,A — sensoriamento remoto,Airbus Defense and Space,France,sim,2026-09-16,623,623.1,0.1,626,625.0,-1.0,97.9,97.895,97.2,97.19
Pléiades Neo 4,49070,A — sensoriamento remoto,Airbus Defense and Space,France,sim,2026-09-16,615,623.0,8.0,617,625.1,8.1,97.9,97.895,97.2,97.19
PolarCube,47310,A — sensoriamento remoto,"University of Colorado, Boulder",USA,não,2023-06-06,490,156.8,-333.2,511,171.2,-339.8,60.7,60.639,94.62,87.77
PRISMA (PRecursore IperSpettrale della Missione Applicativa),44072,A — sensoriamento remoto,Italian Space Agency,Italy,sim,2026-09-16,623,616.8,-6.2,625,618.8,-6.2,97.9,97.872,97,97.06
Proba 5 (Project for On-Board Autonomy),39159,A — sensoriamento remoto,European Space Agency (ESA),ESA,sim,2026-09-15,813,810.8,-2.2,820,815.5,-4.5,98.73,98.371,101.21,101.15
Prometheus 2.3,41855,B — coleta de plataformas (DCS/IoT),Los Alamos National Laboratory,USA,não,2025-12-03,388,171.1,-216.9,601,172.2,-428.8,24.5,98.008,94.5,87.92
Proxima-1,43694,B — coleta de plataformas (DCS/IoT),Fleet Space Technologies,Australia,não,2024-05-18,495,149.8,-345.2,515,165.3,-349.7,85,84.986,95,87.64
Proxima-2,43696,B — coleta de plataformas (DCS/IoT),Fleet Space Technologies,Australia,não,2024-05-20,495,139.3,-355.7,515,154.9,-360.1,85,84.987,95,87.43
PRSS-1 (Pakistan Remote Sensing Satellite-1),43529,A — sensoriamento remoto,Pakistan Space and Upper Atmosphere Research Commission (SUPARCO),Pakistan,sim,2026-09-16,588,553.8,-34.2,624,583.6,-40.4,98,98.138,96.8,96.04
Pujiang-2,52151,A — sensoriamento remoto,Shanghai Academy of Spaceflight Technology,China,sim,2026-09-16,588,577.0,-11.0,603,591.5,-11.5,97.88,97.862,95,96.36
Qiancheng-01,44486,A — sensoriamento remoto,Qiansheng Exploration Technology Co. Ltd.,China,não,2025-08-05,529,147.5,-381.5,560,168.4,-391.6,97.6,97.339,95.5,87.65
Qilu 1,48248,A — sensoriamento remoto,Shandong Institutes of Industrial Technology,China,não,2024-08-09,496,135.0,-361.0,510,153.3,-356.7,97.4,97.237,94.7,87.37
Qilu 2,55248,A — sensoriamento remoto,Shandong Institutes of Industrial Technology,China,sim,2025-02-01,488,147.9,-340.1,499,159.1,-339.9,97.4,97.265,94.7,87.56
Qilu 3,55249,A — sensoriamento remoto,Shandong Institutes of Industrial Technology,China,não,2024-10-21,480,203.2,-276.8,497,214.5,-282.5,97.4,97.287,94.7,88.67
Qilu 4,48249,A — sensoriamento remoto,Shandong Institutes of Industrial Technology,China,não,2023-07-09,495,165.7,-329.3,510,189.2,-320.8,97.4,97.269,94.7,88.04
Qimingxing-1 (Phospherus 1),51846,A — sensoriamento remoto,Wuhan University,China,não,2026-06-25,526,155.5,-370.5,547,173.6,-373.4,97.4,97.353,95.5,87.78
QPS-SAR 1 (Izanagi),44856,A — sensoriamento remoto,iQPS,Japan,não,2024-10-02,564,182.3,-381.7,573,192.1,-380.9,36.9,36.93,96.04,88.24
QPS-SAR 2 (Izanami),47485,A — sensoriamento remoto,iQPS,Japan,não,2024-04-11,514,144.2,-369.8,534,161.0,-373.0,97.5,97.294,95.1,87.54
Qsat-EOS (KYUshu SATellite - Earth Observation System),40301,A — sensoriamento remoto,Kyushu Institute of Technology (KIT),Japan,não,2023-12-03,506,127.7,-378.3,553,141.3,-411.7,97.47,97.112,95.23,87.18
Radarsat-2,32382,A — sensoriamento remoto,MDA Corporation,Canada,sim,2026-09-16,791,790.9,-0.1,793,792.7,-0.3,98.6,98.582,100.7,100.7
RAMSAT,48850,A — sensoriamento remoto,"Robertsville Middle School, Oak Ridge, Tennessee",USA,não,2022-10-11,414,145.8,-268.2,421,154.6,-266.4,51.6,51.614,94.5,87.49
RANDEV,52898,A — sensoriamento remoto,Korea Advanced Institute of Science and Technology.,South Korea,sim,2026-09-16,692,674.4,-17.6,703,687.4,-15.6,98.1,98.235,100,98.37
RASAT,37791,A — sensoriamento remoto,Space Technologies Research Institute,Turkey,sim,2026-09-16,667,653.2,-13.8,697,680.2,-16.8,98.2,98.056,98.4,98.08
RCM-1 (Radar Constellation Mission 1),44322,A — sensoriamento remoto,Canadian Space Agency,Canada,sim,2026-09-16,584,588.8,4.8,604,590.9,-13.1,97.7,97.76,96.6,96.48
RCM-2 (Radar Constellation Mission 2),44323,A — sensoriamento remoto,Canadian Space Agency,Canada,sim,2026-09-16,584,588.8,4.8,603,590.9,-12.1,97.7,97.76,96.6,96.48
RCM-3 (Radar Constellation Mission 3),44324,A — sensoriamento remoto,Canadian Space Agency,Canada,sim,2026-09-16,584,588.8,4.8,603,590.9,-12.1,97.7,97.76,96.6,96.48
Reaktor Hello World,43743,A — sensoriamento remoto,Reaktor Space Lab,Finland,não,2023-10-22,476,134.7,-341.3,500,150.0,-350.0,97.5,97.286,96,87.33
Relek (ICA-FC1),40070,A — sensoriamento remoto,Skobeltsyn Institute of Nuclear Physics,Russia,sim,2026-09-15,623,614.3,-8.7,819,799.6,-19.4,98.38,98.081,99.22,98.92
Resourcesat 2 (exactView-2),37387,A — sensoriamento remoto; C — sinais cooperativos (AIS/ADS-B/RF),Indian Space Research Organization (ISRO)/exactEarth,India/Canada,sim,2026-09-16,817,811.9,-5.1,823,827.9,4.9,98.7,98.756,101.3,101.29
Resourcesat 2A,41877,A — sensoriamento remoto,Indian Space Research Organization (ISRO),India,sim,2026-09-16,814,818.1,4.1,831,821.7,-9.3,98.7,98.746,101.3,101.29
Resurs-P1,39186,A — sensoriamento remoto,Russian Federal Space Agency,Russia,não,2024-11-17,459,127.9,-331.1,472,138.2,-333.8,97.2,96.956,93.9,87.15
Resurs-P2,40360,A — sensoriamento remoto; C — sinais cooperativos (AIS/ADS-B/RF),Russian Federal Space Agency,Russia,não,2025-02-11,461,128.8,-332.2,472,139.7,-332.3,97.29,97.093,93.93,87.17
Resurs-P3,41386,A — sensoriamento remoto,Russian Federal Space Agency,Russia,não,2023-10-17,469,320.0,-149.0,472,324.0,-148.0,97.28,97.166,94.01,90.97
RISat-1 (Radar Imaging Satellite 1),38248,A — sensoriamento remoto,Ministry of Defense,India,sim,2026-09-15,538,332.8,-205.2,541,337.7,-203.3,97.6,97.421,95.4,91.24
RISat-2B (Radar Imaging Satellite 2B),44233,A — sensoriamento remoto,Ministry of Defense,India,sim,2026-09-16,550,559.7,9.7,557,568.6,11.6,37,36.996,96,95.94
RISat-2BR1 (Radar Imaging Satellite 2BR1),44857,A — sensoriamento remoto,Ministry of Defense,India,sim,2026-09-16,563,555.5,-7.5,573,572.9,-0.1,36.9,36.961,96.02,95.94
RISESAT (Rapid International Scientific Experiment Satellite),43934,A — sensoriamento remoto,Tohoku University,Japan,não,2023-03-11,490,144.6,-345.4,513,160.5,-352.5,97.3,97.073,94.6,87.54
Rising-2,39769,A — sensoriamento remoto,Tohoku University/Hokkaido University,Japan,sim,2026-09-16,625,567.0,-58.0,630,571.1,-58.9,97.88,97.643,97.27,96.04
Robusta-1B (Radiation on Bipolar Test for University Satellite Application),42792,A — sensoriamento remoto,University of Montpellier,France,não,2023-10-16,496,166.3,-329.7,512,178.1,-333.9,97.45,97.097,94.7,87.93
SAOCOM-1A (Satélite Argentino de Observación Con Microondas),43641,A — sensoriamento remoto,National Space Activities Commission (CONAE),Argentina,sim,2026-09-16,626,621.6,-4.4,633,623.5,-9.5,98,97.889,97.2,97.16
SAOCOM-1B (Satélite Argentino de Observación Con Microondas),46265,A — sensoriamento remoto,National Space Activities Commission (CONAE),Argentina,sim,2026-09-16,606,621.6,15.6,612,623.5,11.5,97.8,97.89,96.8,97.16
Sapling Giganteum (Sapling-2),56213,A — sensoriamento remoto,Stanford Student Space Initiative,USA,não,2024-09-18,487,138.1,-348.9,506,151.5,-354.5,97.4,97.319,94.5,87.38
SAR-Lupe 1,29658,A — sensoriamento remoto,Armed Forces,Germany,sim,2026-09-05,468,482.2,14.2,505,484.9,-20.1,98.2,98.113,94.3,94.28
SAR-Lupe 2,31797,A — sensoriamento remoto,Armed Forces,Germany,sim,2026-09-16,470,377.9,-92.1,503,383.8,-119.2,98.19,98.11,94.34,92.17
SAR-Lupe 3,32283,A — sensoriamento remoto,Armed Forces,Germany,não,2026-01-14,473,144.1,-328.9,496,149.4,-346.6,98.17,98.101,94.3,87.42
SAR-Lupe 4,32750,A — sensoriamento remoto,Armed Forces,Germany,sim,2026-09-13,448,479.3,31.3,486,483.3,-2.7,98.16,98.121,94.4,94.23
SAR-Lupe 5,33244,A — sensoriamento remoto,Armed Forces,Germany,sim,2024-08-26,474,461.6,-12.4,502,465.9,-36.1,98.16,98.12,94.37,93.87
SARah-1,52887,A — sensoriamento remoto,EASF/Bundeswehr,Germany,sim,2026-02-17,743,744.8,1.8,751,747.8,-3.2,98.4,98.392,100.2,99.74
SARAL (Satellite with ARGOS and ALTIKA),39086,A — sensoriamento remoto; B — coleta de plataformas (DCS/IoT),Indian Space Research Organization (ISRO)/Centre National d'Etudes Spatiales (CNES),India/France,sim,2026-09-16,782,780.2,-1.8,785,783.8,-1.2,98.5,98.557,100.53,100.49
Sateliot Enxaneta (3B5GSAT),47961,B — coleta de plataformas (DCS/IoT),Sateliot IoT,Spain,não,2024-07-25,535,139.8,-395.2,563,152.2,-410.8,97.5,97.418,95.4,87.41
Sateliot-0,56183,B — coleta de plataformas (DCS/IoT),Sateliot IoT,USA,não,2025-07-22,497,142.8,-354.2,507,155.5,-351.5,97.4,97.274,95.4,87.47
Saudisat-2,28371,A — sensoriamento remoto,Riyadh Space Research Institute,Saudi Arabia,sim,2026-09-16,696,686.0,-10.0,734,721.5,-12.5,97.9,98.557,99.1,98.85
Saudisat-3,31118,A — sensoriamento remoto,Riyadh Space Research Institute,Saudi Arabia,sim,2026-09-16,656,646.9,-9.1,677,665.9,-11.1,97.8,98.154,98.1,97.86
Saudisat-5A,43831,A — sensoriamento remoto,"Space Research Institute, King Abdulaziz City for Science and Technology",Saudi Arabia,sim,2026-09-16,533,472.5,-60.5,551,486.1,-64.9,97.6,97.297,95.4,94.19
Saudisat-5B,43833,A — sensoriamento remoto,"Space Research Institute, King Abdulaziz City for Science and Technology",Saudi Arabia,sim,2026-09-16,532,471.4,-60.6,551,485.9,-65.1,97.6,97.308,95.4,94.18
"SB-WASS 3-3 (Space Based Wide Area Surveillance System) (NOSS 3-3, USA 181, NRO L23, Intruder)",28537,A — sensoriamento remoto; C — sinais cooperativos (AIS/ADS-B/RF),National Reconnaissance Office (NRO)/US Navy,USA,sim,2026-09-14,1017,681.7,-335.3,1203,1527.3,324.3,63.4,63.394,107.4,107.36
"SB-WASS 3-3 (Space Based Wide Area Surveillance System) (NOSS 3-3, USA 181, NRO L23, Intruder)",28541,A — sensoriamento remoto; C — sinais cooperativos (AIS/ADS-B/RF),National Reconnaissance Office (NRO)/US Navy,USA,sim,2026-09-14,1016,686.2,-329.8,1203,1527.1,324.1,63.4,63.4,107.4,107.41
"SB-WASS 3-4 (Space Based Wide Area Surveillance System) NOSS 3-4, USA 194, NRO L30, Intruder)",31701,A — sensoriamento remoto; C — sinais cooperativos (AIS/ADS-B/RF),National Reconnaissance Office (NRO)/US Navy,USA,sim,2026-09-03,1015,765.3,-249.7,1200,1445.9,245.9,63.4,63.366,107.4,107.38
"SB-WASS 3-4 (Space Based Wide Area Surveillance System) NOSS 3-4, USA 194, NRO L30, Intruder)",31708,A — sensoriamento remoto; C — sinais cooperativos (AIS/ADS-B/RF),National Reconnaissance Office (NRO)/US Navy,USA,sim,2026-09-03,1016,758.3,-257.7,1201,1452.8,251.8,63.4,63.373,107.4,107.38
"SB-WASS 3-5 (Space Based Wide Area Surveillance System) NOSS 3-5, USA 229, NRO L34, Intruder)",37386,A — sensoriamento remoto; C — sinais cooperativos (AIS/ADS-B/RF),National Reconnaissance Office (NRO)/US Navy,USA,sim,2026-08-15,1019,834.9,-184.1,1205,1376.2,171.2,63.4,63.422,107.5,107.38
"SB-WASS 3-5 (Space Based Wide Area Surveillance System) NOSS 3-5, USA 229, NRO L34, Intruder)",37391,A — sensoriamento remoto; C — sinais cooperativos (AIS/ADS-B/RF),National Reconnaissance Office (NRO)/US Navy,USA,sim,2026-08-15,1014,823.9,-190.1,1201,1387.2,186.2,63.4,63.432,107.4,107.38
"SB-WASS 3-6 (Space Based Wide Area Surveillance System) NOSS 3-6, USA 238, NRO L36, Intruder)",38758,A — sensoriamento remoto; C — sinais cooperativos (AIS/ADS-B/RF),National Reconnaissance Office (NRO)/US Navy,USA,sim,2026-09-12,1012,864.3,-147.7,1203,1346.3,143.3,63.4,63.424,107.4,107.38
"SB-WASS 3-6 (Space Based Wide Area Surveillance System) NOSS 3-6, USA 238, NRO L36, Intruder)",38773,A — sensoriamento remoto; C — sinais cooperativos (AIS/ADS-B/RF),National Reconnaissance Office (NRO)/US Navy,USA,sim,2026-09-12,1012,867.6,-144.4,1203,1343.1,140.1,63.4,63.424,107.4,107.38
"SB-WASS 3-7 (Space Based Wide Area Surveillance System) NOSS 3-7, USA 264, NRO L55, Intruder)",40964,A — sensoriamento remoto; C — sinais cooperativos (AIS/ADS-B/RF),National Reconnaissance Office (NRO)/US Navy,USA,sim,2026-09-13,1014,926.0,-88.0,1099,1285.1,186.1,63.4,63.445,107.4,107.38
"SB-WASS 3-7 (Space Based Wide Area Surveillance System) NOSS 3-7, USA 264, NRO L55, Intruder)",40981,A — sensoriamento remoto; C — sinais cooperativos (AIS/ADS-B/RF),National Reconnaissance Office (NRO)/US Navy,USA,sim,2026-09-13,1014,939.3,-74.7,1099,1271.8,172.8,63.4,63.437,107.4,107.38
"SB-WASS 3-8 (Space Based Wide Area Surveillance System) NOSS 3-8, USA 274, NRO L79, Intruder)",42058,A — sensoriamento remoto; C — sinais cooperativos (AIS/ADS-B/RF),National Reconnaissance Office (NRO)/US Navy,USA,sim,2026-09-14,1009,976.4,-32.6,1204,1234.7,30.7,63.4,63.443,107.4,107.38
"SB-WASS 3-8 (Space Based Wide Area Surveillance System) NOSS 3-8, USA 274, NRO L79, Intruder)",42065,A — sensoriamento remoto; C — sinais cooperativos (AIS/ADS-B/RF),National Reconnaissance Office (NRO)/US Navy,USA,sim,2026-09-14,1009,980.5,-28.5,1204,1230.6,26.6,63.4,63.43,107.4,107.38
"SBIRS GEO 1 (Space Based Infrared System Geosynchronous 1, USA 230)",37481,A — sensoriamento remoto,US Air Force,USA,sim,2026-09-16,35778,35779.0,1.0,35795,35793.8,-1.2,6.45,4.734,1436.11,1436.09
"SBIRS GEO 2 (Space Based Infrared System Geosynchronous 2, USA 241)",39120,A — sensoriamento remoto,US Air Force,USA,sim,2026-09-16,35770,35776.7,6.7,35790,35797.2,7.2,6.45,4.684,1436.11,1436.11
"SBIRS GEO 3 (Space Based Infrared System Geosynchronous 3, USA 273)",41937,A — sensoriamento remoto,US Air Force,USA,sim,2026-09-16,35779,35778.2,-0.8,35785,35794.6,9.6,5.9,2.421,1436.11,1436.09
"SBIRS GEO 4 (Space Based Infrared System Geosynchronous 4, USA 282)",43162,A — sensoriamento remoto,US Air Force,USA,sim,2026-09-16,35758,35778.4,20.4,35815,35794.1,-20.9,6.3,2.259,1436.1,1436.08
"SBIRS GEO 5 (Space Based Infrared System Geosynchronous 5, USA 315)",48618,A — sensoriamento remoto,US Air Force,USA,sim,2026-09-16,35778,35778.9,0.9,35797,35794.2,-2.8,7.9,4.996,1436.1,1436.1
"SBIRS GEO 6 (Space Based Infrared System Geosynchronous 6, USA 336)",53355,A — sensoriamento remoto,US Air Force,USA,sim,2026-09-16,35773,35778.8,5.8,35797,35794.4,-2.6,6.5,3.114,1436.1,1436.1
ScatSat-1,41790,A — sensoriamento remoto,Indian Space Research Organization (ISRO),India,sim,2026-09-15,717,592.8,-124.2,731,667.7,-63.3,98.1,98.11,99.3,97.32
SCD-1 (Satélite de Coleta de Dados),22491,A — sensoriamento remoto; B — coleta de plataformas (DCS/IoT),Instituto Nacional de Pesquisas Espaciais (INPE),Brazil,sim,2026-09-16,716,708.3,-7.7,776,768.2,-7.8,25,24.971,99.7,99.57
SCD-2 (Satélite de Coleta de Dados),25504,A — sensoriamento remoto; B — coleta de plataformas (DCS/IoT),Instituto Nacional de Pesquisas Espaciais (INPE),Brazil,sim,2026-09-16,735,728.3,-6.7,760,752.1,-7.9,25,24.994,99.8,99.62
SDGSAT 1 (Sustainable Development Science Satellite 1),49387,A — sensoriamento remoto,Chinese Academy of Sciences,China,sim,2026-09-16,502,501.7,-0.3,513,513.1,0.1,97.5,97.255,98,94.77
SDS-4 (Small Demonstration Satellite-4),38339,C — sinais cooperativos (AIS/ADS-B/RF),Japan Aerospace Exploration Agency (JAXA),Japan,sim,2026-09-16,661,637.1,-23.9,673,647.2,-25.8,98.2,98.138,98.1,97.56
Seahawk-1,43820,A — sensoriamento remoto,University of North Carolina - Wilmington,USA,sim,2026-09-14,573,488.1,-84.9,587,498.9,-88.1,97.7,97.386,96.3,94.48
SeeMe (Space Enabled Effects for Military Engagements satellite),43822,A — sensoriamento remoto,Defense Advanced Research Projects Agency (DARPA),USA,sim,2026-09-15,573,514.2,-58.8,590,526.3,-63.7,97.8,97.423,96.3,95.03
Sentinel 1A,39634,A — sensoriamento remoto,EUMETSAT (European Organization for the Exploitation of Meteorological Satellites),ESA,sim,2026-09-16,691,692.8,1.8,693,694.8,1.8,98.16,98.159,98.61,98.64
Sentinel 1B,41456,A — sensoriamento remoto,EUMETSAT (European Organization for the Exploitation of Meteorological Satellites),ESA,sim,2026-09-16,695,559.4,-135.6,697,577.7,-119.3,98.1,98.086,98.7,96.03
Sentinel 2A,40697,A — sensoriamento remoto,EUMETSAT (European Organization for the Exploitation of Meteorological Satellites),ESA,sim,2026-09-16,787,788.2,1.2,788,789.8,1.8,98.5,98.562,100.62,100.64
Sentinel 2B,42063,A — sensoriamento remoto,EUMETSAT (European Organization for the Exploitation of Meteorological Satellites),ESA,sim,2026-09-16,777,788.2,11.2,779,789.9,10.9,98.5,98.571,100.4,100.64
Sentinel 3A,41335,A — sensoriamento remoto,EUMETSAT (European Organization for the Exploitation of Meteorological Satellites),ESA,sim,2026-09-16,802,801.9,-0.1,804,803.5,-0.5,98.6,98.628,100.9,100.93
Sentinel 3B,43437,A — sensoriamento remoto,EUMETSAT (European Organization for the Exploitation of Meteorological Satellites),ESA,sim,2026-09-16,802,801.7,-0.3,815,803.6,-11.4,98.6,98.628,101.1,100.93
Sentinel 5P (Sentinel 5 Precursor),42969,A — sensoriamento remoto,EUMETSAT (European Organization for the Exploitation of Meteorological Satellites),ESA,sim,2026-09-16,816,826.1,10.1,819,827.8,8.8,98.7,98.798,101.2,101.44
Sentinel 6 (Michael Freilich),46984,A — sensoriamento remoto,EUMETSAT (European Organization for the Exploitation of Meteorological Satellites),ESA,sim,2026-09-16,1308,1331.6,23.6,1327,1343.8,16.8,66.06,66.042,112.4,112.42
Shijian 6-05A,49962,A — sensoriamento remoto; C — sinais cooperativos (AIS/ADS-B/RF),China Academy of Space Technology (CAST),China,sim,2026-09-16,456,526.8,70.8,470,531.2,61.2,97.4,97.39,100.7,95.22
Shijian 6-05B,49961,A — sensoriamento remoto; C — sinais cooperativos (AIS/ADS-B/RF),China Academy of Space Technology (CAST),China,sim,2026-09-15,454,565.4,111.4,468,569.8,101.8,97.4,97.423,100.7,96.01
Shijian 6G (SJ6-04A),37179,A — sensoriamento remoto,China Academy of Space Technology (CAST),China,sim,2026-09-16,584,497.8,-86.2,603,520.5,-82.5,97.7,97.825,96.6,94.81
Shijian 6H (SJ6_04B),37180,A — sensoriamento remoto,China Academy of Space Technology (CAST),China,sim,2026-09-16,586,559.7,-26.3,602,577.3,-24.7,97.7,97.877,96.6,96.03
"Shiyan 1 (SY 1, Tansuo 1, Experimental Satellite 1)",28220,A — sensoriamento remoto,China Academy of Space Technology (CAST),China,sim,2026-09-16,586,454.0,-132.0,601,462.5,-138.5,97.5,97.863,96.6,93.76
Shiyan 13,51102,B — coleta de plataformas (DCS/IoT),China Academy of Space Technology (CAST),China,sim,2026-09-16,468,389.5,-78.5,493,1255.4,762.4,97.4,98.455,,101.35
"Shiyan 3 (SY3, Experimental Satellite 3)",33433,A — sensoriamento remoto,China Academy of Space Technology (CAST),China,sim,2026-09-16,785,779.8,-5.2,803,798.2,-4.8,98.5,98.603,100.8,100.64
"Shiyan 4 (SY4, Experimental Satellite 4)",37931,A — sensoriamento remoto,China Academy of Space Technology (CAST),China,sim,2026-09-16,784,772.2,-11.8,802,803.6,1.6,98.4,98.694,100.7,100.62
"Shiyan 5 (SY5, Experimental Satellite 5)",39455,A — sensoriamento remoto,China Academy of Space Technology (CAST),China,sim,2026-09-16,739,735.6,-3.4,755,756.9,1.9,97.9,98.056,99.7,99.74
Sich-2-1 (Sich 2-30),51030,A — sensoriamento remoto,National Space Program,Ukraine,não,2025-10-08,522,157.1,-364.9,535,171.3,-363.7,97.5,97.289,94.5,87.77
SIMBA (Sun-earth IMBAlance),46279,A — sensoriamento remoto,"ESA/Royal Meteorological Institute, Belgium",ESA,não,2024-08-14,541,154.1,-386.9,545,173.7,-371.3,97.5,97.314,94.5,87.77
Siwei 01 (SuperView Neo 1-01),52320,A — sensoriamento remoto,China Siwei Surveying and Mapping Technology Co. Ltd.,China,sim,2026-09-16,486,513.3,27.3,503,515.4,12.4,97.47,97.332,94.5,94.91
Siwei 02 (SuperView Neo 1-02),52322,A — sensoriamento remoto,China Siwei Surveying and Mapping Technology Co. Ltd.,China,sim,2026-09-16,485,512.7,27.7,502,516.3,14.3,97.47,97.332,94.5,94.92
Siwei Gaojing 2-01,53128,A — sensoriamento remoto,China Siwei Surveying and Mapping Technology Co. Ltd.,China,sim,2026-09-16,484,491.1,7.1,500,493.5,-6.5,97.4,97.394,94.5,94.46
Siwei Gaojing 2-02,53129,A — sensoriamento remoto,China Siwei Surveying and Mapping Technology Co. Ltd.,China,não,2023-04-21,480,147.0,-333.0,498,166.6,-331.4,97.4,97.338,94.5,87.62
SkySat-1 (S1),39418,A — sensoriamento remoto,"Planet Labs, Inc.",USA,sim,2026-09-15,567,511.2,-55.8,599,540.5,-58.5,97.81,97.372,96.34,95.15
"SkySat-10 (SkySat C8, S108)",42990,A — sensoriamento remoto,"Planet Labs, Inc.",USA,sim,2026-09-16,500,449.3,-50.7,526,451.4,-74.6,97.3,97.465,94.8,93.59
"SkySat-11 (SkySat C9, S109)",42989,A — sensoriamento remoto,"Planet Labs, Inc.",USA,sim,2026-09-16,500,430.0,-70.0,528,441.2,-86.8,97.3,97.455,94.9,93.29
"SkySat-12 (SkySat C10, S110)",42988,A — sensoriamento remoto,"Planet Labs, Inc.",USA,sim,2026-09-16,500,456.8,-43.2,528,458.6,-69.4,97.3,97.463,94.9,93.74
"SkySat-13 (SkySat C11, S111)",42987,A — sensoriamento remoto,"Planet Labs, Inc.",USA,sim,2026-09-16,500,379.1,-120.9,528,380.3,-147.7,97.3,97.446,94.9,92.14
"SkySat-14 (SkySat C12, S112)",43797,A — sensoriamento remoto,"Planet Labs, Inc.",USA,sim,2026-09-16,572,409.0,-163.0,588,415.0,-173.0,97.7,96.924,96.3,92.81
"SkySat-15 (SkySat C13, S113)",43802,A — sensoriamento remoto,"Planet Labs, Inc.",USA,não,2026-06-21,573,128.3,-444.7,590,145.1,-444.9,97.7,96.889,96.3,87.22
SkySat-16 (SkySat C14),45788,A — sensoriamento remoto,"Planet Labs, Inc.",USA,não,2024-08-30,398,141.1,-256.9,401,152.0,-249.0,53,52.946,92.5,87.42
SkySat-17 (SkySat C15),45790,A — sensoriamento remoto,"Planet Labs, Inc.",USA,não,2024-10-09,395,150.5,-244.5,403,157.1,-245.9,53,52.943,92.5,87.56
SkySat-18 (SkySat C16),45789,A — sensoriamento remoto,"Planet Labs, Inc.",USA,não,2024-09-25,387,143.7,-243.3,398,147.0,-251.0,53,52.944,92.5,87.39
SkySat-19 (SkySat C17),46179,A — sensoriamento remoto,"Planet Labs, Inc.",USA,não,2024-02-26,400,135.0,-265.0,410,143.9,-266.1,53,52.946,92.5,87.28
"SkySat-2 (B, S2)",40072,A — sensoriamento remoto,"Planet Labs, Inc.",USA,sim,2026-09-16,626,599.7,-26.3,634,607.3,-26.7,98.4,98.395,97.31,96.76
SkySat-20 (SkySat C18),46180,A — sensoriamento remoto,"Planet Labs, Inc.",USA,não,2023-06-26,400,135.6,-264.4,410,143.4,-266.6,53,52.956,92.5,87.28
SkySat-21 (SkySat C19),46235,A — sensoriamento remoto,"Planet Labs, Inc.",USA,não,2024-01-29,400,154.9,-245.1,410,156.0,-254.0,53,52.95,92.5,87.6
"SkySat-3 (SkySat Gen 2-1, Skysat C1, S3)",41601,A — sensoriamento remoto,"Planet Labs, Inc.",USA,sim,2026-09-16,500,450.3,-49.7,515,455.9,-59.1,97.5,96.951,94.78,93.65
"SkySat-4 (SkySat C4, S104)",41771,A — sensoriamento remoto,"Planet Labs, Inc.",USA,sim,2026-09-15,501,413.1,-87.9,502,413.4,-88.6,97.6,96.916,94.64,92.83
"SkySat-5 (SkySat C5, S105)",41772,A — sensoriamento remoto,"Planet Labs, Inc.",USA,sim,2026-09-16,501,462.4,-38.6,502,464.1,-37.9,97.42,97.039,94.64,93.86
"SkySat-6 (SkySat C2, S4)",41773,A — sensoriamento remoto,"Planet Labs, Inc.",USA,sim,2026-09-14,497,431.3,-65.7,506,438.1,-67.9,97.43,97.014,94.64,93.27
"SkySat-7 (SkySat C3, S103)",41774,A — sensoriamento remoto,"Planet Labs, Inc.",USA,sim,2026-09-16,501,397.3,-103.7,502,399.9,-102.1,97.42,96.895,94.65,92.53
"SkySat-8 (SkySat C6, S106)",42992,A — sensoriamento remoto,"Planet Labs, Inc.",USA,sim,2026-09-16,500,462.3,-37.7,526,464.8,-61.2,97.3,97.47,94.8,93.87
"SkySat-9 (SkySat C7, S107)",42991,A — sensoriamento remoto,"Planet Labs, Inc.",USA,sim,2026-09-16,500,446.0,-54.0,526,455.0,-71.0,97.3,97.466,94.8,93.6
SMAP (Soil Moisture Active Passive Satellite),40376,A — sensoriamento remoto,National Aeronautics and Space Administration (NASA),USA,sim,2026-09-16,660,681.3,21.3,686,683.3,-2.7,98.13,98.132,98.21,98.4
SMOS (Soil Moisture and Ocean Salinity satellite),36036,A — sensoriamento remoto,Centre National d'Etudes Spatiales (CNES)/European Space Agency (ESA),ESA,sim,2026-09-16,759,758.3,-0.7,760,760.2,0.2,98.4,98.444,100,100.02
SpaceBEE NZ-15,52395,B — coleta de plataformas (DCS/IoT),Swarm Technologies,USA,não,2023-12-28,522,159.0,-363.0,533,174.5,-358.5,97.5,97.373,94.3,87.82
SpaceBEE NZ-16,52396,B — coleta de plataformas (DCS/IoT),Swarm Technologies,USA,não,2023-12-30,522,172.9,-349.1,533,188.0,-345.0,97.5,97.374,94.3,88.1
SpaceBEE NZ-17,52397,B — coleta de plataformas (DCS/IoT),Swarm Technologies,USA,não,2024-01-03,522,164.5,-357.5,533,180.0,-353.0,97.5,97.367,94.3,87.93
SpaceBEE NZ-18,52398,B — coleta de plataformas (DCS/IoT),Swarm Technologies,USA,não,2024-01-01,522,182.3,-339.7,533,196.2,-336.8,97.5,97.373,94.3,88.28
SpaceBEE NZ-19,52404,B — coleta de plataformas (DCS/IoT),Swarm Technologies,USA,não,2023-12-27,522,204.1,-317.9,533,218.7,-314.3,97.5,97.383,94.3,88.72
SpaceBEE NZ-20,52402,B — coleta de plataformas (DCS/IoT),Swarm Technologies,USA,não,2024-01-04,522,189.6,-332.4,533,203.8,-329.2,97.5,97.372,94.3,88.43
SpaceBEE NZ-21,52405,B — coleta de plataformas (DCS/IoT),Swarm Technologies,USA,não,2024-01-10,522,182.4,-339.6,533,196.0,-337.0,97.5,97.364,94.3,88.28
SpaceBEE NZ-22,52403,B — coleta de plataformas (DCS/IoT),Swarm Technologies,USA,não,2024-01-21,522,203.5,-318.5,533,217.6,-315.4,97.5,97.368,94.3,88.71
SpaceBEE-100,48883,B — coleta de plataformas (DCS/IoT),Swarm Technologies,USA,não,2024-03-11,512,190.9,-321.1,536,206.6,-329.4,97.5,97.582,94.3,88.47
SpaceBEE-101,48884,B — coleta de plataformas (DCS/IoT),Swarm Technologies,USA,não,2024-03-25,512,132.8,-379.2,536,160.5,-375.5,97.5,97.584,94.3,87.42
SpaceBEE-102,48886,B — coleta de plataformas (DCS/IoT),Swarm Technologies,USA,não,2024-03-21,512,135.9,-376.1,536,153.4,-382.6,97.5,97.581,94.3,87.38
SpaceBEE-103,48888,B — coleta de plataformas (DCS/IoT),Swarm Technologies,USA,não,2024-03-09,512,172.9,-339.1,536,189.7,-346.3,97.5,97.585,94.3,88.12
SpaceBEE-104,48890,B — coleta de plataformas (DCS/IoT),Swarm Technologies,USA,não,2024-03-06,512,150.8,-361.2,536,166.4,-369.6,97.5,97.586,94.3,87.66
SpaceBEE-105,48896,B — coleta de plataformas (DCS/IoT),Swarm Technologies,USA,não,2024-03-07,512,146.2,-365.8,536,161.9,-374.1,97.5,97.579,94.3,87.57
SpaceBEE-106,48893,B — coleta de plataformas (DCS/IoT),Swarm Technologies,USA,não,2024-03-24,512,210.3,-301.7,536,226.6,-309.4,97.5,97.583,94.3,88.87
SpaceBEE-107,48894,B — coleta de plataformas (DCS/IoT),Swarm Technologies,USA,não,2024-02-27,512,154.2,-357.8,536,169.5,-366.5,97.5,97.579,94.3,87.73
SpaceBEE-108,48895,B — coleta de plataformas (DCS/IoT),Swarm Technologies,USA,não,2024-03-22,512,220.8,-291.2,536,236.3,-299.7,97.5,97.591,94.3,89.07
SpaceBEE-109,48897,B — coleta de plataformas (DCS/IoT),Swarm Technologies,USA,não,2024-03-03,512,191.8,-320.2,536,206.9,-329.1,97.5,97.585,94.3,88.48
SpaceBEE-110,48899,B — coleta de plataformas (DCS/IoT),Swarm Technologies,USA,não,2024-03-03,512,176.5,-335.5,536,193.1,-342.9,97.5,97.591,94.3,88.19
SpaceBEE-111,48904,B — coleta de plataformas (DCS/IoT),Swarm Technologies,USA,não,2024-02-15,512,166.7,-345.3,536,181.8,-354.2,97.5,97.59,94.3,87.98
SpaceBEE-112,52025,B — coleta de plataformas (DCS/IoT),Swarm Technologies,USA,não,2024-01-10,506,142.2,-363.8,543,156.3,-386.7,97.5,97.454,94.3,87.47
SpaceBEE-113,52024,B — coleta de plataformas (DCS/IoT),Swarm Technologies,USA,não,2024-02-25,507,196.3,-310.7,542,207.7,-334.3,97.5,97.463,94.3,88.53
SpaceBEE-114,52010,B — coleta de plataformas (DCS/IoT),Swarm Technologies,USA,não,2024-02-24,507,161.5,-345.5,543,173.6,-369.4,97.5,97.456,94.3,87.84
SpaceBEE-115,52016,B — coleta de plataformas (DCS/IoT),Swarm Technologies,USA,não,2024-03-10,506,157.9,-348.1,543,170.5,-372.5,97.5,97.46,94.3,87.77
SpaceBEE-116,52023,B — coleta de plataformas (DCS/IoT),Swarm Technologies,USA,não,2024-03-08,507,157.0,-350.0,543,167.9,-375.1,97.5,97.459,94.3,87.74
SpaceBEE-117,52022,B — coleta de plataformas (DCS/IoT),Swarm Technologies,USA,não,2024-03-16,507,142.5,-364.5,543,157.5,-385.5,97.5,97.454,94.3,87.49
SpaceBEE-118,52012,B — coleta de plataformas (DCS/IoT),Swarm Technologies,USA,não,2024-02-20,507,200.3,-306.7,542,205.6,-336.4,97.5,97.458,94.3,88.55
SpaceBEE-119,52015,B — coleta de plataformas (DCS/IoT),Swarm Technologies,USA,não,2024-03-02,506,147.6,-358.4,543,160.0,-383.0,97.5,97.464,94.3,87.56
SpaceBEE-120,52013,B — coleta de plataformas (DCS/IoT),Swarm Technologies,USA,não,2024-02-23,506,187.8,-318.2,543,197.9,-345.1,97.5,97.459,94.3,88.35
SpaceBEE-121,52009,B — coleta de plataformas (DCS/IoT),Swarm Technologies,USA,não,2024-03-02,506,241.5,-264.5,543,253.0,-290.0,97.5,97.465,94.3,89.45
SpaceBEE-122,52014,B — coleta de plataformas (DCS/IoT),Swarm Technologies,USA,não,2024-02-18,506,190.5,-315.5,543,198.4,-344.6,97.5,97.46,94.3,88.38
SpaceBEE-123,52027,B — coleta de plataformas (DCS/IoT),Swarm Technologies,USA,não,2024-03-07,506,145.5,-360.5,543,158.9,-384.1,97.5,97.461,94.3,87.53
SpaceBEE-124,52029,B — coleta de plataformas (DCS/IoT),Swarm Technologies,USA,não,2024-03-05,506,191.2,-314.8,543,202.0,-341.0,97.5,97.457,94.3,88.42
SpaceBEE-125,52021,B — coleta de plataformas (DCS/IoT),Swarm Technologies,USA,não,2024-02-18,506,191.9,-314.1,543,202.2,-340.8,97.5,97.458,94.3,88.43
SpaceBEE-126,52011,B — coleta de plataformas (DCS/IoT),Swarm Technologies,USA,não,2024-02-23,507,175.2,-331.8,543,185.3,-357.7,97.5,97.453,94.3,88.1
SpaceBEE-127,52020,B — coleta de plataformas (DCS/IoT),Swarm Technologies,USA,não,2024-03-23,507,150.0,-357.0,543,162.8,-380.2,97.5,97.452,94.3,87.62
SpaceBEE-128,52182,B — coleta de plataformas (DCS/IoT),Swarm Technologies,USA,não,2023-10-10,498,225.0,-273.0,509,237.4,-271.6,97.4,97.317,94,89.12
SpaceBEE-129,52179,B — coleta de plataformas (DCS/IoT),Swarm Technologies,USA,não,2023-10-16,498,149.0,-349.0,509,163.6,-345.4,97.4,97.308,94,87.61
SpaceBEE-130,52176,B — coleta de plataformas (DCS/IoT),Swarm Technologies,USA,não,2023-09-29,498,148.9,-349.1,508,164.8,-343.2,97.4,97.315,94,87.62
SpaceBEE-131,52181,B — coleta de plataformas (DCS/IoT),Swarm Technologies,USA,não,2023-10-16,498,254.2,-243.8,509,266.2,-242.8,97.4,97.322,94,89.71
SpaceBEE-132,52185,B — coleta de plataformas (DCS/IoT),Swarm Technologies,USA,não,2023-10-03,498,153.7,-344.3,508,169.9,-338.1,97.4,97.309,94,87.72
SpaceBEE-133,52183,B — coleta de plataformas (DCS/IoT),Swarm Technologies,USA,não,2023-10-17,498,222.6,-275.4,509,238.1,-270.9,97.4,97.316,94,89.11
SpaceBEE-134,52180,B — coleta de plataformas (DCS/IoT),Swarm Technologies,USA,não,2023-10-16,497,232.6,-264.4,509,245.3,-263.7,97.4,97.31,94,89.28
SpaceBEE-135,52187,B — coleta de plataformas (DCS/IoT),Swarm Technologies,USA,não,2023-10-02,497,226.3,-270.7,509,239.4,-269.6,97.4,97.319,94,89.16
SpaceBEE-136,52164,B — coleta de plataformas (DCS/IoT),Swarm Technologies,USA,não,2023-10-01,497,159.7,-337.3,508,175.0,-333.0,97.4,97.301,94,87.84
SpaceBEE-137,52186,B — coleta de plataformas (DCS/IoT),Swarm Technologies,USA,não,2023-10-15,497,140.7,-356.3,509,155.6,-353.4,97.4,97.308,94,87.45
SpaceBEE-138,52166,B — coleta de plataformas (DCS/IoT),Swarm Technologies,USA,não,2023-10-03,496,145.3,-350.7,510,163.5,-346.5,97.4,97.31,94,87.58
SpaceBEE-139,52177,B — coleta de plataformas (DCS/IoT),Swarm Technologies,USA,não,2023-10-09,497,212.7,-284.3,510,225.8,-284.2,97.4,97.316,94,88.88
SpaceBEE-140,52399,B — coleta de plataformas (DCS/IoT),Swarm Technologies,USA,não,2024-03-04,522,156.7,-365.3,533,171.2,-361.8,97.5,97.355,94.3,87.77
SpaceBEE-141,52400,B — coleta de plataformas (DCS/IoT),Swarm Technologies,USA,não,2024-05-01,522,160.4,-361.6,533,180.8,-352.2,97.5,97.356,94.3,87.9
SpaceBEE-142,52401,B — coleta de plataformas (DCS/IoT),Swarm Technologies,USA,não,2024-05-03,522,140.3,-381.7,533,164.4,-368.6,97.5,97.368,94.3,87.53
SpaceBEE-143,52394,B — coleta de plataformas (DCS/IoT),Swarm Technologies,USA,não,2024-04-30,522,137.8,-384.2,533,159.1,-373.9,97.5,97.366,94.3,87.46
SpaceBEE-144,52410,B — coleta de plataformas (DCS/IoT),Swarm Technologies,USA,não,2024-05-02,522,140.4,-381.6,533,157.7,-375.3,97.5,97.364,94.3,87.47
SpaceBEE-145,52411,B — coleta de plataformas (DCS/IoT),Swarm Technologies,USA,não,2024-04-29,522,139.3,-382.7,533,163.1,-369.9,97.5,97.357,94.3,87.51
SpaceBEE-146,52412,B — coleta de plataformas (DCS/IoT),Swarm Technologies,USA,não,2024-04-23,522,170.7,-351.3,533,190.2,-342.8,97.5,97.358,94.3,88.1
SpaceBEE-147,52415,B — coleta de plataformas (DCS/IoT),Swarm Technologies,USA,não,2024-05-09,522,136.3,-385.7,533,156.5,-376.5,97.5,97.362,94.3,87.41
SpaceBEE-148,52406,B — coleta de plataformas (DCS/IoT),Swarm Technologies,USA,não,2024-03-10,522,152.4,-369.6,533,165.9,-367.1,97.5,97.352,94.3,87.67
SpaceBEE-149,52407,B — coleta de plataformas (DCS/IoT),Swarm Technologies,USA,não,2024-04-18,522,173.1,-348.9,533,191.3,-341.7,97.5,97.356,94.3,88.14
SpaceBEE-150,52409,B — coleta de plataformas (DCS/IoT),Swarm Technologies,USA,não,2024-04-28,522,147.9,-374.1,533,167.1,-365.9,97.5,97.349,94.3,87.64
SpaceBEE-151,52413,B — coleta de plataformas (DCS/IoT),Swarm Technologies,USA,não,2024-04-30,522,144.5,-377.5,533,163.2,-369.8,97.5,97.352,94.3,87.56
SpaceBEE-152,52414,B — coleta de plataformas (DCS/IoT),Swarm Technologies,USA,não,2024-05-01,522,131.7,-390.3,533,166.3,-366.7,97.5,97.353,94.3,87.47
SpaceBEE-153,52408,B — coleta de plataformas (DCS/IoT),Swarm Technologies,USA,não,2024-04-10,522,154.9,-367.1,533,174.1,-358.9,97.5,97.355,94.3,87.78
SpaceBEE-154,52417,B — coleta de plataformas (DCS/IoT),Swarm Technologies,USA,não,2024-05-04,522,156.2,-365.8,533,175.8,-357.2,97.5,97.354,94.3,87.81
SpaceBEE-155,52416,B — coleta de plataformas (DCS/IoT),Swarm Technologies,USA,não,2024-05-08,522,148.4,-373.6,533,167.5,-365.5,97.5,97.353,94.3,87.65
SpaceBEE-156,55099,B — coleta de plataformas (DCS/IoT),Swarm Technologies,USA,não,2024-09-15,516,139.5,-376.5,536,155.7,-380.3,97.5,97.384,94.3,87.44
SpaceBEE-157,55102,B — coleta de plataformas (DCS/IoT),Swarm Technologies,USA,não,2024-09-01,516,148.1,-367.9,536,166.6,-369.4,97.5,97.38,94.3,87.64
SpaceBEE-158,55100,B — coleta de plataformas (DCS/IoT),Swarm Technologies,USA,não,2024-09-13,516,141.0,-375.0,536,157.1,-378.9,97.5,97.375,94.3,87.47
SpaceBEE-159,55101,B — coleta de plataformas (DCS/IoT),Swarm Technologies,USA,não,2024-09-02,516,222.6,-293.4,536,240.9,-295.1,97.5,97.395,94.3,89.14
SpaceBEE-160,55097,B — coleta de plataformas (DCS/IoT),Swarm Technologies,USA,não,2024-09-16,516,139.8,-376.2,536,155.8,-380.2,97.5,97.38,94.3,87.44
SpaceBEE-161,55096,B — coleta de plataformas (DCS/IoT),Swarm Technologies,USA,não,2024-09-21,516,153.5,-362.5,536,171.4,-364.6,97.5,97.385,94.3,87.74
SpaceBEE-162,55095,B — coleta de plataformas (DCS/IoT),Swarm Technologies,USA,não,2024-09-24,516,146.9,-369.1,536,165.8,-370.2,97.5,97.376,94.3,87.61
SpaceBEE-163,55089,B — coleta de plataformas (DCS/IoT),Swarm Technologies,USA,não,2024-08-30,516,190.6,-325.4,536,208.3,-327.7,97.5,97.373,94.3,88.48
SpaceBEE-164,55091,B — coleta de plataformas (DCS/IoT),Swarm Technologies,USA,não,2024-09-26,516,155.8,-360.2,536,171.8,-364.2,97.5,97.375,94.3,87.76
SpaceBEE-165,55094,B — coleta de plataformas (DCS/IoT),Swarm Technologies,USA,não,2024-09-18,516,147.9,-368.1,536,165.6,-370.4,97.5,97.375,94.3,87.62
SpaceBEE-166,55092,B — coleta de plataformas (DCS/IoT),Swarm Technologies,USA,não,2024-09-02,516,253.3,-262.7,536,269.4,-266.6,97.5,97.385,94.3,89.74
SpaceBEE-167,55087,B — coleta de plataformas (DCS/IoT),Swarm Technologies,USA,não,2024-10-10,516,147.7,-368.3,536,162.4,-373.6,97.5,97.367,94.3,87.59
SpaceBEE-5,43817,B — coleta de plataformas (DCS/IoT),Swarm Technologies,USA,não,2024-02-25,573,160.9,-412.1,590,176.1,-413.9,97.7,97.525,96.3,87.86
SpaceBEE-55,47459,B — coleta de plataformas (DCS/IoT),Swarm Technologies,USA,não,2024-05-04,525,151.7,-373.3,535,170.3,-364.7,97.5,97.295,95.2,87.71
SpaceBEE-57,47465,B — coleta de plataformas (DCS/IoT),Swarm Technologies,USA,não,2024-06-21,525,133.5,-391.5,535,157.7,-377.3,97.5,97.298,95.2,87.4
SpaceBEE-6,43818,B — coleta de plataformas (DCS/IoT),Swarm Technologies,USA,não,2025-01-10,573,147.1,-425.9,589,163.2,-425.8,97.7,97.483,96.3,87.59
SpaceBEE-62,47429,B — coleta de plataformas (DCS/IoT),Swarm Technologies,USA,não,2024-04-01,526,147.7,-378.3,535,162.5,-372.5,97.5,97.298,95.2,87.59
SpaceBEE-7,43816,B — coleta de plataformas (DCS/IoT),Swarm Technologies,USA,não,2026-03-07,573,177.1,-395.9,589,191.6,-397.4,97.7,97.425,96.3,88.18
SpaceBEE-NS14,52018,B — coleta de plataformas (DCS/IoT),Swarm Technologies,USA,não,2023-11-20,506,206.8,-299.2,543,215.8,-327.2,97.5,97.458,94.3,88.72
SpaceBEE-NZ10,48882,B — coleta de plataformas (DCS/IoT),Swarm Technologies,USA,não,2023-09-14,512,193.8,-318.2,536,211.9,-324.1,97.5,97.555,94.3,88.55
SpaceBEE-NZ11,52019,B — coleta de plataformas (DCS/IoT),Swarm Technologies,USA,não,2023-11-05,506,155.0,-351.0,543,161.3,-381.7,97.5,97.458,94.3,87.65
SpaceBEE-NZ12,52028,B — coleta de plataformas (DCS/IoT),Swarm Technologies,USA,não,2023-12-13,507,151.7,-355.3,543,166.8,-376.2,97.5,97.466,94.3,87.67
SpaceBEE-NZ13,52026,B — coleta de plataformas (DCS/IoT),Swarm Technologies,USA,não,2023-11-16,506,150.8,-355.2,543,168.1,-374.9,97.5,97.45,94.3,87.68
SpaceBEE-NZ7,48889,B — coleta de plataformas (DCS/IoT),Swarm Technologies,USA,não,2023-09-09,512,210.7,-301.3,536,230.1,-305.9,97.5,97.558,94.3,88.91
SpaceBEE-NZ8,48891,B — coleta de plataformas (DCS/IoT),Swarm Technologies,USA,não,2023-09-15,512,163.1,-348.9,536,182.6,-353.4,97.5,97.569,94.3,87.95
SpaceBEE-NZ9,48887,B — coleta de plataformas (DCS/IoT),Swarm Technologies,USA,não,2023-09-13,512,200.7,-311.3,536,220.2,-315.8,97.5,97.567,94.3,88.7
Spark-1,41900,A — sensoriamento remoto,Shanghai Engineering Center for Microsatellites,China,sim,2026-09-16,690,676.3,-13.7,725,710.9,-14.1,98.15,98.556,98.94,98.64
Spark-2,41901,A — sensoriamento remoto,Shanghai Engineering Center for Microsatellites,China,sim,2026-09-16,690,677.1,-12.9,727,714.1,-12.9,98.15,98.558,98.96,98.68
SPIRALE-A (Système Préparatoire Infra-Rouge pour l'Alerte),33751,A — sensoriamento remoto,Ministry of Defense/General Delegation for Ordnance (DGA),France,sim,2026-09-15,240,224.2,-15.8,31342,17019.6,-14322.4,2,2.002,547,304.72
SPIRALE-B (Système Préparatoire Infra-Rouge pour l'Alerte),33752,A — sensoriamento remoto,Ministry of Defense/General Delegation for Ordnance (DGA),France,sim,2026-09-16,389,275.8,-113.2,17480,26542.2,9062.2,2.1,2.239,314,461.67
Spot 6 (Système Probatoire d’Observation de la Terre),38755,A — sensoriamento remoto,Spot Image,France/Belgium/Sweden,sim,2026-09-16,696,696.7,0.7,699,699.0,0.0,98.2,98.203,98.73,98.73
Spot 7 (Système Probatoire d’Observation de la Terre),40053,A — sensoriamento remoto,Spot Image,France/Belgium/Sweden,sim,2026-09-16,643,689.0,46.0,660,690.7,30.7,98.2,98.053,97.77,98.56
SRSS-1 (Sudan Remote Sensing Satellite 1),44704,A — sensoriamento remoto,Government of Sudan,Sudan,não,2023-11-25,485,153.3,-331.7,505,168.2,-336.8,97.5,97.362,94.5,87.7
SSOT (Sistema Satelital para la Observación de la Tierra),38011,A — sensoriamento remoto,Chilean Air Force,Chile,sim,2026-09-16,622,620.0,-2.0,624,621.9,-2.1,98,97.797,97.2,97.12
SSS-2A (APSCO Student Small Satellite 2A),49324,A — sensoriamento remoto,"Beijing ZeroG Space Technology Co., Ltd./Hong Kong Aerospace Tech Group",China,não,2024-04-19,502,150.6,-351.4,522,166.6,-355.4,97.4,97.374,94.7,87.66
SSTL-S1-4,43618,A — sensoriamento remoto,Surrey Satellite Technology Ltd.,United Kingdom,sim,2026-09-16,574,572.4,-1.6,591,577.5,-13.5,97.8,97.487,96.3,96.17
STEP Cube Lab 2,52897,A — sensoriamento remoto,Chosun University,South Korea,sim,2026-09-16,693,675.2,-17.8,704,689.1,-14.9,98.2,98.236,100,98.4
Sternula-1,55044,A — sensoriamento remoto; C — sinais cooperativos (AIS/ADS-B/RF),Sternula,Denmark,não,2025-01-07,506,143.9,-362.1,521,156.7,-364.3,97.5,97.368,94.8,87.49
STORK-1,51087,A — sensoriamento remoto,SatRevolution,Poland,não,2024-04-28,521,203.5,-317.5,540,221.5,-318.5,97.5,97.375,94.7,88.75
STORK-2,51088,A — sensoriamento remoto,SatRevolution,Poland,não,2024-05-04,519,158.8,-360.2,534,182.4,-351.6,97.5,97.362,94.7,87.9
STORK-3,51098,A — sensoriamento remoto,SatRevolution,Poland,não,2023-08-27,502,175.4,-326.6,508,192.3,-315.7,45,44.939,95.7,88.17
STORK-4,48873,A — sensoriamento remoto,SatRevolution,Poland,não,2023-10-01,495,161.3,-333.7,525,169.6,-355.4,53,60.672,95.7,87.8
STORK-5,48872,A — sensoriamento remoto,SatRevolution,Poland,não,2023-10-22,495,151.1,-343.9,522,156.3,-365.7,53,60.645,95.7,87.56
StriX β (StriX-Beta),51847,A — sensoriamento remoto,Synspective,Japan,não,2026-04-16,555,152.8,-402.2,572,171.4,-400.6,97.8,97.551,95.5,87.73
StriX-1,53815,A — sensoriamento remoto,Synspective,Japan,sim,2026-09-16,558,433.9,-124.1,575,436.8,-138.2,97.6,97.439,94.6,93.29
StriX-α (StriX-Alpha),47253,A — sensoriamento remoto,Synspective,Japan,não,2023-10-27,489,148.6,-340.4,511,155.5,-355.5,97.4,97.22,94.6,87.53
SUCHAI-2 (Satellite of University of Chile for Aerospace Investigation),52192,A — sensoriamento remoto,University of Chile,Chile,não,2024-10-06,493,134.9,-358.1,507,148.5,-358.5,97.4,97.26,94.6,87.32
SUCHAI-3 (Satellite of University of Chile for Aerospace Investigation),52191,A — sensoriamento remoto,University of Chile,Chile,não,2024-05-25,497,135.1,-361.9,513,156.8,-356.2,97.4,97.298,94.6,87.41
Superview 1-01 (GaoJing 1-01),41907,A — sensoriamento remoto,Beijing Space View Technology,China,não,2025-01-15,352,137.9,-214.1,525,153.3,-371.7,97.6,97.395,93.3,87.4
Superview 1-02 (GaoJing 1-02),41908,A — sensoriamento remoto,Beijing Space View Technology,China,não,2024-12-22,343,138.7,-204.3,548,149.8,-398.2,97.6,97.21,93.4,87.37
Superview 1-03 (GaoJing 1-03),43099,A — sensoriamento remoto,Beijing Space View Technology,China,sim,2026-09-16,517,410.9,-106.1,535,470.0,-65.0,97.5,97.308,95.1,93.39
Superview 1-04 (GaoJing 1-04),43100,A — sensoriamento remoto,Beijing Space View Technology,China,não,2025-04-17,515,134.5,-380.5,534,152.7,-381.3,97.5,97.326,95,87.36
SWARM-A,39452,A — sensoriamento remoto,European Space Agency (ESA),ESA,sim,2026-09-16,473,412.8,-60.2,476,416.1,-59.9,87.3,87.336,93.9,92.86
SWARM-B,39451,A — sensoriamento remoto,European Space Agency (ESA),ESA,sim,2026-09-16,473,476.3,3.3,476,481.0,5.0,87.3,87.743,93.9,94.18
SWARM-C,39453,A — sensoriamento remoto,European Space Agency (ESA),ESA,sim,2026-09-16,486,412.8,-73.2,496,416.1,-79.9,87.5,87.336,94,92.86
Taifa-1,56207,A — sensoriamento remoto,Kenya Space Agency,Kenya,não,2024-08-11,489,198.4,-290.6,506,211.1,-294.9,97.4,97.335,95,88.59
Taijing 3-01,51829,A — sensoriamento remoto,Minospace,China,não,2024-09-13,527,136.6,-390.4,550,151.1,-398.9,97.5,97.397,94.5,87.36
Taijing 4-01,51830,A — sensoriamento remoto,Minospace,China,não,2024-09-13,528,166.5,-361.5,549,185.0,-364.0,97.5,97.387,94.5,88.0
TanDEM-X (TerraSAR-X add-on for Digital Elevation Measurement),36605,A — sensoriamento remoto,German Aerospace Center (DLR)/Astrium,Germany,sim,2026-09-15,507,507.3,0.3,510,509.5,-0.5,97.4,97.447,94.8,94.79
"TanSat (Tan Weixing, Carbon Satellite)",41898,A — sensoriamento remoto,China Meteorological Administration,China,sim,2026-09-16,690,678.1,-11.9,718,708.2,-9.8,98.1,98.542,98.86,98.63
"TecSAR (Ofeq 8, Polaris)",32476,A — sensoriamento remoto,Defense Ministry,Israel,não,2025-10-17,405,737.1,332.1,580,754.2,174.2,41.03,40.04,94.5,99.73
TeLEOS 1,41169,A — sensoriamento remoto,AgilSpace,Singapore,não,2025-06-26,535,185.8,-349.2,550,186.8,-363.2,15,14.982,95.5,88.22
TerraSAR-X 1 (Terra Synthetic Aperture Radar X-Band),31698,A — sensoriamento remoto,German Aerospace Center (DLR)/Infoterra,Germany,sim,2026-09-15,507,507.1,0.1,509,509.7,0.7,97.5,97.447,94.8,94.79
THEA,43796,B — coleta de plataformas (DCS/IoT),"SpaceQuest, Ltd.",USA,sim,2026-09-16,571,448.3,-122.7,589,456.2,-132.8,97.7,97.435,96.3,93.63
THEOS (Thailand Earth Observation System),33396,A — sensoriamento remoto,Geo-Informatics and Space Technology Development Agency (GISTDA),Thailand,sim,2026-09-16,824,823.9,-0.1,826,825.8,-0.2,98.7,98.548,101.4,101.4
Tianhui 1-01,36985,A — sensoriamento remoto,China Aerospace Science and Technology Corp. (CASC),China,não,2025-03-15,488,131.5,-356.5,504,140.2,-363.8,97.4,97.517,94.5,87.2
Tianhui 1-02,38256,A — sensoriamento remoto,China Aerospace Science and Technology Corp. (CASC),China,não,2026-02-10,485,131.2,-353.8,505,143.3,-361.7,97.4,97.575,94.5,87.23
Tianhui 1-03,40988,A — sensoriamento remoto,China Aerospace Science and Technology Corp. (CASC),China,não,2025-09-25,489,144.9,-344.1,500,159.5,-340.5,97.36,97.507,94.5,87.53
Tianhui 1-04,49049,A — sensoriamento remoto,China Aerospace Science and Technology Corp. (CASC),China,sim,2026-09-16,487,494.7,7.7,503,496.8,-6.2,97.3,97.267,94.5,94.53
Tianhui 2-01,44207,A — sensoriamento remoto,China Aerospace Science and Technology Corp. (CASC),China,sim,2026-09-15,500,514.6,14.6,516,516.7,0.7,97.4,97.485,94.8,94.94
Tianhui 2-02,44209,A — sensoriamento remoto,China Aerospace Science and Technology Corp. (CASC),China,sim,2026-09-15,504,514.3,10.3,517,517.1,0.1,97.4,97.485,94.8,94.94
Tianhui-2 02-01,49071,A — sensoriamento remoto,China Aerospace Science and Technology Corp. (CASC),China,sim,2026-09-15,492,514.4,22.4,506,516.9,10.9,97.4,97.486,94.8,94.94
Tianhui-2 02-02,49072,A — sensoriamento remoto,China Aerospace Science and Technology Corp. (CASC),China,sim,2026-09-15,496,514.3,18.3,506,517.0,11.0,97.4,97.486,94.8,94.94
Tianhui-6 01,55836,A — sensoriamento remoto,China Aerospace Science and Technology Corp. (CASC),China,sim,2026-09-16,880,886.9,6.9,887,891.5,4.5,99,99.013,95,102.76
Tianhui-6 02,55839,A — sensoriamento remoto,China Aerospace Science and Technology Corp. (CASC),China,sim,2026-09-16,879,887.3,8.3,882,891.2,9.2,99,99.012,95,102.76
Tianjin Daxue 1,49812,A — sensoriamento remoto,Tianjin University,China,não,2024-07-29,483,207.7,-275.3,501,221.2,-279.8,97.4,97.311,94.8,88.79
Tiankun-1,42061,A — sensoriamento remoto,Chinese Academy of Launch Vehicle Technology (CASIC),China,não,2023-07-06,384,141.3,-242.7,406,157.8,-248.2,96.9,97.095,92.4,87.48
"TianLian 4 (TL-1-04, CTDRS)",41869,C — sinais cooperativos (AIS/ADS-B/RF),China Aerospace Science and Technology Corp. (CASC),China,sim,2026-09-16,35778,35588.5,-189.5,35793,35985.0,192.0,3.06,1.097,1436.1,1436.11
Tianmu-1 01,55134,A — sensoriamento remoto,Xiyong Microelectrics Park,China,não,2024-11-30,494,149.9,-344.1,511,163.3,-347.7,97.2,97.189,95.1,87.62
Tianmu-1 02,55135,A — sensoriamento remoto,Xiyong Microelectrics Park,China,sim,2026-09-16,494,386.5,-107.5,511,391.7,-119.3,97.2,97.144,95.1,92.34
Tianmu-1 03,55973,A — sensoriamento remoto,Xiyong Microelectrics Park,China,sim,2026-09-16,502,415.3,-86.7,517,420.2,-96.8,97.4,97.527,95.1,92.92
Tianmu-1 04,55974,A — sensoriamento remoto,Xiyong Microelectrics Park,China,sim,2026-09-16,502,412.5,-89.5,517,419.0,-98.0,97.4,97.52,95.1,92.88
Tianmu-1 05,55975,A — sensoriamento remoto,Xiyong Microelectrics Park,China,sim,2026-09-16,502,415.6,-86.4,516,420.4,-95.6,97.4,97.525,95.1,92.93
Tianmu-1 06,55976,A — sensoriamento remoto,Xiyong Microelectrics Park,China,sim,2026-09-16,501,413.7,-87.3,515,418.5,-96.5,97.4,97.526,95.1,92.89
Tianqi-10,45941,B — coleta de plataformas (DCS/IoT),Guodian Gaoke,China,não,2024-06-04,482,185.3,-296.7,500,205.4,-294.6,97.5,97.392,94.4,88.4
Tianqi-19,51824,B — coleta de plataformas (DCS/IoT),Guodian Gaoke,China,não,2026-01-01,527,140.7,-386.3,544,153.2,-390.8,97.4,97.361,95.5,87.43
Tianqi-2,44487,B — coleta de plataformas (DCS/IoT),Guodian Gaoke,China,não,2025-02-19,529,200.3,-328.7,558,211.5,-346.5,97.6,97.364,95.5,88.61
Tianqi-3,44311,B — coleta de plataformas (DCS/IoT),Guodian Gaoke,China,sim,2026-09-16,557,460.7,-96.3,576,495.4,-80.6,45,44.972,96,94.16
Tianqin-1,44879,A — sensoriamento remoto,"GasTianta and GZH-HNJ BDS AGR Co., Ltd.",China,sim,2026-09-16,613,571.2,-41.8,634,588.5,-45.5,97.9,97.777,97.1,96.27
Tiantuo-2,40144,A — sensoriamento remoto; C — sinais cooperativos (AIS/ADS-B/RF),National University of Defense Technology,China,não,2025-01-28,477,120.9,-356.1,493,136.3,-356.7,97.42,97.066,94.31,87.06
Tiantuo-5,46233,B — coleta de plataformas (DCS/IoT),National University of Defense Technology,China,não,2024-08-21,483,172.4,-310.6,504,190.0,-314.0,97.5,97.26,94.5,88.12
TIGRISat,40043,A — sensoriamento remoto,La Sapienza University of Rome,Iraq,sim,2026-09-16,611,577.3,-33.7,698,647.1,-50.9,97.98,97.796,97.82,96.94
TJS-1 (Tongxin Jishu Shiyan 1),40892,C — sinais cooperativos (AIS/ADS-B/RF),China Academy of Space Technology (CAST),China,sim,2026-09-16,35776,35771.8,-4.2,35795,35800.5,5.5,0,0.552,1436.03,1436.07
TJS-4 (Tongxin Jishu Shiyan 4),44637,C — sinais cooperativos (AIS/ADS-B/RF),China Academy of Space Technology (CAST),China,sim,2026-09-16,35761,35773.7,12.7,35813,35797.9,-15.1,0.02,0.052,1436.1,1436.05
Tomorrow-R1,56199,A — sensoriamento remoto,Tomorrow.io,USA,não,2025-04-16,486,172.8,-313.2,500,180.0,-320.0,97.4,97.307,94.3,88.02
TROPICS Pathfinder (Time-Resolved Observations of Precipitation structure and storm Intensity with a Constellation of Smallsats),48901,A — sensoriamento remoto,National Aeronautics and Space Administration (NASA),USA,não,2024-07-26,524,144.9,-379.1,536,163.8,-372.2,97.5,97.593,94.5,87.57
"Trumpet 3 (NROL-4, National Reconnaissance Office Launch-4, USA 136)",25034,A — sensoriamento remoto; C — sinais cooperativos (AIS/ADS-B/RF),National Reconnaissance Office (NRO)/US Air Force,USA,sim,2025-04-03,1210,3078.0,1868.0,38740,37278.5,-1461.5,64.7,64.684,709.61,717.82
Tselina-2 (Cosmos 2428),31792,A — sensoriamento remoto; C — sinais cooperativos (AIS/ADS-B/RF),Ministry of Defense,Russia,sim,2026-09-16,844,841.4,-2.6,858,857.0,-1.0,71,70.944,102,101.91
TTU100 (Hämarik),46312,A — sensoriamento remoto,Tallinn University of Technology,Estonia,não,2024-08-11,534,186.5,-347.5,535,205.6,-329.4,97.5,97.32,95.4,88.41
"UK-DMC-2 (BNSCSat-2, British National Science Center Satellite 2)",35683,A — sensoriamento remoto,UK/DMC International Imaging (DMCII),United Kingdom,sim,2026-09-16,660,640.7,-19.3,662,642.4,-19.6,98,97.897,98,97.55
Umbra-02,50986,A — sensoriamento remoto,UMBRA,USA,não,2024-11-08,522,160.2,-361.8,535,175.4,-359.6,97.5,97.342,94.7,87.84
Umbra-04,55050,A — sensoriamento remoto,UMBRA,USA,não,2024-09-02,521,171.6,-349.4,537,194.5,-342.5,97.5,97.388,95.1,88.15
Umbra-05,55036,A — sensoriamento remoto,UMBRA,USA,não,2025-11-18,519,180.4,-338.6,537,194.4,-342.6,97.5,97.329,95.1,88.24
Umbra-06,56198,A — sensoriamento remoto,UMBRA,USA,não,2024-11-18,526,168.6,-357.4,530,174.8,-355.2,97.4,97.302,95,87.92
Umbra-SAR 2001,48906,A — sensoriamento remoto,UMBRA,USA,não,2024-04-30,522,155.2,-366.8,535,174.6,-360.4,97.5,97.568,95.1,87.79
UNIFORM 1  (UNiversity International FORmation Mission 1),39767,A — sensoriamento remoto,Wakayama University (UNIFORM consortium),Japan,sim,2026-09-16,622,574.9,-47.1,629,582.5,-46.5,97.87,97.807,97.2,96.24
"USA 310 (NROL101, USA 310)",46918,A — sensoriamento remoto,National Reconnaissance Office (NRO)/US Air Force,USA,sim,2025-10-06,11032,11070.8,38.8,11067,11101.0,34.0,58.5,58.739,383,382.8
"Van Allen Probe A (RBSP-A, Radiation Belt Storm Probes)",38752,A — sensoriamento remoto,National Aeronautics and Space Administration (NASA)/Johns Hopkins University Applied Physics Laboratory,USA,não,2026-03-10,591,109.4,-481.6,30534,862.8,-29671.2,10.03,9.548,539.06,94.33
"Van Allen Probe B (RBSP-B, Radiation Belt Storm Probes)",38753,A — sensoriamento remoto,National Aeronautics and Space Administration (NASA)/Johns Hopkins University Applied Physics Laboratory,USA,sim,2026-09-15,595,229.6,-365.4,30657,23598.4,-7058.6,10.04,10.293,541.4,410.35
Veery Hatchling v.0.2,47965,A — sensoriamento remoto,Care Weather Technologies,USA,não,2024-03-20,538,232.7,-305.3,558,256.1,-301.9,45,44.937,95.6,89.39
Venµs,42901,A — sensoriamento remoto,Centre National d'Etudes Spatiales (CNES)/Israel Space Agency,France/Israel,sim,2026-09-16,719,516.1,-202.9,724,522.5,-201.5,98.3,97.265,99.2,95.02
VNREDSat 1A  (Vietnam Natural Resources Environment and Disaster monitoring small Satellite),39160,A — sensoriamento remoto,Space Technology Institute-Vietnam Academy of Science and Technology (STI-VAST),Vietnam,sim,2026-09-16,682,677.0,-5.0,685,678.8,-6.2,98.13,97.899,98.43,98.31
"VRSS-1 (Venezuelan Remote Sensing Satellite, Francisco Miranda)",38782,A — sensoriamento remoto,Bolivarian Agency for Space Activities,Venezuela,sim,2026-09-16,622,617.2,-4.8,654,640.4,-13.6,98.03,97.627,97.48,97.29
VRSS-2 (Antonio Jose de Sucre),42954,A — sensoriamento remoto,Bolivarian Agency for Space Activities,Venezuela,sim,2026-09-16,629,612.4,-16.6,654,639.6,-14.4,98.02,97.952,97.55,97.23
Wenchang-1 01,51827,A — sensoriamento remoto,Sanya Institute of Remote Sensing,China,sim,2026-09-16,528,291.1,-236.9,549,297.2,-251.8,97.5,97.361,95.6,90.4
Wenchang-1 02,51828,A — sensoriamento remoto,Sanya Institute of Remote Sensing,China,sim,2026-09-16,527,373.3,-153.7,550,381.3,-168.7,97.5,97.378,95.6,92.1
WNISat-1 (Weather News Inc. Satellite 1),39423,A — sensoriamento remoto,"Weathernews, Inc.",Japan,sim,2026-09-15,594,584.7,-9.3,849,813.4,-35.6,97.8,97.734,99.2,98.75
WNISat-1R (Weather News Inc. Satellite 1R),42835,A — sensoriamento remoto,"Weathernews, Inc.",Japan,sim,2026-09-15,586,554.6,-31.4,606,566.3,-39.7,97.6,97.494,96.6,95.87
Worldview 1,32060,A — sensoriamento remoto,Maxar Technologies Inc.,USA,sim,2026-09-16,491,490.6,-0.4,494,493.3,-0.7,97.3,97.387,94.5,94.45
Worldview 2,35946,A — sensoriamento remoto,Maxar Technologies Inc.,USA,sim,2026-09-16,765,762.9,-2.1,767,767.9,0.9,98.5,98.472,100.2,100.14
Worldview 3,40115,A — sensoriamento remoto,Maxar Technologies Inc.,USA,sim,2026-09-16,612,611.6,-0.4,614,614.7,0.7,97.99,97.849,96.96,96.96
X-Sat,37389,A — sensoriamento remoto,Centre for Research in Satellite Technology (CREST),Singapore,sim,2026-09-16,801,796.7,-4.3,823,818.7,-4.3,98.7,98.363,101.1,101.04
Xiamen Keji 1,55133,A — sensoriamento remoto,Chang Guang Satellite Technology Co. Ltd.,China,não,2025-12-09,495,192.8,-302.2,510,202.7,-307.3,97.2,97.138,95.4,88.45
Xiaoxiang 1-07,44519,A — sensoriamento remoto,Spacety Aerospace Company,China,não,2025-01-26,592,144.5,-447.5,607,156.9,-450.1,97.7,97.709,96.7,87.5
Xidian 1,51831,A — sensoriamento remoto,MinoSpace Technology,China,não,2026-04-21,525,156.1,-368.9,550,172.7,-377.3,97.4,97.345,94.5,87.78
Xingshidai 10,49007,A — sensoriamento remoto,Chengdu Guoxing Aerospace Technology Co. Ltd.,China,não,2026-04-30,528,141.7,-386.3,544,160.6,-383.4,97.6,97.269,95.5,87.51
Xingshidai 5,44488,A — sensoriamento remoto,Chengdu Guoxing Aerospace Technology Co. Ltd.,China,não,2024-11-14,529,145.6,-383.4,560,158.7,-401.3,97.6,97.37,95.5,87.53
XY-S1 (Xingyun Shiyan-1),41913,C — sinais cooperativos (AIS/ADS-B/RF),China Aerospace Science and Technology Corp. (CASC),China,não,2024-05-15,529,147.3,-381.7,541,163.1,-377.9,97.54,97.153,95.33,87.59
YAM-3 (Yet Another Mission),48915,B — coleta de plataformas (DCS/IoT),Loft Orbital,USA,sim,2026-09-15,522,411.7,-110.3,536,419.8,-116.2,97.5,97.698,94.4,92.88
Yaogan 10 (Remote Sensing Satellite 10),36834,A — sensoriamento remoto,Chinese Ministry of National Defense,China,sim,2026-09-16,625,610.8,-14.2,628,612.8,-15.2,97.8,97.895,97.2,96.93
Yaogan 11 (Remote Sensing Satellite 11),37165,A — sensoriamento remoto,Chinese Ministry of National Defense,China,sim,2026-09-16,626,598.8,-27.2,668,646.0,-22.0,97.9,98.37,97.7,97.15
Yaogan 12 (Remote Sensing Satellite 12),37875,A — sensoriamento remoto,Chinese Ministry of National Defense,China,sim,2026-09-16,487,478.1,-8.9,496,489.2,-6.8,97.4,97.107,94.4,94.28
Yaogan 13 (Remote Sensing Satellite 13),37941,A — sensoriamento remoto; C — sinais cooperativos (AIS/ADS-B/RF),Chinese Ministry of National Defense,China,não,2025-02-22,506,141.3,-364.7,507,148.7,-358.3,97.4,97.676,94.8,87.39
Yaogan 14 (Remote Sensing Satellite 14),38257,A — sensoriamento remoto,Chinese Ministry of National Defense,China,sim,2026-09-16,469,476.5,7.5,481,482.0,1.0,97.3,97.316,94.1,94.19
Yaogan 15 (Remote Sensing Satellite 15),38354,A — sensoriamento remoto,Chinese Ministry of National Defense,China,sim,2026-09-16,1201,1171.3,-29.7,1207,1210.5,3.5,100.2,100.725,109.5,109.22
"Yaogan 16A (Remote Sensing Satellite 16A, Yaogan Weixing 16)",39011,A — sensoriamento remoto; C — sinais cooperativos (AIS/ADS-B/RF),Chinese Ministry of National Defense,China,sim,2026-09-16,1080,758.2,-321.8,1089,1419.4,330.4,63.38,63.352,106.93,107.02
Yaogan 16B (Remote Sensing Satellite 16B),39012,A — sensoriamento remoto; C — sinais cooperativos (AIS/ADS-B/RF),Chinese Ministry of National Defense,China,sim,2026-09-15,1079,758.1,-320.9,1090,1419.5,329.5,63.38,63.353,106.93,107.02
Yaogan 16C (Remote Sensing Satlelite 16C),39013,A — sensoriamento remoto; C — sinais cooperativos (AIS/ADS-B/RF),Chinese Ministry of National Defense,China,sim,2026-09-16,1032,757.9,-274.1,1081,1419.7,338.7,63.38,63.353,106.33,107.02
"Yaogan 17A (Remote Sensing Satellite 17A, Yaogan Weixing 17)",39239,A — sensoriamento remoto; C — sinais cooperativos (AIS/ADS-B/RF),Chinese Ministry of National Defense,China,sim,2026-09-16,1076,764.6,-311.4,1111,1413.0,302.0,63.41,63.384,107.12,107.02
Yaogan 17B (Remote Sensing Satellite 17B),39240,A — sensoriamento remoto; C — sinais cooperativos (AIS/ADS-B/RF),Chinese Ministry of National Defense,China,sim,2026-09-16,1080,764.6,-315.4,1111,1413.3,302.3,63.42,63.385,107.13,107.02
Yaogan 17C (Remote Sensing Satellite 17C),39241,A — sensoriamento remoto; C — sinais cooperativos (AIS/ADS-B/RF),Chinese Ministry of National Defense,China,sim,2026-09-16,890,764.0,-126.0,1112,1413.9,301.9,63.47,63.385,105.14,107.02
Yaogan 19 (Remote Sensing Satellite 19),39410,A — sensoriamento remoto,Chinese Ministry of National Defense,China,sim,2026-09-16,1201,1195.0,-6.0,1207,1208.2,1.2,100.48,100.124,109.51,109.46
Yaogan 20A (Remote Sensing Satellite 20A),40109,A — sensoriamento remoto,Chinese Ministry of National Defense,China,sim,2026-09-16,1085,791.7,-293.3,1095,1386.4,291.4,63.4,63.377,107.05,107.03
Yaogan 20B (Remote Sensing Satellite 20B),40110,A — sensoriamento remoto,Chinese Ministry of National Defense,China,sim,2026-09-16,1087,791.8,-295.2,1093,1386.3,293.3,63.4,63.377,107.05,107.03
Yaogan 20C (Remote Sensing Satellite 20C),40111,A — sensoriamento remoto,Chinese Ministry of National Defense,China,sim,2026-09-16,1087,791.8,-295.2,1094,1386.3,292.3,63.4,63.377,107.05,107.03
Yaogan 21 (Remote Sensing Satellite 21),40143,A — sensoriamento remoto,Chinese Ministry of National Defense,China,sim,2026-09-16,480,477.2,-2.8,494,490.1,-3.9,97.42,97.139,94.35,94.28
Yaogan 22 (Remote Sensing Satellite 22),40275,A — sensoriamento remoto,Chinese Ministry of National Defense,China,sim,2026-09-15,1196,1197.1,1.1,1209,1206.5,-2.5,100.32,100.787,109.48,109.46
Yaogan 23 (Remote Sensing Satellite 23),40305,A — sensoriamento remoto,Chinese Ministry of National Defense,China,não,2024-12-12,492,143.7,-348.3,513,150.4,-362.6,97.33,97.66,94.67,87.43
Yaogan 24 (Remote Sensing Satellite 24),40310,A — sensoriamento remoto,Chinese Ministry of National Defense,China,sim,2026-09-16,630,631.6,1.6,653,651.2,-1.8,97.91,98.163,97.55,97.55
Yaogan 25A (Remote Sensing Satellite 25A),40338,A — sensoriamento remoto; C — sinais cooperativos (AIS/ADS-B/RF),Chinese Ministry of National Defense,China,sim,2026-09-16,1089,809.4,-279.6,1097,1368.9,271.9,63.41,63.385,107.12,107.03
Yaogan 25B (Remote Sensing Satellite 25B),40339,A — sensoriamento remoto; C — sinais cooperativos (AIS/ADS-B/RF),Chinese Ministry of National Defense,China,sim,2026-09-16,1083,809.1,-273.9,1093,1369.1,276.1,63.42,63.386,107.01,107.03
Yaogan 25C (Remote Sensing Satellite 25C),40340,A — sensoriamento remoto; C — sinais cooperativos (AIS/ADS-B/RF),Chinese Ministry of National Defense,China,sim,2026-09-16,1092,809.4,-282.6,1113,1369.4,256.4,63.4,63.384,107.31,107.03
Yaogan 26 (Remote Sensing Satellite 26),40362,A — sensoriamento remoto; C — sinais cooperativos (AIS/ADS-B/RF),Chinese Ministry of National Defense,China,sim,2026-09-16,487,410.4,-76.6,491,418.3,-72.7,97.44,97.07,94.39,92.85
Yaogan 27 (Remote Sensing Satellite 27),40878,A — sensoriamento remoto; C — sinais cooperativos (AIS/ADS-B/RF),Chinese Ministry of National Defense,China,sim,2026-09-16,1201,1193.3,-7.7,1213,1206.2,-6.8,100.5,100.127,109.4,109.42
Yaogan 28 (Remote Sensing Satellite 28),41026,A — sensoriamento remoto; C — sinais cooperativos (AIS/ADS-B/RF),Chinese Ministry of National Defense,China,sim,2026-09-16,460,474.0,14.0,482,486.8,4.8,97.24,97.321,94.02,94.21
Yaogan 29 (Remote Sensing Satellite 29),41038,A — sensoriamento remoto; C — sinais cooperativos (AIS/ADS-B/RF),Chinese Ministry of National Defense,China,sim,2026-09-16,628,617.3,-10.7,629,621.5,-7.5,97.85,97.999,97.28,97.09
Yaogan 30 (Remote Sensing Satellite 30),41473,A — sensoriamento remoto; C — sinais cooperativos (AIS/ADS-B/RF),Chinese Ministry of National Defense,China,sim,2026-09-16,628,631.0,3.0,656,651.4,-4.6,98.07,97.892,97.57,97.54
Yaogan 30-1-1 (Remote Sensing Satellite 30-1-1),42945,A — sensoriamento remoto; C — sinais cooperativos (AIS/ADS-B/RF),Chinese Ministry of National Defense,China,sim,2026-09-16,592,554.0,-38.0,599,558.0,-41.0,35,34.997,96.6,95.77
Yaogan 30-1-2 (Remote Sensing Satellite 30-1-2),42946,A — sensoriamento remoto; C — sinais cooperativos (AIS/ADS-B/RF),Chinese Ministry of National Defense,China,sim,2026-09-16,592,555.9,-36.1,599,558.2,-40.8,35,34.997,96.6,95.8
Yaogan 30-1-3 (Remote Sensing Satellite 30-1-3),42947,A — sensoriamento remoto; C — sinais cooperativos (AIS/ADS-B/RF),Chinese Ministry of National Defense,China,sim,2026-09-16,592,547.6,-44.4,599,555.6,-43.4,35,34.997,96.6,95.68
Yaogan 30-10-1 (Remote Sensing Satellite 30-10-1),49026,A — sensoriamento remoto; C — sinais cooperativos (AIS/ADS-B/RF),Chinese Ministry of National Defense,China,sim,2026-09-15,591,554.3,-36.7,601,560.9,-40.1,35,34.993,96.6,95.81
Yaogan 30-10-2 (Remote Sensing Satellite 30-10-2),49028,A — sensoriamento remoto; C — sinais cooperativos (AIS/ADS-B/RF),Chinese Ministry of National Defense,China,sim,2026-09-15,591,556.8,-34.2,601,558.1,-42.9,35,34.993,96.6,95.8
Yaogan 30-10-3 (Remote Sensing Satellite 30-10-3),49029,A — sensoriamento remoto; C — sinais cooperativos (AIS/ADS-B/RF),Chinese Ministry of National Defense,China,sim,2026-09-15,591,554.5,-36.5,601,560.6,-40.4,35,34.994,96.6,95.81
Yaogan 30-16 (Remote Sensing Satellite 30-16),45460,A — sensoriamento remoto; C — sinais cooperativos (AIS/ADS-B/RF),Chinese Ministry of National Defense,China,sim,2026-09-16,595,555.4,-39.6,602,559.4,-42.6,35,34.996,96.66,95.8
Yaogan 30-17 (Remote Sensing Satellite 30-17),45461,A — sensoriamento remoto; C — sinais cooperativos (AIS/ADS-B/RF),Chinese Ministry of National Defense,China,sim,2026-09-16,597,555.3,-41.7,601,559.7,-41.3,35,34.996,96.67,95.81
Yaogan 30-19 (Remote Sensing Satellite 30-19),46807,A — sensoriamento remoto; C — sinais cooperativos (AIS/ADS-B/RF),Chinese Ministry of National Defense,China,sim,2026-09-16,589,557.1,-31.9,604,558.1,-45.9,35,34.993,96.6,95.81
Yaogan 30-2-1 (Remote Sensing Satellite 30-2-1),43028,A — sensoriamento remoto; C — sinais cooperativos (AIS/ADS-B/RF),Chinese Ministry of National Defense,China,sim,2026-09-16,590,555.8,-34.2,603,558.3,-44.7,35,34.994,96.6,95.8
Yaogan 30-2-2 (Remote Sensing Satellite 30-2-2),43029,A — sensoriamento remoto; C — sinais cooperativos (AIS/ADS-B/RF),Chinese Ministry of National Defense,China,sim,2026-09-15,589,554.7,-34.3,603,560.6,-42.4,35,34.993,96.6,95.81
Yaogan 30-2-3 (Remote Sensing Satellite 30-2-3),43030,A — sensoriamento remoto; C — sinais cooperativos (AIS/ADS-B/RF),Chinese Ministry of National Defense,China,sim,2026-09-16,589,556.4,-32.6,603,558.4,-44.6,35,34.995,96.6,95.8
Yaogan 30-20 (Remote Sensing Satellite 30-20),46808,A — sensoriamento remoto; C — sinais cooperativos (AIS/ADS-B/RF),Chinese Ministry of National Defense,China,sim,2026-09-16,589,557.4,-31.6,604,557.8,-46.2,35,34.994,96.6,95.81
Yaogan 30-21 (Remote Sensing Satellite 30-21),46809,A — sensoriamento remoto; C — sinais cooperativos (AIS/ADS-B/RF),Chinese Ministry of National Defense,China,sim,2026-09-16,589,553.4,-35.6,604,561.6,-42.4,35,34.996,96.6,95.81
Yaogan 30-3-1 (Remote Sensing Satellite 30-3-1),43081,A — sensoriamento remoto; C — sinais cooperativos (AIS/ADS-B/RF),Chinese Ministry of National Defense,China,sim,2026-09-16,590,554.1,-35.9,602,561.1,-40.9,35,34.997,96.6,95.81
Yaogan 30-3-2 (Remote Sensing Satellite 30-3-2),43082,A — sensoriamento remoto; C — sinais cooperativos (AIS/ADS-B/RF),Chinese Ministry of National Defense,China,sim,2026-09-16,590,554.6,-35.4,602,560.6,-41.4,35,34.996,96.6,95.81
Yaogan 30-3-3 (Remote Sensing Satellite 30-3-3),43083,A — sensoriamento remoto; C — sinais cooperativos (AIS/ADS-B/RF),Chinese Ministry of National Defense,China,sim,2026-09-16,591,554.0,-37.0,602,561.1,-40.9,35,34.996,96.6,95.81
Yaogan 30-4-1 (Remote Sensing Satellite 30-4-1),43170,A — sensoriamento remoto; C — sinais cooperativos (AIS/ADS-B/RF),Chinese Ministry of National Defense,China,sim,2026-09-16,591,555.6,-35.4,601,559.6,-41.4,35,34.997,96.6,95.81
Yaogan 30-4-2 (Remote Sensing Satellite 30-4-2),43171,A — sensoriamento remoto; C — sinais cooperativos (AIS/ADS-B/RF),Chinese Ministry of National Defense,China,sim,2026-09-16,591,556.8,-34.2,601,558.4,-42.6,35,34.996,96.6,95.81
Yaogan 30-4-3 (Remote Sensing Satellite 30-4-3),43172,A — sensoriamento remoto; C — sinais cooperativos (AIS/ADS-B/RF),Chinese Ministry of National Defense,China,sim,2026-09-16,591,556.3,-34.7,602,558.6,-43.4,35,34.998,96.6,95.8
Yaogan 30-5-1 (Remote Sensnig Satellite 30-5-1),44449,A — sensoriamento remoto; C — sinais cooperativos (AIS/ADS-B/RF),Chinese Ministry of National Defense,China,sim,2026-09-16,589,554.6,-34.4,604,560.3,-43.7,35,34.993,96.6,95.8
Yaogan 30-5-2 (Remote Sensing Satellite 30-5-2),44450,A — sensoriamento remoto; C — sinais cooperativos (AIS/ADS-B/RF),Chinese Ministry of National Defense,China,sim,2026-09-16,588,552.0,-36.0,605,562.9,-42.1,35,34.992,96.6,95.8
Yaogan 30-5-3 (Remote Sensing Satellite 30-5-3),44451,A — sensoriamento remoto; C — sinais cooperativos (AIS/ADS-B/RF),Chinese Ministry of National Defense,China,sim,2026-09-16,587,557.1,-29.9,603,557.9,-45.1,35,34.993,96.6,95.81
Yaogan 30-8-1 (Remote Sensing Satellite 30-8-1),48423,A — sensoriamento remoto; C — sinais cooperativos (AIS/ADS-B/RF),Chinese Ministry of National Defense,China,sim,2026-09-16,594,555.3,-38.7,602,559.8,-42.2,35,34.997,96.4,95.81
Yaogan 30-8-2 (Remote Sensing Satellite 30-8-2),48424,A — sensoriamento remoto; C — sinais cooperativos (AIS/ADS-B/RF),Chinese Ministry of National Defense,China,sim,2026-09-16,594,554.2,-39.8,602,561.0,-41.0,35,34.995,96.4,95.81
Yaogan 30-8-3 (Remote Sensing Satellite 30-8-3),48425,A — sensoriamento remoto; C — sinais cooperativos (AIS/ADS-B/RF),Chinese Ministry of National Defense,China,sim,2026-09-16,594,556.6,-37.4,602,558.5,-43.5,35,34.995,96.4,95.81
Yaogan 30-9-1 (Remote Sensing Satellite 30-9-1),48860,A — sensoriamento remoto; C — sinais cooperativos (AIS/ADS-B/RF),Chinese Ministry of National Defense,China,sim,2026-09-16,592,555.4,-36.6,601,559.7,-41.3,35,34.997,96.4,95.81
Yaogan 30-9-2 (Remote Sensing Satellite 30-9-2),48861,A — sensoriamento remoto; C — sinais cooperativos (AIS/ADS-B/RF),Chinese Ministry of National Defense,China,sim,2026-09-16,591,555.0,-36.0,602,559.9,-42.1,35,34.996,96.4,95.8
Yaogan 30-9-3 (Remote Sensing Satellite 30-9-3),48863,A — sensoriamento remoto; C — sinais cooperativos (AIS/ADS-B/RF),Chinese Ministry of National Defense,China,sim,2026-09-16,590,555.0,-35.0,601,560.1,-40.9,35,34.997,96.4,95.81
Yaogan 30-T (Remote Sensing Satellite 30T),45462,A — sensoriamento remoto; C — sinais cooperativos (AIS/ADS-B/RF),Chinese Ministry of National Defense,China,sim,2026-09-16,591,557.3,-33.7,602,557.8,-44.2,35,34.997,96.6,95.81
Yaogan 31-1-1 (Remote Sensing Satellite 31-1-1),43275,A — sensoriamento remoto; C — sinais cooperativos (AIS/ADS-B/RF),Chinese Ministry of National Defense,China,sim,2026-09-16,1086,877.5,-208.5,1099,1300.5,201.5,63.4,63.393,107.1,107.03
Yaogan 31-1-2 (Remote Sensing Satellite 31-1-2),43276,A — sensoriamento remoto; C — sinais cooperativos (AIS/ADS-B/RF),Chinese Ministry of National Defense,China,sim,2026-09-16,1088,877.5,-210.5,1099,1300.5,201.5,63.4,63.393,107.1,107.03
Yaogan 31-1-3 (Remote Sensing Satellite 31-1-3),43277,A — sensoriamento remoto; C — sinais cooperativos (AIS/ADS-B/RF),Chinese Ministry of National Defense,China,sim,2026-09-16,1087,877.3,-209.7,1098,1300.8,202.8,63.4,63.394,107.1,107.03
Yaogan 31-3-1 (Remote Sensing Satellite 31-3-1),47691,A — sensoriamento remoto; C — sinais cooperativos (AIS/ADS-B/RF),Chinese Ministry of National Defense,China,sim,2026-09-16,1080,951.0,-129.0,1100,1227.1,127.1,63.4,63.406,107.5,107.03
Yaogan 31-3-2 (Remote Sensing Satellite 31-3-2),47693,A — sensoriamento remoto; C — sinais cooperativos (AIS/ADS-B/RF),Chinese Ministry of National Defense,China,sim,2026-09-16,1080,950.8,-129.2,1100,1227.2,127.2,63.4,63.404,107.5,107.03
Yaogan 31-3-3 (Remote Sensing Satellite 31-3-3),47695,A — sensoriamento remoto; C — sinais cooperativos (AIS/ADS-B/RF),Chinese Ministry of National Defense,China,sim,2026-09-16,1080,950.9,-129.1,1100,1227.1,127.1,63.4,63.404,107.5,107.03
Yaogan 31-4-1 (Remote Sensing Satellite 31-4-1),47854,A — sensoriamento remoto; C — sinais cooperativos (AIS/ADS-B/RF),Chinese Ministry of National Defense,China,sim,2026-09-16,1092,952.5,-139.5,1098,1225.6,127.6,63.4,63.407,107.1,107.03
Yaogan 31-4-2 (Remote Sensing Satellite 31-4-2),47856,A — sensoriamento remoto; C — sinais cooperativos (AIS/ADS-B/RF),Chinese Ministry of National Defense,China,sim,2026-09-16,1090,952.7,-137.3,1095,1225.3,130.3,63.5,63.407,107.2,107.03
Yaogan 31-4-3 (Remote Sensing Satellite 31-4-3),47857,A — sensoriamento remoto; C — sinais cooperativos (AIS/ADS-B/RF),Chinese Ministry of National Defense,China,sim,2026-09-16,1090,952.7,-137.3,1096,1225.4,129.4,63.5,63.408,107.5,107.03
Yaogan 32-1-1 (Remote Sensing Satellite 32-1-1),43642,A — sensoriamento remoto; C — sinais cooperativos (AIS/ADS-B/RF),Chinese Ministry of National Defense,China,sim,2026-09-16,689,681.9,-7.1,704,683.4,-20.6,98.2,98.143,98.7,98.41
Yaogan 32-2-1 (Remote Sensing Satellite 32-2-1),47532,A — sensoriamento remoto; C — sinais cooperativos (AIS/ADS-B/RF),Chinese Ministry of National Defense,China,sim,2026-09-16,1091,951.8,-139.2,1096,1226.3,130.3,63.4,63.402,107.1,107.03
Yaogan 32-2-2 (Remote Sensing Satellite 32-2-2),47533,A — sensoriamento remoto; C — sinais cooperativos (AIS/ADS-B/RF),Chinese Ministry of National Defense,China,sim,2026-09-16,1090,951.4,-138.6,1096,1226.6,130.6,63.4,63.401,107.1,107.03
Yaogan 32-2-3 (Remote Sensing Satellite 32-2-3),47536,A — sensoriamento remoto; C — sinais cooperativos (AIS/ADS-B/RF),Chinese Ministry of National Defense,China,sim,2026-09-16,1090,951.7,-138.3,1095,1226.3,131.3,63.4,63.401,107.1,107.03
Yaogan 32-2A (Remote Sensing Satellite 32-2A),49383,A — sensoriamento remoto; C — sinais cooperativos (AIS/ADS-B/RF),Chinese Ministry of National Defense,China,sim,2026-09-16,689,679.0,-10.0,703,679.5,-23.5,98,98.26,98.7,98.34
Yaogan 32-2B (Remote Sensing Satellite 32-2B),49384,A — sensoriamento remoto; C — sinais cooperativos (AIS/ADS-B/RF),Chinese Ministry of National Defense,China,sim,2026-09-16,689,678.6,-10.4,703,679.9,-23.1,98,98.259,98.7,98.34
Yaogan 33 (Remote Sensing Satellite 33),47302,A — sensoriamento remoto,Chinese Ministry of National Defense,China,sim,2026-09-16,695,695.6,0.6,697,699.6,2.6,98.2,98.026,98.7,98.72
Yaogan 34 (Remote Sensing Satellite 34),52084,A — sensoriamento remoto,Chinese Ministry of National Defense,China,sim,2026-09-16,1082,1044.3,-37.7,1095,1133.8,38.8,63.4,63.397,107.1,107.03
Yaogan 34-02 (Remote Sensing Satellite 34-02),53698,A — sensoriamento remoto,Chinese Ministry of National Defense,China,sim,2026-09-16,679,696.5,17.5,687,698.0,11.0,98.1,98.185,97.6,98.71
Yaogan 34-04 (Remote Sensing Satellite 34-04),56157,A — sensoriamento remoto,Chinese Ministry of National Defense,China,sim,2026-09-16,1092,1033.1,-58.9,1096,1145.4,49.4,63.4,63.4,107.1,107.03
Yaogan 35-02A,52907,A — sensoriamento remoto,Chinese Ministry of National Defense,China,sim,2026-09-16,486,482.6,-3.4,499,498.1,-0.9,35,34.992,,94.42
Yaogan 35-02B,52908,A — sensoriamento remoto,Chinese Ministry of National Defense,China,sim,2026-09-16,484,324.5,-159.5,497,336.0,-161.0,34.99,34.99,,91.13
Yaogan 35-02C,52909,A — sensoriamento remoto,Chinese Ministry of National Defense,China,não,2024-04-18,487,153.0,-334.0,499,159.6,-339.4,34.99,34.978,,87.61
Yaogan 35-03A,53316,A — sensoriamento remoto,Chinese Ministry of National Defense,China,não,2026-06-29,488,171.5,-316.5,500,176.3,-323.7,35,35.008,,87.97
Yaogan 35-03B,53318,A — sensoriamento remoto,Chinese Ministry of National Defense,China,sim,2026-09-16,487,480.1,-6.9,499,495.9,-3.1,34.99,34.989,,94.37
Yaogan 35-5-1,49390,A — sensoriamento remoto,Chinese Ministry of National Defense,China,sim,2026-09-15,493,479.0,-14.0,49,486.0,437.0,34.9,34.994,,94.26
Yaogan 35-5-2,49391,A — sensoriamento remoto,Chinese Ministry of National Defense,China,não,2025-07-29,490,187.5,-302.5,495,200.3,-294.7,34.9,34.985,,88.37
Yaogan 35-5-3,53760,A — sensoriamento remoto,China Academy of Space Technology (CAST),China,sim,2026-09-16,491,493.6,2.6,502,500.0,-2.0,35,35.006,,94.55
Yaogan 35A (Remote Sensing Satellite 35A),53761,A — sensoriamento remoto,China Academy of Space Technology (CAST),China,sim,2026-09-15,488,436.4,-51.6,500,443.9,-56.1,35,34.977,,93.38
Yaogan 35B (Remote Sensing Satellite 35B),53763,A — sensoriamento remoto,China Academy of Space Technology (CAST),China,sim,2026-09-15,489,489.7,0.7,501,494.3,-6.7,35,34.991,,94.45
Yaogan 35C (Remote Sensing Satellite 35C),49392,A — sensoriamento remoto,Chinese Ministry of National Defense,China,sim,2026-09-15,494,489.8,-4.2,499,495.8,-3.2,34.9,35.006,,94.47
Yaogan 36-1-1,53943,A — sensoriamento remoto,Chinese Ministry of National Defense,China,sim,2026-09-16,485,488.3,3.3,498,493.8,-4.2,35,34.99,,94.43
Yaogan 36-1-2,53946,A — sensoriamento remoto,Chinese Ministry of National Defense,China,não,2024-06-28,487,177.9,-309.1,498,189.2,-308.8,35,34.966,,88.16
Yaogan 36-1-3,53947,A — sensoriamento remoto,Chinese Ministry of National Defense,China,sim,2026-09-16,484,441.7,-42.3,497,446.3,-50.7,35,35.005,,93.46
Yaogan 36-2-1,54042,A — sensoriamento remoto,Chinese Ministry of National Defense,China,sim,2026-09-16,486,477.3,-8.7,498,516.5,18.5,35,35.007,,94.55
Yaogan 36-2-2,54043,A — sensoriamento remoto,Chinese Ministry of National Defense,China,sim,2026-09-16,484,459.7,-24.3,497,466.8,-30.2,35,34.995,,93.86
Yaogan 36-2-3,54045,A — sensoriamento remoto,Chinese Ministry of National Defense,China,sim,2026-09-16,487,392.6,-94.4,498,403.2,-94.8,35,34.986,,92.52
Yaogan 37-1,55244,A — sensoriamento remoto,Chinese Ministry of National Defense,China,sim,2026-09-15,508,500.5,-7.5,522,523.9,1.9,95.1,43.198,,94.87
Yaogan 4 (Remote Sensing Satellite 4),33446,A — sensoriamento remoto,Chinese Ministry of National Defense,China,sim,2026-09-16,635,608.1,-26.9,658,629.5,-28.5,97.8,97.933,97.7,97.08
"Yaogan 6 (Remote Sensing Satellite 6, Jian Bing 7-A)",34839,A — sensoriamento remoto,Chinese Ministry of National Defense,China,não,2025-06-17,511,119.2,-391.8,512,134.3,-377.7,97.3,97.168,94.9,87.02
Yaogan 7 (Remote Sensing Satellite 7),36110,A — sensoriamento remoto,Chinese Ministry of National Defense,China,sim,2026-09-16,628,617.2,-10.8,665,653.5,-11.5,98,97.992,97.7,97.42
Yaogan 8 (Remote Sensing Satellite 8),36121,A — sensoriamento remoto,Chinese Ministry of National Defense,China,sim,2026-09-16,1192,1225.8,33.8,1205,1258.6,53.6,100.3,100.2,109.4,110.34
Yaogan 9A (Remote Sensing Satellite 9A),36413,A — sensoriamento remoto; C — sinais cooperativos (AIS/ADS-B/RF),Chinese Ministry of National Defense,China,sim,2026-09-16,1017,681.0,-336.0,1164,1495.2,331.2,63.4,63.362,107.1,107.01
Yaogan 9B (Remote Sensing Satellite 9B),36414,A — sensoriamento remoto; C — sinais cooperativos (AIS/ADS-B/RF),Chinese Ministry of National Defense,China,sim,2026-09-15,1017,680.3,-336.7,1164,1495.8,331.8,63.4,63.364,107.1,107.01
Yaogan 9C (Remote Sensing Satellite 9C),36415,A — sensoriamento remoto; C — sinais cooperativos (AIS/ADS-B/RF),Chinese Ministry of National Defense,China,sim,2026-09-16,1017,679.8,-337.2,1164,1496.3,332.3,63.4,63.363,107.1,107.01
Yaogan Weixing 33-2,48340,A — sensoriamento remoto,Chinese Ministry of National Defense,China,sim,2026-09-16,1092,1052.9,-39.1,1095,1125.3,30.3,63.4,63.402,107.1,107.03
Yunhai 1 3,53877,A — sensoriamento remoto,Shanghai Academy of Spaceflight Technology,China,sim,2026-09-16,754,779.4,25.4,775,787.1,12.1,98.5,98.561,100,100.52
Yunhai-1,41857,A — sensoriamento remoto,Shanghai Academy of Spaceflight Technology,China,sim,2026-09-16,747,780.5,33.5,798,786.2,-11.8,98.35,98.587,100.2,100.52
Yunhai-2 01,43909,A — sensoriamento remoto,Shanghai Academy of Spaceflight Technology,China,sim,2026-09-16,516,794.6,278.6,524,795.2,271.2,50,50.011,95.02,100.77
Yunhai-2 02,43910,A — sensoriamento remoto,Shanghai Academy of Spaceflight Technology,China,sim,2026-09-16,514,791.4,277.4,523,798.5,275.5,50,50.01,95.02,100.77
Yunhai-2 03,43911,A — sensoriamento remoto,Shanghai Academy of Spaceflight Technology,China,sim,2026-09-16,512,794.6,282.6,524,795.4,271.4,50,50.013,95,100.77
Yunhai-2 04,43912,A — sensoriamento remoto,Shanghai Academy of Spaceflight Technology,China,sim,2026-09-16,1088,783.5,-304.5,1097,806.2,-290.8,50,50.009,107.1,100.77
Yunhai-2 05,43913,A — sensoriamento remoto,Shanghai Academy of Spaceflight Technology,China,sim,2026-09-16,1090,791.2,-298.8,1098,798.6,-299.4,50,50.006,107.1,100.77
Yunhai-2 06,43915,A — sensoriamento remoto,Shanghai Academy of Spaceflight Technology,China,sim,2026-09-16,1092,789.7,-302.3,1098,800.1,-297.9,50,50.011,107.2,100.77
ZACUBE-2,43907,A — sensoriamento remoto; C — sinais cooperativos (AIS/ADS-B/RF),French South African Institute of Technology/Cape Peninsula University of Technology,South Africa,não,2024-04-23,480,136.5,-343.5,508,152.5,-355.5,97.3,97.053,94.5,87.38
"Zhangguo Ziyuan 2C (ZY-2C, JB-3C)",28470,A — sensoriamento remoto,China Academy of Space Technology (CAST),China,sim,2026-09-15,555,484.7,-70.3,606,527.7,-78.3,97.2,97.289,96.3,94.74
"Zhangheng 1 (CSES, China Seismo-Electromagnetic Satellite)",43194,A — sensoriamento remoto,China Earthquake Administration/Italian Institute for Nuclear Physics,China/Italy,sim,2026-09-16,488,494.7,6.7,509,513.2,4.2,97.3,97.696,94.5,94.7
Zhongli yu Daqi Kexue,46026,A — sensoriamento remoto,Tsinghua University,China,não,2024-06-11,483,149.7,-333.3,503,170.3,-332.7,97.5,97.307,94.5,87.69
Zhuhai 1 (OHS 5),44536,A — sensoriamento remoto,Zhuhai Orbita Control Engineering Co. Ltd.,China,sim,2026-09-16,494,385.5,-108.5,511,395.1,-115.9,97.4,97.562,94.6,92.36
Zhuhai 1 (OHS 6),44537,A — sensoriamento remoto,Zhuhai Orbita Control Engineering Co. Ltd.,China,não,2026-06-03,494,174.2,-319.8,511,190.3,-320.7,97.4,97.522,94.6,88.14
Zhuhai 1 (OHS 7),44538,A — sensoriamento remoto,Zhuhai Orbita Control Engineering Co. Ltd.,China,sim,2026-09-16,492,397.8,-94.2,511,405.8,-105.2,97.4,97.548,94.6,92.6
Zhuhai 1 (OHS 8),44539,A — sensoriamento remoto,Zhuhai Orbita Control Engineering Co. Ltd.,China,sim,2026-09-16,491,430.7,-60.3,511,439.3,-71.7,97.4,97.573,94.6,93.28
Zhuhai 1-01 (OVS-1A),42761,A — sensoriamento remoto,Zhuhai Orbita Control Engineering Co. Ltd.,China,não,2025-10-08,533,197.9,-335.1,545,208.6,-336.4,43.02,42.993,95.42,88.56
Zhuhai 1-02 (OVS-1B),42759,A — sensoriamento remoto,Zhuhai Orbita Control Engineering Co. Ltd.,China,não,2025-10-13,533,198.7,-334.3,545,209.6,-335.4,43.02,42.989,95.42,88.58
Zhuhai 1-03 (OVS-2A),43440,A — sensoriamento remoto,Zhuhai Orbita Control Engineering Co. Ltd.,China,sim,2026-09-16,494,486.4,-7.6,511,488.9,-22.1,97.4,97.039,94.6,94.36
Zhuhai 1-03 (OVS-3),44534,A — sensoriamento remoto,Zhuhai Orbita Control Engineering Co. Ltd.,China,não,2025-08-19,494,139.3,-354.7,511,154.7,-356.3,97.4,97.509,94.6,87.43
Zhuhai 1-04 (OHS-1),43439,A — sensoriamento remoto,Zhuhai Orbita Aerospace Science and Technology Co.,China,não,2024-11-10,494,141.1,-352.9,511,153.6,-357.4,97.4,97.075,94.6,87.43
Zhuhai 1-05 (OHS-2),43441,A — sensoriamento remoto,Zhuhai Orbita Aerospace Science and Technology Co.,China,sim,2026-09-16,493,480.0,-13.0,512,489.7,-22.3,97.4,97.034,94.6,94.3
Zhuhai 1-06 (OHS-3),43442,A — sensoriamento remoto,Zhuhai Orbita Aerospace Science and Technology Co.,China,não,2024-10-02,493,152.9,-340.1,512,172.1,-339.9,97.4,97.078,94.6,87.74
Zhuhai 1-07 (OHS-4),43443,A — sensoriamento remoto,Zhuhai Orbita Aerospace Science and Technology Co.,China,não,2024-11-01,491,161.6,-329.4,511,172.8,-338.2,97.4,97.083,94.6,87.83
Ziyuan 1-02C,38038,A — sensoriamento remoto,China Centre for Resources Satellite Data and Application (CRESDA),China,sim,2026-09-16,763,759.0,-4.0,773,769.4,-3.6,98.56,98.398,100.2,100.12
Ziyuan 1-2D,44528,A — sensoriamento remoto,China Centre for Resources Satellite Data and Application (CRESDA),China,sim,2026-09-16,748,770.3,22.3,758,778.0,20.0,98.5,98.663,99.8,100.33
Ziyuan 3 (ZY-3),38046,A — sensoriamento remoto,China Centre for Resources Satellite Data and Application (CRESDA),China,não,2026-03-22,500,143.8,-356.2,504,158.3,-345.7,97.5,97.135,94.7,87.51
Ziyuan 3-2,41556,A — sensoriamento remoto,China Centre for Resources Satellite Data and Application (CRESDA),China,sim,2026-09-16,487,493.4,6.4,500,510.6,10.6,97.5,97.376,94.49,94.66
Ziyuan 3-3,45939,A — sensoriamento remoto,China Centre for Resources Satellite Data and Application (CRESDA),China,sim,2026-09-16,487,497.3,10.3,499,506.2,7.2,97.5,97.529,94.5,94.65
